0,1633,1562,131,1648,1375,708,1678,1921,1322,1380,420,1505,973,135
1,1526,1280,479,652,491,880,40,399,206,1275,1873,636,1374,123
2,1700,1330,1303,1092,568,618,62,1651,865,1122,982,419,838,829
3,1149,93,226,252,288,646,1860,711,1451,394,1505,1010,63,1593
4,1356,1774,1736,992,125,622,530,455,1081,523,651,1827,1548,668
5,303,196,1683,879,1981,758,1782,981,1792,1345,916,1227,484,306
6,677,1186,994,549,1374,1275,1076,79,1266,491,78,399,1526,1194
7,1656,448,338,1054,405,250,1403,1309,1957,136,1708,1910,1167,354
8,1559,1157,1323,1265,148,1399,1510,1823,842,722,871,1534,483,188
9,1867,450,1873,1362,485,269,772,1541,1191,661,479,1669,654,652
10,386,1343,1039,1697,1849,1784,1054,1656,1924,37,1224,1698,1524,1647
11,1519,886,1979,1015,770,1575,644,1357,552,1915,1946,1745,1170,1939
12,1743,922,748,643,1493,1517,29,765,919,1327,1797,1635,731,53
13,141,142,388,721,442,623,860,1863,1416,1444,333,1445,958,476
14,1918,109,122,90,1220,459,779,988,1273,720,666,180,1936,79
15,1617,811,425,135,1390,1960,1010,201,1699,295,1255,646,511,1036
16,186,496,1574,1638,490,569,425,855,646,657,582,391,711,978
17,783,896,230,1769,190,757,786,1357,707,644,518,594,1878,1601
18,1418,118,497,1528,549,298,535,1295,289,380,1030,988,865,801
19,1531,1921,588,1778,1633,1798,1875,1163,306,708,441,682,1837,1562
20,846,1965,1225,1463,1185,1072,877,1465,1882,1320,592,1685,472,279
21,921,1276,1076,195,189,270,1186,184,1555,78,1200,1012,1992,1819
22,274,1949,1194,1076,1636,233,835,970,690,549,1659,1546,298,1767
23,734,1316,99,81,104,575,728,1387,1865,1355,556,1406,885,1155
24,695,1446,1197,335,1008,1364,1672,1542,749,1622,985,1180,1791,1778
25,1381,538,1093,1024,740,1248,849,1930,922,1605,531,1608,1919,890
26,277,1875,27,708,665,257,1473,796,1358,534,441,167,205,425
27,662,26,578,257,1177,1599,732,277,796,1199,1441,325,665,167
28,448,1998,41,1357,354,1261,136,553,1054,1291,1395,1708,1459,302
29,748,1900,1028,782,1828,709,967,1123,234,1327,1841,1608,742,1625
30,1065,1174,889,727,1083,1942,1211,1203,978,461,1503,1126,774,328
31,1928,568,1432,1191,1462,1330,255,269,232,1581,411,2,1845,1067
32,308,1931,1751,663,669,784,384,1731,43,1733,519,486,157,643
33,1886,1903,423,1747,1307,1363,667,918,1506,94,1794,1059,522,486
34,1476,538,36,917,1292,726,767,930,1024,710,721,1438,1114,1408
35,404,376,1852,909,69,1707,1049,328,484,1380,790,806,1709,724
36,538,1476,1059,1919,1381,862,1190,1292,1093,1363,1579,769,1024,1886
37,1170,95,1520,536,1099,1365,304,1924,268,1745,398,464,1575,1406
38,1553,466,844,942,525,1283,1147,1684,1728,1936,1604,1273,242,954
39,1241,1173,229,1361,1689,1018,193,410,453,619,1458,527,551,63
40,1397,1187,1545,953,1611,1,479,1873,469,351,183,1822,1280,652
41,1601,553,28,354,1312,1357,414,955,448,464,1459,302,1706,1048
42,892,884,1323,703,1510,220,161,285,1853,744,1859,918,1930,94
43,308,1258,623,32,1115,860,1731,1079,423,1991,1274,480,852,1391
44,1535,517,101,250,955,1309,1760,1961,1803,1395,1585,354,536,338
45,1803,1580,101,946,815,1847,1603,57,536,355,1231,1961,1267,1382
46,1143,581,308,32,1265,1134,643,1332,639,748,1934,1123,1183,1327
47,636,1626,1749,1124,1135,1310,880,1191,1484,1980,1528,1063,1418,971
48,1325,1787,278,499,766,716,1669,1584,903,1720,1006,828,301,1557
49,399,1526,752,664,194,804,803,359,956,1135,935,501,373,1268
50,366,391,889,1523,454,490,1326,1932,1211,1960,15,295,1390,1499
51,1172,894,1222,742,842,1140,1943,1435,1349,1238,1265,687,1512,1962
52,341,1371,1584,318,75,1546,505,903,1130,348,1333,976,350,233
53,220,379,1743,94,1234,1377,922,1853,606,285,445,1731,528,1935
54,635,1577,1907,374,1402,1206,1739,1239,868,570,1002,430,904,699
55,761,1881,743,815,1025,1810,739,235,265,1990,714,1477,363,1702
56,716,233,1556,465,1557,1022,1418,970,298,880,856,1528,62,1432
57,960,271,1961,45,1585,815,1838,1267,1046,494,199,1657,354,1904
58,1470,1349,1314,1182,1642,762,360,200,1674,1478,1285,218,871,177
59,1421,610,574,1480,676,1682,619,959,193,1415,1836,468,1018,1271
60,234,531,1157,437,547,967,188,444,600,1248,424,922,740,1270
61,1431,148,871,1938,200,1323,878,905,858,1559,188,600,602,8
62,1651,1725,1122,523,848,1219,1793,415,2,340,341,1557,56,1546
63,226,1876,3,362,1950,93,1451,1036,1505,1160,1598,394,452,1448
64,1891,68,190,1176,757,412,1812,1329,868,896,1121,1878,1483,1914
65,1812,1560,1871,725,673,896,1042,99,1070,1566,1882,592,846,1899
66,1025,743,1267,363,1401,355,1668,1760,815,1015,564,331,928,57
67,765,641,919,323,1134,445,1605,780,297,316,1141,1991,25,1567
68,757,64,1198,1769,1042,88,1988,1121,1387,95,738,1417,1309,1395
69,909,940,404,1272,1027,1380,1255,1126,1019,1897,1159,548,1649,1909
70,1475,1437,814,452,240,532,257,867,1005,981,260,613,1103,170
71,1038,1218,377,161,1089,1386,764,1997,1804,1667,893,1112,393,1754
72,239,1672,680,1792,303,484,855,1726,657,1981,35,579,251,364
73,713,1009,1475,1709,1229,1902,306,912,1503,198,1678,1005,1049,1542
74,1961,747,287,1904,998,101,112,1706,104,955,271,537,432,728
75,401,1714,1219,1413,124,1546,359,1333,523,1995,52,341,1725,976
76,103,1815,1930,406,1496,842,1264,1381,1140,144,1970,862,1093,1349
77,1612,830,613,1709,1808,1598,1950,532,1049,981,1272,912,1001,1539
78,1374,1076,880,1186,752,841,1631,1956,79,1986,195,690,1526,1280
79,491,109,1012,787,459,90,195,1801,1022,298,1374,1280,184,1918
80,150,1080,648,156,626,585,1135,972,1611,1122,1889,1095,1124,1502
81,1392,1316,474,1279,104,99,23,556,754,885,1287,1872,1810,1796
82,1351,436,645,463,291,1896,884,161,1746,602,1112,1467,878,416
83,1042,1899,398,1422,1871,1133,975,1675,1098,1387,1309,1410,1812,557
84,133,1988,1312,1127,899,1198,302,1610,1261,1987,1600,1799,460,1564
85,1382,1498,1239,1223,1291,1261,1764,1618,1739,629,1144,57,1587,1954
86,1645,1242,534,963,708,205,1597,511,847,1027,320,912,1192,1678
87,1023,436,1642,602,1529,177,1507,999,416,697,1579,365,327,463
88,1120,1520,1769,1939,786,757,1979,68,653,1575,1224,1632,37,1170
89,179,832,970,1787,1165,1944,1822,1615,1671,741,309,114,1901,372
90,689,1615,212,79,491,1679,397,459,469,109,1397,1681,1012,1022
91,1549,1342,1619,476,1751,486,1150,370,910,1386,623,995,157,463
92,651,1457,145,1967,243,1295,1094,1268,856,1184,113,1069,340,1548
93,1505,1448,1149,1682,1475,732,3,981,452,532,619,252,257,605
94,918,53,744,144,1479,667,1269,220,1794,1930,528,33,1381,1496
95,1988,1406,37,1144,1387,1459,536,1732,552,1803,1395,1998,101,1224
96,153,929,1315,122,121,1081,529,966,666,169,92,1807,1918,1184
97,1032,1622,814,980,1630,1773,702,777,1156,246,1716,1758,1929,625
98,1124,683,1513,1122,1906,1135,1980,1378,1095,1790,160,503,361,618
99,754,1387,1871,474,1316,354,556,592,520,400,1305,1685,1865,1899
100,1718,969,1756,1893,607,1938,457,285,1234,1467,1609,769,379,129
101,1803,955,517,1961,354,1564,45,594,1760,1685,44,520,1305,536
102,556,1727,1543,944,755,474,1865,414,1685,675,104,354,400,1780
103,1930,1815,740,892,1496,884,424,849,1093,918,1140,1479,1853,1794
104,728,1904,1961,1872,324,265,271,74,102,474,998,1279,1428,81
105,1634,1774,1280,1825,194,1715,1068,184,245,1556,1807,1022,1639,359
106,1557,970,720,415,903,800,233,56,469,848,276,845,801,1616
107,157,1449,1270,1212,639,514,1512,1751,539,1692,1328,1666,333,1935
108,1941,431,1585,1961,287,714,1904,265,998,647,517,1428,44,312
109,79,491,1801,1918,459,122,666,90,1374,123,1012,880,1022,841
110,1129,735,1801,1613,1639,942,1147,844,459,123,789,1356,929,122
111,1706,768,1368,955,1048,74,1403,464,747,112,728,1959,914,41
112,914,747,74,354,494,1871,1961,287,520,99,400,250,556,102
113,1295,92,1378,1457,243,361,145,988,1303,1315,1696,1125,1069,590
114,276,970,1901,179,106,1944,801,89,953,1035,1777,1485,479,233
115,455,1974,1774,1226,1202,835,1715,1256,1573,1995,124,1827,1257,1284
116,167,1233,1423,428,796,248,872,1578,949,1766,1499,984,1237,625
117,1683,227,288,1916,1491,812,1958,1617,1160,252,646,1951,1678,5
118,1528,1418,380,880,18,857,293,1325,636,716,56,488,1138,841
119,427,1321,937,1813,1579,1911,253,1968,890,821,1608,795,685,522
120,1196,811,1562,435,1010,1960,1458,729,1426,610,1789,1898,151,569
121,681,788,396,929,861,123,1807,525,459,624,1568,1681,1665,1069
122,109,180,153,1807,929,1918,14,666,96,79,1801,459,1081,841
123,966,459,269,1220,1873,681,666,1602,109,396,661,1918,624,450
124,1413,75,991,1714,835,1855,1546,401,694,1219,523,1725,1034,976
125,530,1736,1546,204,1995,348,1219,1556,194,1714,1413,1230,62,1460
126,220,1259,969,462,53,379,285,1935,1234,1635,1439,1687,437,1695
127,1520,895,1176,1832,304,1624,1193,412,837,244,268,37,221,630
128,1000,294,992,651,1094,1825,789,1548,1827,451,455,1081,92,1774
129,1487,1627,365,1890,669,1947,769,1756,296,871,1100,1304,1718,1399
130,449,254,1955,1225,279,338,1614,589,1368,304,1887,1329,877,1543
131,1633,1678,1952,0,708,1008,420,1902,306,1649,1921,1005,1027,1791
132,1383,944,1670,1158,755,1547,1209,822,470,760,831,102,1368,1971
133,84,1127,1198,1261,1988,1600,1739,1312,28,302,1610,1987,770,1799
134,1364,511,277,26,154,1247,490,708,425,756,205,847,534,1358
135,201,1617,15,420,1036,708,362,534,0,1916,1160,912,1505,1539
136,1957,290,553,839,28,448,1472,345,1291,1395,230,1403,1357,1770
137,483,1182,1809,969,1478,1823,1839,951,1885,8,898,1938,1731,1559
138,676,534,551,154,205,468,1448,181,383,847,1001,730,996,1798
139,381,703,1753,638,901,371,1249,706,1794,632,1730,852,162,1115
140,625,701,1621,496,1978,749,1347,984,1623,116,1004,872,1161,97
141,860,1416,13,480,623,1445,930,1328,643,825,1863,333,1024,1536
142,13,692,141,623,388,860,1653,476,1444,721,333,1863,1079,1536
143,1854,1531,198,418,151,1062,605,773,1798,560,217,1773,509,225
144,1496,1381,1479,94,601,332,918,1169,103,1641,1930,849,166,1314
145,243,1303,92,1284,982,596,1568,1378,1967,1289,1184,1457,1295,1069
146,712,214,764,416,781,1339,1890,769,1476,674,878,1093,1292,1963
147,1474,654,1318,1344,1077,1586,1940,1006,1845,1330,1162,269,189,456
148,1323,722,188,1399,905,516,884,1534,61,871,892,161,878,1136
149,1517,691,925,413,641,1118,775,234,547,60,678,1905,231,709
150,156,848,558,1767,953,1122,1139,546,800,1268,972,1067,1080,1219
151,1622,1458,1798,1505,1758,1682,425,708,257,1773,198,676,1562,1854
152,475,192,1524,1732,1811,1521,1402,635,1694,1454,1987,1620,1583,1198
153,96,929,122,1315,966,169,1918,666,942,1696,1220,841,1936,466
154,205,138,277,662,534,134,1177,1086,847,578,295,1247,418,26
155,1284,369,1295,1094,145,1104,660,838,1371,1276,1153,1967,1805,1984
156,150,1611,953,848,671,972,558,1139,1714,800,1767,530,1793,1035
157,107,1339,1751,1449,1218,1352,1512,1890,1328,1692,1619,539,1935,1212
158,1158,1771,1670,352,1685,822,1066,1644,1760,1908,197,408,349,759
159,676,650,1421,138,610,1087,59,1001,1798,973,1322,912,0,383
160,1122,1135,651,1829,935,1268,340,92,501,976,1570,359,1777,585
161,1112,884,1963,1323,402,892,148,918,1089,631,602,208,740,463
162,1106,1115,1582,371,1731,1870,139,1567,1753,1411,1274,852,1249,1935
163,1632,1309,1702,1354,699,1066,518,743,1878,1803,409,1267,101,1535
164,1869,1486,1360,1797,1692,1743,1853,1468,1943,731,1525,371,1666,1493
165,1243,1101,840,1600,1752,1564,1308,1948,1459,517,203,1547,1799,1148
166,1341,1815,1169,1369,767,1496,144,927,218,762,601,1285,924,103
167,116,796,1233,27,26,428,1423,241,325,732,1425,1682,949,277
168,915,1682,1011,1550,1716,715,1837,1163,588,1578,818,796,1740,777
169,1936,466,153,38,1553,1696,1315,929,96,1918,1807,686,243,1818
170,461,1576,70,438,1103,1932,1437,1763,938,889,1942,814,1522,867
171,1046,199,1070,1041,409,1657,1585,163,1544,815,1309,112,57,45
172,882,1547,998,517,1760,955,1961,1847,1904,1308,101,1888,1101,1564
173,486,1886,1363,1393,423,1747,33,480,1190,299,876,1059,249,669
174,1001,1597,1020,806,1539,1648,792,1036,1380,1322,1481,973,1272,912
175,1637,465,848,233,953,800,469,276,1450,720,1611,1418,298,1528
176,980,97,1630,1032,1429,1842,702,35,1622,187,1836,850,1119,964
177,740,1024,1093,1529,1642,1248,917,1088,1349,878,1605,1140,218,849
178,709,1238,742,1172,177,1265,967,1529,1349,1007,1828,1332,748,1435
179,89,1944,832,970,1787,114,1822,1901,309,1035,1181,1671,741,505
180,122,14,1801,778,109,153,841,466,779,1273,79,487,90,1918
181,676,730,1087,1154,307,138,1898,1929,1798,796,534,1550,154,1458
182,57,1585,1025,533,256,1620,960,1524,85,1046,1657,271,1424,199
183,1450,976,351,1397,1413,469,1546,671,1855,1130,953,340,1714,1725
184,1012,195,664,835,1396,1639,1280,455,856,1548,459,1276,245,921
185,458,1964,1299,1598,1686,1448,867,1358,70,1473,879,421,1599,830
186,657,16,441,874,1638,325,1840,818,490,425,391,756,277,496
187,875,1925,1018,383,980,1650,1447,949,1205,1836,1909,587,1281,1192
188,437,148,1399,722,238,905,945,540,1853,687,1534,1323,1797,1943
189,1200,1276,1586,1819,293,1669,1318,737,654,21,1555,294,1006,690
190,1878,64,868,481,1518,783,653,1329,412,1002,883,17,705,1914
191,604,1780,310,224,1543,820,1610,675,414,1865,783,521,1329,1862
192,152,475,1987,1583,1524,1521,899,378,210,1454,1600,1694,1838,1732
193,959,619,59,1361,1173,1415,574,509,39,1491,325,662,732,498
194,359,401,590,1556,49,1526,1715,298,1022,1528,1696,752,1000,125
195,184,1012,1275,1280,856,491,921,690,79,1276,970,459,1186,994
196,5,1981,1086,662,306,303,1589,963,916,1227,1782,758,509,574
197,203,1204,759,1908,280,158,1148,1760,1245,1948,1752,1072,517,840
198,151,73,1789,1052,1758,1154,1505,1458,1854,913,1009,1503,979,1921
199,171,1070,1046,1309,1267,57,960,1041,409,494,1892,1417,688,1620
200,1809,871,58,1033,1431,1751,1559,565,1352,444,1182,1277,148,1449
201,1052,135,1617,15,226,1010,1505,1837,1522,1699,362,1154,1036,1458
202,1859,600,1856,547,1118,1753,1350,902,642,1444,1078,1885,1274,462
203,1245,517,877,1752,1760,1972,165,1948,1600,1647,197,1564,1924,580
204,125,326,1735,1230,1460,1581,1188,1130,1107,206,1462,1999,1546,957
205,534,1645,277,1412,154,996,86,468,662,847,574,708,26,665
206,1280,880,1188,1462,326,1556,1581,1,636,935,195,204,1187,1191
207,286,1659,994,787,931,1883,1759,779,22,1894,274,1050,911,487
208,1093,910,1321,393,402,1772,377,740,1339,1003,316,631,1024,764
209,572,829,1690,838,1922,1474,1586,1532,525,223,957,1855,382,1092
210,1732,1811,635,1245,877,1406,1924,1454,265,885,322,1697,693,1987
211,853,51,1222,103,1927,1962,1172,1730,762,1435,1815,550,382,1768
212,1967,450,1873,1569,397,90,459,546,624,1615,471,1557,681,689
213,1309,1910,405,44,1402,1039,319,1535,163,705,1656,290,1013,338
214,146,712,329,764,346,285,1853,611,406,1850,878,1890,781,1339
215,1006,499,1330,723,1077,1090,1344,255,717,1252,456,1297,232,2
216,1862,400,754,1251,1041,1072,1398,1316,1566,592,675,1305,1066,99
217,1854,593,773,566,979,913,932,1951,756,511,1981,151,605,509
218,1470,927,360,1527,177,58,1536,967,762,849,1642,1674,1141,1529
219,699,1518,1878,1882,513,1632,1366,518,477,1305,1354,506,190,310
220,53,922,285,1853,1635,1935,379,539,1479,1731,731,1234,1641,1743
221,1420,1913,1946,1357,1387,398,1971,1215,656,757,630,1048,786,1483
222,1775,1858,1976,191,1610,1127,1600,1538,840,1668,1148,521,604,1752
223,368,572,274,844,1162,1117,655,1532,733,1759,487,242,1253,1200
224,345,1305,1862,354,1543,414,448,1865,400,883,1357,1780,592,1329
225,257,1591,715,797,509,662,1441,27,578,1773,1680,625,560,777
226,3,727,1010,63,1505,201,362,1036,646,394,1689,1458,1052,15
227,117,1951,1469,1678,1683,1916,566,756,916,1086,196,306,963,1950
228,1954,629,725,1723,1764,707,1560,1500,1298,816,570,1926,1878,64
229,39,1606,1173,498,1241,1925,453,875,1950,1909,1018,1255,59,410
230,1769,553,1357,28,41,1261,644,1915,1291,136,17,946,272,1601
231,510,1765,1461,1172,1264,413,1820,687,637,571,641,765,259,1270
232,1090,1432,499,829,1532,1138,31,1604,1006,717,1330,1252,1781,1273
233,56,716,970,953,1949,350,848,1181,22,976,690,298,465,62
234,60,967,1028,925,29,462,547,1605,1470,1841,1157,740,360,381
235,1702,389,163,1343,743,1224,1465,1120,1392,55,552,928,968,1025
236,190,783,1518,562,1198,254,1002,1739,1717,1887,1239,883,133,68
237,1314,1619,674,1783,1674,1352,1319,1512,1549,781,1880,1747,601,762
238,516,1534,188,771,148,722,685,1427,1399,8,608,1323,1238,1431
239,303,855,680,1981,5,72,1877,1792,1126,1324,1973,404,579,328
240,70,1473,507,1791,1680,1875,682,257,777,1425,814,246,579,1358
241,1237,548,658,1842,1425,167,711,582,1840,512,1836,940,387,325
242,1283,1767,1219,1092,274,844,1273,1260,1681,1030,243,572,1573,972
243,596,1457,525,1069,1568,1681,861,1378,145,1967,568,1092,1604,717
244,1370,763,1933,1176,1244,313,1624,1580,322,412,983,1832,1603,1195
245,274,835,184,1076,689,1012,1194,79,487,22,1256,1634,1759,195
246,814,1975,1716,1766,915,240,1837,1578,1929,97,1791,1622,452,454
247,1951,227,135,1469,511,1160,201,1617,1854,1678,418,1916,117,566
248,1689,1578,1437,746,1942,452,116,796,1766,1458,1522,1199,1018,949
249,1393,1900,299,1783,876,1747,1342,173,1506,178,1828,1190,849,218
250,44,1309,1454,914,960,354,1456,1961,338,1948,1392,1585,494,448
251,909,69,657,1019,548,484,1649,364,582,1380,1051,940,1672,435
252,605,1149,532,93,394,3,745,1083,1475,1367,288,418,713,1860
253,1321,643,663,1588,393,1404,1433,445,623,370,1733,784,208,922
254,883,1329,1887,477,449,783,430,1193,224,345,412,831,506,589
255,1318,1720,1581,1191,1330,1586,568,294,31,269,1432,1077,716,856
256,1424,315,66,182,1401,57,1846,355,1025,1990,533,271,882,1668
257,1682,1425,981,796,151,26,27,1929,277,732,1149,662,1622,777
258,1494,1355,104,728,102,1904,537,755,1872,74,1601,474,944,899
259,1765,478,1816,1666,571,407,894,1143,1172,687,371,107,231,1449
260,70,627,869,730,1388,1437,1475,93,1448,1964,532,605,418,578
261,1514,1440,704,346,1093,25,323,1641,1663,798,1674,539,1512,1169
262,1814,1490,996,1929,383,1242,1192,515,777,468,187,1119,1156,949
263,1217,336,779,465,1552,720,908,1471,845,986,1616,466,1418,14
264,451,411,1077,568,1482,843,356,1330,1253,1720,497,289,255,1700
265,324,714,1810,1209,1961,104,1904,885,877,517,203,1941,470,1245
266,1683,1345,1778,239,5,303,306,1709,1792,72,566,1108,1678,879
267,1628,931,1545,848,1673,684,1432,1067,419,1767,1999,1502,1651,1462
268,1923,1933,536,1575,895,1520,37,464,304,768,1979,1972,1675,763
269,1484,123,450,255,31,654,966,1220,1432,1344,1191,1581,1462,568
270,1986,195,1801,690,1076,921,21,184,1200,1555,1949,505,78,1276
271,494,57,1961,533,1279,1872,104,815,960,1046,324,1025,1904,1585
272,808,1784,934,1151,1799,591,1698,1216,1770,1382,1888,1170,1395,785
273,524,1983,997,1460,1851,1546,671,1767,1639,835,972,1181,1230,1652
274,22,1194,835,245,242,1767,1050,487,1759,397,1030,223,1076,1659
275,815,998,45,1231,1904,104,1346,1872,1580,1796,1428,864,355,536
276,114,970,953,106,233,1737,679,175,801,1035,1615,800,848,1128
277,26,425,708,818,796,441,534,205,257,27,662,325,1682,1617
278,415,1669,48,766,1762,1325,1777,1602,828,1906,340,1967,1097,1665
279,877,526,1245,1614,130,20,1955,1320,1225,304,449,1158,1972,1965
280,1972,197,203,840,1752,928,1204,1300,1976,1538,968,158,1810,349
281,1530,1511,1416,925,1663,442,967,1007,1536,1408,141,678,1509,1635
282,1817,1812,1193,673,896,1329,1914,1176,477,64,310,506,1891,254
283,446,330,1337,1370,1933,1745,763,1796,1979,739,275,1231,873,1120
284,502,196,1589,383,509,1701,959,1205,410,498,1826,1302,1981,1504
285,969,1234,220,1853,1938,606,878,1439,1695,214,858,731,1399,1515
286,207,1659,1759,620,368,931,994,524,1162,1795,1628,274,737,1194
287,1961,74,1368,1543,338,1585,112,250,1904,378,354,517,102,431
288,646,117,1860,1617,619,1491,3,1149,732,1699,93,1010,582,1683
289,488,451,380,293,1131,718,411,18,866,497,118,1482,1992,737
290,136,1167,553,1770,1957,213,44,28,1054,934,1535,1403,448,1998
291,565,1207,82,1507,463,1724,600,1351,902,781,1859,1619,1529,218
292,1415,1599,619,321,288,732,193,1945,551,959,578,1491,1448,574
293,1819,380,488,118,189,289,1276,459,880,718,1344,841,856,301
294,654,1318,856,1094,1581,1586,1669,255,1276,1474,1548,1191,550,1713
295,847,15,366,391,277,1263,1617,534,511,1334,154,916,26,796
296,1695,878,858,1114,969,1947,1084,1890,1136,1809,1938,1058,342,444
297,1141,1841,1605,667,1506,1794,849,445,1934,1776,1479,1078,67,1249
298,590,465,1528,988,1022,491,359,1418,56,1556,79,720,233,469
299,1393,876,999,1747,1372,1024,1642,218,177,1141,862,898,1579,849
300,1428,714,1788,1346,1603,1231,1732,1144,1223,1580,45,635,1406,1803
301,801,1325,309,1569,1805,212,988,1819,970,293,720,471,48,1901
302,1312,1459,1988,1144,84,41,28,1698,95,1216,1998,1406,133,728
303,1792,5,1981,1027,1782,1197,1324,981,756,306,239,680,855,196
304,412,705,1998,877,1368,1520,808,322,1329,1395,883,338,1193,449
305,686,1568,717,1080,1110,243,419,1681,1092,1457,1660,525,788,618
306,1005,1475,1678,981,1792,1782,613,1192,713,708,303,1709,1633,1902
307,181,730,138,1898,1247,154,676,796,578,1271,1550,1087,1578,295
308,32,1731,1931,1751,1733,1258,43,1844,1274,1183,1588,157,643,784
309,1901,1616,471,670,301,1557,970,720,56,723,1325,1252,212,232
310,1914,820,191,1780,1329,562,408,783,430,219,604,1543,1610,1305
311,946,1580,1370,939,594,983,1624,614,45,1603,1422,557,1048,464
312,1771,1941,570,987,352,1585,1300,1908,172,1994,1340,1537,517,1881
313,983,1603,1803,1580,1770,101,1370,955,594,517,1723,536,1933,1923
314,118,1254,380,1131,659,1528,18,1418,986,289,636,1631,426,488
315,1424,1261,1846,1382,1216,355,302,882,1312,272,864,1267,567,1127
316,393,638,381,910,377,208,1772,919,1794,1667,1222,445,1493,740
317,899,84,589,1779,133,755,191,783,1312,802,1987,1215,1355,1101
318,1851,350,1181,505,233,1983,1949,52,1546,558,22,1371,348,976
319,591,705,580,1395,1402,934,883,1770,412,1723,449,477,1647,1013
320,1499,1742,86,1334,1597,511,949,534,1960,1645,15,1281,847,1326
321,394,1367,3,252,93,745,63,732,288,619,292,1448,418,527
322,1811,412,1099,1891,304,244,319,1924,635,1785,1395,1723,1647,210
323,1567,1991,514,798,704,445,67,539,208,780,1391,333,1003,107
324,265,1279,104,1810,1990,761,1838,1904,1961,271,1025,1948,470,815
325,662,619,574,277,732,27,569,715,874,425,496,657,167,186
326,1956,206,204,1721,1188,1986,1254,1556,1735,880,1581,1462,1280,1022
327,1058,1642,999,697,360,1724,871,1947,200,1470,1559,87,1809,1182
328,1981,1709,713,1897,1561,573,404,1750,1950,1178,1792,582,1049,855
329,214,1890,346,1525,1468,1466,1486,1692,157,1328,1476,1809,1381,531
330,1365,283,1121,1231,575,1099,868,88,1370,1120,653,1145,37,1796
331,882,1401,675,1760,1872,1601,520,644,414,66,1920,955,172,41
332,1314,1839,1977,144,1496,58,1478,1352,406,871,601,1512,918,390
333,1935,514,1635,1567,776,692,860,922,1411,1663,107,539,731,1328
334,436,1084,463,1088,416,878,1114,1653,1444,1136,1467,897,1529,726
335,793,1649,1027,1763,1542,1791,404,417,69,1197,1877,1126,1272,695
336,779,14,720,1050,911,465,1883,263,549,986,787,1502,988,1918
337,1200,1555,1276,737,189,550,1759,1992,1586,1318,21,1655,1162,1851
338,673,1309,705,1395,592,448,1403,477,354,1305,304,345,44,1812
339,1923,1675,163,268,714,1908,846,1933,1535,739,1702,1320,1244,44
340,1777,976,1548,1725,856,415,1829,62,921,766,523,1022,1546,1669
341,1584,52,1130,62,1107,1371,1651,1684,1725,1720,1546,340,523,348
342,1467,1338,1136,1687,794,878,1534,722,775,1711,1695,1404,296,1947
343,963,1242,1005,1469,847,86,1958,1227,1086,134,306,1263,708,131
344,1003,1386,476,726,1748,704,208,910,1653,1863,323,1088,1269,402
345,1305,224,354,1543,1291,408,1685,414,883,1884,1780,448,1472,1862
346,539,1512,1641,1440,107,1692,1525,329,214,424,1943,1853,157,894
347,515,980,1156,1009,869,1032,1229,1192,1640,1542,1758,774,1178,1049
348,1546,1548,1371,976,341,1829,856,125,1786,1995,1992,1413,340,52
349,481,1847,1979,1760,1151,1308,873,1803,1564,886,1644,1770,1907,408
350,318,716,505,233,1720,56,1181,1371,1555,1546,1851,690,1949,52
351,1855,469,1056,1397,1671,183,903,1725,1665,1651,415,1546,1735,62
352,1594,408,1537,158,1780,1727,1771,1668,820,312,1884,1383,1994,1670
353,1138,1252,1818,1936,911,986,488,670,1996,471,866,1260,301,1883
354,448,1305,101,345,1387,1998,1685,400,99,224,1357,1309,754,1708
355,1267,807,815,946,45,1382,66,363,57,743,536,864,1803,882
356,559,411,451,843,1313,1228,1077,737,956,1795,1992,1851,1318,264
357,884,631,377,161,316,892,740,1815,103,1112,208,945,1930,1269
358,1734,1623,428,872,1326,167,366,1233,1761,116,1840,1423,665,1989
359,401,194,298,590,1413,1022,1526,1012,1548,935,1219,1556,1081,75
360,1470,967,1408,999,58,218,1642,1527,927,531,1248,177,1478,898
361,720,1790,1418,988,1637,1325,113,800,590,1457,1315,801,298,465
362,1950,1522,912,1083,1272,226,63,135,1709,1036,201,1199,73,1503
363,743,1760,66,815,355,1267,1025,1337,536,1279,331,1872,882,1948
364,729,1630,582,1051,588,711,1488,1902,1180,1649,435,1240,1852,1773
365,602,516,1304,871,1136,1031,129,1431,148,370,1409,87,1277,1804
366,391,295,50,428,26,889,847,1623,1021,27,1326,665,277,1177
367,575,693,1913,1329,1121,1355,1811,1971,1055,1697,210,885,472,1946
368,844,223,1162,1759,620,1117,1818,1283,274,242,1532,1795,487,1273
369,550,1250,1967,456,654,1092,1094,1568,865,1226,838,450,1318,861
370,1100,1804,1031,1386,1304,402,1754,486,1751,1321,1733,253,1136,1890
371,539,1635,107,922,445,1935,1731,1270,381,424,514,220,1567,1468
372,439,1165,970,1615,609,1679,801,690,89,1984,1214,903,1076,1194
373,399,1310,1057,1528,1135,1374,718,752,49,47,866,1696,1526,636
374,1907,799,868,1610,1745,1972,446,968,1847,873,1647,54,1799,1206
375,672,1283,972,954,1502,242,1260,1219,267,848,1067,1700,1080,1068
376,1852,1429,806,86,1678,909,1380,973,1597,912,1633,1645,576,1027
377,208,316,1201,393,1667,1772,910,1222,894,357,638,1339,1003,161
378,1987,165,899,1600,1543,287,1101,1585,1245,1948,1752,1312,517,877
379,53,1588,220,1823,1234,1377,522,94,1399,918,1743,1248,1731,784
380,488,118,289,293,18,841,426,1819,1138,1344,1936,1131,1252,866
381,919,316,139,638,765,1794,445,424,740,922,371,1270,1743,632
382,661,1665,550,1250,1460,1405,396,523,1592,829,1855,1822,1639,1873
383,468,578,509,551,138,959,205,1205,996,187,676,534,262,1814
384,32,1931,308,483,784,1588,669,771,1869,663,1265,1809,1179,486
385,964,1975,1622,777,1861,1758,1814,1446,1852,850,1542,658,1929,1633
386,10,1575,1784,1976,1343,1224,11,947,1151,1946,1519,552,886,1697
387,1909,1027,1255,949,613,1447,1645,1597,1503,981,1237,964,1539,792
388,1834,442,13,775,444,107,1416,1666,1449,1332,333,721,1328,860
389,235,1316,81,1392,1465,216,163,1066,1072,1862,1702,1566,846,1398
390,1411,1249,1391,1115,852,706,1258,157,1212,539,1731,1314,107,1479
391,490,756,511,366,916,425,889,295,277,496,15,1126,26,186
392,1796,738,1872,57,824,1601,1920,939,537,45,1155,275,1800,1046
393,638,910,208,316,1321,1667,253,445,377,402,918,1218,427,1794
394,418,745,252,93,3,627,226,321,605,1951,1505,1160,1010,1574
395,601,1674,1169,218,1314,1536,237,1776,1150,166,1783,1619,927,1369
396,661,1665,649,529,121,1879,788,123,1906,1673,681,966,1735,1873
397,1615,1894,1767,212,1050,689,1139,970,90,835,546,274,1681,1092
398,1387,1133,1899,1520,95,1422,1042,1167,1357,594,757,1769,37,1170
399,1526,49,664,1135,752,956,585,804,1275,491,1280,1,373,1067
400,754,675,1305,1685,1862,354,414,556,1072,99,1780,216,1401,224
401,359,1219,1413,75,1714,194,1022,1715,523,590,1546,124,298,1681
402,918,208,161,1386,1619,1024,370,726,910,1100,393,1218,1093,1963
403,1745,563,873,1580,545,536,1216,464,1603,1847,886,1799,1979,1170
404,1897,69,1049,909,1027,1709,35,1126,1595,328,335,1981,303,1909
405,1910,1309,213,7,338,688,409,1656,1041,592,518,1587,1892,199
406,1496,769,1399,1323,214,892,712,1756,1930,842,1938,1853,332,918
407,1384,1991,1816,819,926,259,795,1666,1692,1449,1143,1134,1328,1968
408,820,1780,1564,1305,345,1291,1668,1884,1847,101,1543,352,1537,1685
409,1041,1620,1402,1884,1587,1309,345,1305,518,1291,1495,1910,1239,408
410,1925,1689,1361,1347,1701,1178,1458,1199,1009,773,1173,1909,509,1750
411,451,568,264,1077,356,1330,1700,982,31,559,1191,2,289,1253
412,304,831,705,1483,1891,1329,589,983,322,449,319,1395,1176,808
413,1088,691,1529,631,1820,231,1172,645,637,1238,1966,1772,1444,1605
414,675,1685,1780,400,520,1305,354,755,604,345,1357,754,224,944
415,1557,1665,1405,661,1725,340,62,1777,1906,1669,278,1116,56,1651
416,878,146,463,1756,769,602,1890,1088,1084,927,1963,897,1938,436
417,1840,1649,1051,749,335,364,1423,454,1877,1791,1716,1630,1488,1180
418,394,1854,605,662,93,773,1951,1361,1458,257,1689,252,509,745
419,1673,1092,2,267,618,848,626,1080,1110,546,1628,1557,1767,1651
420,135,131,1617,1678,973,1648,0,1958,1380,1633,1952,1036,1469,1272
421,1299,1808,906,996,1612,468,964,1814,262,613,1108,185,1782,507
422,1026,1868,598,809,352,1223,760,1657,1383,1806,1407,820,1727,1594
423,1886,1903,1363,33,480,825,784,445,486,623,1588,669,173,253
424,1270,740,922,687,1663,1943,884,539,765,1853,1930,107,531,444
425,277,708,811,15,490,818,1617,151,511,1699,796,391,534,26
426,380,488,118,1266,18,1290,1186,314,289,6,1819,841,78,293
427,685,522,1608,393,1772,1579,1321,862,890,784,1105,1588,1363,918
428,1326,167,116,1481,1233,1742,1334,597,949,792,366,1021,358,1423
429,1486,1797,731,764,1850,531,1704,214,457,1695,329,1248,1084,1399
430,477,1891,1811,1329,254,1884,883,831,635,589,1543,449,673,310
431,470,1209,517,998,1904,1101,287,1961,1547,1359,1596,108,877,941
432,448,74,41,1957,553,287,354,28,136,1075,1926,1708,1395,1961
433,1338,342,1467,1516,1711,1687,334,1896,547,958,1905,794,1439,1653
434,1995,4,1096,1107,1736,1356,1230,204,125,1827,128,992,1000,1721
435,729,1232,364,979,1699,1672,1180,1562,425,1240,1852,610,1010,151
436,645,463,1529,82,87,602,1207,334,1023,1088,416,1136,878,726
437,945,188,1853,60,1930,220,1399,1943,424,1157,1016,531,922,540
438,170,70,867,1103,1358,814,26,366,889,1932,1576,1199,461,1437
439,1165,372,1569,1679,212,301,1615,970,801,1805,1967,397,1984,1787
440,1200,1613,189,735,1801,1276,1256,21,1940,487,778,270,1165,1452
441,818,277,1875,186,657,715,26,1740,874,1473,425,1782,507,325
442,388,948,1442,444,721,1693,1332,13,1416,775,1947,1834,1828,1530
443,512,1205,1240,574,1836,1429,1650,1159,1909,509,498,1595,325,205
444,531,1270,1935,1695,722,1635,922,678,878,1663,600,1947,107,1534
445,1991,1134,1841,393,922,643,371,208,528,253,423,910,480,765
446,1745,1810,1231,799,1564,763,604,1847,1370,693,283,873,822,886
447,1638,1699,16,1010,186,657,729,1649,1180,435,364,1051,288,1590
448,354,1998,28,1357,1957,338,1387,345,553,1395,1708,224,432,136
449,589,412,304,319,831,130,254,883,705,322,1158,430,1329,1785
450,654,1967,212,1873,1362,624,9,269,1569,1669,1867,550,1318,369
451,411,264,289,568,356,559,1131,1077,497,843,1482,1253,1228,982
452,1578,613,1505,1682,1475,93,1837,1458,981,814,1929,248,796,1716
453,582,646,1255,1480,1909,711,619,1447,548,1018,1237,387,811,1390
454,792,695,1203,1763,1211,1837,1522,1503,1027,889,708,1766,814,1542
455,1774,1094,1639,1396,184,115,664,835,1827,681,550,523,861,856
456,1297,1317,369,1348,865,1092,1330,450,1569,1557,1532,215,2,615
457,1893,1756,1399,1248,1439,945,1930,188,429,1963,1853,437,631,531
458,1778,185,1358,1108,879,1964,1473,1722,1686,906,1782,306,1005,343
459,491,666,1022,681,1012,123,1273,79,212,1918,861,624,1556,1067
460,1872,886,1646,728,1538,84,1312,1519,302,1745,1459,1988,1920,1946
461,170,1437,889,1522,1211,1203,1942,1576,938,1174,1763,30,70,774
462,1527,1078,924,1408,898,1259,60,1536,600,234,1444,1859,360,126
463,436,1619,1207,416,726,82,645,402,878,1088,1529,674,161,1100
464,955,1459,536,1979,101,1520,1803,403,1170,1580,763,1519,1706,1048
465,720,469,298,1418,1502,56,1637,779,1918,1528,590,848,1556,1022
466,38,791,243,1273,596,525,942,1471,1684,1604,1936,1378,1184,169
467,1656,1054,7,1910,947,1955,1998,28,475,1976,165,1524,883,1600
468,996,534,1645,205,1448,1539,1682,574,981,1814,949,613,708,551
469,351,465,848,1056,1397,720,1681,1671,1022,1767,1651,56,183,298
470,1209,1547,431,755,265,1596,1158,877,1904,324,1101,1810,728,172
471,670,309,212,624,1616,1252,1138,450,1569,269,1901,683,301,1557
472,1862,592,1694,1329,846,477,1965,1865,1305,1884,1543,1811,1521,475
473,571,1943,687,1765,510,1016,424,346,611,905,51,1662,1768,1172
474,822,99,556,754,1971,102,1685,1872,763,104,520,414,81,755
475,1600,152,1987,883,1198,1521,1739,1402,1587,192,1395,1811,1495,1610
476,623,1003,721,91,794,1386,1292,726,13,1304,1804,370,1296,1342
477,673,430,883,705,1884,1329,338,319,254,1402,1811,1305,1891,345
478,1183,1666,371,1016,722,678,259,1765,905,687,1335,1270,164,1106
479,1541,1873,546,1867,1777,1,681,1208,1526,953,1396,491,652,585
480,860,1328,825,423,643,141,1416,623,930,1506,1886,1393,445,1327
481,349,1847,1151,1803,1239,1878,1979,1907,1784,968,1760,644,591,705
482,1945,758,1989,5,940,1599,1108,1761,657,1782,859,241,544,879
483,137,1823,8,969,1839,1809,1931,871,1478,1588,1869,1731,1399,384
484,1062,1842,1792,574,1782,758,981,711,5,1682,1345,1425,582,512
485,9,1362,772,1436,269,603,1484,1822,255,1586,450,1669,1607,1602
486,1363,669,173,370,995,1100,423,1886,1352,1747,784,1890,1751,1342
487,1273,1050,1194,274,655,779,1659,1759,1471,245,690,1936,1200,615
488,380,289,293,118,1138,880,1936,737,841,459,866,942,1759,1252
489,370,1100,1031,486,1754,623,423,1386,1733,1886,402,379,33,893
490,425,391,511,756,1364,277,16,186,1469,15,1678,708,1617,1649
491,79,459,1012,1022,109,988,298,1526,1556,666,195,90,1918,1280
492,698,1708,1948,914,1456,759,1041,494,290,44,400,1401,354,112
493,1934,836,1753,1563,1856,1118,202,178,902,639,925,500,709,1844
494,271,960,1708,1046,57,1279,112,914,400,250,354,199,1959,1961
495,1869,516,771,905,1824,1431,1666,965,238,1183,1301,722,148,608
496,978,16,701,569,325,391,27,425,916,662,186,756,1574,1840
497,535,18,1992,1077,1153,865,1805,1253,1030,289,1152,451,1295,411
498,512,959,574,229,484,443,509,59,410,619,875,1240,711,453
499,717,1006,232,215,1330,1604,1557,1720,1152,1090,48,1787,615,838
500,902,1856,1821,218,967,1470,600,1536,762,1663,281,853,202,1530
501,1057,803,804,651,1268,49,664,160,399,1526,1208,1485,585,92
502,773,1504,217,284,1701,196,1981,1951,1086,605,560,932,1561,1178
503,62,1906,1793,1720,1651,1405,1107,1122,415,1725,341,1513,1303,2
504,1066,1644,1632,1366,754,822,1566,1185,1685,520,1168,1193,1305,592
505,1371,1802,350,903,318,1690,1949,690,1546,1555,1855,716,1787,233
506,1193,518,705,1817,896,345,594,592,1305,1878,673,1366,477,1472
507,658,1473,1425,964,1791,777,1875,715,1782,981,1716,1740,613,1682
508,1412,1650,1293,1973,1227,1447,758,1925,1159,963,196,1589,940,574
509,959,662,1205,1701,1062,257,196,1441,225,383,205,619,325,574
510,1264,1970,1172,1461,781,687,473,1850,231,1662,346,608,51,1943
511,425,756,490,134,86,391,277,15,1678,847,1364,534,708,1617
512,1240,443,574,548,1836,498,484,1650,241,325,1842,1205,758,909
513,219,1882,1366,1632,1806,699,1066,1354,1566,1878,1644,504,1677,1533
514,1567,333,539,107,1663,1270,323,1335,1935,776,1635,922,424,1572
515,1156,347,1640,1009,1229,980,1032,1192,1929,1242,814,1925,1758,869
516,365,148,238,1238,602,1431,1534,722,608,834,1136,1323,1265,1409
517,101,1760,44,203,1564,955,1961,1459,1803,1948,1535,1685,1243,1101
518,1878,1892,506,1632,1251,594,1354,409,481,705,163,1305,219,1366
519,1301,1212,639,107,1435,1183,157,1751,1449,1352,950,1931,308,32
520,1644,754,955,101,1366,1685,1305,1066,414,594,99,553,1953,354
521,604,1538,1610,446,693,653,822,1913,1965,349,1972,1976,1224,1646
522,1588,784,427,1363,1608,1625,379,918,33,393,876,253,1043,423
523,1725,62,1219,1829,1681,1651,340,1660,1122,1096,401,1665,243,1855
524,273,1983,1035,997,1944,1652,1628,1181,671,1851,1894,931,1767,1460
525,1660,243,596,1096,788,1974,686,1069,523,38,466,1283,861,242
526,877,279,1245,1596,1955,431,1392,1710,1459,470,250,268,914,1279
527,746,711,3,1004,1347,1458,569,1993,1682,732,93,453,619,1018
528,445,1641,94,53,1493,539,798,1743,220,1479,316,371,919,1794
529,1097,649,396,1184,966,1047,1906,828,555,1107,1602,1684,1665,1378
530,125,1714,1413,671,1736,1546,183,1611,401,976,1187,953,1219,1526
531,1248,444,1704,1695,1399,922,1635,1408,731,1938,424,878,60,917
532,1149,981,1475,830,93,252,613,1451,875,713,1709,70,1792,452
533,271,1109,324,1904,1961,57,172,104,998,1838,1990,882,1585,1872
534,205,708,1645,86,277,468,847,949,963,1255,138,1199,26,676
535,1153,497,1030,1912,1104,1992,865,1805,1636,1984,1295,18,1851,1333
536,1803,1603,464,101,37,1933,95,1580,517,1979,1847,1535,1760,403
537,1953,1410,1601,616,520,99,41,1070,102,74,1865,354,946,1872
538,25,1919,1024,36,1381,1093,930,825,1393,890,849,881,1292,862
539,1641,346,1853,514,731,1635,922,1468,424,371,1567,107,220,1270
540,188,842,1853,1943,1399,892,1323,437,945,148,406,1930,8,1486
541,1744,1969,1662,1311,1704,429,329,1486,842,1943,1627,346,1487,965
542,1561,328,5,1981,239,573,252,1576,1897,855,859,1683,1103,1709
543,764,794,771,1136,342,1486,238,905,1733,1804,148,611,1304,602
544,657,507,874,186,1877,1860,1051,711,1149,1425,682,1488,1473,441
545,403,563,1745,873,1382,1365,1216,824,1895,1170,785,1603,886,272
546,1873,1568,681,1681,1457,1122,1067,212,1092,1767,479,861,1967,1080
547,60,1467,600,1270,1444,1859,202,424,922,1896,1338,645,740,381
548,940,241,512,1237,909,790,1235,453,1480,69,1842,582,719,387
549,1194,22,18,274,590,298,988,779,1076,1636,1030,1333,1050,194
550,369,1250,654,1094,294,1967,1592,450,455,382,1318,1396,1586,1669
551,138,468,383,534,1001,1271,578,949,1448,1925,1173,730,1481,676
552,1224,95,1571,1387,1988,1155,1392,1946,1120,1732,757,1575,770,960
553,1048,136,1357,41,1957,594,520,955,230,1770,1291,448,1953,28
554,700,1326,1426,1975,1960,1423,428,1233,792,1446,454,1008,1742,1898
555,1879,396,529,649,1096,1356,1999,1147,1665,661,1735,1107,121,1660
556,102,754,474,99,400,1316,675,1685,1865,414,1727,1543,914,1871
557,1098,1422,939,1769,311,738,1410,757,1133,1042,946,594,1899,707
558,1983,1767,150,848,1851,800,1092,1700,1636,1725,397,1104,1737,62
559,356,1228,411,451,1313,1257,289,1191,956,664,982,737,399,49
560,1680,1086,1531,306,1062,579,225,1854,605,257,879,196,1504,1686
561,1570,348,530,976,1485,1450,1181,935,160,183,1949,1413,1793,1937
562,1239,310,1518,1500,190,1002,584,408,219,783,820,1739,831,1878
563,403,1603,545,873,785,1580,1745,536,313,1370,244,1933,1803,37
564,1920,1847,1026,824,66,1337,349,331,1354,1015,1979,1806,408,45
565,291,200,1314,1859,600,1352,1938,878,58,1809,1207,1724,781,1821
566,1678,227,306,217,1981,196,1229,73,593,756,303,713,1951,912
567,1537,584,882,1888,1308,1994,1382,1540,1498,1770,172,1847,1291,331
568,1330,31,411,1684,2,255,1191,1604,1303,982,243,451,1581,1378
569,1993,325,711,1004,496,746,16,811,1240,582,796,527,732,619
570,1723,312,1771,1402,635,1941,1223,1340,591,1603,629,1884,313,319
571,473,1016,687,1765,424,611,1768,1270,905,1172,1943,259,1118,884
572,1092,209,1690,223,829,1532,1855,242,838,1767,369,550,274,1250
573,875,328,1978,1447,1237,532,981,1842,1750,830,1981,1792,711,1425
574,1255,619,1159,758,959,325,1480,1909,512,468,973,1415,205,916
575,1121,693,885,1913,757,1387,367,1406,1231,95,734,1287,1812,1946
576,758,1159,574,1814,1589,1650,909,376,973,468,443,1429,1645,1861
577,1128,956,723,865,1275,1781,997,356,535,843,1035,1067,737,1805
578,27,1177,662,383,732,257,1599,1686,796,468,205,26,509,154
579,1680,1792,1978,1324,303,1981,605,257,1425,306,981,1561,1686,879
580,1013,1204,319,591,1340,934,203,1308,1647,1972,1402,481,1771,1535
581,46,1332,32,1693,1416,308,817,480,995,860,1931,1327,1828,1143
582,711,646,1255,453,1909,1149,1272,364,981,1649,387,1027,811,619
583,1175,1353,842,1478,871,8,1625,1157,1559,1642,1839,1813,1105,1427
584,1888,567,1291,1498,1308,1537,1239,408,1770,1847,1243,591,1382,1564
585,1268,1135,1457,1067,1069,861,681,546,666,1980,399,804,866,1260
586,1836,850,59,715,1421,1861,777,964,797,1761,790,1682,512,1740
587,875,573,187,77,1612,830,1925,1049,532,347,1447,869,508,1192
588,682,1921,1163,729,1902,1682,1505,1773,1149,364,1791,1425,507,1475
589,449,1101,412,1779,1799,1785,831,1483,1891,947,1243,1329,755,808
590,298,988,1696,359,1807,401,1418,465,194,491,1528,1502,1918,1022
591,319,1723,934,580,1013,1239,481,1770,1151,1784,1803,1764,1878,272
592,1566,754,1305,1387,99,1862,338,1185,1225,1309,1193,1871,472,846
593,913,1229,217,151,1009,1854,1680,1503,1981,756,566,1622,773,73
594,983,101,705,1803,1520,1395,1770,553,520,1370,1580,313,955,1042
595,706,42,1112,357,884,161,1043,1269,892,1089,82,402,918,744
596,243,1967,1284,525,1604,145,838,717,1295,1273,466,1092,686,1457
597,1334,428,1021,1326,116,949,1499,248,1742,366,295,1689,1898,1578
598,1810,1990,446,987,809,275,1464,1337,1231,1847,1904,1209,820,1872
599,1607,1922,1436,1602,828,1801,1671,766,690,735,716,966,351,1022
600,1859,1529,444,1444,202,878,1856,1467,547,60,200,565,1270,1885
601,1314,1674,395,1890,144,1619,1024,1536,704,1169,1747,218,1100,1476
602,365,416,436,148,161,1112,516,87,1136,1323,1304,463,878,82
603,1436,1607,1901,599,485,857,1671,1602,309,1142,1616,179,1922,716
604,521,1780,414,1610,822,1971,1564,191,755,446,1685,408,675,820
605,252,1178,257,1149,1475,713,93,418,682,1441,306,1854,1792,579
606,1234,285,53,712,1439,220,1853,945,1609,731,1269,457,379,1486
607,1113,1718,100,1467,969,1136,1938,871,327,1114,878,1427,600,697
608,687,905,1238,1666,722,1431,1534,1449,678,742,516,188,148,51
609,1450,1661,1636,1777,803,976,921,1413,1012,359,694,340,835,298
610,59,1421,1236,435,676,574,973,443,1429,1852,1798,959,159,376
611,1335,905,687,214,1666,1572,1853,1850,1896,571,858,1270,1797,1486
612,1384,1328,429,881,819,13,1306,329,1627,825,1834,296,388,795
613,981,1475,1542,1791,1612,452,830,1005,387,1027,1633,964,532,306
614,1624,594,311,520,1410,1899,1422,1048,983,1370,895,955,946,768
615,640,1348,1532,1787,499,1050,1317,1092,717,487,232,1557,1659,456
616,1953,537,1291,707,1498,1926,1865,820,1601,1472,408,839,1070,1560
617,954,1845,31,1928,1553,788,974,375,1652,844,686,1147,1283,624
618,2,1303,1700,419,1513,1330,1095,1457,1737,717,1260,683,1122,1568
619,732,574,325,662,711,959,288,93,646,1441,193,1415,1682,1255
620,368,1162,232,1117,1759,1532,1795,350,931,286,1628,223,844,1845
621,1235,790,1688,964,1237,1539,387,1766,1480,806,548,1322,1842,1376
622,1774,455,1453,1825,1639,1827,1257,1713,4,1396,1736,664,681,184
623,860,480,141,476,643,825,253,1991,423,1935,1024,13,445,1321
624,681,861,1873,1067,459,450,212,546,1867,471,1568,123,788,269
625,777,1622,257,1425,1929,1197,1324,984,665,1680,26,27,850,1233
626,1110,1502,1067,1545,1080,1767,1260,546,419,1883,848,681,624,972
627,1163,1475,394,93,452,260,1505,1437,70,938,682,915,1388,532
628,1037,620,1074,1628,209,1532,350,829,1460,952,1117,1317,505,1845
629,1223,1954,1788,300,570,1926,228,1723,85,171,725,1298,1291,1884
630,1215,1832,221,1048,1624,763,1971,822,1176,1483,1368,1370,1501,127
631,740,1093,1963,208,917,1088,1264,1772,357,177,424,1930,161,1815
632,638,393,703,381,1794,402,316,161,139,1433,901,1748,1043,1269
633,866,1131,1069,1980,451,568,982,411,1696,1344,1818,861,113,289
634,1888,1048,41,826,1547,414,755,464,944,553,1917,1601,955,1459
635,1402,1811,1941,210,54,322,1884,1463,300,570,152,1647,430,203
636,47,880,1310,1528,118,1626,1484,1749,1918,1374,1418,206,752,966
637,1820,1201,1172,413,231,1140,377,1772,1319,950,1970,894,1088,510
638,393,632,316,381,377,910,1794,139,445,253,208,1321,1433,402
639,1212,107,1449,1033,1768,200,1821,519,1274,1692,388,444,1512,950
640,615,1152,1532,1348,1787,1659,499,487,1317,232,1050,845,911,309
641,919,765,67,1605,1493,740,1028,1264,381,231,1270,1772,25,316
642,1118,202,547,1859,1856,424,1270,1748,1730,765,1016,234,1753,853
643,1328,748,1327,253,480,1935,1416,445,1828,860,623,1134,922,1635
644,1251,1357,1401,481,414,1015,1780,345,770,349,675,331,1434,1858
645,436,1529,1746,1966,82,463,1444,1088,600,1207,1023,1136,547,1282
646,582,288,711,916,619,453,3,1255,1149,15,1860,1617,811,1390
647,747,1843,1443,907,313,74,287,955,1585,108,112,1994,1961,517
648,1715,105,80,972,1774,1736,1219,1714,1000,125,1995,1825,1573,375
649,966,1684,396,1022,529,1556,1432,1735,1184,1056,1918,469,1651,1999
650,159,1814,1001,806,262,468,1808,174,1648,576,870,1087,385,1539
651,1762,92,935,1548,160,856,340,1094,1777,668,992,1526,921,501
652,1,1063,479,1749,40,1867,9,1187,1124,1873,1497,1135,1906,47
653,1120,1224,868,190,1907,693,968,88,1979,521,1632,1343,481,1745
654,294,1474,1318,450,1586,1669,1967,1094,550,269,1276,369,861,856
655,487,1471,1936,1273,844,1728,223,1194,596,274,1818,1295,242,1050
656,1215,1170,221,302,1946,1698,1988,1832,1459,1483,11,1357,464,41
657,186,441,874,1840,325,16,680,544,582,303,1672,1740,818,425
658,507,964,1861,1425,241,1842,981,1473,613,1782,1237,1791,777,1027
659,194,1528,1956,298,590,1217,314,359,1374,549,78,752,841,18
660,1829,1094,155,1827,1284,1570,145,989,1213,523,991,340,651,1669
661,1665,396,415,1405,382,1873,1362,1906,828,1557,829,1607,123,1725
662,509,27,1441,325,916,619,959,257,196,277,756,732,205,418
663,253,771,784,1377,1588,669,1968,643,32,1328,1733,825,1321,1296
664,184,1012,399,1526,856,1268,455,1276,1208,1548,1094,861,835,49
665,26,27,205,906,625,1875,1782,1412,996,1177,1324,277,1645,1686
666,459,1918,1696,491,123,585,1068,681,109,1081,1067,861,1936,988
667,1794,297,33,94,1141,1307,1506,1479,849,1249,1747,1776,1886,918
668,1082,921,1548,651,1356,989,340,1762,766,1777,1396,1012,1094,609
669,784,486,1363,1588,1328,157,1947,1890,480,1751,370,1692,1449,1339
670,471,1252,309,1138,1616,986,1418,683,1901,720,1095,1502,723,931
671,1413,530,1714,183,1546,953,1450,273,1949,1611,124,1767,976,22
672,375,1552,1502,1999,1219,1684,972,465,1080,1283,194,848,590,1807
673,477,1812,338,1884,705,1817,846,594,1305,1882,1193,1811,1395,983
674,1277,1045,237,781,463,1619,1319,950,146,1549,1880,1890,1352,416
675,400,1401,1780,414,331,1685,754,102,556,644,1305,408,354,1959
676,1798,181,138,534,1505,1682,1087,151,1154,1448,468,708,59,1458
677,6,1128,679,801,1266,804,549,1984,1186,18,1194,988,1057,1636
678,687,444,1270,1666,1704,775,531,722,424,1511,1517,905,925,1635
679,1128,801,677,1984,276,1636,1057,1805,970,953,609,1104,988,501
680,1672,303,1840,1126,239,855,657,1595,1197,985,490,1649,909,1877
681,1873,624,861,546,788,459,121,1067,1568,123,1022,212,585,479
682,588,1149,1163,1475,1791,605,1473,257,1902,1921,1425,93,981,1505
683,1906,1124,1502,1457,1095,98,684,670,1545,1418,649,465,720,1432
684,1432,1090,1735,267,1906,683,1124,1056,56,1462,1545,1651,1928,62
685,427,1105,1579,1112,161,842,238,1399,1608,1772,1963,1323,1756,148
686,243,861,1568,1069,525,596,1818,788,1757,1604,1457,624,305,145
687,905,1270,1666,424,608,678,722,1943,1449,444,611,188,107,1172
688,1910,1521,1620,405,199,960,152,409,1041,1309,1495,1046,1585,475
689,90,397,1034,459,212,1012,1050,1681,1615,245,491,1967,835,79
690,716,970,195,1949,56,233,1076,921,22,505,1186,880,298,1555
691,413,1023,1529,967,1238,709,1966,178,1288,1088,60,1058,234,1372
692,333,1653,1411,1935,1115,1073,1567,1729,142,514,1274,860,776,1079
693,1121,1913,1329,575,799,1697,1224,367,446,1610,1971,1946,1914,1287
694,991,124,976,835,1829,1413,609,1777,1636,1615,1725,1855,1139,1116
695,1197,454,1763,749,1027,1622,1542,1203,24,1645,1758,1503,1242,625
696,1489,417,793,1942,1766,454,1876,1272,1763,1051,700,335,1211,1649
697,927,1114,1527,1207,1529,1947,1890,999,218,1444,327,299,878,721
698,492,759,1948,914,1204,1760,1708,1308,44,1148,1585,345,517,1535
699,219,1577,1882,1878,1518,1632,1907,163,1354,481,904,409,513,1862
700,1960,1326,1499,1423,811,792,1196,554,454,116,1766,1211,749,417
701,978,496,1174,1629,1504,1932,1623,391,140,916,593,756,855,27
702,1004,1425,1630,1842,1773,1750,746,1716,1347,1792,711,97,980,257
703,139,1730,632,381,42,53,884,220,892,638,103,1794,357,919
704,1729,1653,767,1663,1024,261,1536,1391,1776,333,323,601,514,917
705,304,594,319,1770,412,1193,1395,983,338,673,883,506,477,1520
706,1249,852,390,1043,1794,1115,139,1768,1307,1619,892,1479,1977,1352
707,1677,616,1953,896,1926,594,725,17,1560,983,518,553,557,1291
708,1633,534,277,425,1645,1837,26,151,1678,1027,86,1617,1242,613
709,748,178,1372,1828,1529,1238,1444,967,29,1605,643,444,1023,1900
710,795,721,821,538,890,13,1292,1445,881,825,1919,930,1404,1820
711,582,1149,1425,732,619,1004,1441,646,746,981,569,3,453,1750
712,146,214,764,769,406,285,1100,1218,606,416,1476,1234,1496,1339
713,73,1709,1475,1902,306,605,1981,1009,532,328,1792,1083,981,1149
714,885,265,300,1428,1961,815,846,1732,635,250,101,339,163,44
715,1740,777,1682,1875,441,257,818,507,1798,996,1119,325,1773,277
716,56,233,1720,690,350,856,1581,255,880,766,1371,1786,970,1607
717,499,1557,243,1303,1092,2,829,1330,1378,1297,232,596,1457,415
718,935,880,293,289,752,1819,1992,118,1336,956,399,1528,373,47
719,548,1196,1840,241,1235,1836,1861,790,1423,658,512,1240,909,1237
720,465,1418,988,469,298,106,56,1616,1325,801,491,970,1637,361
721,1292,1088,1304,1947,1444,13,726,1529,1890,1024,442,917,794,795
722,1534,1666,905,1183,148,444,687,771,1449,188,922,1265,1136,1270
723,1252,1781,1077,1006,215,1090,1318,255,56,1191,31,716,865,232
724,1429,376,35,1589,576,443,610,1852,159,484,806,498,1798,1814
725,65,1878,518,594,707,673,1042,1723,983,163,614,1812,171,629
726,1292,1963,1386,1088,463,402,721,1024,1100,1093,177,917,1804,208
727,226,979,1951,73,1065,713,362,30,410,1083,1950,1009,328,1458
728,104,1406,1904,1459,755,1312,1971,1961,1872,460,1988,95,354,302
729,364,435,1921,588,1902,1699,1505,979,1010,151,582,1562,1852,1682
730,181,1154,1640,138,1437,551,676,260,452,1929,307,1458,534,1689
731,776,1797,922,1635,539,531,1486,819,1853,429,333,220,1695,1641
732,619,1599,1149,1441,1682,711,796,93,27,257,662,325,981,1425
733,1117,223,1162,1532,572,1795,1331,1253,368,369,838,1851,1317,1226
734,23,1155,575,1406,95,250,1387,728,1316,1946,1392,552,960,1732
735,1613,599,1129,1362,789,1801,110,1396,1922,123,1592,1607,1165,1436
736,1545,1999,1056,267,1673,40,469,1735,351,684,1397,848,1671,972
737,1759,1162,1276,1318,1200,189,1992,356,664,488,1077,654,195,856
738,557,757,1098,1769,68,392,1121,17,1422,824,616,1070,1939,537
739,1320,1933,283,339,1810,55,1923,268,1337,265,536,446,1675,363
740,1093,177,631,1930,424,1024,1605,922,208,103,25,1270,1248,849
741,1822,1944,1894,1035,1074,1671,351,952,1628,89,1615,997,40,179
742,1349,1608,1007,178,1265,51,1238,1123,1900,842,1970,1172,1140,967
743,363,1025,815,1267,66,1760,1535,163,355,1204,536,1948,928,1279
744,94,1609,918,42,1043,1112,1930,1496,379,161,632,667,103,1794
745,394,252,418,1083,321,1689,1437,1361,1040,1367,605,1951,1388,773
746,1004,527,1347,1425,711,1630,1458,248,569,1716,1149,1689,1682,1750
747,647,74,955,112,1961,101,1706,1843,1540,520,998,946,614,44
748,1828,709,643,29,1327,782,1900,1265,253,1123,178,722,1328,1134
749,1161,695,1622,417,454,1423,1763,1499,1503,1211,625,814,1758,1203
750,63,226,627,1052,201,394,198,362,1505,1241,727,1789,730,1593
751,836,1870,1511,1841,1479,1635,1509,371,528,1753,220,1641,951,539
752,1528,956,935,1526,399,1374,49,1135,880,718,194,636,78,953
753,1674,762,58,1285,1512,1314,1349,1033,1440,781,346,1880,1037,1212
754,99,400,1685,520,1305,1871,1387,1066,556,592,354,1316,474,1644
755,944,1564,1971,1101,1368,1547,1459,1543,414,102,1158,1685,728,1799
756,916,511,1086,391,662,303,963,1504,490,277,227,1958,1678,425
757,68,1387,1988,1121,1769,575,1357,95,398,1520,64,88,594,552
758,574,5,1945,576,1412,1782,484,196,1159,482,909,1650,1205,325
759,1204,1072,698,197,1760,1908,1066,1685,400,1041,492,158,1948,914
760,102,1727,809,556,474,258,132,422,1464,1055,1355,944,822,191
761,55,1990,324,1025,1810,265,815,743,1732,1838,1392,1279,928,81
762,58,1349,1470,1815,753,218,1285,1140,849,1674,853,103,781,1314
763,1933,1370,244,1832,464,1368,1971,446,1580,474,1624,755,1923,885
764,794,1339,1292,146,208,1404,1804,1304,214,429,1093,1218,878,157
765,919,1270,922,641,424,381,740,1605,445,67,208,1635,316,1511
766,1602,828,1762,1786,340,921,1548,716,1607,935,1777,1669,278,856
767,917,704,927,1439,1530,1341,1024,166,1408,1527,1088,897,631,1091
768,1675,955,464,268,1359,111,1706,44,520,101,914,754,614,1535
769,1100,1890,406,1756,416,1642,1496,871,918,146,1963,1112,712,1059
770,11,1434,644,1357,28,552,224,1976,133,1015,1946,1998,1127,1251
771,1534,722,663,238,1869,1666,1486,669,253,1328,1449,1265,1183,1136
772,1867,9,485,1191,1873,1,206,997,1462,1541,652,1822,1318,1749
773,1951,418,217,1854,1178,410,605,593,1701,1361,1009,932,502,394
774,1203,347,461,1211,30,1156,1009,1102,1229,515,1503,1049,1763,980
775,1834,678,444,388,1666,905,722,1746,687,1534,1270,342,442,1338
776,731,333,1567,1635,1511,922,539,1935,514,819,1514,1641,220,958
777,1929,1622,715,964,1119,996,507,850,625,257,1682,1425,1773,1875
778,90,689,1034,180,1679,1165,735,439,122,1801,440,212,487,1256
779,1273,465,487,1918,1050,79,787,336,1556,469,1936,720,1502,931
780,1934,1134,1445,1286,323,107,1991,1863,514,67,765,141,388,1416
781,146,674,1512,1285,214,510,762,416,1850,1172,1461,346,1314,1277
782,1327,748,1900,1828,1509,1007,29,1123,1134,643,1416,1265,1328,1143
783,1329,17,190,1357,254,831,604,644,224,412,310,345,883,414
784,1588,1363,522,669,423,1608,253,663,1218,1123,1265,486,1886,918
785,1603,536,403,563,1144,1849,1985,1170,1216,272,1580,1698,1803,1382
786,1769,88,1133,1357,1520,757,17,1167,398,1422,506,1420,221,896
787,994,79,1280,195,779,491,207,90,1801,109,1671,1275,459,1012
788,1069,681,121,861,1080,1568,1660,525,243,396,523,546,1681,624
789,828,294,1356,966,123,735,654,269,661,1094,1669,1602,396,929
790,621,1842,1235,1480,964,548,1237,1852,387,1707,1539,1688,1836,658
791,466,1184,1116,1378,1096,243,1284,596,1681,1125,1660,1584,525,717
792,1597,1481,1645,454,1027,387,949,1539,1960,1909,1211,1447,1255,1390
793,335,1126,1763,1272,1877,1027,1897,454,1649,69,1211,940,1203,889
794,764,1003,1292,1304,1136,342,721,878,1084,1804,1404,208,1339,958
795,710,721,1820,890,1321,1304,1449,1292,1828,407,1919,1328,1319,1442
796,1682,167,277,257,732,26,1458,27,811,425,534,1578,452,949
797,715,225,850,325,1773,509,1205,625,1119,777,1240,569,257,1425
798,1514,323,1641,1567,539,528,1269,704,1729,261,776,445,1479,1115
799,1121,693,1231,904,446,1610,1287,374,1907,820,868,1745,1145,1198
800,848,1637,953,469,558,106,1681,1767,150,1122,1636,1219,62,1080
801,301,1805,970,1325,1831,988,720,679,1984,1819,106,18,1418,56
802,41,1601,1261,1953,414,1498,1959,1401,644,616,675,634,28,537
803,1636,609,359,501,664,49,835,1984,1012,1030,1295,1076,1153,804
804,1268,399,585,49,664,501,900,866,1912,1295,1030,803,1057,1715
805,1183,1350,1746,1905,1751,1274,643,253,308,1286,1733,1935,1991,775
806,1597,174,376,1001,1380,387,1281,1909,1539,1852,912,1322,1235,69
807,355,1267,1417,815,1382,66,1132,743,1895,45,816,1013,199,824
808,1151,1799,1784,934,1243,1459,1998,272,1770,1101,1308,165,412,304
809,1868,265,885,1810,446,598,1882,1727,1231,1544,714,1244,1428,1370
810,1500,1620,409,1587,1764,1910,1239,1521,1954,1518,1402,1041,688,475
811,15,1960,425,1010,1617,1699,796,1390,582,1499,818,646,1574,277
812,1590,117,288,1958,756,1683,252,1916,227,879,1491,1086,1860,186
813,1980,1315,971,1484,269,278,1344,9,293,1325,1057,1867,450,47
814,246,1929,452,1975,70,1622,1578,1766,1640,1837,1758,454,1522,1716
815,1267,355,743,45,1025,57,1961,275,1046,998,271,363,536,66
816,946,1764,1892,807,355,171,1382,199,725,1954,1417,1267,1354,1422
817,1182,1674,1783,995,1314,1506,1676,58,218,249,1190,1416,753,1332
818,441,277,425,715,1740,1699,1875,796,811,26,325,186,1426,1682
819,1525,731,1468,1797,1567,1335,776,1486,539,333,164,1328,1666,514
820,408,1564,1780,1543,310,944,899,1291,1865,1884,1610,1305,1668,45
821,1404,1292,937,710,795,890,1579,721,1321,1304,1919,1804,1772,429
822,474,1644,1685,1066,604,504,520,944,414,1366,1971,1158,754,158
823,1472,1957,553,783,254,136,584,345,28,839,1770,414,1357,1492
824,1895,1382,1920,1939,564,886,1800,1979,1015,1745,45,1120,1847,1417
825,930,480,423,623,1328,538,1886,1991,445,141,1024,1384,1321,253
826,1243,1101,833,165,1459,808,1998,1799,1312,1547,1888,634,28,947
827,1992,1077,411,982,451,356,348,497,535,865,264,1313,1330,1318
828,1602,766,1607,599,966,1721,1184,661,957,1665,1097,1669,649,415
829,1092,1651,1557,1432,232,1460,62,255,1074,2,717,1660,1532,1628
830,613,532,77,981,1791,1612,573,1475,70,875,1473,658,1149,1542
831,412,449,1564,1891,589,1329,1771,705,983,1158,1770,944,319,1151
832,89,179,1165,1787,1922,1822,1607,1362,1944,1586,599,1142,903,1405
833,826,1101,1459,1998,431,448,1368,432,287,1987,589,1955,1243,1403
834,901,1510,1507,1813,876,1157,1282,148,1265,1323,1588,1113,8,516
835,184,1413,1012,274,124,22,245,1636,397,455,1615,664,1546,976
836,1841,1870,751,1123,371,1479,1635,1511,951,1506,1753,1327,1934,1249
837,1878,127,725,64,88,190,1042,1520,868,1632,518,1812,1176,705
838,1330,1604,2,1532,243,568,596,369,1092,499,1253,1283,1303,1474
839,1472,136,1291,345,1957,553,28,1926,1261,448,1708,1953,409,1587
840,165,1148,1243,1308,1752,203,1976,1972,1600,1158,1610,1858,349,1547
841,988,298,79,109,1273,293,1696,118,1801,491,1936,380,459,1528
842,1399,1349,1608,1353,1323,540,51,1930,742,8,1943,871,1248,148
843,1781,356,956,411,1700,723,1793,451,1085,233,264,350,1077,18
844,368,1283,1936,942,1273,38,242,1818,1553,223,655,1162,861,954
845,1671,106,469,351,903,970,1628,1557,848,1615,505,1659,615,1074
846,1882,20,673,885,1566,592,1244,1884,472,714,338,163,1305,477
847,963,295,534,1412,205,1263,86,511,1086,1645,1199,154,343,1958
848,1767,800,469,1651,62,953,267,233,150,1219,465,558,1122,972
849,1141,1605,1140,862,1794,177,740,1024,1093,1747,25,1349,1506,218
850,777,1233,1836,797,586,625,1622,964,1861,167,1423,715,1975,1630
851,1675,768,339,1871,1403,614,1566,268,895,1225,1443,1923,1244,846
852,1249,706,1115,390,1391,1150,1274,1258,1934,1455,1212,139,107,1619
853,762,1815,103,211,849,1730,1140,1172,967,424,884,218,706,500
854,1121,1694,1231,64,1355,1287,1407,799,1891,575,1583,757,820,1560
855,303,239,1981,1561,16,582,680,1877,1792,711,328,496,1146,1126
856,1548,1276,340,1669,1094,1022,294,1191,1777,1581,1967,1012,664,921
857,993,118,880,1484,718,636,1006,716,723,1325,1901,1252,603,971
858,1695,878,1938,969,1467,296,1859,285,1259,1885,444,531,1335,600
859,1293,1126,940,916,5,482,69,1958,1159,909,239,758,1227,1683
860,1416,141,480,623,333,1328,1935,1079,643,1635,1391,1751,1947,1731
861,1069,681,1568,624,243,788,1457,1067,459,1967,546,1260,1268,585
862,1579,849,1747,1140,1349,1608,177,1089,427,1093,1393,299,538,1381
863,1129,1639,787,1894,741,1280,671,1074,1822,1460,273,524,1628,736
864,1601,946,882,1872,1920,45,1498,998,355,41,172,1580,1382,275
865,1805,1295,1303,2,1700,1967,535,1077,1457,1268,1330,856,1030,369
866,1696,1980,633,1131,900,585,666,289,1138,1936,1818,1260,1626,804
867,1578,1473,70,1599,26,1860,452,438,1103,1876,1837,1149,1766,248
868,1907,1577,1878,968,481,190,653,374,1803,1120,64,1603,1145,591
869,980,1009,347,875,1032,1178,73,1475,1229,260,515,452,1750,532
870,1481,1281,792,949,1597,1235,174,1861,1742,428,1001,1814,1640,1766
871,1642,1478,1323,200,1938,58,1399,148,1809,769,61,1431,1507,1890
872,1447,1623,116,1233,1237,1423,241,1018,167,453,1909,548,358,428
873,1745,1847,403,349,1979,886,1972,536,563,1646,446,545,1151,1803
874,1740,186,657,441,1840,1875,1761,325,715,818,167,507,1425,1324
875,532,1842,573,187,1451,869,981,980,613,1237,1750,387,452,587
876,299,1747,1393,901,834,1625,1307,522,1506,486,1372,33,1363,1507
877,1245,203,304,517,526,1955,1459,1596,1392,265,1685,1924,1564,1971
878,1136,1938,1467,1890,416,444,177,1695,858,917,531,1947,600,1323
879,1686,1722,1086,5,1782,1964,196,306,1324,1227,756,936,662,303
880,636,1528,118,1556,56,935,716,1022,1374,491,206,1280,1602,195
881,1440,1919,538,948,1384,1328,25,1445,329,141,1306,1007,825,1692
882,172,331,1760,567,955,1847,1308,517,101,864,1888,998,1547,1872
883,1002,1329,254,705,1600,477,319,1305,475,345,1518,1610,224,412
884,892,161,1323,424,148,103,1930,357,1112,1853,740,42,1896,1270
885,714,575,1370,846,265,1231,1244,99,763,1406,95,1121,1933,1320
886,1745,1519,1979,1646,11,1847,1216,403,349,873,460,536,464,1920
887,1662,1514,1285,767,1091,1369,1440,1530,261,1169,1408,166,329,214
888,1065,30,1174,978,1942,410,727,1178,328,701,1750,774,1083,1561
889,1211,1102,1576,1763,1199,1203,1103,1126,1174,391,1942,454,1522,1499
890,1772,1321,1968,538,208,1608,25,1404,253,1816,1134,393,427,825
891,1458,676,1898,181,1137,59,509,1929,1347,1032,151,1798,383,796
892,884,1853,1323,1930,103,161,918,42,148,424,1399,1043,945,1218
893,1754,1031,1386,1045,1100,370,1804,463,71,1038,1218,402,712,769
894,1201,1339,1512,51,1172,1449,346,377,1218,1692,157,764,208,1222
895,1770,1520,268,705,1403,304,1193,934,594,1048,955,1368,1624,464
896,506,1560,1812,1817,64,17,757,707,1899,282,65,1193,594,1176
897,927,1341,416,917,767,697,878,1527,1088,600,334,1114,1938,1529
898,1408,360,1248,1625,930,299,462,1841,137,1527,1327,1393,999,1828
899,1987,1312,84,820,378,1838,1075,1564,1865,1988,57,1101,133,755
900,866,804,1626,373,289,399,585,633,1980,1696,1131,488,49,1818
901,834,1510,876,1794,1507,139,1113,1433,381,1282,645,632,402,1043
902,500,1821,600,1856,291,202,218,1536,1859,565,1529,1444,1078,1207
903,1855,1116,1371,1690,505,351,976,340,970,415,1787,1725,106,1557
904,1577,1914,799,699,1907,1477,693,446,1121,868,653,1287,374,310
905,687,1666,722,611,608,148,1534,188,1335,1431,775,1449,1270,678
906,996,665,1782,1686,1119,1299,1875,777,715,1722,26,421,1108,879
907,1926,1843,1540,647,1994,747,707,567,1953,553,1498,1537,1472,839
908,465,649,1432,1918,1056,1436,684,1671,1735,326,1607,603,779,599
909,69,940,1159,404,548,1027,758,376,1255,1595,576,1909,303,1645
910,208,393,1667,316,1342,1794,1619,1141,1321,402,1093,377,445,849
911,1883,1050,931,471,353,1348,779,1569,1074,1659,1757,368,1331,1317
912,1950,1678,1709,1380,362,1255,306,86,534,73,1909,1049,1597,1001
913,593,1741,217,151,979,1773,198,1347,1622,1758,1032,1229,980,1503
914,112,250,1279,400,494,1685,354,556,1948,1072,1961,1316,1708,754
915,1163,1716,168,246,627,452,588,1578,682,1837,240,814,1682,1975
916,756,1255,662,646,978,1199,1412,574,391,196,5,582,963,619
917,767,927,1088,1024,177,1530,878,740,1093,631,1292,531,1444,1527
918,1043,1218,402,94,1794,1496,1323,1093,1930,892,161,1399,393,157
919,765,641,381,1493,316,740,67,922,1605,424,1270,445,1772,1743
920,82,884,1896,892,611,148,161,595,602,1351,1746,42,571,1323
921,1548,1012,340,856,766,1777,195,1276,1949,976,1786,690,935,184
922,1635,1270,1935,731,424,765,531,220,740,444,333,1248,539,1024
923,1082,1356,1634,1956,1986,1081,1022,122,1801,1807,1256,359,109,1721
924,1527,1078,462,1776,1536,927,218,1341,697,166,1444,897,299,767
925,1511,678,1509,60,234,1517,1753,281,1118,444,1635,1530,967,1270
926,1201,1339,1384,1991,1816,910,476,407,208,894,377,1301,1342,323
927,917,1527,897,218,1341,697,767,177,1470,1408,360,878,416,1088
928,968,1600,1907,1127,66,1015,1752,1732,203,1013,1224,1976,1025,1267
929,96,153,121,122,966,123,666,789,1220,1081,169,942,1918,459
930,825,480,538,141,1024,623,1328,643,898,1393,25,860,1886,423
931,1628,267,1767,1067,1883,848,986,1781,994,1074,779,1502,911,232
932,217,566,1854,1951,773,605,713,73,227,143,593,979,1921,560
933,1203,454,793,1522,1503,1102,1763,1272,889,1211,1419,1126,1446,1469
934,1784,1151,808,1770,319,272,591,580,705,1520,481,412,304,1803
935,1548,1528,752,1526,880,856,651,1336,1786,340,1135,921,766,1022
936,1062,1683,879,484,5,1491,196,1345,662,605,1448,1782,1441,959
937,821,1409,1238,1246,1319,685,1772,1804,119,1304,1579,516,608,795
938,1388,1437,70,814,627,1837,1522,1358,1052,248,452,682,1578,461
939,557,311,1410,1422,946,1796,614,1788,45,1624,1370,537,1098,99
940,69,548,1255,909,1293,1027,1159,1447,582,1390,1909,1272,1480,1606
941,431,470,1706,1547,172,111,1279,533,1948,914,1456,324,998,1961
942,1273,1936,844,1604,966,38,1940,459,1553,1684,1581,269,243,961
943,843,684,1793,175,1781,1637,267,848,1124,1790,1737,233,1085,931
944,755,1564,1368,1543,102,1158,414,408,1971,101,820,1101,1685,822
945,1853,437,1797,188,1930,892,731,1493,1743,220,424,1943,457,285
946,311,45,355,864,101,1803,955,1422,594,1580,464,520,553,882
947,1779,1799,1243,808,1647,589,165,1955,1101,1245,1998,1987,1151,1610
948,442,1442,881,1850,1530,1704,1007,281,1440,1693,753,1306,1919,388
949,387,1645,1481,534,1640,1909,1447,1597,792,796,1281,1742,1925,468
950,1212,1572,1512,674,107,1277,1768,1880,1449,639,781,1172,1435,1746
951,1360,1123,1692,1327,836,1007,1635,137,1525,1328,1468,1559,1265,1182
952,741,1822,684,1735,267,1035,736,1673,1628,1074,1462,1944,1405,1436
953,233,848,976,1777,1611,1526,1450,491,970,150,1615,340,1767,469
954,1553,1283,1147,617,31,1460,829,1928,375,1845,1999,844,1432,1684
955,101,464,517,1760,520,1770,1803,44,1459,1961,1685,553,354,882
956,752,1275,399,994,1181,843,1526,880,1067,356,1280,997,195,49
957,1107,1720,1721,828,1581,1786,1130,255,1735,1664,1405,1371,1607,1855
958,1516,776,794,13,1003,731,1567,704,333,1073,1653,514,429,922
959,509,662,574,193,619,196,498,383,59,1205,325,1361,205,1415
960,57,1838,494,250,354,1708,1987,271,1865,1948,1600,1988,1046,1025
961,1940,942,1604,1474,1344,38,269,1996,596,466,153,1936,789,1273
962,1569,1757,1162,212,1348,550,450,1250,624,1200,397,654,1317,487
963,847,1227,86,1199,534,1086,1645,1102,756,343,1504,1027,1005,1412
964,658,777,507,1716,613,1861,387,1842,1425,1237,1622,790,385,1682
965,1869,473,495,905,611,1431,540,1824,1360,1486,1666,164,608,1943
966,123,649,1602,1484,1581,1918,269,942,1022,828,880,1556,529,1220
967,1470,360,234,218,60,177,178,742,709,1007,849,1605,1828,29
968,1907,1039,1013,481,928,868,349,580,1343,1120,653,1847,1972,374
969,1938,285,1695,858,1234,878,1809,137,531,296,1248,1399,1439,1890
970,1615,233,690,56,106,801,397,22,903,195,953,716,1557,1777
971,1484,47,1906,1749,857,1191,269,636,1336,813,31,1462,485,255
972,1767,1219,848,375,1080,1714,242,1283,150,1460,626,1651,1999,267
973,1539,1380,1480,1001,1648,1036,574,1617,468,1255,420,708,0,1633
974,954,1460,204,1845,125,617,1736,1999,1652,1462,1230,1553,1147,1581
975,1387,575,99,398,757,1422,1871,1913,81,23,1316,1675,88,552
976,340,1777,1725,1546,1413,183,1829,953,1450,991,921,62,1855,1548
977,1531,1773,1680,588,1591,19,225,1180,715,682,579,1740,1854,1993
978,496,701,916,1174,646,391,16,756,1574,855,662,593,1504,582
979,729,727,217,435,913,151,198,1240,73,1014,364,1951,1741,1902
980,347,869,1032,1009,1156,1192,875,515,1347,1178,1622,1229,1542,1792
981,613,1149,257,532,1475,1792,1425,306,1027,1255,1782,1682,93,1199
982,1069,568,2,1303,411,1330,145,1568,1700,1122,861,523,1268,1191
983,594,313,1770,1803,1580,705,1723,1603,1395,101,1370,1176,412,1520
984,1430,625,1929,116,814,578,225,1233,27,167,257,796,777,515
985,1840,1672,680,1426,1364,490,1180,417,749,657,186,1161,1960,874
986,1138,1252,670,931,1418,232,353,779,1781,1090,465,1502,118,723
987,312,172,598,1941,882,1771,1847,1300,998,1223,352,864,1603,1209
988,298,491,590,720,1418,841,459,1273,1457,465,1696,79,801,1936
989,1570,991,340,976,1829,668,1548,921,1777,992,1786,1725,660,1396
990,1964,1086,1448,138,306,879,560,154,1722,196,1227,1062,343,1299
991,694,124,1829,976,1570,1413,1725,340,1777,989,1139,1714,1855,183
992,1786,1548,294,1581,1191,1336,935,1188,651,856,1713,255,1721,4
993,857,1006,723,1090,716,1152,1720,118,350,843,1077,1655,1482,215
994,787,1275,195,956,1186,79,1280,491,207,931,880,6,970,690
995,1751,486,1809,1947,1890,1352,860,200,1100,157,1258,1676,1314,91
996,468,1798,1814,1119,777,205,906,1782,715,1929,708,534,1490,1242
997,1944,1035,1181,273,524,1275,1822,195,1873,953,1983,856,956,1191
998,1904,1961,172,1706,74,955,101,275,1580,517,815,536,464,1359
999,1642,360,299,927,697,327,177,218,1341,1676,1470,1527,87,1478
1000,1995,194,1715,359,451,49,1774,1081,401,125,1825,348,664,128
1001,1539,174,973,1597,1648,806,912,468,1481,1645,551,534,1380,77
1002,883,1518,1976,1717,1610,481,1600,1907,1148,699,1239,1329,190,319
1003,794,208,344,476,402,1748,1386,726,377,764,1404,323,1292,1653
1004,746,711,1425,702,569,1630,1993,1488,1347,527,1750,1716,1842,1773
1005,306,1475,1242,613,1612,1542,1229,708,981,1633,963,1192,1709,1103
1006,499,215,1152,1077,1090,723,232,255,1344,1318,1252,1720,1586,716
1007,742,1900,1828,1327,1442,1123,782,178,1265,1704,967,1328,951,1349
1008,1446,1633,131,1562,0,708,1837,1648,1952,420,454,695,1699,1649
1009,1229,869,73,347,980,1178,1083,1475,713,515,1199,593,1458,410
1010,1699,811,1574,1617,15,226,1505,425,201,1638,729,288,3,646
1011,1421,168,1682,676,1550,1798,1505,1087,59,1163,1271,915,452,93
1012,184,491,195,79,921,1548,1022,1526,459,664,1777,856,835,1396
1013,580,968,1402,1039,1204,591,481,1907,1647,319,1803,1535,536,1239
1014,1380,1902,1322,73,979,1678,0,912,1036,727,1921,1272,226,1789
1015,11,644,886,1519,66,1434,824,1979,928,1127,1401,1858,552,1976
1016,571,1730,424,437,478,1270,1515,473,1943,945,1118,1335,687,371
1017,1001,1598,1916,77,1950,174,420,1958,1293,940,973,1539,1390,1272
1018,1237,949,453,248,1447,1271,59,167,387,116,1415,187,875,796
1019,69,909,806,1380,376,251,1688,335,1649,548,940,174,404,1272
1020,1322,174,1036,806,1380,1272,362,1648,1597,1539,1001,1014,0,1789
1021,1334,597,428,1623,366,1173,872,1447,1481,295,1326,116,1412,358
1022,1556,856,491,1548,459,298,1280,1012,56,340,649,359,401,1918
1023,1529,87,1711,436,1444,177,1372,1058,709,645,1238,721,1088,600
1024,1093,740,177,1248,1605,25,1141,917,922,538,208,1381,1292,849
1025,743,815,66,1267,1046,324,761,363,271,960,57,1990,1279,1948
1026,564,1806,422,1407,1383,352,1920,598,408,820,1223,1354,1847,1537
1027,1645,1255,1909,387,981,1197,303,613,708,1503,1102,1447,1126,792
1028,29,234,967,742,641,919,381,1608,60,1900,748,1493,1123,740
1029,912,1229,73,362,1009,727,1826,1049,1083,1709,1950,713,869,566
1030,1153,1295,1333,535,1636,1268,1253,1912,865,274,1984,242,1283,1715
1031,370,893,1754,1100,365,1352,486,769,602,463,1304,1890,489,1804
1032,980,97,1758,347,1929,1622,869,1009,515,1156,1347,151,814,1458
1033,200,1559,58,639,1182,753,178,762,1212,1431,1449,51,1821,1349
1034,689,1250,1256,124,1974,1681,455,1284,1967,1690,1116,90,1665,523
1035,997,1944,524,1822,741,1275,1628,1181,1894,931,1983,953,273,276
1036,1272,1380,1539,1617,973,1699,1649,135,1480,15,1876,1505,1322,1390
1037,1970,742,1007,762,1264,25,753,849,510,1172,1927,1349,1140,967
1038,71,893,1754,1386,1089,1105,1218,1804,1997,1609,769,1667,712,370
1039,968,1013,481,580,213,1784,1907,1343,934,1204,163,928,868,591
1040,1160,1951,394,745,227,117,252,1916,247,226,418,812,3,1491
1041,409,1862,1495,400,1305,1668,171,345,1309,199,1620,216,1251,66
1042,1309,1812,594,398,1899,1395,338,1387,673,95,68,757,705,1406
1043,918,1794,1218,1667,892,1307,393,94,402,706,1352,1249,1323,910
1044,318,505,1802,350,52,1371,1555,1720,1787,903,1584,1655,1851,179
1045,674,893,463,1754,1619,146,1150,1549,1277,1031,1352,1386,1339,237
1046,171,1657,199,815,57,494,1025,271,960,1267,1585,1041,1398,1544
1047,1097,1906,529,1187,1336,1602,1762,766,828,1735,935,1484,278,1124
1048,1368,553,594,464,1357,983,955,1899,1483,41,944,1176,520,1624
1049,1709,404,1542,1192,1612,1027,912,1229,1005,73,1826,77,613,1503
1050,397,487,1659,274,1194,911,1273,689,1883,615,779,212,1767,242
1051,364,1649,417,588,1902,1791,1488,729,1921,582,335,544,1272,507
1052,201,1574,226,1522,198,1010,1458,135,15,1505,1837,1789,1154,151
1053,1679,1661,609,372,1762,1397,1777,1831,1165,114,679,801,90,278
1054,1656,28,7,467,1998,448,290,1915,136,1167,770,1708,213,405
1055,1355,23,1971,367,728,210,734,102,472,556,1543,1838,1913,877
1056,351,469,1735,1651,649,1671,1855,62,684,183,736,1397,1999,465
1057,501,585,373,92,988,801,1452,804,1268,1315,1457,679,491,1831
1058,327,1246,1023,296,1534,1947,1711,444,1338,878,1442,1529,442,1136
1059,1747,36,1363,33,769,1190,1886,862,1478,1642,1381,918,144,1579
1060,1908,1585,1727,1884,1594,197,914,1041,759,1025,698,1495,1657,112
1061,1145,1732,1571,152,1477,1287,1907,799,868,928,300,1343,210,1144
1062,1798,936,484,257,1682,306,93,1448,509,1782,715,605,1792,196
1063,1497,1124,652,47,1626,1749,1310,1135,1187,1545,636,1,1502,1462
1064,1504,1177,1174,1629,1932,701,1199,1086,27,745,1103,916,1430,1412
1065,30,727,746,1750,1178,328,1347,453,1942,582,711,646,1689,1004
1066,1644,1632,504,754,1685,1366,520,822,1882,400,1305,163,1566,158
1067,1502,1260,1556,624,681,861,546,1873,1191,1767,459,585,1022,1135
1068,1918,1280,1502,1556,1067,666,1807,459,1696,1553,1626,779,1022,105
1069,788,861,1568,243,1457,982,1080,1268,585,1715,1260,568,681,686
1070,199,171,537,1953,1703,1871,112,1422,99,1309,494,1041,520,518
1071,1668,1775,66,1657,1990,1477,1398,1041,408,564,1780,1401,352,1495
1072,1862,400,759,1685,1392,1305,1965,754,216,914,675,1316,20,592
1073,1567,692,1335,514,1003,333,958,794,1653,323,1115,606,1516,53
1074,1628,829,1822,1922,267,1894,1671,741,1557,1317,931,351,1944,1092
1075,1904,1406,899,1987,287,1312,728,1428,1961,432,378,74,1101,57
1076,1194,22,690,1949,245,274,1759,78,195,1186,835,21,921,1012
1077,1318,1330,411,255,1006,723,865,497,215,568,264,827,499,1720
1078,1536,1776,924,1527,462,1934,1444,1841,1859,1141,297,1506,218,1663
1079,1391,860,333,692,141,1729,623,1384,1115,1411,995,480,390,1258
1080,1219,1122,1681,788,1069,546,1568,848,1660,1651,62,626,1110,972
1081,1696,666,359,1807,1715,590,194,1022,1918,1774,122,401,92,1356
1082,923,668,1356,1413,1397,124,1012,1661,1022,1256,183,1986,359,921
1083,1009,362,1199,252,713,1178,1475,1950,532,1709,1689,73,1103,1437
1084,1850,1088,878,416,794,334,296,917,764,1292,146,429,1338,1304
1085,1333,843,194,375,18,1131,1030,49,451,1253,1700,659,535,752
1086,1504,879,196,756,963,1227,662,990,306,1686,154,1964,1177,847
1087,676,181,0,1798,1375,1154,1837,1929,1562,138,1633,708,1236,996
1088,917,721,1529,1292,177,1444,726,631,878,1084,463,416,1093,927
1089,1963,1112,1619,1140,161,918,910,1386,1093,463,402,862,726,1579
1090,1432,232,684,1006,56,499,716,723,1720,31,1252,255,215,1928
1091,1408,1530,1259,767,1527,1516,1511,1439,1695,531,917,776,462,1663
1092,1681,1767,829,1557,2,1651,1568,242,546,572,419,243,62,1283
1093,740,208,1024,631,177,25,1963,1140,1381,1930,917,849,1292,918
1094,1967,1669,856,1276,294,1548,455,654,550,1396,1829,369,340,664
1095,1260,1502,683,1980,585,1418,1067,1457,618,670,1138,626,866,1124
1096,1660,523,525,1684,791,1219,1184,1107,341,1879,243,1651,649,1378
1097,529,1184,1047,1906,828,1602,92,766,966,1762,649,651,1484,1107
1098,1422,1769,557,1133,738,398,757,230,311,68,939,946,1070,1387
1099,37,322,1697,1924,244,1365,1849,95,868,1406,304,575,693,412
1100,1890,370,769,1476,402,486,1031,726,1292,1352,1114,157,918,878
1101,1243,1799,1564,1459,165,755,517,589,1312,1547,808,1987,944,826
1102,1211,1203,1199,1027,963,889,1293,1645,1447,1103,1640,1126,1763,1597
1103,1576,1199,889,1005,1763,1102,963,981,70,1293,1475,1083,1916,867
1104,1984,535,1153,1805,865,1303,1030,1636,558,1295,155,1912,1851,497
1105,685,769,1579,427,1399,406,1756,1893,842,522,1175,918,1323,1112
1106,162,1753,371,1274,478,1935,1731,1183,1016,139,1350,1582,1885,1844
1107,957,341,1130,1721,1720,1735,1684,1581,62,1096,649,1651,503,1786
1108,1782,1722,879,458,1778,1345,906,1945,482,507,758,1686,5,658
1109,533,271,1706,998,1904,104,864,1221,74,1872,275,1961,57,728
1110,626,1080,1767,419,1681,546,1502,1883,972,1260,1092,848,1067,681
1111,821,1292,1404,1304,1804,370,825,476,1476,129,710,721,726,1100
1112,161,1963,1089,884,602,1323,769,463,1756,918,892,685,416,177
1113,607,1510,834,901,1718,1724,871,1625,1157,87,1588,1207,1031,1733
1114,697,296,1890,1439,1100,878,927,1527,726,416,1947,1476,1292,1938
1115,1249,1391,852,390,333,1935,1411,1731,1258,692,1567,402,1274,445
1116,903,1389,1725,1855,1665,415,1690,340,523,1184,1371,1681,1284,791
1117,733,1795,368,1532,223,1253,620,1162,844,1845,1283,838,954,411
1118,1270,202,642,424,1016,678,765,925,514,1856,775,1753,1511,1663
1119,996,777,1490,715,1738,906,1798,625,1622,1782,797,1773,1929,1062
1120,653,88,1632,1224,1979,481,552,824,868,968,1121,1939,349,163
1121,693,1287,1231,575,799,757,1913,854,885,1355,1387,1120,64,1988
1122,62,1793,1725,1080,546,523,1219,1651,1829,2,1303,848,1268,1135
1123,1265,1608,1327,951,1007,836,1692,742,1328,784,643,1134,1841,748
1124,1135,47,683,1063,1906,1122,1187,1502,1191,98,1545,1067,684,1793
1125,1584,1378,1385,341,1184,791,145,1303,113,1684,568,1284,838,52
1126,1027,793,889,1211,303,1763,680,69,1102,404,391,1293,1897,1595
1127,1600,1858,133,1610,84,1976,1668,1148,1239,165,928,1752,1015,1847
1128,677,679,577,801,1805,276,804,865,1208,1275,1883,479,6,1057
1129,110,735,1801,599,1280,1147,1639,863,1074,123,1922,459,1460,1556
1130,341,1107,1546,183,62,1725,1651,1855,957,976,52,1735,1056,351
1131,866,289,451,18,633,380,411,568,1696,1138,1684,314,1604,1728
1132,1895,1417,807,1354,968,1477,1764,1907,1039,868,1800,824,1577,1120
1133,1769,1422,398,1098,786,1167,1357,230,1520,88,1170,1915,1387,557
1134,445,1991,643,780,480,1816,67,1123,1328,890,748,1327,765,782
1135,585,1124,399,1526,47,935,1067,1122,1268,752,160,1528,1191,1626
1136,1304,878,1751,342,1467,1947,1534,1277,722,794,148,370,1746,721
1137,410,891,1458,1347,773,1361,1701,1508,913,1689,593,217,1499,418
1138,1252,1936,1418,986,353,232,670,1260,1067,1273,31,1818,1502,118
1139,397,546,1615,150,1767,953,835,1453,124,689,1681,991,479,1894
1140,1172,849,1815,1093,1349,1970,177,1222,740,1772,1089,762,910,862
1141,1605,849,1024,1794,297,910,1506,1776,177,740,1342,1372,1619,445
1142,1607,1436,1922,599,832,828,603,1602,1671,1787,1616,48,1362,766
1143,1816,46,1134,1265,1183,1968,748,407,259,643,782,1123,1719,1962
1144,1732,95,1988,1698,1406,1849,1985,1524,302,1924,1267,1145,536,1803
1145,1061,1732,1144,1365,868,1849,1417,1155,1985,799,1099,1907,1231,300
1146,1897,1877,855,328,582,404,335,1051,364,239,69,1649,793,548
1147,1553,954,38,1129,942,844,525,649,1999,829,466,1283,1273,1660
1148,1600,840,165,1495,1668,1308,1127,1858,203,1752,1976,408,1948,1002
1149,981,682,532,93,1860,711,732,3,1475,1425,252,257,1682,605
1150,1549,852,91,1619,1207,1352,995,1391,1045,601,237,463,1249,565
1151,808,1784,934,349,1799,1770,481,272,1243,1308,412,1998,1972,1847
1152,1006,499,497,640,1787,1077,232,716,615,1604,48,1805,1290,350
1153,535,1030,1912,1984,1104,1636,1295,497,1333,865,1194,274,1805,1851
1154,676,151,1758,1640,1375,181,1242,1929,730,534,708,1229,198,1005
1155,734,552,1732,95,1988,1287,1406,1231,575,1144,1145,23,1121,1571
1156,515,347,980,1640,1192,1758,814,1032,1542,1622,625,1229,1242,1009
1157,8,1510,1323,60,148,437,1399,1625,834,1930,188,381,884,1823
1158,1547,1209,755,1771,158,1685,1564,944,1670,517,1101,203,822,1972
1159,574,1255,909,1645,1412,940,576,1390,1650,758,1909,69,1447,1027
1160,1916,1617,135,226,117,288,1040,1951,15,394,201,63,247,227
1161,749,1741,1595,1499,913,496,1840,417,985,1960,1240,1503,1211,593
1162,737,1759,1318,368,1845,654,844,1795,223,1532,962,1474,550,1200
1163,588,682,627,1505,915,1921,1475,93,1837,1149,452,1682,1902,19
1164,1489,855,16,682,1902,713,30,1561,1065,588,1574,364,746,605
1165,1679,1615,439,832,1777,372,89,1396,970,1967,1669,212,1362,903
1166,1813,876,901,834,1625,1507,1157,1510,1372,522,1794,862,427,29
1167,290,398,1403,1133,1357,1575,1998,448,1251,895,136,1520,786,1054
1168,504,1632,1066,1366,513,1644,1565,786,1677,1566,1120,1251,518,219
1169,601,166,1479,144,395,1536,1285,1663,1674,261,704,218,1314,762
1170,37,1698,1520,464,1365,95,403,1832,536,398,1769,1979,1216,1745
1171,1804,1296,1754,370,1997,1386,543,1404,71,253,1733,1304,1321,893
1172,1140,51,1512,424,1435,894,687,1222,510,178,1270,1201,1238,1970
1173,39,1925,229,1241,410,574,1334,1255,1447,1689,453,1909,1018,193
1174,889,30,978,1199,916,701,1504,1211,1083,1126,1102,391,1103,756
1175,1353,842,1478,1399,1487,583,1893,1823,1625,1248,8,1105,1157,871
1176,1483,1195,983,244,412,1624,594,1812,1370,64,1048,1899,1193,1520
1177,27,578,1504,1430,154,1086,662,665,26,1412,1686,847,277,295
1178,1750,605,1009,1347,1083,410,713,773,1981,869,980,746,1561,328
1179,1327,771,1869,1931,1534,722,1360,951,643,164,1183,1328,478,483
1180,1672,1562,364,1921,1649,729,1902,435,588,1699,425,490,1773,657
1181,997,1949,233,318,350,956,1546,1275,195,1188,273,716,1851,348
1182,58,1809,137,1839,200,1470,1478,1314,360,817,1033,1559,1676,951
1183,722,478,1666,805,1534,1265,371,107,1751,1449,148,643,1746,1270
1184,1378,1097,243,649,828,1116,529,791,1665,1684,92,145,717,415
1185,1225,592,1193,1965,1566,504,754,20,1329,1685,1305,1072,1913,1862
1186,195,690,1214,994,1275,6,79,1076,880,78,1819,491,21,1374
1187,40,1735,1124,935,1906,530,1047,1556,1545,1063,1135,183,1022,206
1188,1786,1581,1482,206,1313,935,1181,992,880,1191,204,956,1548,1336
1189,895,268,1644,1770,1933,873,1923,822,504,955,1565,464,1979,1158
1190,1676,1059,36,173,1393,1319,486,1890,1476,669,999,1919,1747,1642
1191,255,1581,1462,856,31,568,1067,1318,294,1873,1556,62,56,1906
1192,1612,1242,306,1197,613,1229,1049,1027,1792,1005,1645,1542,981,86
1193,1817,506,705,1329,1185,592,1368,304,1305,412,673,1812,594,895
1194,274,22,1076,487,1659,549,1050,1759,1984,245,655,1153,690,970
1195,1176,244,1483,1624,1370,1812,1832,1899,311,64,282,983,763,1048
1196,1960,1240,719,811,700,120,435,1840,512,548,387,1852,364,1480
1197,695,1027,303,1192,1645,625,1622,1763,1782,1542,680,86,1242,1792
1198,1739,133,475,1988,68,84,1239,1891,1395,757,883,1600,1610,1144
1199,1447,1255,1925,963,1102,1909,534,981,1103,27,1211,916,1689,889
1200,1276,189,1586,1759,737,1555,1318,337,1162,1787,487,690,195,654
1201,894,377,926,1667,1339,910,1816,1172,1772,208,1512,316,1140,1222
1202,1573,115,1995,1030,75,1253,1153,274,223,1333,1256,242,655,835
1203,1503,1763,1102,1211,1522,1542,454,889,1005,1027,695,1229,933,1126
1204,580,1760,1308,1013,1535,759,203,197,349,517,743,44,481,1148
1205,509,443,662,758,383,205,574,959,196,1836,1412,325,512,797
1206,1717,374,54,1907,968,1577,1002,1697,904,280,1972,928,868,1610
1207,463,697,436,291,1529,1549,645,1619,1724,1150,1507,565,91,87
1208,1867,1541,1452,664,479,450,1967,1094,293,1873,654,1276,856,1396
1209,470,1941,1547,1158,265,431,1101,755,517,1564,203,172,1810,1904
1210,144,1169,667,166,94,1479,601,924,33,1341,1496,395,1886,1527
1211,889,1102,1203,1499,1763,454,1447,1199,1027,1126,1942,1909,1522,1503
1212,1512,107,639,1768,950,157,1435,519,1449,346,1352,1674,1692,1249
1213,1829,369,1568,546,1967,1297,1139,1226,1250,145,1094,1777,1268,1303
1214,1186,195,1679,787,79,1165,1801,1275,109,372,1012,89,994,184
1215,630,1971,656,1601,221,1920,1355,604,1048,755,1913,783,1832,1646
1216,886,403,1745,1698,302,1519,1170,1799,272,545,785,1144,315,1382
1217,298,659,465,263,1956,590,549,1637,779,841,720,1528,1471,988
1218,1339,918,157,1043,1352,402,764,208,393,1733,370,1323,784,1100
1219,401,523,1080,1714,62,1651,75,972,1767,1681,1283,242,1122,1725
1220,123,269,966,1484,14,1996,1918,666,471,153,1315,1602,459,929
1221,1706,1109,74,1359,271,747,1961,112,494,768,998,111,104,914
1222,1435,1140,316,51,377,1172,1667,1772,884,1201,1089,1238,1282,161
1223,629,45,300,1657,820,1603,570,1580,85,1231,1868,1382,408,1788
1224,552,1120,1575,1392,95,1343,693,653,1697,1979,592,1946,1862,481
1225,1185,592,20,1566,1193,338,130,1965,304,846,1403,1316,754,877
1226,369,1974,115,1912,1250,1213,155,455,1568,550,982,733,1295,1268
1227,963,1973,1086,196,5,1412,1722,879,508,1504,1958,1782,303,847
1228,559,356,1795,411,451,1257,1253,1117,264,1162,737,1000,1700,289
1229,1009,593,73,1005,1192,306,1503,347,1049,566,515,1542,912,1475
1230,1736,204,1460,125,273,1639,530,1713,1546,1827,1855,124,523,382
1231,1121,799,45,1355,446,1287,885,1346,300,1580,1406,575,1370,275
1232,435,1236,729,1699,818,610,657,1491,1798,441,715,1562,325,1550
1233,1423,116,167,850,428,1975,1237,872,949,625,1861,964,1766,387
1234,285,1439,606,379,969,220,53,1248,1100,1381,1399,1024,1609,1893
1235,621,1237,790,387,548,1688,964,1480,1481,1766,1539,792,806,1018
1236,1562,610,0,1798,676,1232,1550,1087,1421,435,1699,973,1648,1375
1237,241,1842,1235,387,1018,964,1425,658,548,790,167,573,1447,1716
1238,178,608,516,742,177,709,1529,722,1772,148,1172,687,1265,1813
1239,481,1764,1739,591,1382,1127,1291,1907,1198,409,584,562,1402,1587
1240,512,443,1630,569,1196,364,582,325,435,1840,1347,484,711,1909
1241,39,1361,1173,229,551,1689,410,730,1458,1160,63,193,1925,362
1242,86,1192,1612,1005,1640,1645,708,534,1633,963,1814,996,1758,613
1243,165,1101,1308,808,1799,1459,517,826,1564,1151,840,1998,1547,1647
1244,244,885,1370,846,1933,1624,1923,763,673,1368,1882,1193,1812,1320
1245,877,203,1924,1454,1752,1596,1647,517,1955,165,1600,1948,210,1459
1246,1058,1084,87,416,937,1023,1304,1711,1409,602,1088,334,821,436
1247,134,154,277,205,26,818,996,441,534,1263,1550,295,665,138
1248,1399,531,1024,177,922,740,1381,1930,1893,25,1323,1408,444,1496
1249,706,1115,852,1479,390,1506,1307,1794,157,1391,107,1141,445,1731
1250,550,369,1974,1568,1034,382,1967,1092,861,455,450,962,572,596
1251,644,518,1357,400,216,1892,754,1305,345,1041,520,1644,1632,1167
1252,1138,723,670,1344,986,1006,232,31,1090,471,353,215,1418,309
1253,1030,1283,1700,838,411,1117,497,242,1532,1153,1604,451,1851,1333
1254,1262,1654,1721,716,1631,118,1581,1956,880,1188,326,1684,942,314
1255,1909,1447,1027,582,574,387,1645,1199,916,981,940,534,1159,1272
1256,1034,245,1690,124,689,835,115,1082,655,75,1284,1634,274,923
1257,559,356,622,455,664,115,1228,273,348,1774,1827,1912,1736,1713
1258,1731,1115,390,308,43,1249,995,852,1391,1411,860,1352,1079,486
1259,1695,858,1411,1511,1859,1091,1527,1885,1635,969,1663,444,462,126
1260,1067,1818,1283,1095,861,1700,1069,242,1138,1502,1457,865,626,1268
1261,28,133,1498,1291,84,315,230,41,584,1312,1846,644,302,1127
1262,1254,1631,1728,942,38,451,1553,841,1995,1684,488,1654,289,1956
1263,847,295,135,134,154,343,1958,138,511,534,1617,1247,1916,247
1264,1970,631,510,1815,740,1093,1140,1172,424,103,25,1930,1744,1037
1265,1123,1608,742,1449,722,1559,1692,8,1327,178,1183,748,1007,784
1266,970,801,1659,690,1194,994,1186,6,22,301,18,677,233,1076
1267,355,815,807,743,1417,45,66,57,1535,199,1025,1144,536,1803
1268,585,1295,804,664,1457,1069,1030,1122,861,865,546,1715,1135,1568
1269,402,94,208,1093,918,393,1003,910,798,357,1963,1794,606,740
1270,424,922,687,765,107,444,1663,740,1935,1635,514,678,539,722
1271,1018,551,468,59,676,1421,1578,1898,452,181,1682,1415,949,796
1272,1036,1380,1709,1649,1950,1027,1255,1902,582,1503,1539,69,362,387
1273,1936,942,487,459,779,844,1283,1022,242,1604,988,1471,1050,243
1274,1885,1935,1350,333,1844,1411,1751,1115,107,860,514,639,692,852
1275,195,994,956,997,1526,184,1186,399,1012,953,1181,1280,664,491
1276,856,1094,1669,1200,1548,189,294,921,1318,1992,737,1967,195,1586
1277,674,1304,1136,200,1751,1746,1319,1890,1449,878,721,950,1947,1549
1278,385,1814,1242,870,650,262,1446,1612,695,1008,174,1861,1597,1156
1279,324,1392,1948,271,914,494,1872,1456,104,400,81,1025,1961,1760
1280,1556,1022,1526,195,206,1068,459,184,491,1,1012,1067,880,79
1281,1597,949,1925,1909,806,1447,1551,387,1481,870,792,1640,1645,320
1282,1435,1966,1549,834,1238,1222,645,178,1507,1813,901,516,91,1619
1283,242,1684,1219,844,1260,1767,1273,954,1092,375,1700,1253,1651,243
1284,596,145,155,1116,243,1094,838,523,1967,791,525,1034,1289,92
1285,58,1663,1470,762,1662,781,753,346,1530,1314,1496,531,1674,1440
1286,1991,780,765,1567,323,1134,514,371,67,805,643,445,259,919
1287,1121,1231,799,575,1571,1155,693,885,81,472,1061,552,23,734
1288,1856,600,61,1033,1821,500,902,1559,60,200,678,687,178,1351
1289,145,1284,243,1378,791,1069,596,525,113,686,1974,1568,1660,1125
1290,690,118,1152,48,841,1654,1471,1819,380,301,1325,716,487,1266
1291,345,408,1395,584,1498,354,553,101,1305,839,1239,1261,820,28
1292,726,721,1304,764,1404,1088,1890,1963,1804,1024,1093,1321,917,1476
1293,940,1102,1447,508,1126,1103,1255,889,1199,859,1027,963,1211,1227
1294,1561,579,1178,1978,1792,1750,702,1680,980,240,713,605,1489,1475
1295,1030,865,1268,1984,1457,1967,1153,1805,243,1303,92,113,861,596
1296,253,476,663,623,1321,1404,1171,1003,1991,1433,393,1905,805,370
1297,456,717,1303,1557,369,1513,145,1568,450,1967,215,415,1330,499
1298,1954,213,1723,1042,725,629,1309,1402,44,1587,171,199,1395,1535
1299,421,1448,996,906,1062,468,1798,1682,93,257,613,1929,185,777
1300,1771,1752,1013,1148,312,1308,203,840,928,1847,1204,580,197,1907
1301,519,1911,1339,894,1218,157,926,1435,1449,1201,1751,1212,1733,32
1302,1981,1792,579,1750,328,1561,605,1345,1178,484,5,196,702,1441
1303,2,865,1700,1330,145,568,618,1457,1122,717,982,243,1295,1378
1304,1804,1136,1292,721,370,1277,764,794,1947,1890,365,1409,1751,878
1305,345,1685,354,1862,1543,400,408,224,754,101,1780,592,1884,520
1306,881,1327,930,1704,1828,1007,1328,1416,1442,1408,898,612,538,948
1307,1747,1506,1794,1249,33,1043,849,918,876,667,1886,144,706,1141
1308,1243,1760,165,349,517,1204,840,1770,808,1847,1151,584,1771,580
1309,338,1042,250,354,1395,213,44,592,1387,409,405,594,95,199
1310,636,1626,47,1418,1063,373,1135,1528,1502,1374,1124,752,1918,1068
1311,1969,608,164,890,1772,1493,1797,429,894,1486,742,1970,1704,188
1312,302,1459,1101,84,1987,899,41,1243,1799,165,1988,728,1564,1904
1313,356,559,1188,1482,1191,411,992,451,843,827,956,1077,1318,255
1314,1674,601,332,58,1352,565,237,1512,1890,1182,200,1285,762,753
1315,1980,1457,666,988,96,153,1418,1696,1325,1918,683,92,585,361
1316,99,1392,81,754,556,1871,400,592,23,1566,1862,1387,914,1072
1317,1532,456,1348,1092,1331,615,829,1162,232,1628,1074,369,572,1330
1318,255,1586,654,294,1077,1474,1162,1276,856,1191,1669,737,1581,1330
1319,1342,1349,1277,1619,674,1890,721,1292,237,177,1304,1088,1140,1919
1320,739,885,1933,877,1392,268,446,763,1810,822,265,1244,1965,20
1321,253,1404,208,1433,393,1772,890,910,1292,370,1024,402,1804,1093
1322,1380,1020,1036,0,1852,1539,1648,806,973,1014,1505,912,1272,790
1323,148,1399,892,871,1853,884,161,918,1930,1248,177,878,1938,1157
1324,1978,579,1680,303,625,1686,1792,1425,257,27,1782,879,665,981
1325,48,301,801,1616,56,118,1418,720,499,278,716,988,309,293
1326,1499,428,1960,700,1334,1623,597,116,320,366,358,1742,554,792
1327,1328,1123,643,1828,782,748,1007,1416,480,951,1265,1635,1179,1841
1328,643,1327,480,1692,1416,1635,1449,860,107,1935,922,1468,157,444
1329,883,412,693,1891,254,1193,477,304,430,1914,1971,705,1305,1610
1330,2,568,255,1077,838,1303,1700,31,499,411,215,1318,865,982
1331,1317,1092,419,1532,1110,1348,242,733,1767,1260,368,572,1628,911
1332,1947,1828,1449,444,1834,1442,200,442,178,1416,1809,388,1534,1693
1333,1030,1636,75,1153,1085,401,52,535,1219,1253,800,1700,194,1912
1334,1742,597,320,428,1326,1021,295,1173,1499,949,1623,796,205,534
1335,611,514,1666,333,905,819,1270,1935,107,731,1695,1525,687,1797
1336,935,1786,992,766,718,880,1602,1188,1762,1047,1721,636,1484,651
1337,1920,564,363,283,1872,275,598,1810,873,886,1979,1646,1745,1847
1338,1467,342,1896,1711,1687,188,878,547,1136,1084,775,433,905,858
1339,157,1218,764,208,894,1512,1449,107,1201,1619,926,1093,146,910
1340,1771,580,319,1402,203,570,591,1013,449,1158,635,1972,1941,1204
1341,166,1496,927,177,897,917,1963,1938,767,416,1756,769,1642,1527
1342,91,1619,910,1549,1319,1747,1141,486,1363,1321,1783,849,1386,1372
1343,1224,1697,968,235,1039,653,37,552,1575,386,1120,928,1924,10
1344,1604,568,1006,1252,269,293,1138,31,215,1330,1484,499,1077,380
1345,5,484,1792,1683,1782,532,981,1808,306,1062,879,936,1451,1108
1346,1231,300,1428,275,1788,1868,714,885,809,210,1732,1223,446,1370
1347,746,1458,1178,410,1750,1004,980,527,1630,1032,1689,913,1240,151
1348,615,1317,1757,1569,456,1532,596,962,1092,1050,499,911,717,1331
1349,58,742,1140,1642,177,1608,842,1919,762,849,1970,1319,1512,1093
1350,1274,805,1885,202,1467,1746,1935,775,1183,547,600,1844,1753,1751
1351,82,291,645,600,436,1896,1859,1529,547,1467,202,1207,1746,897
1352,157,1619,1751,1218,200,1314,486,995,1100,1890,918,871,1323,1512
1353,842,1175,1608,1123,8,1265,1478,1625,742,1349,583,1559,1157,1813
1354,1878,1632,518,163,699,481,409,1806,1892,219,564,349,1644,513
1355,1231,1971,1121,258,575,728,1913,23,820,1988,1406,693,899,474
1356,923,1721,789,966,4,1082,828,668,1022,1548,1081,1602,529,123
1357,1387,1998,553,354,448,28,644,414,757,41,1048,1520,230,345
1358,26,1875,1473,458,70,277,240,134,867,938,257,1778,441,665
1359,1923,998,1706,768,431,1933,1535,955,536,1961,464,44,74,1221
1360,1692,1869,1525,164,1468,951,1449,1931,1666,1824,1328,1265,1486,1123
1361,1701,410,418,39,1241,193,1689,959,773,1458,509,745,1951,1347
1362,450,661,9,1822,485,212,735,1873,1669,1665,123,269,1967,415
1363,784,423,486,1886,669,1747,522,33,1588,173,918,370,1321,1059
1364,134,490,511,425,695,985,1672,277,1197,391,708,680,756,1426
1365,1170,37,1745,330,1698,1145,1099,545,886,403,1216,95,868,1520
1366,1644,520,1066,1882,1632,504,754,1305,513,1677,1566,1817,822,219
1367,252,321,1964,745,394,605,93,532,1448,1598,260,3,936,1441
1368,944,1048,755,1971,1817,304,763,1685,1193,101,955,287,1564,1543
1369,166,1285,781,767,1341,927,897,1815,762,1169,832,395,416,917
1370,244,763,1933,1580,1624,983,1603,1803,594,313,311,101,885,1520
1371,505,1546,903,52,341,716,1276,1855,1690,1584,1654,1548,856,348
1372,1433,709,1141,1605,1529,299,1444,1023,1966,1321,177,1342,645,178
1373,1962,1353,427,51,1667,1608,1816,1222,1123,742,1813,1201,1265,842
1374,1528,880,752,79,491,78,109,1526,298,636,1,1918,1418,1186
1375,0,1154,1087,135,1242,86,912,676,1633,201,1758,708,1562,1008
1376,1480,1539,1688,973,1421,790,621,59,586,1235,1648,1036,1699,1196
1377,379,53,663,1731,1588,784,1733,423,1743,220,1468,253,1234,825
1378,1184,243,1684,568,717,1303,1125,145,791,1457,1069,113,1660,1584
1379,1742,1836,383,1481,1814,1861,468,205,1415,586,428,1205,262,1334
1380,1036,1272,973,1539,1322,912,1852,1950,69,1480,1678,1649,1902,1014
1381,25,1496,1093,1248,144,1024,538,1930,918,1399,740,94,1234,1641
1382,1847,824,1803,45,355,1239,1603,1764,1580,481,584,272,567,315
1383,1670,132,944,822,831,158,352,1158,1026,1771,408,820,1407,310
1384,407,1991,926,825,881,1328,141,476,1079,819,612,1445,1468,1339
1385,1125,1378,568,1684,1097,451,633,341,92,1131,1184,1584,113,145
1386,726,1754,370,402,1804,910,1089,893,1003,1433,1619,1100,463,208
1387,99,354,757,1357,398,754,95,592,1988,1899,448,1946,1309,575
1388,938,1437,70,418,627,260,394,257,225,605,1689,745,248,796
1389,1116,903,1855,1725,351,1661,1690,1665,183,991,340,976,694,415
1390,15,1617,1960,811,1255,1480,1036,1159,940,646,792,582,288,1272
1391,1079,1115,390,704,1536,333,1249,860,852,601,1729,514,107,1411
1392,1316,81,1279,1224,877,1072,552,1685,250,754,400,885,1245,1465
1393,249,299,480,1506,1747,538,849,1886,876,173,1363,1608,862,1900
1394,1820,950,259,388,637,1746,805,780,407,1286,231,1143,1765,775
1395,705,319,594,1803,1291,1998,983,338,1309,101,354,95,1988,448
1396,1541,1639,184,455,1012,1094,1873,1777,1548,856,479,195,550,681
1397,469,351,40,183,90,1777,1665,953,1615,1450,1855,340,1681,1056
1398,1865,1862,216,1316,1046,494,400,960,1041,1838,1071,81,1727,1521
1399,1248,1323,1853,1930,531,1893,1496,842,148,188,1486,457,1938,871
1400,1995,348,1000,125,49,194,1257,78,1634,1188,1413,530,1546,359
1401,675,644,331,400,1668,66,1780,1708,1948,1858,414,1015,1127,408
1402,635,1620,319,409,1013,1587,1884,1910,1395,580,213,1309,477,1239
1403,1957,338,448,1167,895,1368,1899,398,1998,705,44,304,7,553
1404,1321,1292,764,253,208,1804,794,726,1963,890,1772,821,370,1093
1405,415,661,1557,255,1665,1927,1725,62,829,1720,1906,1651,503,382
1406,95,1988,728,1459,1987,1144,1395,1580,1387,1811,1732,575,1946,1231
1407,1914,1370,1026,17,1121,707,820,854,1231,64,1383,809,1878,45
1408,1527,360,531,1530,1248,1091,927,1470,917,1024,898,1439,767,1938
1409,1304,1277,365,516,937,1238,1319,1911,1136,1804,1282,602,1246,436
1410,537,1899,939,99,614,1871,1422,520,74,1048,1624,311,1387,474
1411,390,333,1582,1115,1935,1274,692,514,1259,1731,1635,1663,285,1391
1412,205,508,847,916,574,963,27,662,758,1159,534,1645,196,1227
1413,1714,401,124,1546,976,359,835,75,530,1450,671,183,1219,991
1414,1519,403,464,1216,1646,886,1866,172,882,873,1917,363,1888,1760
1415,619,574,1945,732,468,1480,1599,59,1018,959,325,241,193,1836
1416,860,141,1328,480,643,1828,444,1327,1635,1935,1536,1841,333,388
1417,807,1267,1939,1144,824,355,1895,1382,199,1764,1145,1132,68,1698
1418,1528,465,118,298,720,56,1138,988,1502,18,590,1918,491,880
1419,1916,1469,1005,1103,1576,1475,1522,227,362,1902,117,1709,201,1617
1420,221,757,1357,786,1946,770,1913,656,1769,1387,11,398,68,1133
1421,59,1011,676,610,1682,1798,1480,159,586,1271,1550,1505,973,1376
1422,1098,1133,1769,557,398,946,939,311,614,1410,594,1387,1070,1899
1423,1233,116,167,1766,1237,1716,1975,749,872,241,658,387,454,417
1424,315,1846,1382,1261,567,355,256,882,1127,85,1498,1216,1308,66
1425,257,981,507,1682,711,1842,1149,1773,1630,1716,658,1792,1004,1622
1426,818,425,985,1364,811,554,749,1960,1180,490,1740,1562,1840,1499
1427,238,1157,61,188,1510,1338,60,148,1058,87,1534,1023,516,1718
1428,1788,300,714,1904,1346,104,1961,1231,265,885,1868,1075,1406,74
1429,376,724,1852,443,576,610,1836,806,35,1814,512,1240,484,1672
1430,984,1177,665,578,27,625,1629,225,1504,26,1324,1686,257,438
1431,61,1559,200,871,608,1534,905,148,1824,1809,516,722,1449,842
1432,1090,1462,232,31,684,829,255,1928,56,649,267,1581,1735,269
1433,1372,1321,253,402,1386,910,726,1748,1141,393,1605,370,623,299
1434,770,644,1015,11,1858,1401,1127,1976,824,1668,1251,1800,133,1939
1435,1222,1282,1619,1172,1212,1512,1549,1352,107,178,51,1746,157,1238
1436,1607,599,603,1602,1922,1735,828,485,1142,123,661,966,1432,1362
1437,248,938,1689,1388,70,1522,452,1578,1458,627,814,461,1083,394
1438,1439,1487,1408,34,1234,1381,1893,1114,1476,1091,999,1756,898,930
1439,1234,767,285,1114,1893,457,917,969,1408,1756,878,1516,1938,1248
1440,261,1514,346,881,1285,329,1663,1641,1674,753,539,1512,25,1525
1441,732,662,711,619,27,605,257,509,225,325,1599,1149,1425,5
1442,1007,442,1828,1332,1919,948,742,178,1349,608,1900,1704,360,1449
1443,647,747,614,1923,313,1843,1359,1403,983,955,44,74,1535,895
1444,1529,1088,600,721,1653,645,917,1536,177,444,878,1605,1024,1748
1445,1863,141,780,13,881,1830,1384,388,1134,442,1416,1820,710,67
1446,1008,454,1633,1837,131,695,1791,1975,385,24,708,1542,1562,1473
1447,1909,1255,1925,1199,387,1027,949,1645,1211,1102,940,872,1293,792
1448,93,1505,468,981,1682,1475,534,1062,732,676,306,257,1149,708
1449,1666,107,1692,157,1328,722,1824,1265,687,1339,1751,1512,444,639
1450,183,1413,976,953,609,1661,671,1949,1714,1397,359,298,1611,1546
1451,532,1707,93,3,875,1149,1842,63,711,1505,981,1593,1480,790
1452,1208,1967,1094,293,92,664,1012,1819,1057,459,450,1276,1541,1396
1453,1774,1139,455,1396,184,664,1541,622,479,1012,1526,835,1639,681
1454,250,1245,1524,1732,960,877,1924,152,203,210,1600,1463,1987,1456
1455,852,1258,1150,1844,706,390,1249,1934,1391,1115,1274,565,308,995
1456,1948,250,1279,1025,44,914,1710,1454,492,1535,960,1708,743,494
1457,1568,243,546,1069,861,585,1681,1967,92,1303,1268,1295,865,681
1458,1689,151,796,452,746,1347,1505,1682,248,418,676,1909,410,257
1459,1998,1799,1101,517,464,1243,808,1312,1564,165,95,302,955,101
1460,829,1673,1581,1462,273,62,1651,1999,954,1845,382,267,523,1767
1461,510,1850,781,1264,1896,231,631,1084,1088,687,571,413,1172,917
1462,1581,1191,1432,31,255,1556,1735,1460,206,269,1484,267,966,1067
1463,1811,635,20,1245,1454,1955,472,210,877,477,338,1402,475,883
1464,598,899,460,1990,1355,1838,820,84,604,191,799,1810,1610,1872
1465,1392,20,235,389,1320,1245,1965,1224,1072,1343,1454,877,339,197
1466,1692,329,669,1339,1468,1512,1363,346,157,784,1218,1360,1449,894
1467,878,1338,342,1136,1896,858,547,600,148,1859,1695,1746,1687,1444
1468,1525,1692,539,819,1328,1641,1360,157,329,1635,731,346,371,164
1469,1678,1419,1916,227,1005,306,490,1902,963,1617,1958,756,343,511
1470,360,58,967,218,1527,762,927,1285,531,1642,177,1408,1182,444
1471,1728,1273,655,487,1936,466,1604,1194,841,942,38,242,988,549
1472,839,345,1957,823,1926,1291,553,1817,506,136,224,254,448,1543
1473,1791,507,26,1875,981,613,1149,682,658,441,708,867,1778,1782
1474,654,1586,1318,294,255,1330,147,838,269,1845,1162,1077,1604,1006
1475,306,1005,713,981,613,532,1149,93,73,452,682,1505,1709,1791
1476,1890,1100,36,1292,146,726,601,769,329,1114,1024,712,416,721
1477,1577,1881,904,699,1061,1907,1657,1071,1354,1287,799,868,1223,1132
1478,871,1839,1642,58,137,1182,1496,1938,1248,360,1399,332,1676,1323
1479,1841,1249,220,1641,1635,1663,144,94,539,1511,1169,103,1496,836
1480,1539,973,574,453,790,619,1255,1036,1380,59,1390,582,1688,1376
1481,792,949,870,1645,1597,428,468,1001,1742,1447,1861,1539,1235,387
1482,1188,1313,451,289,264,1254,411,1581,718,843,559,1336,47,356
1483,1176,412,1048,1891,589,304,983,244,1368,1395,1832,1329,1799,1520
1484,269,966,1602,1581,971,880,1191,255,47,1906,636,1462,123,1432
1485,1793,1829,479,997,976,1777,953,1570,1541,160,1122,340,501,1181
1486,1797,164,1853,1869,731,429,1399,1627,764,1525,329,819,214,1468
1487,129,1248,1399,1893,1175,329,1756,1478,769,1627,1381,871,1938,1676
1488,1004,364,1630,241,1716,1425,1842,569,1051,417,711,1237,702,746
1489,1763,1164,1203,696,1791,1542,1576,417,454,793,1503,335,749,1902
1490,1119,996,1738,262,1798,1814,777,906,1929,1192,1242,205,560,1062
1491,288,117,619,936,646,916,1683,1951,959,1617,662,1010,193,227
1492,254,130,1472,823,282,1817,589,1543,430,1193,1887,1329,449,944
1493,1743,919,1930,316,945,1853,740,1772,765,381,1797,922,25,164
1494,258,1355,1215,1601,311,864,537,41,1410,728,1712,1580,1048,1231
1495,1668,1148,1884,1862,409,1041,345,408,1305,1600,1543,224,475,1780
1496,144,1930,406,1381,1341,918,1399,103,1938,1093,1248,769,58,740
1497,1063,652,1749,1626,1124,1135,788,47,681,1191,4,1980,1867,585
1498,1291,584,1261,1382,864,567,616,1601,85,1926,1953,1537,41,1888
1499,1960,320,1211,1326,811,15,949,425,1909,1503,889,1458,454,792
1500,810,1620,409,562,1239,1764,1587,1954,1477,629,1402,1518,1668,1884
1501,1832,763,464,656,111,268,630,221,37,1459,1170,1933,1971,526
1502,1067,465,1545,1918,626,1418,1807,1556,1095,1068,848,1260,683,590
1503,1203,1542,1027,1789,387,1758,1909,1272,1622,1522,454,151,1763,73
1504,1086,756,963,1177,1199,662,196,27,1973,916,1412,1227,847,1174
1505,93,1682,151,452,1448,1475,1921,676,588,1902,708,1010,729,1458
1506,480,1307,1141,1249,1841,849,1393,297,1886,1934,33,1747,445,1674
1507,1724,1642,871,834,1813,291,177,1510,58,1747,1323,901,87,1349
1508,320,1137,1789,135,727,1029,1499,201,1052,1458,247,15,1173,511
1509,782,925,1511,1327,751,836,678,1007,281,1635,1841,1704,29,1828
1510,834,1157,901,1323,148,8,1507,1113,884,42,871,600,892,161
1511,1635,1841,922,1663,776,1935,925,1270,333,678,731,444,1530,531
1512,1212,346,157,107,1674,1339,1172,894,1449,1619,1435,1349,1692,1314
1513,1303,1297,618,717,98,1457,683,1906,145,1378,503,415,278,1184
1514,261,1440,798,1641,776,1729,704,539,25,346,1567,1663,731,1479
1515,1859,539,1663,424,285,514,1016,1411,1641,220,945,1516,1853,1479
1516,958,776,1439,731,767,1515,945,1695,285,1091,922,631,1797,437
1517,678,925,775,1687,1797,687,765,722,922,1666,1270,12,1704,478
1518,1002,219,699,883,1862,481,190,1878,477,409,1305,1976,518,345
1519,886,11,1979,464,1575,1459,1015,1646,1745,1760,1216,460,349,1872
1520,594,37,1979,1170,464,398,705,88,1803,895,536,304,1370,983
1521,475,1755,152,688,1694,472,1862,1495,192,1583,1865,960,1571,810
1522,1203,362,1640,1503,454,452,1437,248,1211,889,1689,1837,814,201
1523,1860,1473,1576,867,50,454,1103,391,889,1932,26,1958,1763,366
1524,1454,1144,1732,152,1647,960,1924,1600,1987,192,475,250,1402,1267
1525,1468,1360,819,1692,539,346,731,329,1486,1641,1335,1635,1328,107
1526,399,491,1012,1280,664,752,1135,935,1,49,953,359,184,1556
1527,927,1408,1536,462,218,924,360,1470,1078,917,697,1024,444,1444
1528,1418,298,880,118,1374,752,935,56,465,636,1556,590,491,1022
1529,1444,645,177,1023,436,600,1088,709,878,721,1372,1238,697,463
1530,281,917,1408,531,1663,767,1091,1704,1511,1285,1527,927,444,1470
1531,977,1773,19,1680,1854,560,1062,588,1119,151,1798,1921,1738,1180
1532,1317,232,615,1092,1851,838,829,572,1117,499,1330,1162,2,1781
1533,1994,1882,171,513,1884,1060,1908,1806,409,725,1354,219,1041,846
1534,722,771,1666,444,905,238,1136,148,1559,188,1431,1947,687,608
1535,44,517,1760,536,1204,955,101,1803,1267,743,1013,580,1961,203
1536,1078,1527,1663,1776,218,1444,704,1391,601,1416,1859,1024,1141,444
1537,1994,567,408,352,584,1594,882,1771,331,1291,1540,1806,1308,1780
1538,521,460,1646,446,886,1810,604,1610,1745,1752,799,1519,280,1015
1539,973,1036,1001,1480,1380,387,468,708,1633,1272,1648,1688,1255,613
1540,1994,567,747,946,1537,907,882,1953,1498,864,1594,331,172,1926
1541,1396,479,1867,1208,1873,1094,1777,184,450,681,1967,9,1012,1453
1542,613,1503,1791,1622,1763,1005,1203,1027,1049,1475,1758,387,1633,1192
1543,1305,102,345,944,224,1865,1884,354,1685,755,1564,408,1780,820
1544,815,271,1657,1961,1727,171,1046,104,74,998,1908,809,45,265
1545,1999,267,1502,1673,736,626,469,40,1124,848,1067,683,1556,1611
1546,1413,1855,976,1725,1371,340,348,1548,1130,62,1022,124,183,1219
1547,172,755,1158,470,1209,1101,165,1243,517,1564,944,882,1459,1948
1548,856,921,340,1786,935,1022,1276,1094,1012,1777,766,1669,1546,651
1549,91,1619,1342,1282,1435,1150,674,1277,1207,1783,1352,237,463,1319
1550,1798,715,168,676,1011,181,1421,818,1236,1682,1247,1087,796,1898
1551,1281,443,1595,1156,1925,1909,949,187,872,1447,1623,1499,1758,387
1552,672,649,469,465,1879,1807,1999,1056,1502,1918,1545,779,466,1651
1553,38,1147,954,844,942,1684,1283,1068,1936,1918,1807,1273,525,649
1554,379,522,1823,744,53,1625,94,1157,1588,1743,632,1609,220,12
1555,1655,505,1654,1200,690,1371,350,1276,1949,1786,716,1181,270,189
1556,1022,1280,1067,56,880,1918,491,1581,856,459,298,649,1502,465
1557,415,1092,106,717,829,56,62,1651,499,1681,1405,212,1725,970
1558,1957,1133,1357,1167,136,448,553,896,398,1899,786,230,506,221
1559,8,1431,1265,200,1534,1033,722,871,1809,58,842,1332,61,148
1560,65,896,707,616,1812,282,64,673,854,1500,725,518,506,1817
1561,1981,328,855,713,1178,579,1294,605,542,1750,1792,1978,1083,303
1562,1852,0,1633,1699,151,1921,708,1008,1180,425,1837,1505,729,1902
1563,381,1730,1962,139,1753,836,493,371,478,1183,1265,8,1123,1157
1564,755,517,408,101,1101,944,1847,1803,1459,165,1799,1685,820,1243
1565,1644,520,1677,331,1251,946,1703,1632,614,1066,1366,518,1354,504
1566,1871,592,754,1185,1366,846,504,99,1882,1316,1066,1225,1632,1305
1567,514,323,333,776,539,1991,1935,445,1635,922,819,798,371,731
1568,546,861,1457,1069,243,1681,788,681,1092,1967,1080,369,2,1250
1569,1757,212,962,1348,450,301,1967,471,1050,624,456,397,865,654
1570,991,1829,989,976,561,160,340,694,348,1413,660,1725,1485,530
1571,552,1287,1061,1224,1121,68,1155,1521,1120,757,1145,1862,1198,1417
1572,950,514,611,1335,1212,107,346,1768,323,1525,539,1512,1339,157
1573,242,1202,1995,1283,1715,1253,844,38,115,75,1219,525,1030,223
1574,1010,16,425,811,1052,15,418,646,1458,1854,496,569,394,1638
1575,1224,268,1979,1519,11,1520,1167,1998,37,1784,552,95,1357,1946
1576,1103,889,1763,170,1523,1932,1860,1149,793,1211,1419,1942,1199,1083
1577,699,1907,868,904,1477,1878,54,968,219,1402,1354,374,1013,653
1578,248,452,1766,867,796,814,1716,1837,1975,116,1437,167,949,1682
1579,862,685,1963,427,1089,299,1105,177,1642,1321,769,999,726,1292
1580,1603,1803,45,1370,313,983,101,311,403,536,1564,594,1847,464
1581,255,1191,1462,294,856,1556,1786,716,966,1720,1022,1548,1318,568
1582,1411,1115,162,692,390,1731,1274,1258,333,1106,1935,1073,1335,220
1583,1694,152,192,475,1521,1811,1198,1739,899,1891,1987,472,854,367
1584,341,1125,52,1720,1371,1303,499,1184,48,716,903,1378,1116,717
1585,1961,1884,517,57,101,44,354,409,287,250,960,271,1060,408
1586,1318,1669,1474,654,255,294,1200,189,1276,1581,1720,856,450,550
1587,1402,409,1910,1620,1239,319,475,1764,1395,1291,1884,477,1954,1585
1588,784,522,379,253,669,1733,1823,1363,918,1608,1399,1323,370,1218
1589,196,574,576,758,1159,959,1650,912,443,1412,508,498,1925,1255
1590,812,1958,117,288,1638,646,1617,1916,1390,391,1491,186,916,1860
1591,225,1062,715,1738,1441,509,257,1119,1773,1299,560,1531,936,1686
1592,550,382,1250,654,735,1713,1362,962,450,294,1474,1586,1396,369
1593,3,729,1451,226,1505,364,1921,1010,1902,63,588,1036,1051,1699
1594,352,1727,1537,408,1657,1780,331,882,1994,675,1585,102,1060,1668
1595,1909,404,1126,680,909,1027,1503,1161,1240,69,1255,443,1499,582
1596,1924,1245,877,203,1752,470,1459,265,1209,431,324,526,1647,1810
1597,806,792,1281,1645,1909,387,86,949,1027,174,1001,1481,1255,1539
1598,77,532,1950,1448,1916,252,63,1103,185,830,1475,1709,1612,93
1599,732,27,1945,1860,981,1149,619,867,1441,26,578,1686,5,288
1600,1127,1610,165,1148,1752,475,203,883,1987,1564,1976,928,1948,1668
1601,1920,1872,41,864,537,1953,331,414,45,644,946,802,882,1498
1602,828,766,1607,966,599,1484,880,123,1436,1762,1721,1786,1906,1581
1603,1580,1803,313,536,983,563,45,1370,1723,403,785,101,1382,1847
1604,568,499,838,1344,243,942,1936,596,1273,232,1330,1283,1684,1818
1605,1141,740,849,1024,177,765,297,1093,1372,1444,208,25,1748,1794
1606,940,229,69,1159,1480,453,1255,1950,548,1390,574,806,1380,1909
1607,599,1602,1436,1922,828,766,1671,716,56,351,661,415,903,690
1608,1123,1265,742,427,1349,1248,842,522,784,1588,1399,1321,862,25
1609,744,1234,94,379,918,606,769,1105,1100,100,402,33,53,712
1610,1600,1127,1564,604,883,1752,165,1002,84,799,1329,1907,820,374
1611,953,1526,40,530,671,1502,491,1545,1714,848,150,1280,156,1397
1612,613,1192,1242,1005,77,1808,306,1049,981,912,1782,1633,1027,468
1613,735,1801,599,440,1922,110,789,1436,778,1607,1129,828,1602,1362
1614,279,1965,130,1158,1971,521,1185,604,755,1329,877,1887,191,840
1615,397,970,90,1894,1777,212,953,1767,1139,835,1944,689,1012,195
1616,309,1901,1325,670,720,471,1557,106,1090,56,683,301,1432,1607
1617,15,135,1699,425,288,1036,1390,811,708,1010,201,277,1678,1255
1618,1785,1291,85,584,1926,1395,1891,1739,1498,1101,589,1723,983,899
1619,1342,463,910,91,1549,1352,402,157,1435,1747,1141,1089,1339,1512
1620,409,1402,810,1587,1910,1041,1500,1239,688,1585,1764,152,1884,199
1621,749,140,97,1630,1004,1161,1423,417,702,850,1773,1488,625,1741
1622,1758,151,777,1542,1773,1929,1425,257,625,708,387,1630,1503,964
1623,358,872,1326,1021,1499,1447,1629,116,366,496,1211,428,701,391
1624,614,1370,1832,1176,1933,244,594,311,763,1520,1048,983,1244,1410
1625,522,1157,876,898,1608,1588,1823,1478,8,834,1642,1175,1248,1353
1626,1749,47,1310,636,1135,1063,866,1068,1067,399,666,1980,1124,585
1627,1486,129,429,329,1487,669,771,1869,764,663,1399,1466,1234,164
1628,931,267,1074,1767,829,848,1092,419,1460,1532,232,1317,1652,1894
1629,701,1504,1623,1430,1174,366,1932,1064,889,391,1102,1211,1973,1177
1630,364,1773,1425,746,1622,1716,702,1842,1240,1004,387,1488,1852,1347
1631,1262,1254,78,488,194,1956,1068,289,1188,326,314,1482,659,380
1632,1066,1644,504,1120,1366,163,1878,699,518,1354,1882,219,513,754
1633,131,708,0,1678,613,1008,1562,1837,1921,306,1539,1902,1005,1791
1634,105,1774,923,245,194,359,1081,1825,184,1715,1413,1256,1995,401
1635,922,1511,1935,333,731,1841,776,1328,444,531,539,1663,220,1270
1636,1984,22,1030,803,1153,835,609,535,1333,953,401,976,1268,1413
1637,175,800,465,233,848,298,1418,720,469,953,1528,1790,56,361
1638,1699,186,1010,16,447,288,818,1617,441,490,811,425,1574,1590
1639,1396,455,184,1713,1280,1460,273,835,1774,1012,195,550,1230,1873
1640,1242,949,515,1522,1154,1102,814,1156,1005,534,452,1199,1597,730
1641,539,346,1468,1479,1853,1514,731,220,798,1635,528,776,1525,1567
1642,871,999,177,1478,58,1507,1349,360,769,1890,1248,1470,218,87
1643,591,1039,1878,868,190,1764,968,1132,934,481,1784,1013,1723,319
1644,1066,520,1632,504,1366,1685,822,754,1305,1979,349,101,1760,955
1645,1027,534,86,708,1255,792,1909,949,205,1597,387,1242,963,468
1646,886,1745,1519,460,873,403,1979,1538,446,1920,604,1847,1216,1799
1647,1924,203,1243,580,1245,808,1013,1799,319,1752,1972,1600,517,165
1648,973,0,1539,1001,1952,420,1633,131,174,1036,1380,1008,1322,135
1649,1902,1272,335,582,1036,1699,1380,1678,1027,1503,417,131,1051,1633
1650,508,1159,574,512,758,1447,576,443,1205,1925,1412,187,548,940
1651,62,1725,829,848,1219,1092,523,2,1122,1557,1855,1681,469,1660
1652,1795,1845,524,1628,1460,273,931,1162,267,1331,997,1067,972,1983
1653,704,1444,692,1748,794,878,333,1776,1003,1859,463,514,1088,334
1654,1655,1371,1555,1254,1786,716,690,1584,505,1720,48,1276,766,350
1655,1555,1654,1786,350,1371,1992,1188,264,1077,1276,1720,505,348,1200
1656,1054,7,467,1910,213,338,250,405,1998,44,1309,1955,448,883
1657,1046,1990,57,1727,171,815,1544,1223,1585,1594,1071,45,66,271
1658,566,1678,1672,511,680,420,376,490,1180,1469,435,1364,756,1902
1659,1050,1194,274,207,487,22,397,286,970,1759,615,1266,1615,1883
1660,525,1096,523,1651,1219,788,1080,243,829,1092,1283,1681,242,62
1661,609,1450,183,1397,976,340,298,1777,359,1082,1389,401,903,469
1662,1285,1744,1704,1943,510,1850,1530,1264,346,473,887,531,1440,731
1663,1270,424,1635,1536,514,444,333,1859,1511,107,1285,704,539,1479
1664,957,828,1405,1586,1927,1720,661,255,1669,789,415,1602,1362,269
1665,661,415,396,1681,1725,1116,523,340,1557,1405,351,382,1777,1873
1666,1449,722,905,687,1534,107,678,1183,444,1335,608,478,1270,1328
1667,910,393,377,316,1201,1043,1218,1222,918,208,1089,1794,638,427
1668,408,1495,1780,1148,1071,1401,1775,1127,1858,1600,66,409,1862,1041
1669,1967,856,1586,1094,1276,654,294,1548,415,340,1318,450,255,1777
1670,1383,1158,158,1771,944,822,1882,352,132,831,1340,1543,1685,1209
1671,351,469,1607,1056,970,845,599,233,56,465,1615,903,1074,1922
1672,1180,680,1840,985,435,1649,657,364,1852,1364,425,376,72,303
1673,1545,267,419,1460,1999,396,546,829,1873,661,626,1651,62,1628
1674,1314,601,753,1512,58,762,218,1349,1506,849,237,1619,1285,1663
1675,768,268,339,1923,851,1933,163,614,1871,885,1624,398,1520,99
1676,1890,1190,1478,999,1642,1314,1809,995,1182,1100,871,769,1476,58
1677,1366,707,518,506,520,1565,1644,1817,513,17,896,1632,1953,1806
1678,306,1902,1633,708,1469,131,566,912,1921,1617,1709,227,425,1027
1679,90,1165,212,1777,1615,491,109,1012,79,479,1053,970,689,1967
1680,579,1324,257,625,1978,240,560,1792,593,1531,1773,303,225,605
1681,1092,546,1767,523,243,1665,1080,1457,1568,1219,1725,469,62,1651
1682,257,796,1505,93,1425,732,151,715,452,981,1798,1149,588,777
1683,117,5,227,1345,288,936,879,1678,1958,1491,812,306,196,303
1684,568,649,1283,1378,341,243,1651,1604,1096,1581,1556,1184,1107,1928
1685,1305,754,414,101,400,1644,1760,354,1066,520,1564,517,822,345
1686,879,1722,1964,1324,1086,906,1782,1599,578,27,257,665,5,579
1687,342,1338,1695,1467,1534,1517,775,722,1935,858,922,444,1797,1834
1688,1539,621,1480,1235,790,940,1036,658,548,792,1376,1272,973,241
1689,248,1458,1437,1199,410,796,746,1522,226,418,1083,452,1361,1499
1690,1855,903,1116,572,505,1371,209,1922,1787,351,124,1546,1034,1256
1691,1337,446,1810,1646,158,598,1538,521,604,822,564,873,1026,1920
1692,1360,1449,1468,1328,1525,107,157,1265,346,164,951,1466,1123,1666
1693,442,1332,388,1834,1442,1821,948,1416,1828,639,178,709,444,1863
1694,1583,472,152,1811,1865,1521,854,1287,475,1121,899,1812,23,575
1695,858,531,444,296,878,969,1259,731,1635,333,285,1938,1935,922
1696,590,866,1081,666,1936,1715,1918,988,1807,841,194,1418,585,459
1697,693,1099,1224,1343,322,304,868,1329,210,883,1982,1924,1907,1972
1698,1170,1144,1216,1988,302,95,272,1365,1849,37,785,1915,1406,1417
1699,1617,1010,425,1638,811,1036,729,1562,15,1902,818,1505,1649,288
1700,2,1303,1330,411,865,62,568,1283,618,1781,1260,1122,1253,1651
1701,1361,509,410,662,1441,418,773,959,1347,1178,578,225,1750,27
1702,235,163,1881,339,1675,1120,1477,1632,1343,389,743,1577,55,714
1703,1070,1422,1871,1565,1251,520,614,1892,1133,112,171,768,518,1677
1704,531,678,1530,1248,731,1943,1007,444,25,429,1695,1662,687,1635
1705,363,355,743,1267,807,815,536,235,1337,1675,1702,283,1979,1866
1706,955,998,464,74,41,1961,1359,111,747,1109,768,271,1459,172
1707,1451,790,875,1842,35,1345,484,498,1380,532,1480,77,1808,548
1708,492,354,494,960,448,28,1401,400,1959,1948,250,224,41,914
1709,1950,1049,713,1272,73,912,1475,306,1678,981,328,77,1027,613
1710,1456,1454,44,1535,1245,250,526,1596,1924,1359,431,339,877,203
1711,1023,1338,917,342,1088,878,1444,60,1058,1084,1439,1292,631,1467
1712,1988,1406,1155,1098,1698,1075,1144,738,85,1755,1494,302,1583,757
1713,1827,1639,294,1396,992,455,550,1230,1094,382,1592,622,1548,1460
1714,1413,401,1219,75,530,124,671,1546,183,972,1450,976,359,1725
1715,401,1069,1696,1268,1219,861,194,1030,359,1081,1283,1774,242,590
1716,1425,964,452,1630,1975,507,915,1682,1766,746,246,1791,1578,1622
1717,1002,1206,1976,1907,968,1518,1039,1239,481,374,840,190,883,349
1718,100,607,129,1113,238,1136,1467,365,969,370,1733,342,1588,1893
1719,1143,805,46,1183,1282,119,1911,834,516,1238,748,1265,1816,709
1720,255,716,957,1581,499,1786,56,568,415,1584,62,1330,341,350
1721,1107,1581,828,957,1786,1356,966,1602,766,1254,326,649,1548,1956
1722,879,1686,1108,1782,1227,1086,906,5,458,665,1964,1973,1945,758
1723,983,591,1603,313,319,570,1803,1395,322,594,705,1580,1849,1402
1724,1507,1642,291,327,871,1207,218,565,200,87,697,600,58,1478
1725,62,523,1651,340,1855,976,415,1122,1829,1546,1681,1665,1116,1219
1726,72,239,855,1621,1840,1240,680,1672,657,544,1004,1488,364,1630
1727,102,1594,1657,1865,1543,556,352,408,1780,675,1884,271,1961,1544
1728,1471,655,38,1604,1936,1273,1283,1253,242,844,1684,1262,942,466
1729,704,1514,1391,776,692,333,1536,798,1567,1079,1663,1776,1411,141
1730,1016,703,103,424,437,884,892,381,1943,139,1930,1157,371,1515
1731,1935,308,220,371,1258,1635,1115,1931,860,1249,1468,1588,1411,333
1732,1144,210,95,1924,1454,1524,1406,1145,1061,1155,300,1988,960,152
1733,1751,370,1588,253,1218,157,308,1136,402,1731,1935,148,1323,663
1734,358,428,366,1761,1423,665,167,1233,792,1623,1840,1989,1861,1326
1735,1056,684,649,1187,1906,1999,1432,1462,351,1107,62,1651,1581,1607
1736,1230,125,530,1714,273,1460,4,1219,1413,523,1639,1546,455,124
1737,1781,1557,2,558,106,1700,723,1793,618,848,865,419,1851,215
1738,1119,1490,1591,1531,560,906,225,1798,996,777,1062,977,715,19
1739,1198,1891,1239,475,1395,133,883,84,1610,319,412,1600,1988,152
1740,715,874,1875,441,818,507,777,1840,657,1761,1773,658,325,1425
1741,913,1630,1161,979,364,1240,1773,749,1347,1789,198,746,1672,729
1742,1334,320,949,428,1481,1898,205,534,1645,86,1597,1281,792,1499
1743,1493,53,164,1853,220,922,1797,12,945,381,379,1930,437,731
1744,1662,1943,457,1704,1264,1893,429,1930,945,531,540,188,437,1399
1745,886,403,873,1979,1847,446,1646,1216,536,1799,1365,349,1580,1519
1746,645,1136,1277,775,905,1270,1529,1751,687,82,107,1467,1435,1896
1747,1307,849,1059,299,1342,1363,862,33,1619,876,1393,918,1886,1506
1748,1776,1444,402,1653,1605,1141,1003,1433,208,704,547,765,1115,645
1749,1626,47,636,1063,652,1191,1124,1462,1135,1310,1497,956,772,971
1750,1178,1347,711,605,746,328,875,1004,573,702,532,1981,980,410
1751,157,1136,1947,1733,107,995,370,1352,1935,200,1449,1890,878,1809
1752,203,165,1600,1245,1948,1610,840,1243,1647,1148,1127,1564,517,1596
1753,1106,139,1841,1935,202,836,371,1511,381,925,1635,547,922,1118
1754,893,1386,1031,370,1804,1100,1304,463,1045,1171,71,1997,726,476
1755,1521,960,688,1865,1583,475,199,1694,1571,1198,770,738,1398,152
1756,457,1893,416,1963,769,1399,406,1341,1938,1112,878,1439,1248,161
1757,1569,1348,962,1818,596,1050,212,686,624,655,450,911,861,1936
1758,1622,151,1929,1503,1542,1032,708,1154,1242,814,1156,777,198,1640
1759,737,1162,1200,368,274,1194,1076,1276,487,195,223,1659,286,620
1760,517,1948,101,955,1308,349,203,1685,1847,1204,882,1535,1803,536
1761,874,1861,658,325,1836,1945,241,758,1740,1840,715,167,665,507
1762,766,651,1831,935,1602,1777,278,340,921,1548,1097,1336,92,828
1763,1203,1791,1542,1027,1211,454,1576,889,1103,1005,695,793,1126,1503
1764,1239,1382,1892,409,1954,591,1587,1291,518,481,1620,1354,1723,1013
1765,259,571,473,478,687,231,1172,678,51,1666,1943,510,1270,608
1766,1578,1975,452,1716,248,814,387,454,1423,949,1237,792,116,613
1767,848,1092,397,972,1681,1219,242,546,558,1067,1628,1283,469,1651
1768,1212,639,571,107,1512,1663,950,514,424,346,390,706,1515,473
1769,1133,1098,1422,230,757,88,786,557,398,1170,1357,1939,1520,68
1770,983,705,934,313,955,1151,1803,808,594,101,1308,895,553,319
1771,1941,1340,517,312,1564,1847,1158,1308,203,1803,408,158,313,580
1772,890,208,1321,316,1093,377,631,1140,740,393,1238,910,427,1172
1773,1622,1630,1425,588,151,1531,777,257,715,1682,702,682,364,977
1774,455,622,1453,1825,105,664,184,1715,1634,1639,115,1012,4,1526
1775,1668,1071,1858,1148,1495,1127,222,1780,1833,1610,1518,1002,699,1600
1776,1078,1536,1141,1748,704,1444,924,1605,297,623,1115,1024,1653,1391
1777,340,976,856,1548,1012,415,953,1967,921,1829,1615,1725,1669,479
1778,458,1473,1782,1791,306,1108,19,1875,879,441,131,507,1324,1358
1779,947,589,1799,808,1998,1955,133,1987,1483,1243,412,1101,1946,826
1780,408,675,414,1305,604,820,400,1543,345,1668,1685,1401,224,1862
1781,1737,723,1700,843,232,1532,2,1077,931,1851,1252,1628,865,267
1782,879,981,303,306,996,1108,1792,5,507,658,484,758,257,708
1783,237,1549,1342,1674,1747,249,218,817,1619,178,762,1507,1506,1319
1784,934,1151,808,272,481,1770,1520,1998,349,319,591,705,1575,1799
1785,1618,589,322,1891,1723,449,1101,412,319,1395,1811,1739,1483,313
1786,1548,766,1581,856,1188,921,935,992,1720,716,1669,1721,1336,340
1787,48,903,615,499,1557,505,970,1586,1922,1607,690,599,716,832
1788,1428,300,1868,629,939,714,1346,1231,1223,45,1657,74,275,311
1789,1503,198,1052,1758,1522,73,1562,151,1458,727,201,226,1852,1542
1790,361,1637,98,683,1418,800,1095,618,943,465,848,720,1303,1090
1791,1473,613,1542,507,1763,981,1475,682,1633,588,830,658,1425,1149
1792,579,981,303,1981,306,1425,1782,484,257,613,5,1192,1475,713
1793,1122,62,848,1725,1651,2,1700,1191,503,1124,953,233,843,1485
1794,667,1141,910,918,1043,849,1307,316,1249,402,445,381,393,94
1795,1117,1162,1652,356,368,1228,733,620,737,1845,1759,273,1851,411
1796,1231,392,283,939,275,1872,1920,81,45,1121,474,1337,104,1355
1797,731,1486,945,429,164,819,1853,922,188,1743,1335,1493,687,437
1798,676,151,1062,996,1682,715,708,1505,257,1929,534,777,205,277
1799,1101,808,1243,1459,1564,1151,165,1745,589,1312,1847,1647,755,1998
1800,1939,1895,824,1417,1015,1120,1132,1434,807,738,564,88,355,644
1801,109,79,599,1986,459,841,270,1129,735,1012,195,690,122,1273
1802,505,1371,350,52,1690,1555,318,903,22,1654,690,1787,274,1949
1803,101,536,1603,1580,45,313,594,1847,983,517,1564,1770,955,1395
1804,1304,1997,370,1292,1386,764,1754,1321,1404,726,794,1339,1136,721
1805,865,801,1984,1104,535,1295,970,497,301,1276,1992,1967,1153,1819
1806,513,1354,1026,1366,1537,564,1882,1780,408,352,1594,1644,1632,1994
1807,1918,590,1502,1022,1081,1696,666,1556,491,1068,121,459,122,465
1808,1612,77,1345,613,421,1299,131,1633,912,830,1001,1192,306,468
1809,200,1182,1947,871,1890,137,969,1751,995,444,1824,58,1431,1885
1810,265,446,324,598,1990,1209,761,1752,203,1538,470,104,1392,1564
1811,322,1987,1891,210,635,430,1395,1406,338,673,1463,477,1329,304
1812,1899,673,1817,1042,65,594,1176,338,282,1193,592,99,896,1387
1813,1507,834,1238,1608,742,178,1349,1222,1642,427,1282,1265,516,876
1814,996,1861,262,468,1192,1242,1645,576,205,1612,86,1836,534,964
1815,103,1140,740,1264,762,1093,849,166,1930,631,1496,177,1172,853
1816,1968,1134,1201,1143,890,1991,393,316,894,926,407,1265,445,253
1817,1193,1812,673,1368,506,1899,282,1305,1366,594,345,520,1543,338
1818,1936,1260,844,861,1604,1138,368,866,1757,353,655,686,1283,1295
1819,293,189,801,301,718,1831,1276,118,1186,380,1805,1325,690,841
1820,637,795,1319,1088,1172,721,442,413,231,1277,950,1970,178,1449
1821,902,639,500,565,1033,1856,600,200,1885,1693,1768,388,950,442
1822,1944,741,1873,997,1035,1074,661,1362,1405,195,1894,212,1615,351
1823,379,483,1588,8,137,1731,220,1478,1625,1157,522,1399,1175,784
1824,1449,1431,1809,1666,1692,1360,200,1848,1277,1869,639,1931,157,1332
1825,1774,105,1715,622,455,664,1634,1081,115,844,1000,861,184,1696
1826,1049,1229,404,566,1192,1981,1029,35,912,328,1589,1009,1709,196
1827,1713,455,1094,660,1639,550,622,382,1396,1829,294,523,115,1230
1828,748,1900,709,1327,1007,1416,643,1332,782,1328,1442,29,444,178
1829,340,523,976,1725,991,1777,1094,1122,1570,1548,856,660,1213,1413
1830,1445,881,1820,1880,780,1863,261,1134,1674,67,753,1440,1342,1970
1831,801,1762,766,1819,1528,1325,298,118,690,718,278,935,970,48
1832,763,1624,1370,1520,464,244,1170,1048,403,630,1933,1501,37,311
1833,1858,1775,1976,759,1015,1148,1072,1668,644,1401,1434,216,1251,1518
1834,388,775,1666,1332,1885,444,1534,1416,678,722,442,1328,1449,1935
1835,973,1648,576,1159,1001,1376,574,1390,1539,1480,420,1247,468,1958
1836,1861,586,512,850,964,1237,790,658,241,1761,1842,443,468,59
1837,708,452,1633,1505,454,1473,814,1562,425,201,1578,1522,151,1682
1838,960,1990,57,324,899,1865,271,104,728,378,1279,494,1987,1904
1839,1478,1182,332,871,58,137,200,1809,1314,8,483,951,1559,1352
1840,985,657,874,680,417,1672,186,325,241,582,658,1425,425,1740
1841,836,1635,1511,1479,445,1506,297,922,1935,1416,643,1934,1605,1024
1842,1237,1425,241,790,484,964,658,1630,702,875,981,1792,711,507
1843,647,747,907,553,1817,520,1048,944,1368,1953,1957,955,1472,1770
1844,1274,1885,308,1931,1350,639,1183,1731,1751,1258,1106,852,1753,200
1845,31,1162,1460,1474,954,1318,1652,1462,624,617,255,294,654,1117
1846,1424,315,1261,644,1401,230,28,567,1498,331,882,41,256,1858
1847,349,1803,1564,481,1745,1760,873,1979,886,45,1382,408,536,882
1848,214,1824,329,1809,1431,712,146,1525,200,332,611,1486,1352,1466
1849,1144,1698,785,1395,1924,1603,1723,1099,272,37,1647,1145,868,95
1850,1084,687,214,429,1695,905,781,611,1461,510,917,878,1662,146
1851,318,1983,558,1532,1700,273,535,350,1781,865,356,1077,1153,1181
1852,1562,376,1380,387,151,1633,1622,790,729,1429,1921,0,1798,1630
1853,892,1399,945,1930,1323,539,220,1486,285,424,922,437,731,1943
1854,418,143,217,151,605,773,593,1531,1062,1951,1574,1798,198,1505
1855,351,1725,1546,903,1690,1116,124,1651,976,62,340,523,183,1371
1856,202,600,1288,500,1859,902,1118,1821,60,1470,444,1663,424,967
1857,560,1680,240,1294,1531,19,579,1005,260,1475,306,627,70,1229
1858,1127,1668,1148,1401,1976,644,349,1015,840,1600,1780,1308,1847,408
1859,600,1663,202,424,1270,565,444,878,1515,858,1536,1935,1444,547
1860,1149,288,1599,3,646,732,1876,1473,867,252,711,981,1523,582
1861,1836,658,1814,964,1645,468,996,1761,777,1481,1233,387,850,1197
1862,1305,400,1072,224,592,1041,216,472,345,754,1865,1495,1780,354
1863,1445,13,141,780,721,1444,1141,1776,1605,442,704,1536,1342,388
1864,794,388,476,1304,1384,1136,1751,1277,1834,721,1666,1301,612,764
1865,1543,354,224,1862,102,1305,99,400,820,1398,960,345,1780,556
1866,1872,1519,1706,464,363,460,886,1414,1279,11,1109,41,331,1917
1867,1208,1873,9,1541,479,450,772,624,681,123,1396,1,654,1191
1868,809,1788,1428,1657,1223,1346,422,1544,1231,300,598,275,714,629
1869,1360,164,1486,771,1692,1666,722,1525,1534,1449,1265,1853,495,1931
1870,836,751,1841,162,1479,1753,1731,371,1249,1934,528,1506,297,220
1871,99,1566,754,592,1316,1899,1387,112,520,1366,1410,1812,556,1070
1872,1601,1920,104,271,460,45,331,474,728,1279,41,864,464,57
1873,681,546,479,624,212,450,1867,1067,1541,1822,856,459,661,1967
1874,617,80,788,626,1331,686,1110,1260,1069,419,624,1889,1568,1080
1875,441,26,1473,715,1740,507,277,818,874,777,1358,665,240,257
1876,1036,1860,63,1272,3,867,226,248,1539,453,646,288,362,1766
1877,793,855,335,1126,1649,1146,680,417,1763,239,1840,544,303,582
1878,518,219,481,190,1632,699,705,1354,868,594,1577,163,591,506
1879,555,396,649,1665,1096,1552,1660,1056,1681,661,1184,525,351,529
1880,674,1674,950,237,753,1512,1212,1319,1820,1549,1277,1783,1342,1830
1881,55,1477,815,1702,163,714,1657,743,312,1577,1046,807,171,300
1882,846,1366,219,513,699,1884,1066,1305,1632,673,1644,1566,1685,163
1883,911,1050,626,931,397,1110,1894,1767,1260,1659,1067,212,471,1628
1884,673,1305,408,1585,409,1543,477,1882,345,1402,1495,820,846,1564
1885,1274,444,1935,1844,1834,1809,1751,858,200,600,1859,1695,1931,1411
1886,33,423,1903,1363,480,1506,486,1747,825,173,1393,918,445,784
1887,254,1329,883,430,1002,130,477,449,475,1518,1614,589,1965,224
1888,584,567,1308,1243,172,882,1770,1101,272,808,1799,313,634,826
1889,1260,1095,1715,375,1080,1069,80,1333,866,1030,1268,1700,672,242
1890,1100,1947,878,1476,1292,769,157,1024,177,1642,416,1751,1809,601
1891,1739,412,1329,64,1811,322,430,1198,1395,831,1483,477,589,883
1892,518,1764,1354,409,1251,199,1041,163,213,1070,1309,1878,1417,171
1893,457,1756,1399,1248,1439,1930,531,1234,188,437,1853,1938,1487,1496
1894,397,1615,1767,1944,741,90,1074,1628,1822,1139,212,1883,1035,1050
1895,824,1939,1800,1417,1132,1120,1382,545,88,807,1365,564,355,45
1896,1338,1467,82,884,905,878,547,611,687,1746,858,424,1084,1270
1897,404,328,69,1126,1709,793,1146,1049,940,573,1981,1027,1950,909
1898,1975,949,796,1929,181,1742,1578,676,167,1271,428,891,850,1233
1899,1812,398,1387,1817,1410,594,99,1048,1042,1871,1368,614,1176,338
1900,1828,1007,29,782,748,742,1393,1327,709,249,1123,178,967,1442
1901,309,1616,670,471,301,114,723,970,603,179,56,857,1325,801
1902,1921,1678,1649,713,729,588,1505,73,1475,1272,1699,306,1633,1709
1903,1886,423,33,1363,825,445,910,393,94,918,1794,480,784,402
1904,1961,998,104,728,74,1075,265,172,324,1428,1312,57,517,1406
1905,805,342,1746,794,645,775,547,1003,1350,1296,1748,1467,1136,253
1906,415,683,1735,1124,661,1191,1097,503,1405,1484,684,62,396,1602
1907,968,868,374,1577,481,928,1013,349,1239,1847,699,1610,1002,799
1908,1060,197,759,158,1882,846,1585,1884,914,1685,265,517,163,1066
1909,1255,387,1447,1027,1925,1645,1597,949,582,1199,1503,981,574,534
1910,405,213,1402,1587,409,1620,1656,1309,688,1041,475,338,1495,44
1911,1301,669,1201,1319,516,1339,1449,1409,1282,926,1363,795,365,1342
1912,1153,535,1030,1268,1636,1104,804,1333,865,1226,1295,150,1700,558
1913,693,1946,575,1971,1121,221,1387,1329,757,604,367,1224,1355,474
1914,904,310,1329,693,831,190,1891,219,64,282,477,1121,1193,1882
1915,28,230,1054,1698,1170,11,1917,302,1769,1133,290,1167,1357,770
1916,1419,1469,117,227,1617,1160,1958,135,288,1103,1950,362,252,1598
1917,1915,41,634,656,1706,464,1519,302,826,230,1414,1866,28,1459
1918,666,1807,1556,1502,1068,459,109,491,1022,465,966,1418,649,1696
1919,1970,538,1349,1442,25,36,881,742,1319,1093,1007,1381,1608,862
1920,1601,1872,1979,824,564,886,45,1847,331,864,1337,1745,1646,604
1921,1902,588,729,1505,1678,1633,1562,306,1163,1475,682,151,0,713
1922,599,1607,1436,1074,1787,351,1690,1671,1855,735,832,903,828,1142
1923,1933,268,536,313,1359,339,1370,763,244,1244,1803,1675,1603,1535
1924,1647,1245,1732,203,1596,536,1144,37,877,95,1972,322,517,1099
1925,1447,1909,410,1199,1255,949,1173,1281,187,534,1645,1102,387,1412
1926,907,1291,1472,839,616,707,1994,1498,432,1953,629,553,1618,1843
1927,1405,1664,1037,382,255,957,853,211,661,415,1720,503,1460,829
1928,31,1432,568,1684,954,1090,1330,1462,232,2,683,1124,1191,649
1929,777,257,1622,814,1758,452,1682,151,996,796,625,1032,949,1798
1930,103,740,1853,1399,1496,892,1248,1093,424,1323,1381,918,884,1493
1931,32,308,1731,1360,1809,1885,1751,1869,483,1692,384,1525,1183,1328
1932,889,391,1576,170,701,1174,1523,1103,496,366,461,27,16,1629
1933,1923,763,1370,536,244,268,313,1624,464,1803,1244,101,955,1580
1934,780,1506,1841,1249,1078,297,1536,1416,1391,1141,836,852,1274,1115
1935,333,1635,922,444,1270,860,220,1731,643,107,1328,1274,1751,371
1936,1273,1818,1138,942,844,1696,1604,459,655,988,1283,666,1918,1260
1937,535,1636,1104,1912,1153,679,1984,561,803,1333,1485,49,276,501
1938,969,878,871,531,285,1399,858,1496,1248,1323,61,1890,1695,1341
1939,1800,1895,824,88,1769,1417,1120,1015,11,1979,644,230,1892,807
1940,961,942,1604,596,1344,1474,654,269,1586,1273,293,189,499,1936
1941,1209,1771,312,265,517,635,203,1585,108,1564,1101,172,570,1752
1942,248,1211,889,1689,30,1576,1876,1522,461,1065,453,1447,1199,746
1943,424,473,687,1853,1930,531,346,188,540,437,1704,1270,678,842
1944,1822,997,1035,741,1615,1894,1873,397,179,195,970,524,1983,1557
1945,1599,482,758,1415,468,1761,1782,574,1412,732,665,658,241,1108
1946,1971,1998,1988,1913,1387,95,1459,552,1406,1224,1955,1357,575,693
1947,1890,1751,1136,721,444,1809,1332,878,1304,669,1328,995,1534,296
1948,1760,517,165,203,1279,1456,1459,1752,1600,354,44,1243,1401,1685
1949,22,1181,233,921,690,1546,976,1076,505,970,195,1450,671,318
1950,1709,1272,912,362,1255,1380,77,1083,713,1036,1909,227,328,63
1951,227,773,418,727,605,394,713,247,117,1854,252,1040,1160,217
1952,131,1648,420,1633,0,1008,973,1380,1678,1108,1539,1958,1649,1808
1953,537,616,520,553,1601,41,1070,1291,331,414,707,946,345,354
1954,1298,1764,629,1587,228,1723,1620,85,810,409,1500,199,1402,725
1955,877,1245,1946,947,1987,304,1998,1779,130,1811,1463,883,526,1656
1956,1986,326,298,1022,1556,1546,1254,78,194,359,1721,690,923,1528
1957,136,553,448,1403,1472,839,290,1558,823,28,432,345,338,506
1958,1617,963,756,117,1916,420,1469,391,847,1678,288,916,277,1227
1959,41,1708,675,494,400,537,414,1401,271,331,556,1953,1872,354
1960,811,1499,15,700,1390,1196,425,792,1326,1617,1909,454,387,1649
1961,101,1904,74,998,517,1585,271,57,104,955,287,265,44,815
1962,1123,51,1265,1816,1373,742,371,1692,1608,316,1134,1143,1172,1563
1963,726,631,1093,1112,161,1089,1292,177,1756,740,402,208,1088,1341
1964,879,990,1686,1086,185,458,1367,1722,252,1448,260,1358,306,560
1965,20,1185,1072,472,1225,1862,1329,1392,1320,846,1614,1685,693,521
1966,645,1282,1529,1372,178,709,1238,1435,1746,901,1222,413,436,381
1967,1094,1669,212,450,856,1457,1777,369,654,596,1568,243,861,1276
1968,1816,890,253,663,643,1134,1321,748,1143,1123,784,445,1991,1608
1969,1311,164,842,1704,541,608,1608,771,1486,1869,1627,238,742,1353
1970,1919,1140,1264,510,1349,742,1093,1172,25,1772,1037,631,538,1815
1971,755,1368,1946,474,1913,1564,763,604,944,1459,728,1329,1685,877
1972,203,580,1151,349,873,1647,808,1924,1158,1771,304,1799,1847,840
1973,1227,508,1504,303,196,5,1412,1978,963,1981,1324,758,879,1086
1974,1250,525,1226,1568,1034,115,861,455,1069,243,1681,788,1660,369
1975,1766,246,814,1716,1898,964,1233,1578,385,1929,452,1423,1837,1622
1976,1002,1600,1127,883,1858,1148,481,840,1610,349,1224,1015,928,1518
1977,332,390,1641,706,346,1512,1249,892,1043,144,539,1768,1212,103
1978,1324,579,1792,573,1680,303,625,1425,1973,981,1686,1981,257,1763
1979,886,349,1519,1745,464,1847,1520,536,481,11,1920,1120,1760,873
1980,1315,866,585,1457,1095,47,1069,1135,1626,666,683,1344,633,568
1981,328,303,1792,196,5,713,1561,1709,855,306,579,566,981,605
1982,1697,20,1965,1887,1002,1463,1185,883,1329,693,1225,1343,1206,699
1983,1851,273,558,524,318,997,1767,1628,1944,1035,150,1181,671,1546
1984,1636,1104,1153,1295,1805,1030,1194,535,801,679,865,22,970,803
1985,1144,785,1732,1924,1145,1698,1216,1524,1849,275,1647,536,95,1596
1986,1801,1956,270,79,78,599,326,690,109,923,921,787,195,1082
1987,378,899,1312,1600,475,165,1988,1406,1998,1101,1811,354,1395,1459
1988,95,1406,84,757,1144,302,1387,1946,1459,1395,1998,133,1987,1198
1989,186,482,325,874,391,657,1761,1945,27,916,1412,758,1599,366
1990,1838,761,324,1657,1810,598,57,1025,66,815,1752,265,960,1668
1991,445,323,1134,1567,643,623,1384,1286,825,107,1328,480,253,157
1992,535,1276,827,497,737,1805,348,1077,356,718,664,856,865,289
1993,569,1004,746,527,711,16,1773,1574,1441,1347,364,729,1425,588
1994,1537,567,1540,1926,1884,1594,409,408,907,1533,1291,1771,1585,312
1995,1000,125,75,401,348,1219,1546,1573,194,1096,1283,359,523,1413
1996,1220,471,14,301,353,309,1940,1569,1138,269,1252,911,942,1006
1997,1804,764,1292,794,1404,1304,71,1963,726,1386,1003,1754,146,208
1998,1459,448,28,808,354,1357,1395,1946,304,1243,95,165,1988,1987
1999,1545,1735,736,649,1556,267,1673,1460,954,972,1056,672,1502,1651
