0,1.380889798984942,1.6182755965782676,1.6434811924025046,1.6658726880505199,1.7643527556866281,1.8965592484526008,1.8989370270883805,1.9467616449232603,1.9716656350402735,1.9742516467350044,1.9768754397429695,1.9946687488119774,1.997637350695713,2.006775246787238
0,1.6115266809965445,1.6756285492440477,1.7545810645254212,1.7801624523617432,1.9270139853812147,1.962412503298349,1.9766424933476456,1.9936630027735833,2.0518995184510498,2.1219292077571823,2.1296786556393634,2.1403186498355802,2.1414558336860936,2.1503651117892324
0,0.86204592978832539,1.0322319717262474,1.210169384867706,1.4650287427841375,1.4818736132370363,1.4926708669662097,1.5097081981846412,1.5729369361327701,1.6460019095371603,1.6853244230575344,1.698304515687628,1.7426638590545875,1.757453597987551,1.7681737297942157
0,1.4390860040402447,1.5440436448123933,1.6244579708782714,1.7179450028478525,1.721530445266708,1.7233777962076411,1.7310993645264114,1.8021348460315278,1.8256286186138497,1.8324524421882622,1.8816637295155885,1.9435812525883256,1.9473012951919173,1.9828285746459455
0,2.0655548864384374,2.2157555539668774,2.3141460667632336,2.4186767259039756,2.4414446090575228,2.4705270303816338,2.4706579327610236,2.495307618131231,2.5221030104351274,2.5640248632918614,2.5950104688770317,2.6075699468994711,2.6264624215347712,2.6906409336671087
0,1.3903025238679898,1.3943218895744531,1.4907318041545843,1.5281402150983159,1.6322601488098605,1.6739373054094948,1.6854051266535071,1.7468526957367523,1.7800112123364391,1.8276101474889024,1.8287623321998139,1.8675272030110048,1.9303252274939071,1.9312076487361782
0,1.5178048585280075,1.9643235359652707,2.192528464750656,2.3431296642811805,2.3637598293872082,2.4019089848121333,2.4140321538874021,2.460455686333165,2.4604814817612475,2.471601565609852,2.5403356010216012,2.5674192641762712,2.6739716187109823,2.7060046788750705
0,1.6488086264512818,1.8090960670558685,1.890806211401616,1.9437882560154469,1.9519558074763248,2.0870759959665768,2.1648716004168862,2.1834608586728042,2.2734816658468939,2.3277235937254801,2.408015662277593,2.4688177332157357,2.4854894069634974,2.4942632230797246
0,1.338337442973246,1.4061270581353933,1.7931630233129223,1.7984535046599586,1.8197261942372456,1.9537489008064235,1.9586669487285824,1.9635631416302644,1.9698288222197815,1.9770933999939924,2.0069697990744015,2.0745555331492223,2.0869695782216326,2.0968980430224193
0,1.5455621103258597,1.5982103554714218,1.7714545209327617,1.8152815383439935,1.8536084193291511,2.0907259007471279,2.0932039666702718,2.1599842215171434,2.1773332101495924,2.1924067637586906,2.2000161232911535,2.2906581405923041,2.3105235845078802,2.3116264793660433
0,2.0320783444997539,2.4674498723963949,2.7942109188295419,2.855622286670894,2.8575781075633988,2.9254505513664144,2.9574863156255611,2.9786602871387058,3.0381946241157447,3.080590994648484,3.0889218284977589,3.1004973402312515,3.1259873600835757,3.1269067584469901
0,1.0912265946175024,1.5292424163700655,1.6341701437031864,1.6763512969850123,1.8036063247964067,1.882601374197524,2.0089774552159696,2.0204906770828122,2.2176117436627512,2.228631653043756,2.2575820072480393,2.2792489155092381,2.2959661220055696,2.3058981576332629
0,1.9735371553378853,2.3990998846949996,2.5111447484850382,2.5281225067043582,2.596239912336487,2.5966397775627632,2.6390947367759008,2.6682850935571323,2.6693996349015685,2.6737979461898473,2.6975512131251009,2.7246904322718515,2.7247518563782909,2.7321955852093454
0,1.4390538308204301,1.5449945142890893,1.7121376730711133,1.7161856165662837,1.9882236915497205,1.9953245353563107,2.0317692935329927,2.0603576410136633,2.0987579097013875,2.1549642592928731,2.1611228076731752,2.1991703214876721,2.2529693256305432,2.2559243589147489
0,1.9538057283104862,2.0631456356957774,2.0921425358180672,2.1223374039798704,2.1260316743916867,2.1777411562987776,2.2447479525474345,2.2482630922889557,2.3091794846396887,2.3103795961680675,2.3206897439141425,2.3497167867078259,2.3798428453587572,2.3853652054958103
0,0.88189481669525616,1.1212482005523003,1.350878332068743,1.4593833251654245,1.4985302917378345,1.5696805500121389,1.6623286998977649,1.7000112821569708,1.7446089508731957,1.7995443544496998,1.8310233617349447,1.8327849612243396,1.86564668085595,1.866603264326961
0,1.3856733469402502,1.6706190858838004,1.7618502709390733,1.9159250874320994,1.9390760733184038,1.9496027515235081,1.9558534327960164,1.964113656958892,1.9829240581935619,2.0044949069000157,2.1188911128872299,2.1627790361597286,2.1859196693987286,2.1994847860591995
0,1.9372721413038458,2.114678903882909,2.1590636685134523,2.1720893079011914,2.1763333666968312,2.1852815898747764,2.1861177694812119,2.2292433025177978,2.273875055881712,2.308726205027162,2.3168110012372884,2.3958922849969166,2.4261421221152553,2.4289049141924397
0,1.632628863775363,1.6817891573348416,1.6852820316414052,1.8972275317819884,1.92579280871722,1.9297007574086968,1.9339354927575452,1.9527608813707908,1.9539153295703822,1.9674081606056069,1.9933232006278478,2.0250309945816722,2.0309711462701792,2.056612176068537
0,1.8208970969098601,2.1103934399504021,2.1884135780446381,2.2635689634639871,2.2762179141922241,2.2779870608314505,2.3962103431687152,2.399397543843266,2.4112804001403481,2.4320668225993121,2.4320981266546844,2.4883438048575703,2.5054201797717179,2.5070915715632252
0,1.5264599138912442,1.5684677719656657,1.8905383495081669,2.103143790461377,2.1110638042242096,2.1229032965557195,2.1848844578541651,2.2882071299247064,2.290378998540703,2.303831189250086,2.3174453271393265,2.3373204593080943,2.3405318079375697,2.3707820067246503
0,1.9276406511037696,1.9371210412941093,2.0396695148776742,2.1198706830680103,2.122706830685174,2.1355431126929263,2.1673264536414503,2.1752926415130842,2.3172684639241332,2.3209938124330423,2.3254397212182782,2.331285313536176,2.3386765259954321,2.3572703061914595
0,1.187816561376809,1.3670319278099485,1.4116204949174005,1.4458483915697204,1.6173469255324118,1.6628773390300982,1.6922137115029463,1.7053232349358645,1.7784592228902811,1.7819882854578923,1.9184811100841863,1.9436266873717687,1.9439005129055165,1.9590360491220882
0,1.3495829739450362,1.9251176373324586,1.9432127508438708,2.0389573671418963,2.0999880026074536,2.1159928747163197,2.1173714072045469,2.1210306615715324,2.2171747504969881,2.221308408140001,2.3080066607510945,2.3146910053817313,2.3230080161453577,2.3268147315252046
0,2.0660387982733406,2.5577644438949054,2.5988431345328906,2.6707819098689169,2.7771025959825777,2.7954796711212619,2.80272111193189,2.9143304439059676,2.9232315657386443,2.9257857934290401,2.9390472559249918,2.9579165174186537,2.9812745467554986,3.0142374990620406
0,1.2193468393095588,1.3425059404688195,1.3871773431361145,1.4217605222837968,1.5327645601777886,1.6872533431688415,1.7059402732685478,1.839486829188576,1.8671217383457175,1.9033214305453743,1.9107388815407731,1.9457391784469671,1.9644828711944127,1.9820018857377559
0,0.92898625603786289,1.3886052736275851,1.4311609953898894,1.4705151877939486,1.4782560791034216,1.5237776098867106,1.5663190085484109,1.5706728717081697,1.6256357421044498,1.6377168334812178,1.6760455979586362,1.7879292382012548,1.797750103486379,1.8001843641482886
0,1.2668633421011417,1.4311609953898894,1.490426421703303,1.5318721550860326,1.5559851001369578,1.5561208622218996,1.5574422476564243,1.5928280577195122,1.614282444975222,1.7359057453174431,1.7466431774507323,1.7513332165138891,1.7787945173932342,1.7877456756320713
0,1.2539198437529526,1.3034752034852193,1.578974065526962,1.5877200166252268,1.6063414233708988,1.6156778167835517,1.6722347697095281,1.7329050977834801,1.7864623483774082,1.803012635030117,1.817594616009812,1.8203852336968485,1.8334304271847519,1.8724025480575477
0,1.4560916048207857,1.6581266411243074,1.7557800385341604,1.922199919142596,1.9678756683798309,2.0641192284831598,2.1927086989978415,2.2460493840937894,2.2667113466548678,2.3163438573583739,2.3625580294961321,2.3763465865281388,2.4213924956674049,2.4842664690784644
0,1.8127493412235567,1.8277071709371833,2.2267709857442899,2.2630736415082562,2.3180173342772483,2.3273347981407326,2.3281777481260768,2.4665691964891785,2.5288360425530301,2.5857424903630322,2.5897799844369711,2.5926317064098403,2.6060657618149095,2.609374732324738
0,1.2316489308398151,1.3646130181343488,1.4667132182491929,1.4716447888935154,1.4774214901597833,1.5684585500977539,1.5840201758472126,1.6721989266949415,1.7279115403792413,1.7880908001363263,1.8033144550098061,1.8291892371775542,1.8384731319937802,1.8689509031556188
0,1.25848791748874,1.7846798904918004,2.1445470338086925,2.18811604591574,2.2063648158727749,2.2304774353410943,2.2515736636269388,2.2720180026511496,2.3380843067421999,2.3515720836982492,2.4533439516400359,2.4632819497156238,2.4708122198462412,2.502175342057845
0,0.80918845996842093,1.3969930529392731,1.4646404329038147,1.7817119539689859,1.7825256539514303,1.807138382530648,1.846122027404121,1.8546582036811552,1.8905287922351433,1.9484141087939515,1.9797913504633982,1.9905457294558897,2.109239566886127,2.1768597698286745
0,2.4324323375253201,2.4668478880568503,2.6589907772786532,2.8388284728054818,2.8420046337723601,2.8986432050272515,2.9249508698174611,3.0001624077908047,3.0023019204616794,3.008479664797731,3.0235104965845694,3.0273800589930242,3.0603101247330007,3.1254774470600091
0,1.8916545556671163,2.2320416972019257,2.2831616895003104,2.2879072765730313,2.2933899320029933,2.2983079670602078,2.3330995582513849,2.3818132954256472,2.392296052792962,2.4113609483759326,2.5118419303843722,2.5286874961992938,2.5504359161421943,2.5608688920171709
0,1.6204063901025993,1.711220460283553,1.9584708699164821,1.9963791372486126,2.0475089044042916,2.1708153325642225,2.1736551217045625,2.2666914448556326,2.3024063528964764,2.3622054345499182,2.3895080120391348,2.4377713482397989,2.4491449605719064,2.4696755384977047
0,1.3585544808205359,1.3656011797843943,1.4253548685523685,1.5407748131048622,1.5769627843527274,1.7150293918921127,1.8272790896004818,1.8311142433355612,1.831576014644003,1.9197305881356057,1.932196302075063,1.9451893041602384,1.9586713870911008,2.0046051122127162
0,1.4646005716965638,1.6238819236983237,1.7029639802731118,1.7885742072684316,1.9571670723173438,1.9633399731892245,1.9714949035831464,1.9736657299611926,1.9889503571465112,2.0271581232070659,2.042155178804022,2.103408235174693,2.1300985300894184,2.1476613077721907
0,1.5561543694477715,1.6801414596957247,1.9609319294337502,2.0617000667483016,2.2223952097153998,2.3436912524263729,2.347028898194329,2.350532160466078,2.428249192377085,2.6908579113561006,2.7120940351642706,2.7272094557236173,2.7439617190800489,2.7534442394280072
0,1.5576323723416869,1.6653099742133564,1.9023053738136606,1.9064508366647386,1.9377259516048428,1.9766424933476456,2.0468047374650662,2.0817604192089605,2.125884181555914,2.1668120485981568,2.1755072392693906,2.2149214977779277,2.2299760526625656,2.2332093929833863
0,1.5083453249796615,1.5139909127484152,1.578974065526962,1.6296594417701142,1.7117045807616473,1.7699844572814405,1.8003645551596377,1.8022750494330047,1.8061482938037812,1.8062240750077252,1.8299074749402664,1.8552770585940268,1.8900285152758187,1.8935095408071556
0,1.7588879437945404,1.8611097178717089,2.0921509891881902,2.1996132144700402,2.2224988579194371,2.2649855894732918,2.2674844739818263,2.2918077795011933,2.3227437256656205,2.331651655688566,2.3569646332522725,2.3686370582457918,2.3800236445831242,2.3995976179961533
0,2.0315991456809996,2.1006518964053229,2.3229836327153208,2.3380843067421981,2.4083655598585012,2.4200300181312815,2.5159046451246878,2.6028968660886407,2.6498693026375455,2.6716512118586113,2.7289460050192766,2.7699148109341607,2.8123863308585122,2.8369443126285194
0,0.85092414839943287,1.1900102266056036,1.4010501322559308,1.4983991986614944,1.5175173145884684,1.6071984652251834,1.6440691929471889,1.647048180240007,1.6707483345964536,1.7215098312716377,1.7395343435322026,1.7417813159208773,1.7772883495274627,1.789918272870076
0,1.1436942491668334,1.26458831001159,1.2738176673430155,1.5028680893070561,1.5173255047899903,1.5720862225670587,1.5789897097018055,1.6184378134915198,1.6319202010314255,1.6540098370012775,1.6649105117740108,1.7120681104951188,1.734444897953302,1.7467885551347961
0,2.0362934896353426,2.3071710331293613,2.6224400152292882,2.6369982014515339,2.7508356859909315,2.7996993770711782,2.803117879888593,2.817768190775376,2.8675637865714823,2.9311013409839668,2.9315048750113646,2.9534706747301276,3.0034417364998918,3.0198747773246555
0,1.2055027954781496,1.3836675749077061,1.4149944878573859,1.6353368255785259,1.6451031727167995,1.749039839642933,1.8636201957125407,1.912304242773996,1.9148692433410681,1.9950408852476835,2.0056550547729279,2.0146053206707872,2.091352697440759,2.151987453900063
0,1.4802702450657239,1.6864987128074063,1.8020925123047054,1.8617713373947742,1.9760322763464822,1.9836346423381703,2.0739209780046313,2.0900830010808749,2.1363878058054331,2.1593470364388425,2.1849843105362998,2.1924012934283987,2.1946894860288735,2.2099952169593395
0,1.2170982822403427,1.6348705914353197,1.7574553233063854,1.8380626885441385,1.8874089973058621,1.9426141023318115,2.0663571754278225,2.093460524780816,2.1023313425452947,2.1062688000198744,2.210471164074197,2.2320480215992551,2.2518077508293173,2.2727769355231726
0,2.0451141317983441,2.1227634579025536,2.2048746133862331,2.2903814020761977,2.6010504541876784,2.6655852892727419,2.7119500176782134,2.7253445161981267,2.7255317547865445,2.7289588666068822,2.7365684223282023,2.7578089302244022,2.7990463205212732,2.8615321585390432
0,1.44195730385223,1.7988831980122153,1.8147057436095231,1.8238652736858636,1.8912046990431703,2.0276293674929811,2.0505426795517616,2.0709784546686749,2.081581328293868,2.1306268496334231,2.1481186006386706,2.1498514163156996,2.1787490752281546,2.2013899894167852
0,1.5389017893441201,1.6186542775248882,1.6900074616077831,1.9921105133879731,2.0298228025040497,2.0457815314565941,2.0660337272608134,2.0742736411919296,2.0929078045433327,2.0950355541909964,2.101571114560453,2.1243562945380541,2.1703631404242274,2.2037587499371325
0,0.98061209722642406,1.3877146080011793,1.6630936577165671,1.7930745419628769,1.9016425715905385,1.9513228518124239,1.9854167451002158,1.9891866237080094,1.9946910419120538,2.0234470310485637,2.0512532381199944,2.0884960056258466,2.1163764823200522,2.1397881831215968
0,1.9305517181325018,2.1048020187769372,2.1470793357118052,2.3178084556815461,2.3262099455110534,2.4301967924052708,2.5585995708160283,2.6013964687538018,2.6094602890122935,2.6319904940339307,2.6421466831321379,2.6440537053224284,2.6988966421248399,2.7635557220554716
0,1.6229528009502188,1.8926191140584325,2.217201473617866,2.3241550308785941,2.3558028432230231,2.4760656690065996,2.4892916351736507,2.6096502938823609,2.6137571440911116,2.6252392247179666,2.703792407944428,2.7183165255146635,2.7194017050656054,2.7799893486858127
0,0.74024592905478448,0.98416417865494754,1.4726214963324311,1.4786447581047064,1.5131061778287436,1.5247776749950777,1.5356073668386978,1.5658972939386537,1.5786788946489678,1.5834106466855726,1.6161246873116644,1.6412540581533406,1.6447620982627271,1.6696344289754912
0,1.2021124295235985,1.404633602169423,1.5333060535235867,1.6184378134915198,1.6346736351247964,1.6516938519305067,1.7179882461029725,1.7504853723413396,1.7742581904878689,1.8068964715455733,1.8577246923997548,1.8861868126806829,1.8888723291887968,1.9104757496180549
0,1.2431619339461444,1.378266047075084,1.4552468154191422,1.505388194259635,1.5150168509901878,1.5467419864012977,1.5843591497672569,1.6082415468027969,1.6149708744784852,1.6437361338696259,1.661488099538416,1.6843759016756172,1.6987222930883601,1.7820737481839222
0,1.304228527182528,1.7101874115082605,1.8173251375298001,1.8967843662613058,1.926547515623398,1.9709690678316787,1.9735027203025481,2.0371921356262566,2.044418670347607,2.088026497829198,2.1117791758896276,2.154835746978212,2.155044038971178,2.175860185176425
0,1.6501181662716353,1.7180958303069485,1.7867822988247599,1.8031869544254659,1.8035202873757639,1.9174456342707011,1.9861852080429372,2.012807279474953,2.0133493603539496,2.025714301546349,2.0393642993033803,2.1114071676908241,2.1215051982329913,2.1364646819770012
0,1.6815858908827586,1.7193133393052407,1.8024560004379697,1.858218700854676,1.9531809584704236,1.9542875617829627,2.108686999871527,2.1434672610686896,2.1484270524148883,2.1868812005595597,2.1987559030778536,2.1995530406219732,2.231279904534988,2.2544615240347046
0,0.66422474874758775,0.87435707488330405,1.1165438917114918,1.303121274565362,1.4415695071521939,1.4462895596398391,1.4821576890438948,1.4904541453208084,1.5097081981846412,1.5110454382852603,1.5987144659145749,1.6221766811726948,1.6447620982627271,1.6548777366135718
0,1.7244094601480342,1.9337606129712299,1.9473012951919173,1.9776072814350925,2.112024618540894,2.1362346267834518,2.177690379289674,2.1990508210612609,2.2841033943737004,2.2974214743368742,2.4039061173038743,2.4585317184032216,2.5045168315800947,2.5094332592304114
0,1.594032951489732,1.7737717443131913,1.790546065847753,1.8920555398740038,1.9069680462406096,1.987210642998479,2.0255382781873417,2.0527037192867446,2.0772260459302627,2.1061802657142406,2.1278873294494045,2.1875491317220979,2.2305800691919253,2.2425565002006929
0,1.7381227391990082,1.8728175800312896,2.0836761879632788,2.1654541238017502,2.1894888553308474,2.2379013079825696,2.2636542096912917,2.3277877619840961,2.3814424321968204,2.4105762722414936,2.419057571162921,2.4427790122779531,2.447699211080884,2.4750059358945915
0,1.6560620694260049,1.6847036639007149,1.7469320484485495,1.7814229331960107,1.7845021021401806,1.8002805232391221,1.8206323240521973,1.870511461843761,1.9054346122047785,1.9077413639543848,1.9360811390521362,1.9560381750072349,1.9622632651402301,1.9783210802548652
0,1.8313281662065155,1.8915617522270727,1.9175651213993723,1.9879100733285016,1.9986124328001356,2.1267383457810705,2.1472728931350882,2.1934899608315863,2.2913744069083473,2.3306729908417121,2.3814314380487063,2.4317290170476991,2.4336769170614816,2.4472665465340984
0,1.1637599938578682,1.7737717443131913,1.7747645676207919,2.0154980732926595,2.0762357098654474,2.0809976551413332,2.11350306473163,2.2018411225760555,2.2028892860475819,2.2962392409203609,2.3149538692242735,2.3238736529283623,2.3297284956156221,2.3321562708408665
0,1.1913800805975883,1.3850516209722221,1.4949491878016377,1.7815032158834236,1.8103515398876315,1.8136724065087246,1.9007425381881924,1.9048978672924537,1.9164912619157846,1.926123283254322,2.0097697597191564,2.0310287228945838,2.0552284343019158,2.0801544645307186
0,1.7429605565275812,1.7776831430334736,1.7883374748893961,1.8278905053603598,1.8900982007779887,1.9348775007781176,1.9555157472935116,1.9586599424882545,1.9851829673691959,1.9864581425695977,1.9968105961192166,2.0028399962836025,2.0182979973528949,2.021986629169946
0,1.6604852555885008,2.0456435774050044,2.1561380021545906,2.2067348074167583,2.2598307666398383,2.2815141851632816,2.30023288996308,2.3031223083025467,2.3327951463375949,2.3472913824336192,2.3773089959370304,2.409558798218244,2.4386284829068461,2.459923916377146
0,2.3203673565850922,2.3308061489325698,2.5075310987665032,2.5295791658807159,2.6047619332401362,2.6247530554724254,2.7502627760146896,2.7673948539301918,2.852053125171552,2.8981682016640984,2.9023803549281779,2.9763705967706349,2.9795924906019926,3.0494463816872512
0,0.91376073222054455,1.4592522144480891,1.5246980203858098,1.5285814564460989,1.615624810750959,1.7080135709908437,1.8075975861018041,1.8894157993182461,1.8933844346239304,1.8935445394190389,1.9096549344154889,1.9965952223118557,2.0024580805964165,2.0053319484258876
0,1.2384859858469455,1.4921885390400893,1.6336976602805107,1.6536704942792699,1.7152578052685112,1.802480135843832,1.8031050452050312,1.8298681977095852,1.8418829696423362,1.893495590963421,1.99550912913134,2.0237389846568674,2.0367437066013028,2.0997808406267975
0,1.2516108274004838,1.4750053920290214,1.4978634955685117,1.5353189409561017,1.5564844146366497,1.8247108300141044,1.9066462098318759,1.9378634400435339,1.9628334305697461,2.0127468873124408,2.0298228025040497,2.0626640278132302,2.0908725439353537,2.1091336955657178
0,2.2945535194092086,2.4165526741386238,2.4640063376434487,2.5390593945716162,2.6093711797905841,2.6776600966646131,2.7323531031301056,2.8333403855809243,2.8370086867764419,2.8389944425610936,2.9828182544559114,2.9980550816105866,3.0437469378552668,3.0586005654853188
0,1.6261599899060339,1.6825131966159963,1.7339645127668752,1.792614581430636,1.7968133957736188,1.8022407011062367,1.8788648589382724,2.0110769777029969,2.0304590206847704,2.1253908633590028,2.1398815441823813,2.1773931400023248,2.2428161143111551,2.2812484089784268
0,1.8349306797611415,1.9220937521714965,2.1180897252914064,2.1266137576786033,2.1655436059413038,2.1824431485975246,2.1873150405519985,2.1966536481639265,2.2010207467124872,2.2089937956103465,2.2241386927383053,2.2381023066952652,2.2740805524841212,2.2809866902062002
0,0.96537289545662519,1.1801457655220819,1.3378651744356735,1.4882763719011884,1.5349085777863833,1.5468984509582122,1.6558742236488015,1.6603457183140897,1.6753078579369529,1.6999814162760207,1.7843543448762178,1.7953048492634973,1.8156570936608467,1.8451327330704947
0,2.5393889062997985,2.6111787695113504,2.8040284301668792,2.8345771003033233,2.8650914457827756,2.879460420547534,2.898314114842008,2.9857350159477898,2.9906891944825298,2.990793383095526,3.0244849998166456,3.0387717974855537,3.0587849491704744,3.1022184927142504
0,1.561238404823349,1.5725429451069048,1.946741868953237,2.0046980267453249,2.0138106572152759,2.0322276004163262,2.0389573671418963,2.1451499392637556,2.2037335474491759,2.2084041242857984,2.209154669751388,2.2428246576808042,2.2431112057939835,2.2900816455807025
0,1.5523897853521202,1.6269213345840625,1.6774784844099242,1.7103554341463261,1.9471779257116866,1.9841342967216029,2.0139094310460428,2.0612478702734625,2.0632113620107906,2.0951479923891014,2.2227237089629956,2.3356541196556013,2.3474172281558174,2.3655406006699762
0,2.4207352907587425,2.431465671148743,2.4462361475978813,2.5050076299919266,2.6938245068315099,2.7740169476024237,2.7999808071857464,2.8341941887929165,2.8442111907614058,2.9446924368059553,2.9908124171449151,3.0178108757018594,3.0370511186756914,3.0374634489894383
0,0.77309898199662108,1.3528260067555946,1.5579017736562104,1.6040609015114913,1.7240451183440559,1.7794649908466813,1.7941906595758006,1.8446058754823551,1.8618960989408522,1.904851434572153,1.9144237318195549,1.9546525743711005,2.0038261226197416,2.0165471583794234
0,2.1713596445069823,2.197243209435416,2.2153414623398802,2.2482806592270106,2.2558851647454605,2.3244885639096382,2.326118255760024,2.3326138090411321,2.3340809100386091,2.4462077362313459,2.4631261389750549,2.5267450073343904,2.5365439861115502,2.5777215720898528
0,1.2473572440675056,1.3209470640131751,1.3249870915117004,1.5113897021041409,1.6149141905920239,1.6207528081120701,1.668154473035647,1.7617327524817183,1.7659799524176949,1.781810727853036,1.7939417121374059,1.8745666058909889,1.8856615607291385,1.9149568124717193
0,1.5937237668823021,1.66446359680704,1.89444598535445,1.9470749215051379,1.9662282822507497,2.099067560180452,2.1147387922506518,2.1665599077242184,2.1766734139895214,2.2492162676108283,2.2859421012144203,2.3272673945559625,2.3701860235164958,2.3705497469927654
0,1.549038986133394,1.654088187745854,1.7811014606570212,1.7992893091277902,1.8147723402165605,1.9536138121853386,2.0733504389413806,2.0809976551413332,2.1288166227864669,2.1851099868879698,2.1860287471548108,2.2015259835486787,2.2035420127308667,2.2076988526537744
0,1.2336088328054895,1.816422826534233,2.1236791305403893,2.1854056964155562,2.2335444704297398,2.239128730820787,2.382042996849381,2.393487442967019,2.4087436988396194,2.4642891496365591,2.5354815323663753,2.5529415174439736,2.5634930444994657,2.6136383674130181
0,1.453093440220764,1.4625587984832333,1.5352136263467924,1.5468984509582122,1.6337639652050751,1.6676614422271145,1.7154691340664345,1.7704393304750052,1.7971498205819658,1.846000957823944,1.8475756357216555,1.9343166845648672,1.9620525752455382,1.9784267083318507
0,1.1641533214457169,1.2620836394337405,1.6126636226813982,1.9754731824379534,2.0899993259472303,2.0942682207939765,2.1128806364689154,2.194755094105413,2.2410717036720769,2.2496554113400822,2.2572322664343525,2.2605577514714601,2.2897226976751583,2.3164590160302545
0,1.5865732174538776,1.6195130313445893,1.6323985543235555,1.730624843934621,1.8296398981676871,1.8410771250932871,1.8649178171877103,1.8889999460710085,1.914383256327062,1.9551669663303834,1.9774487553883571,1.9939203384578374,1.9982549351881485,2.0073047032037135
0,1.081927687955957,1.0892628266932904,1.3370986138489276,1.3762555794078142,1.5187999041717284,1.5399146218361941,1.5440436448123886,1.6080379911632297,1.6118533200827991,1.6176676582323088,1.630345573732334,1.6411573887008757,1.6698645765304971,1.7188914640298028
0,1.5571359325195235,1.7930745419628769,1.8034314016136197,1.8217719522842872,1.8432668169472592,1.8620491588144799,1.874748177835591,1.8940200928778503,1.8995494392508459,1.9225451017624504,1.9393096560625998,1.9484141087939515,1.9488358580560441,1.951792071024169
0,1.0631761273365328,1.1355762247266263,1.3656011797843943,1.3846956663445156,1.4639309754155163,1.5313001156206618,1.5495278636693626,1.5893242078801035,1.6163719160487027,1.6301807254449669,1.6509388212649945,1.6612477485595369,1.6650482262001269,1.6839678408330803
0,1.5900998190413362,1.6522466046140936,2.0656317744545785,2.1782961677916641,2.4016404473414728,2.4173812173024798,2.5156581785346241,2.6197497422720195,2.6293487424167981,2.6555168621042307,2.7275767812650238,2.7359397633118276,2.7480160632965727,2.749785157944582
0,1.56561433592037,2.0481161205179124,2.2434027682760851,2.2493953373932154,2.2613150502269797,2.26415300450202,2.3013845715564321,2.3817402625625315,2.3835423282098138,2.3910700648481837,2.4140302940981626,2.4171864315033562,2.4236661481956161,2.4737953512363173
0,1.8964430797807468,1.9104986235466475,2.1513004592032017,2.2638766711012068,2.3462272704210005,2.3517906122463117,2.4001497023155296,2.4309245066092036,2.4482477318706146,2.4490607989985693,2.4818381602251769,2.5022066943359245,2.50917096393332,2.5363641496040494
0,0.92760256465193336,1.061931017373235,1.1689339514630543,1.5095848863375265,1.5098233236883951,1.5175163810070169,1.5245242169785098,1.540517073258743,1.6112822425789479,1.6169263783864214,1.6531221247385557,1.7232191314982788,1.7789300200208933,1.7796093979392507
0,1.1831364762875538,2.3710921386492538,2.3983045315107527,2.45735050083815,2.4750889153221181,2.4768870516521435,2.5078681969681562,2.548957522835344,2.6028726097927106,2.6250266135872109,2.6321488278227414,2.6541266147101981,2.6675603976520259,2.7105459597917765
0,0.91993208337740984,0.96582211905390436,0.98588147942530568,1.1822495492874714,1.2345961012344167,1.2483724446929885,1.2738176673430155,1.2856707674187315,1.333398734827588,1.3717249326999363,1.4010501322559308,1.4554733655578462,1.4723794661290954,1.4758927279841529
0,1.2182559184170054,1.3146751071447988,1.3741818700878128,1.5986984286402992,1.6740048836163284,1.7274471712246697,1.7472757986750915,1.7757017172775125,1.7937783607197968,1.8260914321666359,1.8511896238135068,1.8972121166569491,1.9066154610211239,1.9117609446900341
0,1.0743887207082234,1.3214285844397022,1.5143184425332978,1.6217778148679489,1.6528688873613553,1.7425969984741394,1.7478738893281831,1.9310542967641562,1.950445327735012,1.950921271351812,1.9705101940357679,1.9937823389098863,1.9974748466201695,2.0095079448922757
0,1.2555650323567,1.2840706579765204,1.5521421814382534,1.6500876378507721,1.6830893410332808,1.7691980621735011,1.7926906077286431,1.8418829696423362,1.8511896238135068,1.886775346400801,1.8976461558223834,1.9412950708927188,1.9804176969893315,2.0138106572152759
0,1.105837749044029,1.8369748818129166,2.0044265626300368,2.0806591763954598,2.1687204260589636,2.1825471383271293,2.2279029416489222,2.2757339109163977,2.2916355153629597,2.3946390629197039,2.4252296185120641,2.4580158288649203,2.4581392051820505,2.4857005428890675
0,1.4359560472250177,1.5963335817449731,1.744805846053606,1.7749896557255436,1.843947656909465,1.884016386512771,1.9211595299256685,1.9836719801289235,2.0100047119086111,2.0355632341462591,2.0459100326126261,2.0491610962549993,2.0517742494578814,2.064895967533122
0,1.0034664352930072,1.1930680341285873,1.3629678683043056,1.4338130911983578,1.5294092586871515,1.5394335380659669,1.5614337590448062,1.6169951188911027,1.6270679207421275,1.6333713012701117,1.635190051134064,1.636242121765932,1.638363310110208,1.6422096445155379
0,2.0580770472817571,2.1823583673749094,2.1960619247391922,2.2041502963726969,2.3020317803596351,2.316125354989806,2.371574544147959,2.4020512085377899,2.4056207122244402,2.4877213094911088,2.5574840013666322,2.5631896595735735,2.591135695797762,2.6059770720133879
0,1.1801457655220819,1.4038579155525768,1.6023151490545127,1.6092972382524953,1.6702778356557502,1.7717332839937907,1.8413065329302787,1.846000957823944,1.8463924897501616,1.8483239506494009,1.8586909666744273,1.925950425715941,1.9331435136335879,1.9728140017964733
0,1.6818445012601237,2.162003181442071,2.4774204616703237,2.7365099516751465,2.773680010773024,2.7956715561592325,2.8238857632028287,2.8959009826188731,2.904695698226718,2.9246446765890282,2.9295075038762657,3.0200142017622684,3.0432706452822029,3.0704321835869943
0,1.9136344249310733,2.0132255217647783,2.211441966813803,2.2255593834577314,2.3132431011028318,2.3157678524673155,2.3394470127370388,2.4131133350865577,2.5222719144358545,2.5338621380605661,2.5512181947591461,2.5806541351399845,2.5936532638378882,2.6022951761919524
0,1.2869434396688639,1.7687752529974332,1.8031050452050312,1.8870377525106916,1.9004285340664349,1.9013365308796981,1.9344402396055775,1.9799301027808576,2.0186876358819257,2.0274344674405111,2.0275884059067564,2.0658251120303213,2.0961992974054877,2.0997352902589403
0,1.8693812610970724,1.9774487553883571,2.0480115591484749,2.1532264527568037,2.2448511179903088,2.2568336589193616,2.2627251173609508,2.3492054336955155,2.3772909679291723,2.3956994822925113,2.4038661459838355,2.4040310705827546,2.498594060754197,2.5174018240321172
0,1.8085250352551323,2.2135787465901022,2.2354166938316267,2.2763277039638785,2.4184177153704596,2.5214930786694665,2.5241692196472374,2.5529415174439736,2.6484425803207547,2.6549257631092451,2.6666725177139536,2.6881937242177543,2.7462623778019939,2.7922377792467805
0,1.7260682984758153,2.0838524581900182,2.1567065187535901,2.1803484730983942,2.2387526862881484,2.2629316759287641,2.3713267066193553,2.4475250007222229,2.4705046232250316,2.4764069889719136,2.4966233834103835,2.5007396412683276,2.5265789093889754,2.5544127656980402
0,1.2369088813057376,1.3419824165365162,1.4655016522008328,1.7979009037858866,1.8212250306677606,1.8285415816710584,1.9257891157536502,1.9967609862331899,2.0063210247949308,2.1271678504211726,2.1491087033897376,2.1564867719940324,2.1619531183670149,2.1679474741322329
0,1.3093017431321485,1.3546594715073561,1.4308682465722242,1.6745003713022784,1.8534882939707984,1.8723754083905251,1.9020461472809753,1.9375751838901425,2.1416786957979581,2.155371915594873,2.1582985691460914,2.1583129293800289,2.182155825593914,2.2235806572842369
0,1.4135063694282188,1.4656819877358385,1.4938387020406418,1.4940457062000265,1.6817891573348416,1.8134777024306525,1.8221827410025639,1.8366513759763787,1.8622299947451724,1.8690424713683209,1.8774105881653185,1.9198188113300783,1.9890083456695378,2.0091545679678253
0,2.6236754952313581,2.7497631495644677,2.7924643593905221,2.8846249547917941,2.9277970924062582,2.9287290582800209,2.9342665698803119,2.947761585129955,2.9689920312489986,2.9806777555414774,2.9821950324561439,2.9837763387983878,2.9967842451270505,3.0936216107061787
0,2.4278773096807447,2.6065310924811378,2.6585254028910565,2.7610231577559241,2.7795239024858369,2.840164667411464,2.8875544935801201,2.9175435367138522,2.9505216421417142,2.977100842515751,2.9803205034890485,3.050557400578235,3.0612522721271644,3.0633983188101124
0,1.4834955195565322,1.4854871943614631,1.765677450581183,1.8606918067932809,2.0003428407945951,2.0013831057076046,2.0240149466271156,2.1059309551332301,2.1262179224087756,2.150622936946248,2.1640748447478102,2.1690650920388594,2.1864298217472053,2.2141395282046799
0,1.7717332839937907,1.8963378591830344,2.0309067663384885,2.0673109920499662,2.0871714300248008,2.0918323167484343,2.0921425358180672,2.1266774233513068,2.1782961677916641,2.196794701786275,2.203897577623056,2.2155353413998111,2.2509953479151572,2.2581210103645213
0,1.394459267874433,1.5015129306175743,1.6077881698633194,1.6358890405929118,1.6821996970826414,1.7123307240482322,1.7154966612097022,1.8008831072640614,1.8483239506494009,1.9179384441299918,1.9282414168581008,1.935041482016258,1.9412931881623849,1.9675027411372008
0,1.2608485319153415,1.5564844146366497,1.5775213606496421,1.5778416428687112,1.6028914767821758,1.6350610942133668,1.7211543790599708,1.7902352728185913,1.8166601471108283,1.8374308303680478,1.9104874959717086,1.9729067207298605,1.999456465960977,2.0035328919428017
0,1.2647292633906992,1.5995057299512756,1.8656911465525625,1.9239610600196233,1.9602226444454494,2.0122221125080308,2.0213540298717616,2.0371701617506184,2.0418851203082786,2.0788534667432153,2.0848380871763896,2.1224782093939685,2.1673161748482381,2.1698740459757335
0,2.2242518787436572,2.293139877031829,2.4222283819902506,2.4604203948761372,2.5175608782081613,2.566569181949498,2.5774291276400563,2.595806325455579,2.6681937076897491,2.6944336647819371,2.7071592926062618,2.725060461769742,2.7664467539919695,2.7933761474721446
0,2.2838872238969854,2.3385851821721579,2.47237200254717,2.4948804842118806,2.5243022990130939,2.5378083364240576,2.5766167609683066,2.6569348970705562,2.6751277827909536,2.7018222891129886,2.7539296611550865,2.7571040082937794,2.8336389217881592,2.8511613986480544
0,2.6079232203980975,2.6497863828724428,2.7156061665059457,2.8608205382546572,2.8651792671043741,2.8978214849996689,2.9225982387395755,3.0135280564500411,3.0609930416644637,3.0789879706412751,3.0790595677906047,3.0850309736753827,3.0935785735134984,3.0966264955337688
0,1.6459484078480311,2.1278972822001312,2.2125174954717903,2.2245774006336556,2.2771667461623597,2.2855072054880989,2.3445587016048282,2.3471421125277896,2.3660380286493083,2.37088168036066,2.4257500525684241,2.4295856333433399,2.4379660342898815,2.4728379459036351
0,1.8423740835145845,2.2188675669481075,2.2202775673743558,2.2317857402698156,2.3347793337277229,2.3376606120600387,2.3601474426858755,2.3748785472113068,2.4250575070152824,2.4431569732145966,2.4770309847214991,2.4827052533547014,2.4836231472829362,2.4870173910083682
0,0.76780258110150723,1.5358677675258143,1.6208487453358102,1.6434811924025046,1.695564110340243,1.8214123230834591,1.8319035687377339,1.8912484111822288,1.9286477249227092,1.9582966959042594,1.9726913814139062,1.9954813278697729,2.0201135932313603,2.0283502170646082
0,2.0267552823295039,2.3967993449081275,2.4567244632891212,2.5820129603545308,2.5877677130544385,2.7421769455553862,2.8149433083939375,2.9280505817040439,2.9763856373794679,3.0349947552066845,3.1549264429471084,3.1626098078908855,3.2135956630461799,3.2507009364308601
0,0.77309898199662108,1.3966864060428694,1.5494147441116244,1.705594006557827,1.7061377522394918,1.8942186125352489,1.9555159236435837,1.9557466530195584,1.9645575355223677,1.9912206297834742,1.9936878795722748,2.0986469031527113,2.1443061656385152,2.1477712825193729
0,1.6654801624031343,1.7011418537257545,1.718466176103717,1.9017621964385711,1.9639096199075678,1.9968407504452741,2.0767554542848337,2.0862328840055206,2.1347745717224487,2.1909690622763498,2.192562594414138,2.2352336154445447,2.2518002029055313,2.2638696006829111
0,1.1617701705391705,1.2495663795666623,1.4593833251654245,1.7894624317676202,1.8472564412555093,1.9820031800209668,1.9892020822494738,2.0065557250563537,2.006775246787238,2.0630112120127997,2.067843968527892,2.0707851852980301,2.0985860133865519,2.1309683292393649
0,1.1667100033424154,1.2316093350365214,1.4584665141980588,1.5622252726820172,1.6722347697095281,1.7655476079295698,2.1182208732893919,2.1286556291939691,2.1400627810448425,2.1464512983783646,2.148461643327352,2.2073146494173392,2.2170625373537503,2.2197666296632792
0,1.7239417594358952,1.7418020062213804,1.7937921307519773,1.8000835301586149,1.8829371559218415,2.0028576885667895,2.0466887698323042,2.1507432589115312,2.2127967108435214,2.212814802451879,2.2291815554241183,2.2320379496850151,2.2473421761479115,2.2815468499433966
0,1.6221883034470281,1.6276920409716251,1.6676721121926672,1.894689244582044,1.8961652257266559,1.9299573400799019,1.9389248904067942,1.9557980588526769,1.95873723851936,2.2316489158465309,2.2882568621292512,2.2919673972395174,2.318596148778532,2.3396430721599004
0,1.6036372389835434,1.6374472827401649,1.9914154370118833,2.0931440108278285,2.1357766426951938,2.1668308701852261,2.1925547342671057,2.2285135326323799,2.2503133823836645,2.2642581568771418,2.3182668528776276,2.4048517382716477,2.4768094162210703,2.4926358012779826
0,2.3649444754274516,2.568426313259998,2.5999931182922285,2.7194571665082052,2.7692261423046443,2.7733758033872769,2.7777566052482192,2.7844839698666131,2.8063685349052427,2.8868477187620174,2.9153786450994184,2.9257974489834524,3.0062535556680063,3.0094808514688811
0,1.3734650969947886,1.4088359474976266,1.4390538308204301,1.5501475540721754,1.6289855654615104,1.9344908333773572,1.9435816783696527,1.9489558914192655,1.9900028406899772,2.0356829031547927,2.0675391241030723,2.0707044649960991,2.1650995585505619,2.1720645394428155
0,1.5449945142890893,2.1011615183759829,2.2284210908468509,2.2339190969846139,2.2502898836189131,2.3059231133556004,2.3921821436874984,2.4110019526001718,2.4497259022439408,2.5461249544459381,2.5896909528422052,2.5944234171554958,2.6872430567124206,2.7084579314386716
0,1.7077488225851933,2.4871097181559629,2.6158126135110567,2.6277713178040312,2.6965341348955625,2.7073464345212304,2.7183822202221486,2.7452324353724298,2.7886629648197632,2.8194607167598154,2.8263064171215246,2.8617753531761085,2.8706872150417788,2.8725851536943212
0,1.2571066798969213,1.6074021523491475,1.8087993642369207,1.8217719522842872,1.8472021408374046,1.9331900645529512,1.9734508942678692,2.0471958288465353,2.0819929893929019,2.127194717832376,2.1621418142708628,2.1813090235737516,2.1823563777595743,2.2055074942481379
0,1.5621264291147754,1.5769570810042375,1.6323985543235555,1.6918218438344057,1.8018986288037322,1.8101865137658104,1.8318480406228088,1.8690814174729926,1.8762378585226507,1.8767731428218462,1.9555276203504353,1.9567962735737316,2.02949607989073,2.0321868708922692
0,1.1543154849422841,1.2018192274094257,1.5184412066987045,1.584065603146861,1.8557534949502024,1.8628390137956292,1.8973281754175564,1.9134343750173806,1.9227901396194864,2.0430250734688395,2.04456699420576,2.0670861950445305,2.0775910203427639,2.0885422873657
0,1.9361817023966867,2.5205746406393272,2.7381845028327505,2.8196454100616757,2.8576500889858978,2.933162175142022,2.9411031826855529,2.9611520813266301,2.9642672344870999,2.9844409722033074,3.005984794591082,3.1502500071077679,3.1637627745951105,3.1661843185946328
0,0.92619930534966077,1.4798921972575856,1.5500729440742913,1.6177627533384298,1.6303657327054237,1.6414731204141657,1.6496033016580272,1.7168583686303209,1.7193133393052387,1.7610495234151151,1.7633168612808658,1.7912098666555685,1.8009764421061711,1.8119624471238698
0,3.2269060910318199,3.3656250506107779,3.5526064253844316,3.7265565932808649,3.7566155944500967,3.9481484869342847,3.9983520626722959,4.0282153093083055,4.0649492164212013,4.117392568289846,4.1522721929519539,4.1880887663994759,4.2362667825216098,4.2420669696050233
0,1.4528701141735756,1.6383243333742583,1.6411559209241184,1.7424460892763536,1.7586751560765703,1.8957288616661851,1.8961669394204355,1.9224112011921233,1.943579357639778,1.952417600100903,2.0109265718011655,2.027544138518,2.0396872401682797,2.0825163132404909
0,1.3632892220845294,1.4035234301886541,1.411705736603631,1.4256506434473182,1.4505569724134562,1.45742634260866,1.467991439657361,1.4777841733985091,1.5081565923802558,1.700776226178274,1.7029148082338881,1.731868893495772,1.750657761781125,1.768446605128543
0,1.5413038865561053,1.6194647263017676,1.9358623186575579,1.9967454181722204,2.043067374843631,2.0616863831795746,2.0669617191569727,2.0807134152550191,2.0876646764652271,2.0983999984087029,2.1901292679007209,2.212184022075617,2.2153387790895254,2.2224275262134729
0,1.5900998190413362,1.7088556320897794,2.0309067663384885,2.1003435296992663,2.1157002017714084,2.3204550467048231,2.3441505032797734,2.3685645458175828,2.3687937903456522,2.3793783037180893,2.4014226312985678,2.4373086909005726,2.4680833220654743,2.498124369845911
0,1.6102784174303031,1.894689244582044,1.8950303659236065,1.908677067462089,1.9306229022555104,1.9639096199075678,1.9812872860607,1.9871863094038069,2.0300836680322707,2.1579862191940857,2.1654946946705063,2.1775740430510719,2.1941868911799758,2.2296913605267874
0,1.7519913615309732,2.066652057640006,2.0957730316187289,2.1029048919864755,2.1404481604834218,2.1411418324055611,2.2256970920091308,2.2330948478895851,2.2361104700848302,2.2399468190975806,2.2502319887496913,2.2753794878827183,2.2863744285732759,2.3493014784836133
0,1.4528701141735756,2.1235828192179587,2.1808678432421909,2.2357665148742898,2.2594765454102905,2.3797498524245881,2.3893111632901518,2.4093018454603952,2.4554497217297788,2.5300513024490412,2.559105896708842,2.5730292171692697,2.5883386701078934,2.6482357891181736
0,1.0034664352930072,1.1610021556325685,1.2097586752748704,1.4097674505469386,1.4152462274685229,1.5117225458503878,1.5434655653910592,1.6697344230703293,1.6722643764410916,1.6847040042858892,1.7294116924983971,1.7386190606380347,1.7809399111382367,1.7810934669785052
0,1.7051921640342564,1.7991934651056054,1.8332813672139161,1.8532651527823065,1.9564589368856165,1.9813536673546186,1.9901303973166493,2.0526264666567227,2.0980471526522249,2.1050651777439904,2.1523425516394314,2.1581844109143051,2.1781147116100454,2.2551014750249174
0,2.1454098413640645,2.2847248571434391,2.3507006619832911,2.46287933667515,2.5598460066371023,2.6083724068697776,2.6116315699148447,2.6257199327639267,2.7266662055685567,2.7290843466151302,2.7476000530636799,2.7594182422134135,2.7756965074621949,2.7930634865223527
0,1.8075556794118148,1.8965569808679528,1.9208807427023293,1.9797532559266822,2.1027872895228334,2.1480039774923849,2.16502201331387,2.1779287427625968,2.2813054808726703,2.2937977025157346,2.317392444022266,2.3227308177126513,2.3244176585922651,2.3387789326959063
0,0.93917603868665156,1.3876365646460518,1.4444589751051127,1.5156225968469577,1.6214273046956216,1.6775643738387205,1.7912098666555705,1.8009276554819524,1.8423454361555491,1.8826069477052891,1.8887918782904323,1.9349300311072426,1.9355882730070595,1.9462595560554139
0,1.9629381089316311,2.1570372202396175,2.2662615449845975,2.2670112116194368,2.2901941097470151,2.3143392207863056,2.4768094162210703,2.5194737440101482,2.5712303004805404,2.5977092420919083,2.6420589541840833,2.6603074725259055,2.6949654657617055,2.7410975048332058
0,1.5634346189324646,1.8068235340740819,1.8229252851938698,1.8469187178923017,1.8713653970611326,1.880344192653586,1.9151415941414389,1.9420620340185766,1.9479526495081263,1.9511218950900382,1.9621444810628497,1.965694646929445,1.9990073432122435,2.0207401284544653
0,1.3381639105625829,1.5516254379771486,1.6330076003688512,1.781405361108173,1.8172838858019287,1.8280549926521117,1.8974160742266357,2.012392901927361,2.0321860179663886,2.0575089576636945,2.0868742142090522,2.0941273432047511,2.1005304590518836,2.1257841319134423
0,0.77175375120913869,1.3286481839522044,1.3464561334413103,1.378371466259557,1.3872521542485343,1.4569397014150054,1.4635328370250151,1.4883673217255615,1.4984856213122579,1.5222560239499512,1.5425830136429313,1.6063583233927079,1.6206934434043214,1.6367924692107851
0,1.470356921308021,1.9147174674859555,1.9389149227913123,1.9895124699811833,2.0548331676221885,2.0872265825747038,2.1823563777595743,2.2112604809786562,2.3029248609095827,2.3872114472898747,2.3892695965239512,2.397740895540863,2.3999020693383604,2.4276220779753839
0,1.2369088813057376,1.3539654525953835,1.6157805072969815,1.7877456756320713,1.7879292382012548,1.7916294745700068,1.8057611682868102,1.8419537096672736,1.8521795397318013,1.8767225076816432,1.8900570474893184,1.9328382836982185,1.9337458381516046,1.944586154637381
0,2.0751804228006718,2.1752684889432787,2.1903015145950393,2.3063324452897778,2.321626247319367,2.3402448613088045,2.4330623157124811,2.4392904256073118,2.463680826773281,2.4858232843702113,2.4869033022531224,2.558843688069218,2.5890563158688109,2.6010691800970465
0,2.2332969935298039,2.2531873816312951,2.3204550467048231,2.3635126654918928,2.4154683144157896,2.4449671913646824,2.5162651028216305,2.625366585947448,2.6555168621042307,2.7124506243381474,2.7148599331263927,2.7438374652066404,2.798512696053792,2.8453437498835785
0,1.7488302493153944,1.8871521737222638,2.021986629169946,2.0895221196298759,2.1746948860563919,2.3841680433566905,2.5161986829352179,2.5461844805831282,2.5943504434580853,2.6192434413226913,2.7997097752469298,2.8472641258078992,2.8820887055427953,2.8827911560634432
0,1.4392666816591757,1.5900512216698464,1.7336761754570007,1.9643683996098755,2.004190566901519,2.0182037008328035,2.0791525143663558,2.1328317673203676,2.1632915353730291,2.1961625564029403,2.2249897532535052,2.2483909453431155,2.2526577461897563,2.257287126772896
0,0.90432777418560728,1.4291143805131148,1.529366368863879,1.5350210087624963,1.6931655710643678,1.7293603338235291,1.7713847430967578,1.8356027966574984,1.8390085942579475,1.8480631344651131,1.8674566691232235,1.8685122699312686,1.9267989739861113,1.9270241582396039
0,1.5374566335911679,1.9141397469743628,1.9244262331325785,1.9917508192236715,2.0721201547156247,2.222210449572509,2.242551638418588,2.2811415479401873,2.320065114448878,2.347324178180064,2.3632066102999802,2.4230025901084478,2.4281958988875454,2.4908926371037055
0,1.5192195028412465,1.7375200045444039,1.7627136007369608,1.8203218537085002,2.0496601224322819,2.0970948636142301,2.2694267202812348,2.3358871080137615,2.4703444867388176,2.503455741670487,2.5094187541397521,2.5112583850122263,2.5467647703425782,2.6240809064205668
0,1.2222454867255554,2.0029969781807417,2.1177506879655716,2.1271869307403533,2.1693690740145919,2.2065786642601872,2.3474331400365895,2.3796989704454448,2.4032511669412351,2.4078192658094788,2.4084302864949612,2.4756259535914742,2.5475782574036061,2.567144958971912
0,2.5133626085874154,2.9353728758851987,2.9510883480471297,3.0070427733072416,3.0795308608339669,3.0962664131099706,3.1079896871271093,3.1594165894011135,3.1694510704982672,3.2075861416127482,3.2106478319063161,3.2223132441205649,3.2227519291056148,3.2488517707046674
0,1.1813164970568171,1.3134491468631715,1.3856393104650939,1.4159230504509095,1.4455735131075351,1.4883695488003836,1.5129765960839716,1.5831555854200683,1.5878101251632508,1.6013255796918919,1.6418233870722387,1.6544997201561398,1.657740166272929,1.6588889484013645
0,1.3856056671445842,1.4555235002194671,1.540717208563545,1.8867779394030428,1.9123899852944755,1.9341718460078683,1.9353208407861229,1.9380668854556515,1.9499128680953304,1.9653040257624146,1.9993213217592916,2.018806403848532,2.0471947052037578,2.064587059539305
0,1.2336088328054895,2.0179195654656783,2.0201099205843565,2.1059390166720191,2.2468937399595696,2.2763277039638785,2.3464169671556783,2.4359689879839919,2.475650293096856,2.4931182856812333,2.5672646126530432,2.5673677187593813,2.5998759661713988,2.6008164041941191
0,1.8963378591830344,2.3497167867078259,2.4820442935294076,2.5499018999372915,2.6827549054534492,2.7314869517084941,2.7583382913842214,2.8741557739780199,2.8754953860387897,2.8875316928590711,2.8987905920838268,2.9417839680147764,2.9501545379013279,3.0121364701627047
0,1.4472134474856635,1.8423975519868678,1.8841659530025385,1.9057599393002163,1.9059958102647305,1.9557980588526769,2.04523193091718,2.1701089412195294,2.2788609610385233,2.2821239899889152,2.3292379208757703,2.3598082077662124,2.4299113888927653,2.4581197418239831
0,2.3187681546444878,2.5956887510971329,2.764559832247981,2.777349515905339,2.795905755912921,2.8323077154866971,2.8332607214907304,2.8451619517008355,2.8501919609519688,2.8631948073552995,2.8770111990017031,2.916157188037483,2.9460225263933864,2.9657626670963975
0,1.0555854453969939,1.4409039046143737,1.5228555860729995,1.5837626566299505,1.6870176638526202,1.7219782531125427,1.7228326702572039,1.7533016779004009,1.7783175924009718,1.818132920303118,1.8183394162106945,1.8291626455824435,1.8583212790574553,1.920384205681215
0,0.84853657496814061,1.1928304703465524,1.3716556264369528,1.3954277160854749,1.4672545050369101,1.6005032652136177,1.6564815921014153,1.6602430351941091,1.6953766687802163,1.6988845386312081,1.7053584395411985,1.707829460064918,1.7097413177858805,1.756470352310973
0,2.0770327188965099,2.2331415818550702,2.4677421125497543,2.4933600801211333,2.5594965431596459,2.681237951764273,2.7458443959106913,2.813772096455025,2.8303274380855323,2.8669285414664745,2.9127181204238526,2.9479168011914565,2.9537705643058514,2.9614200877544192
0,0.96524144371410825,1.3856733469402502,1.5176952621178501,1.6347649110585167,1.8563433677648704,1.866905267245573,1.9304273415806916,1.9421648002378455,1.9706568878867221,2.0258003479723148,2.0478636364490495,2.0553523028756908,2.0670822323942977,2.0740321964269062
0,1.8934007511442137,1.9810485975919856,2.2046221035576732,2.2146942852310789,2.2620115747628051,2.3239752664588105,2.393606427789873,2.4082024320341566,2.4521117446653218,2.4727510181112926,2.4943317842283155,2.5013440742699244,2.5483394768463032,2.5522947728696681
0,1.4180350683235674,1.5500729440742913,1.6730509488090304,1.6819894424504187,1.7063862108556926,1.7538598477326572,1.7708297152401211,1.776829958495648,1.7892576573592458,1.7915006111325085,1.8574279259463393,1.8739653036114952,1.8982003727589891,1.9079833187719173
0,1.4263966563985546,1.5487784106552605,1.6402003525697844,1.7853352104061528,1.8242697087667719,1.8595029988017657,1.8605281331257317,1.9056468567942506,1.9582487924302605,2.122706830685174,2.215929165059952,2.2221225449121369,2.2526116621771526,2.2911668799110996
0,1.616163416748466,1.790546065847753,1.9150758900905254,1.9264901132153316,1.9373464238736844,1.9515594918763091,2.0406178945585371,2.0486722955104706,2.0615602198387264,2.0863831451400725,2.1753374805255348,2.1763333666968312,2.1906298057438724,2.2040534089467809
0,1.8249277914310995,1.8947218336866614,1.9449851745323794,2.176289218853698,2.3782680611701452,2.4073570813618086,2.4152946839413145,2.4958024360733071,2.5051423805589463,2.5353565367703776,2.5857233453490411,2.5999051716870603,2.6024387321629026,2.6248689893466008
0,1.6194647263017676,1.99506203820156,2.2271289830015313,2.2598239767868464,2.2899481962503523,2.3316033407434973,2.3529598824681184,2.4198538272438017,2.5499934960529398,2.5562409725433781,2.5747732168015709,2.6063999753840807,2.66410014990955,2.6857535067081795
0,1.5871502437003151,1.705834503651638,2.044418670347607,2.1756754323701881,2.2515325831248378,2.2948503491193013,2.3028158283982263,2.3287991714325078,2.347028898194329,2.3748564140018251,2.4304467694604721,2.4575569232801482,2.5016697801083621,2.5414747796393935
0,1.2325302820207433,1.5845268497414406,1.6847834246874256,1.8238605309149614,1.8874089973058621,1.9013336736865674,1.9060487946424733,1.9173334745506658,1.9725129023399093,1.9819016162546319,2.0080081876261135,2.0184920832127973,2.036805557713909,2.0418851203082786
0,1.1928304703465524,1.2392356655968975,1.3082962102132338,1.5890839997824435,1.5956169526984394,1.6032718543280655,1.6144426329403396,1.6200829281419145,1.6558742236488015,1.6881023408145721,1.7394566772954312,1.7595491365884144,1.7668730925633245,1.7671694492626087
0,1.3943218895744531,1.5556048747690305,1.5737180949142504,1.6021978935714127,1.7710518189896234,1.8009886319300874,1.8132134857230697,1.8186548942861693,1.8258046488963586,1.8329533131006781,1.8781191733418381,1.8797340842448664,1.8836373174529177,1.8946876594999598
0,1.6106093314978318,1.8630901297549025,1.87073946585423,1.9907414762209847,2.1211643168762091,2.1523425516394314,2.1729600489670036,2.1943956118805539,2.2049803222006008,2.2099352097916576,2.2689788976431791,2.282888212225497,2.3247401931028944,2.3293502481144444
0,1.7029148082338881,1.8935445394190389,1.9159705770785802,2.0565660497159017,2.0779752590885141,2.1120115513531346,2.1826922534628763,2.1856737955061134,2.1958257529066234,2.2030074798163648,2.2035489756044897,2.2459898244417311,2.2813592654152242,2.3134303270749825
0,1.5900512216698464,1.6840365809823361,1.7422945106790138,1.7913605050214043,1.8165526176069933,1.8577246923997548,1.9990288042324,2.0011712902476657,2.0097710477910322,2.0345680617363282,2.1336690682576958,2.1830478775075726,2.2045324800261525,2.2668577835877146
0,1.1537971392373889,1.5138394041837051,1.6082415468027969,1.7030022352594099,1.7232932620363559,1.7593097955124422,1.7774056205980122,1.7836819558427568,1.791031873440279,1.7922984643649273,1.8083912981734438,1.8173103761733107,1.8747902859519527,1.890361962680724
0,1.1431982704000718,1.1617701705391705,1.6860015334611496,1.7000112821569708,1.8301193304597356,1.831210441531661,1.8383691460809215,1.9642807813362422,2.0360731452874572,2.1369155057688181,2.146626090483529,2.1472637227210876,2.1542464938864021,2.1683443848091728
0,1.7028444433400216,1.7298453035072416,1.7610509278031024,2.0428872892550554,2.0482407528834363,2.134737907754614,2.2552961197001982,2.2650363181472581,2.2775863172457131,2.401858066327168,2.4421563159428352,2.5112313115503064,2.5222222483477243,2.5338769812902506
0,1.1037670665636472,1.2020952156100146,1.3558955226287333,1.3653005391992508,1.4289754180468113,1.5075534878559143,1.5425830136429313,1.5451935689857779,1.5724114153282409,1.5980731672956425,1.6106093314978318,1.6311403688970798,1.6436197001801782,1.7205777945560325
0,1.9239610600196233,1.9758598182765479,2.0435098429384109,2.0598219530910229,2.0689430331834728,2.1457260702909249,2.1465554001873972,2.2357816588423289,2.236504847718376,2.2681451863191322,2.2759894632796991,2.3270958941214981,2.3331717305517019,2.3641243060420658
0,1.0135922592003717,1.5232593936744838,1.5413644942536067,1.5451925131537647,1.6102784174303031,1.6167103300571248,1.6207528081120701,1.6827143134607832,1.6928641185260489,1.7496911680910527,1.7879517694259646,1.7879853873918223,1.797750103486379,1.8745886809308341
0,1.6219274028074337,1.7333909520162043,1.7947581637844077,1.8788854998733211,1.9159544732764702,1.9821606595622643,2.0448847759164943,2.0518995184510498,2.0849953229549896,2.2500549074021614,2.2541273286092038,2.2681451863191322,2.3103260711239839,2.3125244852925557
0,1.6289588919860689,1.8855731358829004,2.0452383557424469,2.0575508629984887,2.3673462718939025,2.5041815376050107,2.5535696927941789,2.6010726690902026,2.6292275166485655,2.6551572794536855,2.6588612946757415,2.6932104081987389,2.7774359101664259,2.8216937236101622
0,1.0998874248700545,1.2293512668032316,1.3554536316331618,1.3561862833784653,1.4214942337548717,1.4453940733017738,1.4785318088834423,1.5065307022052441,1.5080239079697038,1.5550857788947541,1.6012892668507608,1.6095157450917805,1.6213460249826595,1.6423880584134947
0,1.6429403444000403,1.9314022698696867,2.0711610394761322,2.1339770149167614,2.3448414442018448,2.3492357007161941,2.3556772795362391,2.3774945078749163,2.4271047639949628,2.4309585452750113,2.4616515890328223,2.4659437069054984,2.4897260264161312,2.517791407323366
0,1.5844133823721724,1.7545615521432683,1.9258985471557177,2.0008298362622723,2.0431102800525984,2.0703529744563167,2.0901596502603019,2.1170067079822035,2.1195479204561822,2.1252960120722904,2.1264653149664983,2.2164196818572441,2.2721152773163467,2.275384136442963
0,2.2322314828089893,2.432761307216516,2.6904349062318529,2.7932778251924444,2.8311784408724456,2.8594925539233063,2.9146221313237883,2.9247376239595559,2.9716915740496312,3.0096599156160262,3.0471905539964976,3.1487689370135397,3.1622779685831239,3.1742946504589984
0,1.3432856336118997,1.3607030722921978,1.4193684533139495,1.4640735204448936,1.4897047965667498,1.5352136263467924,1.5366470817799285,1.5978303555325912,1.6362150700245013,1.7032539694637809,1.7104817662483522,1.7323904586204719,1.7833981355600639,1.7846982712771802
0,1.5763272910418213,1.7040057633982324,1.8264886857785592,1.8353568922601746,1.8496814138301791,1.9508796195408857,2.0060481079844985,2.0225547699594859,2.0299079219869793,2.0395865194575262,2.0512538844098813,2.0528637355799022,2.0948761865209344,2.1096677762013978
0,1.2018192274094257,1.2217253299350912,1.590199220133852,1.7609389419011718,1.8501789761933458,1.9037935115982918,1.9237062394766695,1.9283818708953784,1.9317699398847523,1.9664758727106373,1.9693275884400017,1.9897001132179126,1.9952459134366236,2.0111874026261352
0,1.5303021016343632,1.5682192649549926,1.6508602058459831,1.7458044691531966,1.8024882195491236,1.9870784245455215,2.0245891866894303,2.0393840845178666,2.0843916287402675,2.0978202077148937,2.1457121654769944,2.1462481519735732,2.1478533625380645,2.161042563275815
0,1.6323702644530962,1.6664029709294286,1.9715103155077764,2.0070334139478287,2.0272963739983916,2.0345917061775718,2.113268774059637,2.1705891600343077,2.2362476698561924,2.3166565409491824,2.333087872462976,2.4515645125607106,2.4830931614200935,2.5100575822647846
0,1.7221455705369564,1.753088293850823,1.8688580216148247,1.8721409594106146,2.0256430410943826,2.0734537289031412,2.1808141331398163,2.2214954221304719,2.2742708343931151,2.430644996018489,2.4394801467994576,2.4565391046305987,2.4612053810245138,2.4928784549931224
0,1.3664262919074903,1.5443703098636394,1.6038767107799212,1.6414003706387952,1.657740166272929,1.6843759016756172,1.7516574546900299,1.7739130247826673,1.8109141355436307,1.8286798781168094,1.8661274307431148,1.8903358845834808,1.8930501553690178,1.9449346491550279
0,1.2245598173151273,1.4732131784988443,1.5739998337391472,1.5798013177869228,1.6034259154965909,1.7915655852454402,1.9249086250259675,1.9497953954027598,2.0355827392362071,2.0680971240495665,2.1488434484300134,2.1750407219556021,2.2101156581547432,2.2152658966076957
0,0.98061209722642406,1.4725447211867044,1.4976287801160997,1.5117651673034307,1.5428709701415027,1.5859234804421691,1.6011604547577525,1.6434177275516355,1.7006827152749124,1.7191087759450043,1.7611683882985867,1.8054636157779007,1.8296526158431146,1.8527355287909597
0,1.8026423369309126,1.9656325027554129,2.0347620179784336,2.0929511259681934,2.1384544676483119,2.1498006229906763,2.2144107296752713,2.2405346332498239,2.2812994469965058,2.2919501812549781,2.3063190030750866,2.3241413277992153,2.3807442193220378,2.4665938637270641
0,2.6352622157218892,2.8470473732648904,2.8781917662890097,2.9010336385935953,2.9893517769360032,2.9897691306689529,3.2431882044949925,3.2479310827964278,3.2847961523136755,3.2876482687925321,3.307304767381479,3.3186444515802203,3.3316317646001847,3.3931830290186951
0,1.5726228279910783,1.8012773873629324,1.867873199949704,1.8792747609327123,1.9468050380574937,1.9816278641909655,1.9851240626166922,1.9933830087994673,1.9994823009902731,2.0540308965426228,2.1423063983032686,2.1880961087295292,2.2025279873654684,2.2409896597330596
0,1.2208364109399918,1.4051637686500276,1.5283729535486548,1.5366498521149743,1.5701020131806183,1.7215719493474557,1.7333493160249245,1.7355505182286333,1.7393369433014327,1.7399803193172658,1.800451465913707,1.8008975784606649,1.8758695512873997,1.9139068065940068
0,1.6881016689403816,1.8261983080514885,1.8921096059541069,1.9334592641693584,1.9343137316324643,1.94809092304044,1.9666489523493109,1.994868926328409,2.1790317068836611,2.2187268288767901,2.239657825155692,2.2598395747310609,2.2686974092476988,2.3223898419484907
0,1.6244579708782758,1.6649760476602089,1.7177100518144968,1.72440946014803,1.8090294572711492,1.8301193304597356,1.8458255884143526,1.9460572826994849,1.9799544927854142,1.9840154997064272,1.9944339301758247,2.0045600842082751,2.030943547174588,2.0348589289809986
0,1.3546594715073561,1.465083067666316,1.7263889441649782,1.7829273634585614,1.7926184119631023,1.8124856171505657,1.8423645255170411,1.8457434261663133,1.9255515640256158,2.0235301186971379,2.0582812371985701,2.0618542486580194,2.0659522940582793,2.086164564521678
0,2.3052963711757233,2.379412218131971,2.6641776838607178,2.9902116810305417,3.1847342951143052,3.2003877580620541,3.2211387304175347,3.2459037592090625,3.3439467998072483,3.4437999867950313,3.4741844866090696,3.5389422412982277,3.6444478104715885,3.6934230875133731
0,1.9609319294337502,2.0683891300943391,2.0931870398373689,2.1467419903620524,2.3276034974553408,2.3518472407085462,2.3575133773364305,2.3685336296760497,2.4127729613633884,2.4234618095496061,2.5152724281366292,2.5207546799781149,2.5479217104993501,2.5610145028167937
0,1.5975112144785029,1.6405869475265835,1.7871429761319881,1.9425199861773563,1.9533709879501557,1.9912954239599698,2.0686261220428186,2.1221840775825025,2.1282810758038231,2.148461643327352,2.1590636685134523,2.1753787617370524,2.2670664306245141,2.2866550395338399
0,2.1948405056896978,2.2511435122121166,2.3795205122074661,2.4073349594801692,2.4234757674691969,2.4254115434430976,2.4313312474481541,2.4859304319770543,2.590906082165815,2.5986261268001587,2.6380819964351172,2.6477821102672867,2.6640332361615235,2.7930458687418764
0,1.4095622153433276,1.4525797322679559,1.4602607062056765,1.6342229962832111,1.6365638717611362,1.6546487386473163,1.7279115403792413,1.7825959550336896,1.7952212034962922,1.8402359730646971,1.8522678446622629,1.9290209881905751,1.9443546049305385,1.9529651424154095
0,0.98416417865494754,1.1983448178151317,1.4084092446163208,1.4612276159292084,1.5546949559583483,1.5793848934137507,1.6156406725756769,1.6599847372615582,1.6628773390300982,1.6722196743984592,1.682538367222721,1.7416497424768604,1.7687887111627967,1.7706423365370514
0,1.6501181662716353,1.731123433634441,2.1021211712773891,2.1840339683676868,2.2667113466548678,2.3600946827617384,2.4712020101944412,2.5123524114536768,2.555202722335201,2.5635292375811378,2.567524111507701,2.6037760253316731,2.6876905152740824,2.7461478410749436
0,1.6811549367272491,1.8423153543942041,2.1455148584179264,2.1674408145913016,2.2703791369035056,2.3845464530022862,2.4223949818194903,2.4998275168004964,2.6016020058208666,2.6096502938823609,2.6253973432427431,2.631504322681367,2.7442768149105654,2.7739111204256073
0,3.2643201059813309,3.3080358667392988,3.3362014226062717,3.4459092304090864,3.4756451170885425,3.4784625504765088,3.5167649295602055,3.7144542998931436,3.7580168504001836,3.8201943755939105,3.828904351549125,3.859234654975793,3.9483157831736344,3.9662437934928483
0,1.8778247290801917,1.8875802958578374,1.8913169709820634,1.9955175682041315,2.0316065303995741,2.0858816057905845,2.0866049276707521,2.1407092611369447,2.1547613326985489,2.280498338394616,2.3257682666631192,2.3452785310470885,2.3588172431949679,2.3772817192794538
0,1.6519224821412417,1.7037390255565565,1.7063862108556926,1.8030538131245355,1.8427085717942502,1.8479897265927421,2.1468336373662011,2.1531940598340631,2.2598044711048217,2.2988157071202524,2.3311316668200783,2.3507801929385788,2.3540349229169513,2.3884482828277647
0,1.6971768519481081,1.8059767979164838,1.9959371230028948,2.1216862199446407,2.1680330502668355,2.3203673565850922,2.4369837229249369,2.4623655626949614,2.4902814726729776,2.4911354548484756,2.5330819134790379,2.5553245331174388,2.6161046936073924,2.6310134854335119
0,1.8900982007779887,1.8985377449944818,1.9542197505500345,1.9713509643492428,1.9938470006943256,2.0137190354616421,2.037587797419631,2.1004133827163427,2.1233392436853391,2.1585045607447224,2.1996935644517812,2.2176073536659113,2.2398328520557413,2.2412102695735765
0,1.147458290564747,1.5929383442497353,1.5998212093292807,1.627588742614271,1.7630566118778186,1.8419537096672736,1.9412975114344548,1.9855855195810184,2.0167499877109036,2.0374103776374821,2.0742589493828261,2.0851737024511112,2.1264903095888763,2.1285298451732229
0,0.91162652371161912,1.530427154974304,1.611294472939159,1.6128359642522072,1.6457250777018744,1.7154425176514714,1.7419575244848029,1.810048006542885,1.8394131429182308,1.8820277607957152,1.9486105058675649,1.9548094601512711,1.9630832786143417,1.9721914944812271
0,1.0383502635246573,1.3513704848512011,1.3611056796311756,1.4325244349305648,1.4643378288544542,1.493943149342045,1.4948633210718025,1.5163141530997795,1.5621264291147754,1.6180288442917625,1.6448685251653756,1.6467765189532955,1.6579836681478195,1.6606310181320088
0,1.0644216666312305,1.4515322672842697,1.5993087104796981,1.6732230390672174,1.8152557220722516,1.8279438310668126,1.8315711052356567,1.833113655205902,1.853582802499522,1.8939327473254068,1.8948435170238616,1.9116115160122318,1.9677691243295101,1.9800137542008556
0,1.6010802528816948,1.6942890230919203,1.7097413177858805,1.8120565602216472,1.8944754295482007,1.9077511074422029,1.939960044614305,1.9773697438543885,2.0333855228308719,2.0826273247785867,2.1551014802155803,2.234574774011755,2.2512405831875002,2.2799110832093241
0,1.2948679905119567,1.6834071725232644,1.910468223550704,2.1711628512719279,2.2079480845341033,2.2176073536659113,2.2865941868806772,2.3108055564466494,2.3444262862536207,2.3910700648481837,2.4403762700004461,2.4555362081869267,2.4702373797828963,2.4708811596745175
0,2.1376981790050253,2.1507203910812138,2.2505734054763824,2.2706410419406593,2.2780910581003342,2.3474847928319513,2.4283719350823305,2.4867287309803605,2.5310695279195854,2.5387843363981863,2.5771398794227025,2.6325204108402493,2.6340748750057257,2.7072863871834394
0,1.2633837152803185,1.3636171902784153,1.4400931888013275,1.7330791349079688,1.7550485541898693,1.7587216904155025,1.8285415816710584,1.8343137821103379,1.8823460065184567,1.8871496015543914,1.9001532524876696,2.0325772097600927,2.0460962919161467,2.1470886941053031
0,1.4470692815770627,2.1327230878959189,2.2802597187912803,2.3626134629924564,2.3688220003957317,2.3706074697245563,2.408634588938718,2.4281958988875454,2.4793145417814442,2.5282052810644529,2.5500914395847101,2.5889057123144483,2.6008285997991454,2.6641034265187407
0,1.4983991986614944,1.5566079432416671,1.5695389025720876,1.5819138730026681,1.6062313474466154,1.6776884888972272,1.8165521652183925,1.8446473319227805,1.8535601851957755,1.9467016056322126,1.9515007022588968,1.963290783895514,1.9662193109177959,1.985112571009588
0,2.2555648787574847,2.5203336377764072,2.5515228435612318,2.6436460149304835,2.6511806700610121,2.7219905818998904,2.7861991631396652,2.7989474722320229,2.8070441651545308,2.8132603988637723,2.8810078391071898,2.8821542573039545,2.9291461318271463,2.9405115540095972
0,1.5428425491123616,1.5488300650146325,1.6294401979056934,1.6411573887008801,1.6875920622258289,1.7179450028478525,1.8433941959732481,1.845961150945348,1.9115953965309127,1.9356586474709956,2.0082582946019305,2.0173861615368356,2.0286218864196024,2.0475187202395677
0,0.91461773790734346,1.5074871887495673,1.6092237798505558,1.6641736744748052,1.665812744482345,1.6701034495487692,1.7747422289259462,1.7790281483035859,1.7958389473244882,1.8184447657130902,1.8342356000414457,1.853966181853578,1.8792120815503222,1.9505451391300772
0,1.538052806917042,1.5394154501907533,1.6846687852173152,1.8291904041879874,1.9484553035972425,1.9744692212326109,2.0099050886361756,2.0145450255605142,2.0199362828167544,2.0598191489737907,2.0636877770949469,2.1325266288606453,2.150870835858349,2.1779655553566255
0,1.1520471732617208,1.1589752777965954,1.1835381999852299,1.2539988020026427,1.3957988418209364,1.4593282570240456,1.5115427587759691,1.5653100449232944,1.5840201758472126,1.6444422205805995,1.6459145240677497,1.64871998309576,1.6496604824386349,1.6681356128436402
0,2.4622897262637697,2.7152208447514772,2.7470698425814537,2.795905755912921,2.9495188245071291,3.0791519470829924,3.0931227610719572,3.195893530679033,3.2177096963800667,3.2331289355841526,3.3340095828392049,3.3761809524105497,3.4091586923927446,3.4214521952077006
0,1.2050430259819427,1.2384683863693811,1.2846600420430019,1.5067805066492368,1.5081565923802558,1.5237776098867106,1.5318721550860326,1.534460626242387,1.5462518143117001,1.5888427737120112,1.5904359152219152,1.5934067378493146,1.6624180847668795,1.6647869258671131
0,1.9197195664342581,2.0818462627662839,2.1257684464550204,2.2032992346194291,2.3801221952888825,2.4255250845949918,2.6290882414960373,2.6689397032892903,2.6863043761100123,2.692292467629763,2.7213693587908234,2.7525502293801485,2.798635207925384,2.8130142708245254
0,1.3662304364169775,2.1671521186471394,2.4232246353902731,2.4251776180952715,2.4509443824781263,2.4559693025444438,2.4676461450904088,2.5348848366905865,2.6043911765250494,2.6103867546217883,2.6394335011114491,2.653428348596274,2.6640332361615249,2.6736611379665232
0,1.9968105961192166,2.0220654713302122,2.305528579131936,2.3606183294931702,2.3768182328537151,2.4572476504608205,2.5373325595125262,2.5870891857731393,2.63833399089423,2.6485638703761873,2.6618261544351798,2.6774790406852675,2.6932080072312621,2.6934540272904335
0,1.6112927322950221,1.637439958776705,1.7953612599387634,2.0110078674566974,2.0789174774852852,2.198799348928282,2.2012305412109181,2.2270658689978236,2.2501640164951939,2.3146461046745728,2.3160297716232892,2.3348910258494628,2.3692714905600956,2.3952392354729088
0,1.7829020126350577,2.135160668065323,2.1490081477508705,2.1893379183149255,2.3137316204984151,2.4561591109821053,2.5351532775012697,2.5856634796320974,2.5943027888414329,2.6200648450001536,2.6351444084537134,2.6618060950761864,2.6972196445722809,2.7569770053933098
0,2.6037267481205482,2.8343111716096883,2.937266416838157,2.9733388251927231,3.0299341344537818,3.0349695054183083,3.041255902171895,3.2102452522490488,3.2751757678097233,3.367811820647324,3.4456418351305316,3.4983248097315069,3.5281880870680236,3.5481906886650636
0,1.2508102483398291,1.3780033997321641,1.8823207025062834,1.9938273065454559,2.1738444627787952,2.1937328229749493,2.2169908328395818,2.2509865901207684,2.2632019111393595,2.3199480198524589,2.3430585890577453,2.362800432921083,2.4129669311807316,2.4194019488496741
0,1.4473886082318386,1.5078423494325179,1.5588257257057321,1.613076163234102,1.6456347048720883,1.7691980621735011,1.7893654481907837,1.7960409051678108,1.8001545143390671,1.8559313128570076,1.8686944469968416,1.8820765299620941,1.9515045901385155,2.0297217839931054
0,2.6294014603362768,2.7857617193976338,2.9012593273336948,2.9894493256986094,3.0643787079198814,3.0874891868108802,3.0996570717496361,3.1130264664699943,3.1726826833087665,3.2059828134001629,3.2700764521862284,3.3132619240259378,3.3180185692785376,3.3249686572994896
0,1.2982823826416698,1.3145844113586898,1.4434285492606374,1.608849225215194,1.6174873362666402,1.7146807457413296,1.7214694854787023,1.7635601373089562,1.812856788153997,1.8782888353430036,1.8834825407310634,1.8876658791400376,1.8912045091842016,1.9646421434359544
0,1.6132455613176822,1.6138640507857362,1.680561889097546,1.7372650538724332,1.7945154504282808,1.8156331246705111,1.831576014644003,1.9253233013642848,1.9416859283124965,1.9745511730680227,2.0661665029262681,2.1035018914215868,2.1097861163196492,2.137332997233055
0,1.3019017324496727,1.6077881698633194,1.6180181670643654,1.6444422205805995,1.6721989266949415,1.6934062925064914,1.7014625526046392,1.8168541820655861,1.8338530583041173,1.8519866071507212,1.8699925829728445,1.8754863458848592,1.9379149507079694,1.9437188872519644
0,1.8715538911690603,1.9802915889667476,2.066655108537085,2.0728839116873736,2.1268309683766189,2.1275411945828457,2.1355431126929263,2.1629914401200208,2.1730466657706158,2.2072605752658592,2.2615031320083756,2.3139445866916559,2.3207330685011942,2.388173881212809
0,1.2395493643728994,1.404633602169423,1.4354736421384402,1.6757228404747866,1.6816004406970666,1.7251458025089732,1.7926906077286431,1.8340719619487038,1.867752073274348,1.9141532202613405,1.9162225523068852,1.9529456879309748,1.9797233485731833,1.9808678514227114
0,1.4790168339911753,1.4815939577102077,1.5422254938490108,1.5789459923986322,1.9315804387056714,1.9816247715322761,1.986270406377034,2.0027129903630736,2.0153083704804864,2.0196364940010181,2.0526843908076486,2.1090990954089643,2.1107989552886157,2.127031597280868
0,1.4018349300443678,1.4311836569928833,1.5776119449192401,1.876756751896548,1.8988242320391706,1.9035574356372076,1.9093105824546215,1.9163203828622311,2.0731410544371194,2.0742539838533487,2.1059257961903635,2.1178785603298658,2.14511945532265,2.1772897015253587
0,1.187816561376809,1.3299919824527564,1.5657747550435905,1.6010802528816948,1.6457250777018744,1.759221159704411,1.7658182597042016,1.8183687983650008,1.8457775619639054,1.8549115751455643,1.856907189018538,1.867873199949704,1.8738442768252976,1.8826699614695805
0,1.7073202575129889,1.744506488300428,1.8807963552904887,1.9591366151384049,1.9787534201748902,2.0459901294647405,2.0979820594970442,2.1355124274928468,2.1377547837613409,2.1941615230087326,2.2535509655749251,2.2562451774604857,2.2604416162202714,2.2637982759071247
0,1.8085250352551323,1.9703412404976937,1.9720911022239467,2.0459100326126261,2.2930572455221521,2.3604052524682397,2.3730788918149468,2.3796989704454448,2.3906062070420799,2.3963690947688336,2.4194804589739261,2.490603735940967,2.500335139910757,2.5195705793948524
0,0.92898625603786289,1.131571854611678,1.2140982558151479,1.3301249613677379,1.3667348666309207,1.3833968352585515,1.3909036406649611,1.5413644942536067,1.5462518143117001,1.5928280577195122,1.6701155310737172,1.6729854108680959,1.6860500849061812,1.6931374761940643
0,1.7074471839535512,1.7457131979995943,1.8020925123047054,1.8444215659262355,1.8860816856361908,1.9799656044942335,2.041790998737806,2.0457994218858202,2.0522147060522586,2.1178857743016968,2.1394982106577629,2.1563659167843565,2.2409797711834751,2.2762089965659502
0,2.0132417723911442,2.028099477756391,2.2911366390512438,2.2946538980390905,2.3347793337277229,2.3707820067246503,2.434368980682128,2.4725658916059365,2.5360206337432007,2.5715118533402883,2.659339972604938,2.6737458677671047,2.6983055136357899,2.7138744366407965
0,2.0939718009915151,2.1211643168762091,2.1784995316349574,2.3937936634749057,2.4401389814413736,2.444901541686229,2.5207138188276779,2.5505635915868332,2.5795083897343432,2.5819523750395583,2.6015423375892111,2.6240993859344601,2.6271664525793921,2.6486869594189306
0,1.4539388543202749,1.9985839265201033,2.2097957979602474,2.26547051007877,2.3440437644358592,2.3913737384078164,2.393145372068032,2.449084147874383,2.4523218650277463,2.4765487620121833,2.5533822120400655,2.5567069732135694,2.586875680340968,2.5913010255244799
0,1.7042145451325073,1.8703680223222101,1.9973888365341019,2.117965538030282,2.2015464702447569,2.2363413195527655,2.2663306166019193,2.2896703337740365,2.3429290362052613,2.4409304590976042,2.5376790866906638,2.5741354166129828,2.5830133429003541,2.5871234752023917
0,1.9674320070775415,2.0341138284853097,2.0853823649381726,2.1148017975067148,2.1198998563114508,2.1272454115638175,2.1690638133469546,2.1693665924755789,2.2659785990530468,2.345567048358852,2.383513992366967,2.3909275212506538,2.4295854743407843,2.442098442339359
0,2.9054873720269851,3.0122512039453229,3.0281608668398041,3.2571642390363271,3.4281009496672254,3.4295966823525741,3.4595731890504036,3.4779752269573732,3.5479866015524526,3.5917384710084415,3.634546689599194,3.6622048918192456,3.6704441278332056,3.6804301894802758
0,1.3524431346167349,1.4456888536448207,1.4976287801160997,1.6198995000709482,1.6855198724744471,1.7555904419923656,1.835867837204314,1.8404171828799789,1.8791595243421899,1.9037935115982918,1.9323769607731553,1.9383138191312028,1.9571017031360731,2.0065953523698776
0,1.6289588919860689,2.0054786534076925,2.0869199635039886,2.3663575650795488,2.6067667998310444,2.7046390210818698,2.7249067207881588,2.8026107742468738,2.8069610164573904,2.9084610022560078,2.9121939239398706,2.9177086794977463,2.9231016911370777,2.9644932875484251
0,1.627144089206199,1.6336976602805107,1.8266162994222988,1.9287593314634004,1.941613453832818,1.9528823972525229,1.9799301027808576,1.9890360033376744,1.9911968309735391,2.0064363226971169,2.0230733289622349,2.0293579443615353,2.0436589595762462,2.0578579010894216
0,1.4262255716054346,1.4308682465722242,1.443241616417219,1.4727964080798877,1.618729042405918,1.6852112493416662,1.721530445266708,1.8285781473542984,1.8675483602996665,1.9082807674748576,1.9211669369644309,1.9270402478781539,1.983141588561619,2.0025551006625455
0,1.4270836026587552,1.4969726207385075,1.5175484408061388,1.8573344245295844,1.8956789736364197,1.9205874583155118,1.9291588347187183,1.9539153295703822,1.9800094202378977,2.0423597652726935,2.1009917437662295,2.148627594311781,2.1595047007941162,2.1762327745053289
0,1.2316093350365214,1.7544859220062057,1.9465722680533575,1.9981869317655967,2.0262968081818249,2.0528637355799022,2.0573744385971358,2.0624632543796921,2.1623137884957977,2.1679036552410107,2.183409410862529,2.1927815525985808,2.261885465609565,2.2765450488060615
0,1.6056396471944767,1.8679491367984158,1.9471779257116866,1.9672463677710235,2.0919532160768317,2.1305656360089507,2.1856620806734814,2.2198404550702104,2.2389429148993596,2.3396845771791313,2.3495329318309239,2.3550302796870737,2.3623251510473091,2.3682575093538887
0,2.3569188680615483,2.4182659380812086,2.419495570636998,2.6655196575866822,2.6722993914471331,2.6748009222381892,2.7381395079307427,2.7601852261860125,2.8617287750111542,2.8745196287013539,2.9364736969266727,2.999364568532382,3.0088525704625941,3.0486669385415035
0,1.2247538638610982,1.623600142941152,1.7056390105681885,1.8221827410025639,1.8242697087667719,1.8573344245295844,1.9025421875349637,1.905977097532922,1.9092932355718089,1.9118700650865441,1.9483173413558019,1.9801283809789421,1.9831967664929717,2.033919596129
0,1.1161080291726202,1.3191711028515922,1.3654231131438241,1.4157481775299547,1.421815413684435,1.5072379491908874,1.552690776784597,1.5653100449232944,1.5683726424940607,1.6488271111834283,1.6570212345078597,1.6919932554299644,1.7685648218645402,1.8323995937884971
0,1.521248066687912,1.7995443544496998,1.8233958124215708,1.8425923498626564,1.8835451871974243,1.894256348762595,1.9497566041464245,1.9590760768744289,2.1041278155929088,2.1504642023898537,2.1654946946705063,2.1774720136513248,2.1828227847223296,2.2171323908927945
0,1.6134738027369497,1.7757051693593493,1.8102112034726516,1.837018454258476,1.8950156184712759,1.9058313916982501,2.0670971246549787,2.080061072753888,2.1224099832279184,2.1461941633696702,2.153623157192821,2.1679665540152482,2.2258660289046515,2.2823850860603052
0,1.5574823793065851,1.7125409541484407,1.7260370431339682,1.7776069347158951,1.78780928330483,1.9203994540595375,1.9704429028551727,2.0596417945574697,2.1012603050992928,2.136362782807165,2.211406513189718,2.2880894834728238,2.2913744069083473,2.3426766605481526
0,1.2064200680766433,1.2567883294553228,1.2671929899528498,1.3887574711786008,1.442086525381524,1.4432067986499486,1.4551735818945482,1.4697997528283369,1.5786788946489678,1.661432263426688,1.6999814162760207,1.7144249646567771,1.7416497424768604,1.7873797732973862
0,1.5302660018081407,1.6978934511511135,1.7099046898783998,1.7486735695634965,1.873290956973851,1.9349780654478312,1.9511744911636777,1.9660395934102755,1.9899419185546852,2.0325911352884591,2.0686050332505452,2.1153736982726827,2.1529025716882275,2.1643977063344435
0,1.5705001181309581,1.6869813832226588,1.7398320347620575,1.8330713627248918,1.840011867369566,1.879472145819,1.9530506522790416,1.9943732016351829,1.9954706527020885,2.0083523970880832,2.0361174697420705,2.0656610733258565,2.0823799872039994,2.1127342132512554
0,1.4599207647627805,1.5738617168448554,1.7794542599622671,1.8214401455031055,1.9594217693693734,1.9938061011974997,2.0008623821623006,2.0030197286088023,2.0234402107430447,2.033919596129,2.0932278851127966,2.141060939254098,2.1946894860288735,2.2039965996543862
0,1.2012576414121769,1.547844987299833,1.5879069979699207,1.7870568315210147,1.7941906595758006,1.8552770585940308,1.8724025480575515,1.8764623626732742,1.8964950661461675,1.9333467347219595,1.9500736202917341,1.9590164689802774,1.9912206297834742,2.0438741107219087
0,1.3694349179037888,1.3903025238679898,1.4061111388801841,1.5245103553699917,1.5454119701213984,1.5746126119238812,1.6470397011457438,1.6807017745210671,1.6889014258155088,1.6926836125985492,1.6971768519481081,1.719997501347166,1.7802171345516256,1.8009886319300874
0,1.2396072772347937,1.294253671760569,1.6425426466518254,1.6643936285759926,1.7013671832113624,1.7209678307567398,1.7384933790459653,1.759585288379482,1.7604371740278395,1.7640177682528986,1.764904206886049,1.7654644158021335,1.779668402593199,1.7953869992746005
0,2.3932515895731306,2.4170506525823181,2.5377853103562287,2.5564793147795597,2.5613294063433143,2.5835657237122942,2.6235657402437309,2.6258896071736948,2.6613466450564967,2.6876754865029513,2.6900697248948404,2.7169278466251563,2.745675220126067,2.7740897799972442
0,1.1827495578892679,1.2129032254473413,1.2709915739826585,1.4519374551720015,1.5037271771252319,1.5538313124471539,1.6415621328937222,1.6682840122156672,1.6736848149918035,1.6839775143059779,1.6926836125985492,1.7159809396222734,1.762350732114758,1.7669608488946098
0,1.9059958102647305,2.5732917287175652,2.8209705413852935,2.948086214833455,2.955616678004251,2.9806882235893153,3.1267896451825403,3.152800844457003,3.1722251121979732,3.1944472382481504,3.2492174124939193,3.25560421371154,3.2953871397936876,3.3087948573288992
0,1.25848791748874,1.6276562964334051,1.8054039086699214,1.9043104974820317,1.9789958731857373,1.9953958404126917,2.031599145681001,2.1361042125474743,2.1969822780750468,2.2110139485007054,2.3138322918470062,2.358522512101632,2.3793384257285672,2.3923822636507861
0,1.1795980792791263,1.1875116807379198,1.6565485462055416,1.7377575478428076,1.7794542599622671,1.9927491977664911,1.9998510114860415,2.0625656050923107,2.0697459987479458,2.078599469648577,2.0964795155197429,2.1111858931055796,2.1717056228681075,2.2100368731106359
0,1.755663622723147,1.7614322031005893,1.9449851745323794,1.9838750998603192,2.0037829251135446,2.1006581776186537,2.1565771355717254,2.166761855597326,2.2070466726118081,2.2152658966076957,2.2704076996683673,2.2793962104914587,2.3611462822588654,2.3668340575357889
0,1.4183628800039132,1.5023328386777506,1.6759416495148756,1.6879856296198301,1.7187405373574747,1.8052772617729886,1.8619865916762797,1.8643834617565991,1.8757220966495429,1.8902444434214953,1.9305074778443243,1.9384012134727064,1.9596255553776385,1.995130079282277
0,1.6426721079944138,1.7409186486665009,1.7995084258391723,1.8310191737417949,2.26978129141327,2.3045403982402646,2.3532655087056149,2.3786679203421479,2.3849670408335775,2.4085273686106836,2.4542500641934577,2.4866228761943692,2.5320373244626304,2.5381863919518914
0,1.0527542175775093,1.2272498550556084,1.2569496687259416,1.3908576132547832,1.3920880690298112,1.5294113208937752,1.6350558364010919,1.6408053294359826,1.6469901726347411,1.6797620257644612,1.6932379404296822,1.6936724611949454,1.7365290906605237,1.7566287390319502
0,2.0545362004718304,2.3390320109168803,2.4361274797710366,2.4581562399412786,2.5003591233196465,2.5252093041006076,2.6290630271550759,2.662981448194778,2.7930950234081253,2.8983993923958939,2.924338149756847,2.9378462525078803,2.9758838706920936,3.0022841196796581
0,0.82457166842566598,1.9386583172664222,1.9498933230866868,2.0332162515089918,2.1586794029436116,2.1823038820239544,2.2040865706590145,2.2246389354630738,2.3534357744791143,2.4077669408905722,2.4085523615036828,2.4112867946951271,2.4269461107062025,2.4772744627922365
0,1.4441331998889806,1.4969001974503326,1.5169458077668647,1.5321079378134523,1.5554310330033554,1.6012892668507608,1.6787508134346483,1.6860085341726228,1.7281615540195856,1.7762969490977452,1.8004162263443217,1.9169274811418018,1.936223968114867,1.9489997167751927
0,2.4093128630751277,2.5557755066877386,2.7129664956812767,2.816737727057598,2.8391586104648145,2.8556410386285358,2.8922027899099274,2.9001897894969124,2.9293550811459288,2.942156578790267,3.0001635250545191,3.0010809988265486,3.0114366187426556,3.0354246279733053
0,1.3672216268475761,1.4435167724016371,1.682668287341696,1.7476334939069844,1.7861388487099097,1.8506321075514358,1.9613764024672031,1.9921105133879731,2.0916929812727538,2.1453689156844629,2.1747399378674226,2.1965702135204483,2.2527732024672331,2.2992023315423462
0,1.2782919221865774,1.3031433260251746,1.4261502638116843,1.4867841590595265,1.5218503260368867,1.5356291360678387,1.6210186920446705,1.6714005768831859,1.6732853628926569,1.6958033134985275,1.8021704247342176,1.8079843113623404,1.8125657912281232,1.828829524923864
0,1.5722967767579068,1.7819213839001553,1.7939417121374059,1.8583657482157201,2.1029469548994837,2.1160139205714499,2.1298826850637202,2.1805519009684557,2.2719143322707387,2.2859617218219097,2.2890916103833523,2.3226523525469687,2.3278803358445739,2.3372876161418272
0,2.0014388300034391,2.1438117069976892,2.1543761566872273,2.3011324598106055,2.3045955186101876,2.3505488929303318,2.5920695863953638,2.6441474600329431,2.6485879374573105,2.6597373139136025,2.6655196575866822,2.7385593028041724,2.748720941107365,2.9045825823453044
0,1.4845842542087284,1.6469774324436302,1.657404494090146,1.7545207285077524,1.759585288379482,1.853582802499522,1.9271435968000576,1.9271846930973286,1.9384057121664287,2.000402564652763,2.0061220809397682,2.0370943654807001,2.0631544663240819,2.1264653149664983
0,1.3109069972372107,1.5745947667876574,1.6387678137430022,1.8222106756479575,1.9189344708596996,1.9594290570936999,1.9879100733285016,2.0026530130371216,2.0511732731409871,2.0609679089130291,2.1128273516861733,2.1197004644897834,2.1339185054199645,2.1641740723381844
0,1.4473886082318386,1.5622676333375116,1.6830893410332808,1.6905435337100347,1.7582978829980263,1.777977727330353,1.7868928714201748,1.8397182187668466,1.9129830999477975,1.9162225523068852,1.938083301238869,2.0190838048022592,2.0570512908200502,2.1331345674167257
0,1.4960084232266577,1.5154301444234237,1.6019472417363207,1.6729854108680959,1.7006507319425679,1.7513332165138891,1.7540557083224584,1.8110965935509509,1.8317551540815085,1.8331641587909187,1.8411189232749476,1.8450331027349915,1.8521795397318013,1.866905267245573
0,1.877092190520198,1.9159544732764702,1.9758598182765479,2.0645744679944262,2.2090232876675766,2.2673075670398264,2.2703560978449002,2.3704424975452056,2.432103974370333,2.5317837676731956,2.5409315741060152,2.6724287637801321,2.6878007449001062,2.7079840868861949
0,1.4698400990149283,2.0009272287749513,2.0512975380265255,2.1551382917972282,2.1617956411916115,2.1649976688431956,2.1939359123116824,2.2145399318400942,2.2934261726063134,2.3287214036669033,2.3561900501980002,2.3701860235164958,2.3908935258529822,2.4021015771567131
0,1.223387085049418,1.7898310884822968,1.7975997287078544,1.7982767130056074,1.925622791519588,1.9389651709407458,2.028369826378952,2.03159069378348,2.096624958282205,2.1523312104894026,2.1722470774258027,2.2055173302907995,2.2237284148550378,2.2269595826678299
0,1.590199220133852,1.8409083971948681,1.8462321461877924,1.9000995761163293,1.9136254806239186,1.9352782742050934,1.999473053743287,2.0226248383689387,2.0425534983259079,2.0517605292707439,2.0883106287494773,2.0953473928103201,2.1021975433175495,2.1434382779397474
0,1.9893668115257992,2.0341138284853097,2.3709561610732766,2.4287156342210867,2.5108105261404448,2.5310559116099758,2.5999555261541327,2.6320859671966437,2.634484681780592,2.6368796149294806,2.6411962760600756,2.6471012757044288,2.6596135820426907,2.731074702057561
0,1.3040779989383049,1.6772367092832485,1.7010067013959851,1.7768356985131382,1.7870148126778966,1.8528120557124699,1.87323580305395,1.91442710407817,1.9204676311573745,1.9560381750072349,1.9682929628612262,1.9892128278855989,2.0607510180562274,2.0630007808269597
0,1.4289728947834515,1.7734763672205607,1.8783149969502577,1.9331900645529512,1.9440999254926059,1.9965281030417623,2.0450069981065431,2.1242263569287858,2.132736304300145,2.2855046607856093,2.3070971571245296,2.3853770888046508,2.4056815766714919,2.4340918048947975
0,0.96814353469046277,1.2543008719654509,1.2840131094042087,1.3520548855218999,1.354646824145191,1.4722273878595018,1.5024818948981429,1.5259884021292192,1.5742825601722479,1.6109932139890597,1.638363310110208,1.7303174222449504,1.7607583264760831,1.7700433987709325
0,1.8470516400006809,1.9920437691711046,2.1641410807200967,2.1721070075739002,2.2182338845686358,2.2436542054542787,2.2450510697566313,2.2690300183975913,2.335389478102559,2.35361573148634,2.3701871128476912,2.3708070720680734,2.3995633821534104,2.411223081926313
0,1.6264120348233364,1.759310636587984,1.8423016149527847,1.9839638428032256,1.9999086083852837,2.0347846030294314,2.0385147119663083,2.1392108478392604,2.1628704408240611,2.167606789086483,2.1681134227360017,2.1989701950841374,2.2441702330536106,2.2820114142390846
0,2.0663147736904142,2.5280428743166525,2.5984227867728418,2.6039004535831647,2.6772312755661081,2.6929948457072244,2.8003103560003844,2.8343111716096883,2.8847397031422322,2.8872976810186577,2.9556860665897737,3.0311881973656378,3.0618981785515476,3.0797194322678236
0,2.0086815546929504,2.4951361559862208,2.5043510392822026,2.5206703055361941,2.6741613234550972,2.7584720156791542,2.8097121400129392,2.815714128341579,2.8655522873709147,2.8759170673870114,2.901544177758717,2.9579545930601103,2.9798652749917198,3.1072992712908554
0,1.4256829897894479,1.4366758330091653,1.4741899835892782,1.5621306063422482,1.583904353942829,1.6301650172371043,1.6766916504880629,1.7027617101011387,1.7080118324624169,1.7431202082790773,1.7654644158021335,1.7680400802303664,1.789918272870076,1.8530854246898769
0,1.8472382520162756,2.1160594397214694,2.1570154707964644,2.1634363153611962,2.2286152583109162,2.3302593744289912,2.3473731988678703,2.4111034759629368,2.414114097192809,2.4156760836481452,2.4823648567990926,2.4909229657886378,2.5450986298779217,2.5705061366334165
0,0.76214320881076891,0.88790620972602896,1.1673199049057006,1.1966949764259802,1.2585268899773476,1.3893850225658855,1.3992174851369641,1.5110454382852603,1.5337137765796884,1.5618037981864075,1.5641101471376222,1.5682814112744869,1.6132521676732987,1.6638726704961546
0,1.3614210222119534,1.5389017893441201,1.5425080308371919,1.5987144659145749,1.6224862631963142,1.664115383933207,1.7275821813913188,1.7374464160930523,1.7582585132001474,1.8403705898704312,1.8443426427374157,1.901803870177895,1.9108812483478954,1.9276684698720867
0,1.4489783681251795,1.4532394244208091,1.4881844471252741,1.6226447858450048,1.8269843742196454,1.9062935278344035,1.9352656834619864,1.9765313942481895,2.0779029371217979,2.0943615172610301,2.1395050740169652,2.2023190916511157,2.2258660289046515,2.2546317890361274
0,1.7415266776284064,1.9797020134654344,2.0228387182592402,2.0503871386117862,2.0512460507874337,2.2430009124294146,2.2739298349428272,2.3065114707613543,2.4517226351427515,2.4634651799943752,2.4807451227892807,2.4810603566829337,2.495363653911173,2.51520908967148
0,1.8568652034929998,2.3531122003866152,2.38117260070426,2.4354525372628895,2.5462678216401438,2.6807534943107636,2.7071893033873322,2.7426785611880615,2.7530158953235655,2.8317314782791212,2.8432302876096105,2.8700566240915468,2.8866142119022951,2.9366050273514013
0,0.77429669111274746,1.2208364109399918,1.2458116428037871,1.3914187367755806,1.4077345266187005,1.4938705813131705,1.5964166913654743,1.6534503689997433,1.6695061863923775,1.6781147272354029,1.6845972933654205,1.6871307943906801,1.715346590237411,1.7187619656034956
0,1.289797079904093,1.3405654112407182,1.4008576681056524,1.6838532945694267,1.7726510632814756,1.7896660997654583,1.8430131947053225,1.8462321461877924,1.8501789761933458,1.8525458936905883,1.8691455581347356,1.8771981281889278,1.8779982840623404,1.8994535278070748
0,1.2779968064246736,1.4120922895313823,1.4857803489767458,1.5216461863901416,1.5760573041111743,1.8561826541682866,1.9359366204041251,2.2713010329798524,2.3382118314551055,2.3874305762773509,2.537808208957562,2.5518122206050591,2.5523482021458888,2.6021361596858918
0,1.6419840380112924,1.8270666196182439,1.872387937875696,1.8802849259035148,1.9276684698720867,1.9317816905319711,1.9696634116418059,2.0122221125080308,2.0152566063156487,2.0276256878686758,2.0642261000952766,2.0779897972764023,2.094794655987569,2.0950355541909964
0,0.87538532187328955,1.0096143716806381,1.3187046869849217,1.4238854587798411,1.4392905299812853,1.5716822286429193,1.6442138127181751,1.6676232252702643,1.7407208566906816,1.746962790203636,1.7684293727332436,1.7820545961698662,1.79146541593116,1.7969409167269859
0,1.4435167724016371,1.4496794930901566,1.474095183002158,1.5793848934137507,1.8424479817284953,1.8474286131925881,1.8625174667162998,1.9092113817671212,1.9592265954676955,2.0364061643281364,2.0408854308089523,2.095642511605996,2.1419869659908621,2.1703631404242274
0,1.044748076081939,1.1767863606538578,1.2036511670771275,1.4610787636048637,1.4929559651798208,1.5228555860729995,1.6070029435197968,1.6856623843059353,1.7784408139796177,1.7879442370179375,1.8645773226853655,1.8673257631003686,1.8823016803734234,1.8864048630319992
0,1.2843942168663927,1.7094793174589402,1.7958746769356573,1.8532651527823065,1.9846858458787977,1.9861988147077634,2.1377375381332291,2.1663543032003303,2.2341292131756432,2.26978129141327,2.3637239342052343,2.4116543999383335,2.4334969670701998,2.4346103445895095
0,1.640114592484718,2.0547605070718351,2.0750703936478634,2.077160477399234,2.2387838588259994,2.2472568107125968,2.3403056980679695,2.3639373284744374,2.4801270946968388,2.5208804192254535,2.607020326136567,2.6104453495566755,2.6334568377950776,2.6755195801001714
0,1.1158739615302449,1.1960154017818494,1.2345961012344167,1.2458116428037871,1.298708155117994,1.4297319046817836,1.4550629477229955,1.4551961534279378,1.5175163810070169,1.5366498521149743,1.5475391023429792,1.5568197228552709,1.5663360616913917,1.5686866748040469
0,1.12490063566582,1.3569408070274653,1.4465660582071087,1.6532391656253504,1.6540098370012775,1.7661907704480195,1.8002805232391221,1.8404015004935244,1.911099681828168,1.9607568025260742,2.0471639852711054,2.058492738458261,2.0613054197455707,2.0704221026024459
0,1.4433612261090636,1.6283367469902539,1.8189985289333079,1.8693081741050266,1.8984403160081937,1.9071234060711999,1.9872859971671666,1.9979598270493826,2.0263703889553519,2.0693444004962154,2.0743685999096724,2.1065286233509624,2.1981108571968315,2.2169908328395818
0,1.7792228418762845,1.8182081876603222,1.9149293925842359,1.9752122059548853,2.0728526826007676,2.0866851467556713,2.2047253253927832,2.2162271521538908,2.2287581216789789,2.2755258756279853,2.2827684401037582,2.2874399266782057,2.3435646859265504,2.3547935373657216
0,1.6609666093925712,1.8415344763515027,2.2062021455172998,2.4817771752495879,2.4903771551145488,2.5851499822921356,2.6092415773046875,2.6232712453377003,2.6538127267382605,2.7174378689730991,2.8087166131765748,2.8104761009887085,2.8243700286386457,2.8363879560091219
0,0.9897580861280818,1.2325302820207433,1.4551735818945482,1.4634428444066114,1.4726676356878918,1.6264907584961608,1.6968407665916396,1.8159013460019957,1.8231981265143613,1.8469918538747465,1.883689775037666,1.9019760525697189,1.9051331259429147,1.9066462098318759
0,0.85494707963776095,1.4882361325150975,1.4929404683793266,1.529396324846066,1.5843591497672569,1.6038767107799212,1.6342812839423022,1.7148469805398718,1.8064822369385343,1.8615851618595427,1.8644778896019276,1.9160161063232819,2.0038081675741855,2.0372388823082854
0,1.9903675954127467,2.080229386976483,2.1724391363982409,2.2101755389463817,2.2108821460230232,2.2488541341035764,2.2568336589193616,2.3035983757207776,2.3229798259259797,2.3251946814324644,2.3728750374918768,2.4102337096432769,2.438863786301094,2.4404467550528586
0,1.5951661787863456,1.6432053774086555,1.7737158548858774,1.8025894927795305,1.8031001647683915,1.8458255884143526,1.9776072814350925,1.9892020822494738,2.01220272893858,2.0284523324355352,2.146626090483529,2.1804815055104099,2.1888111068950429,2.1895981539549556
0,1.1295667877632491,1.7196726125576813,1.7814229331960107,1.8366936580531679,1.8404015004935244,1.911344742663627,1.948979921788448,2.0539962600758428,2.1062445079569985,2.1154829082300046,2.1536409342898568,2.1568537838001269,2.1652874310140366,2.222831821381865
0,1.1888048384745316,1.5226113427329637,1.7263841880952808,1.7348881475967508,1.7508390033466374,1.9330799072176135,1.9625228177287812,1.9788973597316082,1.9874200682711816,1.9971081485454574,2.0188879720155279,2.0387378912553609,2.0610029800601106,2.0615072615469017
0,1.4622525707188054,1.5612402555745302,1.9428476002254769,2.0441006638194668,2.0886818956872877,2.1208807354373596,2.2125174954717903,2.2417642742479393,2.2434596023939455,2.2441941067003399,2.2763923300030044,2.3272673945559625,2.3626615695842523,2.3811862502360914
0,1.7799835238481407,1.8233958124215708,2.0451141317983441,2.143197757012925,2.2852328758639651,2.3290985198147776,2.3296103410798481,2.4148688415717467,2.4151983632044969,2.4267374937440671,2.477452942481813,2.4951726441474338,2.5775707029738046,2.5927824081651916
0,1.8197792651572557,1.8428832163872404,2.1691330663715225,2.3082082875464662,2.5254937138253322,2.5378799818700477,2.5451258829066563,2.54779523072362,2.5824240807011156,2.5837404467190903,2.632992805629522,2.7093195183639556,2.7268294175070662,2.7518245764213423
0,1.420649029560751,1.5726228279910783,1.576579978608823,1.7733688698593717,1.8188892300894643,1.8589387899293655,1.9917434990089509,2.0191858659058375,2.0235892442031425,2.0662482958139838,2.0960414705524237,2.1182794440927255,2.2228694256942449,2.2548924256603473
0,1.1265365394357807,1.492096061502169,1.6029192721924723,1.6541048618619203,1.7235002213637831,1.7562934567132999,1.770229767602961,1.7740758738694882,1.7921012318689342,1.8302564260348626,1.8717478767130031,1.8959772247540503,1.9364345849007574,2.002886704873021
0,1.2391968138415956,1.5328546971478971,1.6082763197593934,1.6574787385616643,1.6600953422805407,1.6803510453689057,1.7015426310329649,1.7064375079336351,1.7226187687652563,1.7256258113066307,1.7644414405783928,1.8184447657130922,1.8342724086833904,1.8373906825013757
0,1.5799012611999868,1.6194341141414743,1.6593756918575904,1.7129958865894166,1.7457231788130376,1.7473122622705819,1.771456640047977,1.7932676859681522,1.9181078505908085,1.9275603041401916,1.9321163077857291,1.9498663088895167,1.9513464658853434,1.9812811492860676
0,2.0918582950764364,2.1258027047239878,2.1815666424773514,2.3221670129681904,2.3851352698440618,2.45004282267745,2.527671106090557,2.5686386538555364,2.6136383674130208,2.6450323589199516,2.6567297266435439,2.6636860406042202,2.7477175442866879,2.7543132411716567
0,2.0340184547166364,2.0893066843295363,2.1521399082617463,2.1551098619444065,2.1656029278566327,2.21437775042325,2.2152386535937572,2.2483041792014697,2.2518077508293173,2.2612132213505709,2.3437568773970989,2.3487289650228731,2.3792321895419102,2.4065492337451904
0,1.4069741226903245,1.9415953901067475,1.9433301852682312,1.9473239164595419,1.9789748404906538,2.0139497226412741,2.099549441165788,2.1591072100540885,2.1762000734461755,2.2208434012143941,2.269890273779049,2.3178084556815461,2.3355659292348059,2.3619162772978437
0,1.4692177842006766,1.7461808133020817,1.8066753726332119,1.9826634938880645,2.0610593999597291,2.084858619371476,2.0853279587315248,2.1902407924608585,2.296637605791588,2.3449058112754253,2.3451165371009908,2.3747159386942371,2.3883723397403029,2.4043707687153044
0,1.6003706185215478,1.6775202256568,1.8995751921817463,1.9679311144124554,2.0427384872468726,2.0560862017978057,2.0623467068242491,2.1552272082986961,2.1679583971408163,2.1707059456914979,2.1830729361175125,2.1927080325298842,2.1936430578268906,2.1997140038616902
0,1.4785318088834423,1.5554310330033554,1.6835362812771602,1.6924599311837047,1.7500327186697797,1.7580810215589098,1.7811734414897964,1.8339602918582916,1.914892137146061,1.9149293925842359,1.9554453082407297,2.0004201504044219,2.0874061503773089,2.1110879337759956
0,1.1826584818932508,1.7603463636302743,1.9167536410957771,1.9275270750494022,1.9563422953195582,2.0064363226971169,2.0083299401097423,2.0112602624302536,2.0217081847027156,2.0388890816025582,2.0819541278029683,2.0916481751444929,2.0953200698481669,2.1418188288520175
0,1.3877146080011793,1.4780808854185388,1.6011604547577525,1.6505987305857457,1.6548736556525452,1.8824896025850126,1.9442142923398689,1.9810718576110775,2.0475799132329762,2.062588506384551,2.0712464831289168,2.0817752452906251,2.107937027703628,2.1367200322087476
0,1.2776626145958185,1.4938387020406372,1.5175484408061388,1.623600142941152,1.9674081606056069,2.1215179843572178,2.1378111811160903,2.1429843135265894,2.1501940094345087,2.1526986200986786,2.2297288584797776,2.2723261222105871,2.309740868960013,2.3692391197289506
0,1.5146722714773606,1.5169458077668647,1.6036372389835434,1.6448337419504777,1.6452059729964241,1.8240793577348022,1.8298535875761672,1.9065588896776291,1.9067008813008894,1.9121900614529237,1.9181078505908085,1.9262003729449755,2.0341355157640537,2.0354324406224911
0,1.6235727884838109,1.7911631114846511,1.8802226853795878,1.9480930244237842,1.9669040657299521,2.0673917621475146,2.1023001337727703,2.1405634931236026,2.1829265458351261,2.2262959933234496,2.2862330440074632,2.2911908812779282,2.3228894617160347,2.3269780618942533
0,1.8967605428186305,1.9193569929815932,1.946258096775636,1.9516361016212154,1.95873723851936,2.0012444993674472,2.0247959820887869,2.0526792364861755,2.2131537502988974,2.2146942852310789,2.2596065415891702,2.3001388203403352,2.3137316204984151,2.3570950682308811
0,2.2515736636269388,2.3471725933927559,2.4532873322834789,2.5208941791403441,2.7412103181823584,2.7503600768678127,2.804387884524238,2.8863662906547485,3.0879750201715179,3.1071903598417214,3.1213173550938889,3.1246824087640719,3.141885946879682,3.1468785181724077
0,1.8766396711718611,2.0130629097952348,2.282502030482453,2.3021879692045366,2.3103232427155707,2.3755847861876611,2.4306081679699192,2.4660597711747845,2.5025068685635663,2.5677459065056096,2.5824879547773016,2.6737186006594995,2.6854448455023734,2.7023928514168194
0,2.0320783444997539,2.2598303497521615,2.2765444223206854,2.311514412344208,2.3698688750282435,2.4087701927334941,2.4252039049627365,2.4996598855119543,2.5944485456004918,2.6041601774127736,2.6046280448833525,2.6078874777266581,2.6188113543482787,2.630917454923885
0,0.91204268534736155,1.2842180828924123,1.3986587323587487,1.5116999733885716,1.5335332622109961,1.5640576811678535,1.5854517082179291,1.6093488277703341,1.6482868876669861,1.6566378471882115,1.6732553493312874,1.676995501299497,1.6788370668867159,1.7012315087721237
0,1.4258559540992566,1.5376721363227754,1.7121376730711133,1.7717514755480863,1.8858927709073936,1.9114309510652321,1.9924931858188766,1.9960847357627616,2.0033197243056748,2.0613593531749195,2.0843881527994106,2.0858963387635807,2.127565730588111,2.1481837376691004
0,1.8423153543942041,2.2697260731363844,2.3735896961123775,2.3841624939335735,2.4458934368472915,2.5120570380746257,2.6261886835433037,2.6459875251365279,2.6827658920010355,2.6971701511950852,2.7103192517836172,2.7337486309022703,2.7650792405494866,2.7778332222833506
0,1.5547479166099012,1.6337050443105079,1.7439743058023913,1.7486500603925526,1.8863473011556717,1.9235802858873881,1.9756821165360996,2.1631982917659593,2.1833062565876067,2.2293336531340975,2.2349391278306485,2.2778009326164752,2.3071543064545761,2.3093332649772678
0,1.4683397396864419,1.6061305162306641,1.7649181814887782,1.7799835238481407,1.7916973532814222,1.794212253873567,1.8411588574505424,1.8425923498626564,1.8477737745347267,1.8566714605830379,1.9666690827227189,1.9963205034594853,2.0054899954142789,2.0478636364490495
0,2.1293565817217845,2.3460724191110578,2.9321389578295198,3.1035265319106231,3.1068774379872659,3.1094099066691903,3.1102515362614485,3.1145942455466216,3.1277243660229264,3.1404011074082905,3.1462258977553215,3.1523778119372872,3.1893381785185801,3.1918715556331207
0,1.2109039446603911,1.3065695460280642,1.3561862833784653,1.4441331998889806,1.4766790542037607,1.644035031858992,1.665812744482347,1.6780989274874227,1.6924599311837047,1.7296728778475501,1.8235697001465776,1.8373870245696233,1.8510089085122863,1.8547426587652991
0,1.5167564780799638,1.5878985238770531,1.6875920622258247,1.7812360260103948,1.8324524421882582,1.9710798640139215,1.9840154997064272,2.0014388300034356,2.0731670385288443,2.098781623574689,2.1293034391362973,2.2413490429957097,2.2455262148921928,2.2520369649884171
0,1.7241047640779812,2.1316597988678838,2.1378089536320255,2.2205645459651064,2.2639546960594945,2.4086373008192874,2.5059979875312179,2.6490336931198684,2.6648277944438683,2.6667648672232911,2.6773568820659372,2.6931319465374792,2.7174458142637294,2.7522889276417697
0,1.0847633346080814,1.2347073204400416,1.5904096402144525,1.727302908749109,1.765677450581183,1.8681502238008512,1.9158351040923025,1.9179384441299918,1.9694359055495301,1.9793783774979643,1.9873773511379489,2.0067995792829132,2.0513721631968069,2.0811917497043266
0,0.92520989239364959,1.3361096999794675,1.4148342842329475,1.4897047965667498,1.5121550621929059,1.5647080918706004,1.6061367802192299,1.7047163241591619,1.7154691340664345,1.7582659933999416,1.8211733477237337,1.8549115751455643,1.8647590240239109,1.8781634986292404
0,1.3741010355257548,1.5184545058340044,1.5748085913691034,1.6302667093040963,1.6869051339643331,1.7496593522713078,1.7797290452554535,1.7862944178103708,1.8058022336886008,1.8150673740083036,1.8168993062963923,1.9015941702380255,1.932196302075063,1.9370445684734088
0,0.96407225895299187,1.2170982822403427,1.5108180259961339,1.5958827164166511,1.690416682294904,1.7958487913568222,1.8853108111522412,1.8902492618819011,1.9482336055257166,1.9824189249216113,1.9927979690660074,1.9936630027735833,2.0340184547166329,2.0457630765588739
0,1.0083610679146153,1.0847326839563687,1.3750737054177999,1.3801011313304488,1.405881534179118,1.4551961534279378,1.5464053987875956,1.5541929828346259,1.5618252122785896,1.6169263783864214,1.6412484501017335,1.6664029709294286,1.7344685581011776,1.7393369433014327
0,0.9897580861280818,0.99889042094155467,1.2289082152664452,1.2516108274004838,1.3804241238127335,1.5845268497414406,1.6391355806472885,1.6443752844036026,1.6615235022109029,1.6643490787144377,1.7722907436685049,1.7902352728185913,1.8078994857276798,1.8364139840333822
0,1.3957506415770231,1.4214942337548717,1.6214273046956216,1.671735237051887,1.6746794907649205,1.676444662801293,1.6803510453689057,1.6870594590435493,1.6941695553869487,1.7228165937160484,1.7296728778475501,1.734297991082844,1.7496870592475902,1.7623800770418061
0,1.2368508375634091,1.4638227013090277,1.5035306966147128,1.5207279859118052,1.6042588993711677,1.6074486036480891,1.6449364379975309,1.6515629044823938,1.6642276741000348,1.6920552495129886,1.7017036571052895,1.8152832864508741,1.8280440088952039,1.8521652267273818
0,1.2690453754309099,1.4949491878016377,1.5314020573595644,1.7810809379335455,1.8718409829630627,1.8834871838208005,1.8916545556671163,1.9687397220864711,2.014799497487799,2.028369826378952,2.0385147119663083,2.1084585372979658,2.1647071542053729,2.1991663213530157
0,1.5479605005412618,1.7558392742662166,1.8264886857785592,1.9519558074763248,2.14707905167035,2.2038404514715175,2.2221201258369492,2.2446283758815788,2.3114872671931215,2.3652644223397501,2.4556222675864081,2.4643789983312625,2.5297529729171959,2.5344264017749554
0,1.3818055779903375,1.6633086835589488,1.8707102829032631,1.9241346976484961,1.9317699398847523,1.9791793692359081,1.9870097710778223,2.0228037348543828,2.0263614170268069,2.1115577581201883,2.112500279906766,2.1235856381702014,2.132736304300145,2.1346452731948005
0,1.8805987982948702,2.2807756154838983,2.307879006570472,2.3711471385601599,2.4198020317895277,2.4559693025444425,2.4719588916858162,2.5099882698264673,2.5184711250341505,2.5254030127211546,2.5339026951417254,2.584738536060915,2.585550053693058,2.6217281151924672
0,1.1130375369640795,1.1654151112773372,1.2346546317679346,1.3756018298333277,1.4938705813131705,1.4968143511272936,1.5161860253671866,1.5478508607922672,1.5819891849050824,1.6103545792608975,1.6619432559703582,1.7094793174589402,1.7195425747892776,1.7292167546163448
0,1.1693334611973156,1.3506522053926433,1.5268655286064114,1.584175557156853,1.7355532645831369,1.7381415484211264,1.7411631764463269,1.7438325230045384,1.7932142983114183,1.8144921701438581,1.8179026042659086,1.8282713061293701,1.8491811029577496,1.8605211307393139
0,1.4936222224716036,1.7808933456682665,1.7975937486861795,1.8328368882744344,1.8575661187541628,1.9267455841826149,1.9572916176384492,1.9957129116894716,2.00029384389798,2.0749136822043224,2.1329303844492959,2.1595182267748587,2.2562295845147378,2.2572708086013749
0,0.84448056394678395,1.3745971090820428,1.3780033997321641,1.5970128842594753,1.6283367469902539,1.6479799842937206,1.669878270595309,1.742270041991187,1.8033144550098061,1.8315897112787147,1.8967366258113134,1.9061573340926252,1.9291588347187183,1.9442763072322329
0,1.2396072772347937,1.3388642564220476,1.3877330395635425,1.3885294316758514,1.4079054056795626,1.4694325345111743,1.635348207547479,1.6397260312351243,1.6469774324436302,1.6714917575143915,1.6732853628926569,1.7147605623978461,1.7261850782533252,1.7276425446289612
0,1.9104571069788308,2.2784777554404654,2.3574632221618574,2.3702147921166428,2.4193787787413252,2.4254115434430976,2.5016339247463137,2.5067460260293699,2.5359855012447428,2.5474325763452081,2.547561169174323,2.5526135562587928,2.5751298948724166,2.5791745109230861
0,1.3042530450119625,1.3440359622203368,1.4387237778706798,1.5464053987875956,1.5907782536734325,1.5948126796448168,1.6178454320596891,1.6398173525199369,1.6511292395176387,1.6534503689997433,1.6601923138175012,1.666966536449173,1.7215719493474557,1.7401539236557597
0,1.0085389996217591,1.2324763793298876,1.2705890420755559,1.3589850880965513,1.3669253100942813,1.3893850225658855,1.4904541453208084,1.5589025013203424,1.6251569337911285,1.6364177411188165,1.7074471839535512,1.7202692618580475,1.7333277200077251,1.7398150521626234
0,1.5289883163093969,1.584065603146861,1.6415775830544499,1.6421725694320406,1.6828287567072804,1.7355498043514508,1.7602949485389718,1.8743693261223802,1.8811666534380862,1.8902662164531161,1.9212672525835244,1.9343650638200443,1.9545902929535721,1.9680005606203412
0,1.8964192029127691,1.9555557251484841,2.0039053471602557,2.0457884163561557,2.1392108478392604,2.1725964445334145,2.2207112826563504,2.2599066657319096,2.2652898540577691,2.2985412360216526,2.319688980989858,2.3797870627057334,2.4040484616538702,2.4312925847664366
0,1.5167564780799638,1.605056004292194,1.7234550156848354,1.7261586181852033,1.729424730635116,1.7633822324239561,1.7781726521464474,1.8709727534274725,1.9103678114617153,2.0020803836938179,2.0158744215877289,2.0173861615368356,2.0496099762806526,2.0571017333779116
0,1.6200130731559068,1.6286993122210236,1.7426638590545875,1.812856788153997,1.8361714662323527,1.8731800439775161,1.8996965036025248,1.9265227666336837,1.9279232930930716,1.9474151724434645,1.9715721513756435,2.007711249469418,2.0115956455280344,2.0355093276307055
0,1.7894624317676202,1.8319035687377339,1.8388783261992232,1.8639194831600989,1.9523200761505051,1.961831782095651,1.9768754397429695,1.9831356687517718,2.0592584750977845,2.0851365821513164,2.0913873695116876,2.0940948032021103,2.177271867949258,2.263838121364155
0,1.669657928064924,2.2749973612185475,2.3609538729416664,2.5448103222062741,2.5871696668123465,2.6819969652109825,2.6880147352336272,2.7361563199497509,2.8350838676632977,2.8733837105333144,2.902806448094311,2.9479168011914565,2.9511328685299687,2.9576946885705215
0,2.1902097341268427,2.6031953846864235,2.7434410522893029,2.8179672395227486,3.0105558685541234,3.0647676893122697,3.1046280477476618,3.1178452934884064,3.1371319017579897,3.1421769647666418,3.1523095200083837,3.163374024055881,3.3379098154584481,3.3751679786965409
0,0.85976680552922768,1.2337178029957643,1.3484523150816201,1.4646404329038147,1.5268070487657786,1.6120599402129316,1.7122291440844271,1.7864611481932813,1.8328135554073957,1.8990009571661979,2.0587115935126787,2.0600361080780352,2.0721201547156247,2.0837369696867185
0,0.6941902334119181,1.2813083081559933,1.30922804051598,1.3312203151266107,1.4920809144242595,1.5305288460240438,1.555549528080465,1.5787206046800559,1.6075092146151149,1.6354688976944867,1.6404532964886733,1.6619964036607908,1.6673465175997699,1.6959718165206759
0,1.131571854611678,1.2791408242916702,1.3099774011075791,1.350878332068743,1.3750632884744394,1.4091582925322503,1.4656331915939946,1.467991439657361,1.4900589942523768,1.5382651247713377,1.6675718911644444,1.794212253873567,1.7955292784183468,1.8001843641482886
0,2.1378111811160938,2.5993605671112952,2.6302600849704496,2.7593526913196316,2.829920312940315,2.8731948737437283,2.9644979239529676,2.9758838706920936,2.992140886455787,3.0212697396624137,3.1456658226934313,3.2034862803221458,3.205524256174237,3.2481123517348132
0,1.5233522935331232,1.5931620483642268,1.6121455653336152,1.8510089085122845,1.9699963828537796,1.9815818881973031,2.004683526891859,2.0278736487815561,2.1782545138166154,2.1800264385623658,2.1982147808288328,2.2073898705913151,2.217416938820973,2.2331710542523515
0,1.7395153292605734,1.7916294745700068,1.7979009037858866,1.8922738642679926,1.9171268876307579,1.9275892895523046,1.9553802872590547,1.9599080204289616,2.0208216529473648,2.0697681820404772,2.143197757012925,2.2037348224505107,2.2062021455172998,2.2480300090121652
0,1.633319223587103,1.7070725360446268,1.7252568943957078,1.7783049258841346,2.0265380219744311,2.0369544727701645,2.0520105578157564,2.0769357123871357,2.1015787965923001,2.1431938746254415,2.1602499555821648,2.164621410752984,2.175136335220869,2.1849451508856101
0,1.5849384435384726,1.7626768420346355,1.7816985877964568,1.8333066479951106,2.0099050886361756,2.0498018858274691,2.0715037826458054,2.0993721093623492,2.1125205366610964,2.1345035619923847,2.1588245342582431,2.1693966170754222,2.1787396036309672,2.2070466726118081
0,1.6820469543915588,1.7561812622019364,1.9493455496331318,1.9976156848198736,2.0294406866732819,2.0363664695871408,2.0578579010894216,2.112367682048125,2.1174652058823606,2.1513151163259869,2.1789882072206792,2.1823583673749094,2.2027682537486455,2.2030160480357313
0,1.7421993184636717,2.0367437066013028,2.0431650087021311,2.1235165217693401,2.1479155963058276,2.1712746531894753,2.1714635139225162,2.2277413621257391,2.2350769715533461,2.2733280094864003,2.2844943368284722,2.4098818976535759,2.41380413987571,2.4459295873661264
0,2.2057720997257491,2.300190485558081,2.3749170155072972,2.63188029782382,2.6455714215045747,2.7170010648075853,2.8738661345339134,2.908468258528448,2.9822484415799657,3.0940973476373892,3.1085366259075955,3.1136017207566393,3.1851581102851694,3.1895977619861475
0,2.7118187342929403,2.9827887018663062,3.0420301727318289,3.1656034098508554,3.1847379715177726,3.2147213799789145,3.2393734711282058,3.2616430174090021,3.2641651993872869,3.2726583632425528,3.3720814472880014,3.3842413659456869,3.392880434490916,3.4024280179145938
0,1.4974553391281968,1.8092569399836544,2.0188879720155279,2.0264276909270889,2.0600820649132432,2.0892287644441034,2.0913489315072034,2.1061485892209419,2.1409362777818934,2.1818240800346951,2.2502413446242957,2.2540545499576328,2.4027369244354317,2.4136501801808099
0,1.203708842581648,1.3131237328824572,1.4770403958602691,1.6269213345840625,1.66446359680704,1.8213399949514097,1.8351454293454239,1.8470516400006809,1.9108832520735521,1.9678794755233939,1.9680005606203412,2.0376638632812942,2.0690767716370329,2.1123679009173939
0,1.3088269885910484,1.4180350683235674,1.6778049375539623,1.8031869544254659,1.8765804578154077,1.9113637106001626,1.9361601218385132,1.9525845386290159,1.9838057281963979,1.9897901253892467,2.0096380831462355,2.0124925532143889,2.0191693623896438,2.110185999077161
0,2.0895221196298759,2.1099754197499587,2.1152659706773287,2.3179525958285234,2.4800214487909131,2.6044483563428189,2.6116049133002899,2.6922522074436244,2.7023224724855033,2.7068132900423603,2.7729224416003406,2.7838769867308608,2.784892080336248,2.8509385771093738
0,2.0665251994886273,2.0918582950764364,2.2854565537651386,2.3090802907015395,2.3243118443754445,2.4013272260005571,2.4441674328608434,2.4635451089839502,2.5009871528849468,2.5143475627275222,2.522131222272423,2.5256707644682628,2.5737493082151421,2.6265199825928192
0,2.1871470599070468,2.5223630712732454,2.5251242164085608,2.5496950522278627,2.5829761245626992,2.5975974005682017,2.7606620877451116,2.7651529404550859,2.7718131072033056,2.7833295340521147,2.8124114895090209,2.8513656184217067,2.8613927262498069,2.9446538445155221
0,1.3045135194562061,1.3833968352585515,1.3857216872285425,1.5176952621178501,1.6017903010803727,1.6449775263304447,1.6760455979586362,1.7235218965222443,1.7327424754892304,1.7799491750645753,1.8582039226613194,1.9553021995726232,1.9857815604319948,1.9979229357243256
0,1.5376721363227754,1.7397537148604192,1.7961813050427382,1.8244216830584019,1.8538303184023806,1.9235215518095485,1.9698956222540813,1.9882236915497205,2.1052752101387791,2.1563959151289809,2.1686395252522463,2.1715075434582105,2.1845629943671558,2.2192100447632508
0,1.5022447213906431,1.7070106661400464,1.819526346917667,1.8948328382377726,2.1073539940736352,2.1498653562470738,2.1499674572803777,2.1858952257721689,2.2075340006639586,2.2762470074674113,2.2815179698572927,2.3138990193642184,2.3189550514051946,2.366787226402709
0,1.3083553443213225,1.3687227357605247,1.4600610606418563,1.4873460791196997,1.489926843154834,1.4933849250701876,1.4991773286014487,1.5076219730250047,1.5605623875251149,1.5916542534958849,1.5973816534868881,1.6475151417762104,1.6487162545778828,1.6492612520085908
0,1.4769708515774467,1.6079466816401236,1.6370393475097158,1.6780989274874227,1.7074360617719424,1.7207173563481462,1.7457231788130376,1.7578246687233088,1.768701562359464,1.7790281483035859,1.7864611481932813,1.792217703085262,1.8042867380076342,1.8082617095173124
0,1.5272211718003528,1.5649475016908398,1.7730513047996104,1.8032193913507206,1.8211349406687596,1.8605348254329104,1.8952818999200565,1.9343774676766645,1.9355109091182319,1.9404586859715882,1.9674320070775415,2.0011310084705247,2.0204980825977872,2.0332344202647423
0,1.9202645777339529,2.6433693206361926,2.7423972736074242,2.8815999255869125,2.9089215937331807,3.0754325165358578,3.0783467269621769,3.1117968606929476,3.1560024018805901,3.1571234661861762,3.1582664660949189,3.1942532799251708,3.2338065907612226,3.2728815705441185
0,1.1158739615302449,1.2476253654233933,1.2539198437529526,1.5842069510506067,1.6160008240131503,1.6301650172371043,1.6591168154777769,1.6871307943906801,1.6961604371679491,1.7051922422907042,1.7218657310998196,1.7333493160249245,1.7421993184636717,1.7655476079295698
0,1.4874134553790319,1.6714917575143915,1.7953869992746005,1.8021704247342176,1.8338912717603078,1.8423740835145845,1.9484553035972425,1.9642823104394902,2.0223518547159824,2.144422124218782,2.1675211425385608,2.1693966170754222,2.1760457812735226,2.1831757904268878
0,1.2986086842588811,1.3589767605072571,1.3607030722921978,1.4913831839695755,1.5367007509606097,1.5786826542122701,1.5982103554714218,1.6180181670643654,1.6547135443207397,1.6642628608925643,1.7481414557300456,1.8265406517910101,1.8346099165919256,1.8959772247540503
0,0.84448056394678395,1.2508102483398291,1.4969726207385075,1.7175442521576658,1.8189985289333079,1.8498750795434171,1.9548330372588372,2.0124626327265642,2.1086077172071613,2.1330776865982752,2.139669379220666,2.166150581740057,2.2104354492728704,2.2232471815387571
0,1.3946777241600015,1.463520898756516,1.4904429485704449,1.5022953238979502,1.6042200095294683,1.6118533200827991,1.6572372793447159,1.6927013674704985,1.7327919024515337,1.7463805550667026,1.7483967335362285,1.7587216904155025,1.7640338922285541,1.7793605710418967
0,1.5699454123515282,1.6909220780026868,1.7489644890648897,1.7692768963066829,1.8438046378409483,1.8504051052271231,1.9450615960207156,1.9781062075363305,1.9914504572618046,2.0278363336707192,2.0593335650949545,2.0843853295323842,2.1478506250045926,2.1481898152663299
0,1.6148026020112689,1.6603996581736586,1.6606318927184052,1.6700024594853993,1.6792299280675533,1.8265151728847671,1.8317737089433503,1.8391275692358304,1.8621633111142557,1.889141397763221,1.9345922716275514,1.9406418066875337,1.9916027202175266,2.0200181757331088
0,1.4632288272974732,1.5144856588848357,1.516015643975384,1.5516372982668232,1.6602430351941091,1.7260682984758153,1.7293118679137232,1.790148951157007,1.7985441554188166,1.8265913419803805,1.834352014362518,1.8343876443122946,1.8514332428986204,1.9160903252963026
0,1.4491556647143813,1.4850423767346719,1.6541048618619203,1.7455083867859291,2.0126569278244206,2.0914832714194649,2.0931596948286488,2.1018055319392626,2.1100825493885083,2.1441724121305201,2.1446184369176651,2.1457121654769944,2.2125971884142146,2.2679210645030845
0,0.57797841660687299,1.3573735773763898,1.6906542301980776,1.9856452081576497,1.9929034951547187,2.0359447752612709,2.0560683894157372,2.0562423515309929,2.1015787965923001,2.1237522255086114,2.1477992116616389,2.1595121657154106,2.2297703922842205,2.2382529799572382
0,1.6491661604728343,2.0770327188965099,2.1066184228729719,2.176185186141288,2.2323122003299511,2.2927857850989426,2.3128385167380761,2.401659308617571,2.4600137042427384,2.4706651604214143,2.5030699379474139,2.7341240701013696,2.7468425591319234,2.7919136553189783
0,1.151119568429988,1.2010187407437034,1.4356561300805593,1.4772038665231604,1.5001372063453786,1.5015129306175743,1.5027500774070435,1.5349085777863833,1.5366470817799285,1.5619673617751391,1.5675960674472635,1.5723460818594908,1.6031280594696931,1.6241868938287241
0,1.7543251159541806,1.7890078630403521,1.8903645589902267,1.9211745516110323,1.9879836236400741,2.0038261226197416,2.0052007576065667,2.0169328945494689,2.0555081818032677,2.1281086557029396,2.1401423783343105,2.1624869124381916,2.2172647604320237,2.2643476111036427
0,1.7488302493153944,2.1646508482156905,2.2012318289474453,2.2397125139259519,2.3482906097885068,2.3833506833182319,2.4154397935443468,2.5013716479030341,2.5159568401433479,2.5712691663029501,2.5772431221042895,2.5857424903630322,2.5860404848832319,2.5949170754494673
0,1.55445066005789,1.860146481635212,1.8992531937059354,2.131691245151802,2.134041440409927,2.2835822841773372,2.3006625962239076,2.3026239027112734,2.3202738097684663,2.3600946827617366,2.3820050724970425,2.432152007317208,2.4521726004610058,2.4604203948761372
0,1.3131237328824572,1.5360046662254563,1.6304058777511554,1.6415775830544499,1.6723295576340576,1.7103554341463261,1.7320504195098687,1.8459291604829255,1.8656685256603165,1.8680431842199781,1.898330015957699,1.9337641737533977,1.9462595560554139,1.9727455794052515
0,1.0749261371934815,1.3580064619382368,1.4429115638519794,1.468200248088956,1.4886356858541145,1.6165789774275563,1.6474760447812138,1.6515629044823938,1.683829764299654,1.7080748854308541,1.7091979935885675,1.7273216752332226,1.7327320850218586,1.7485877376598389
0,1.1364271894879325,1.2022181316443883,1.2567883294553228,1.2570545460991742,1.4618652214589061,1.4786447581047064,1.6141644559739026,1.6430178330732716,1.6624396707401308,1.6661361911341397,1.6816477913058998,1.6934179631580828,1.7108144860039411,1.7677833943839516
0,1.6238819236983237,1.8342212576213699,1.8810230351038055,1.9200157999742646,1.9250258715325936,1.9642287235505256,2.0563752426989783,2.0970073248532048,2.1004077357554687,2.1897142933065261,2.2214018260264767,2.2418304410978926,2.2433829707706114,2.2531873816312951
0,1.6794046545610777,1.9604584324180019,2.7675436604199093,3.1059022322780887,3.157818864076559,3.1633557401604593,3.1812251350287686,3.1857139817526909,3.2114106507578843,3.3006721353839663,3.3110614611094378,3.3614733776140469,3.381588577972678,3.3871438552663604
0,1.478992731530439,1.4899079428399438,1.6696601506302196,1.6827143134607832,1.6849308462333319,1.710764864354019,1.7372022884049658,1.7808844414438216,1.785833287967874,1.7899886881328069,1.8398640002387465,1.8588877052454618,1.8680390643621549,1.8726253721687256
0,1.1767863606538578,1.2022181316443883,1.3496129660030061,1.3777934610108329,1.4234255674769487,1.607365540167919,1.6197320396975861,1.6395634083687429,1.6578026332296496,1.6871604604834944,1.7049154368931247,1.715598480191346,1.7219782531125427,1.7873797732973862
0,1.0504155666672803,1.5272933193823224,1.6820469543915588,1.8229175863329754,1.9515045901385155,1.9903846241087946,2.0360160455453649,2.0361914299963368,2.039413494143187,2.0570512908200502,2.0653075274457207,2.1093450781666254,2.1669187016275209,2.2089571655244997
0,1.415373560420591,1.6565485462055416,1.7104817662483522,1.8185161643062342,1.9014465068289121,1.9748600934258875,1.9921050828882441,2.0097812883314385,2.027085093928783,2.0750743259072206,2.125816735532398,2.1395629011518089,2.141060939254098,2.1450119287361846
0,1.6724428251132508,1.7690853538668569,1.8706972315061652,1.9841563046420763,1.9928188478132045,2.0071776687597351,2.0309525438151215,2.0440081944962802,2.1348112925208733,2.1378449765524006,2.1636976785012574,2.1756000383733789,2.2136475327660623,2.2197717957346543
0,1.3229411720527195,1.5661822744078213,1.9738566745709034,2.0586881962731125,2.1051768230295136,2.1096554197760913,2.1982810487460598,2.2079848399463637,2.2187002368158768,2.3131499767680168,2.3148258439417129,2.4152978282372519,2.4233876280932907,2.513003484153443
0,1.4247506426126362,1.5095848863375265,1.5225379486051729,1.5895111075089605,1.7059307229616334,1.7274471712246697,1.7307981235300685,1.8611991639801957,1.8748270314976734,1.886775346400801,1.9101160811624049,1.9449734368617935,1.946741868953237,1.9588101222981751
0,1.497566316109072,1.5413038865561053,1.6220534334845489,1.6629018507174289,1.6771315657550014,1.6822396142922051,1.7944652011030551,1.9718781022736926,1.9943711134882567,1.99506203820156,2.0130990444212626,2.0738984529656039,2.1262745866764896,2.133732879138905
0,1.7297121040152736,1.8694097802536409,1.944959989615143,1.9754731824379534,2.0841205783467149,2.1138678846747783,2.204093190718079,2.2530801854965725,2.2559243589147489,2.2650164527475618,2.2791908297410726,2.2870787367760741,2.3308317486602093,2.3314308717773189
0,1.1626597766230788,1.5849384435384726,1.60311335647692,1.6338024670497884,1.6520197362533804,1.6670917717973865,1.7027617101011387,1.8079843113623404,1.8291904041879874,1.8674725393900129,1.8827519610667884,1.9249381010968363,1.9342461991668201,1.9614044670630104
0,1.6090985851230291,1.8019154190932907,2.0243919406293953,2.0251496636111872,2.0977272856490208,2.131279535495052,2.1671521186471394,2.2100098431819584,2.2578388606191333,2.2602004673655429,2.2822104935360459,2.3164204811643607,2.3305556334271547,2.376612225165128
0,1.2995814610901251,1.318687037963344,1.6199499307861642,1.6343405087543212,1.744598214748019,1.7545810645254212,1.7993692879024288,1.855696125039312,1.8962387241723382,1.8978906893191219,1.938048104180164,1.9915793792829835,2.001280667902714,2.0305744818272431
0,1.3821518970479028,1.3967104212500812,1.4554508331507559,1.5268070487657786,1.5384426875827619,1.5501475540721754,1.5849210086263656,1.6242643134706634,1.6244558777029547,1.6349422242329517,1.6748887361782663,1.7681012237998814,1.8042867380076342,1.8325271024464251
0,0.87538532187328955,1.4370637483167954,1.5307354734162928,1.5313188893497889,1.5503323495365247,1.5856153284821644,1.598190299477827,1.6164703409150212,1.647225589252066,1.6981302761103376,1.7127351716914563,1.7170466783963956,1.729699582113392,1.7440100058827743
0,1.701781518374389,2.0016663722422479,2.1870657609988764,2.2492330313317992,2.307988705939735,2.343635922886103,2.4765041531422618,2.493938575976403,2.5210071754649261,2.5442560841546098,2.5896709508599396,2.6458754986235085,2.7079706997911672,2.7098909765942398
0,1.7239417594358952,1.7289660271617908,2.0869695782216326,2.1004562843569623,2.2746028221904573,2.2812058132073791,2.3048510502209014,2.3373025742741764,2.3391395334215335,2.3461182915009631,2.3862793270381473,2.4585550179378148,2.4629169705831675,2.5208941791403441
0,1.5241361327538085,1.6576818360097296,1.6890381902467662,1.7958930766980963,1.838065518272979,1.854213706387847,1.8726710767146628,1.9095297823921638,1.9303252274939071,1.9424988261582028,1.9437640461538606,1.9544437222788582,1.9950232821501688,1.9958719006330563
0,1.8536084193291511,2.0395485434440794,2.1386299518223932,2.2317985740890243,2.3477081945155511,2.3724760513922747,2.4058241196214496,2.4118326211939034,2.4308152605253368,2.4469551621850085,2.4615267063953614,2.4853665444173196,2.5362726161706277,2.5367259236160242
0,1.3953650519293175,1.505574205842404,1.5374566335911679,1.7064375079336351,1.7311272923340184,1.7415078227115199,1.8328135554073957,1.8621836097288618,1.8714509884797854,1.9071429288819859,1.980057395930755,2.0003667404487206,2.0435911845051771,2.072953215729143
0,1.3882354791518245,1.5148015072799725,1.6243312888233246,1.8183687983650008,1.8255163311507789,1.8644437520961805,1.8943421236478057,1.9685434760001819,1.9970244627482434,2.0333855228308719,2.0610420764943966,2.0837379847294342,2.1043299436225209,2.1158404066383056
0,1.2776626145958185,1.4270836026587552,1.7056390105681885,1.9198188113300783,1.9967455345644016,1.9972174440115706,2.0264171228346837,2.0716554376437846,2.1863423443704648,2.2310374237361446,2.2314198788331221,2.2325203703501542,2.2471898995508295,2.2653122874207736
0,2.1837701025674483,2.4467879338245462,2.450276257864588,2.5268523614599547,2.7325922828391676,2.7513173369338393,2.7536287101672765,2.794222313334727,2.8346660933976726,2.8411671719457821,2.8730110820700672,2.8736629121875534,2.8812928681233347,2.8900754248763874
0,1.3750632884744394,1.4683397396864419,1.5812628236890018,1.7427067634170941,1.8619509861626795,1.915771916595062,1.9390760733184038,1.9706568878867221,1.9806817056499537,1.9946789328808967,2.0036170509654903,2.0042622909656429,2.0399223682797034,2.0400552454667591
0,0.96537289545662519,1.151119568429988,1.1729020845462657,1.3658276262946092,1.4038579155525768,1.4294453795295021,1.4432067986499486,1.4534546855051382,1.5666448733279092,1.6019485488255047,1.6032718543280655,1.6337639652050751,1.6456996513024171,1.6581508837753831
0,1.2855192917661744,1.5378367071644132,2.1224751350930919,2.1693982239142788,2.2320330203122998,2.2368623578022193,2.2418117244545996,2.2667518692890094,2.2991234654071526,2.3347672395036532,2.3554172307100156,2.3583826479744929,2.373421705143238,2.3980839822712698
0,2.7529838132997311,2.7553217939143804,2.7725955359656607,2.9729937289143558,2.9957951273924848,3.0045333873354449,3.1302446810051916,3.1993815928760427,3.2168566445080775,3.227929671814199,3.2514225623932775,3.278705690729208,3.2813564981803491,3.2865052904294387
0,1.2395493643728994,1.5982729516123257,1.6023349713502921,1.786204607332132,1.8068964715455733,1.8849318236680523,1.9004285340664349,1.9280938312970257,1.9588894143016784,1.9662193109177959,1.9773040104975255,2.0345680617363282,2.0552394636512035,2.0980948022115533
0,2.2473458474984387,2.3473974791817827,2.6234893834628141,2.6898257047135421,2.7339265922070557,2.7364730136579585,2.7375078856272554,2.7732762310209038,2.7903793717468357,2.7924058091302792,2.8133203494895347,2.8585013379605795,2.8791327464627274,2.89293368987527
0,1.4078082990862086,1.6706190858838004,1.7514356877952915,1.8165041269758375,1.8411189232749476,1.8566714605830379,1.8891101815836844,1.9895375914079592,2.0144994067449482,2.0171757785579461,2.0740321964269062,2.1045944929431228,2.192568776372875,2.1947907440978782
0,1.3704375573969769,1.6852820316414052,1.6936056948692182,1.7398063976052809,1.8413889581858836,1.8956317094138389,1.9238913824600579,2.0343282624671097,2.0412294234885953,2.0423597652726935,2.0764883869585344,2.1086077172071613,2.1290752393997248,2.1510290386745861
0,1.9150190946957906,1.9776469505709404,2.1191340282952122,2.1467419903620524,2.1920919444547509,2.2815179698572927,2.2910648094169179,2.3201146017670151,2.3266413749498134,2.3495999361630431,2.3989389536358754,2.4258824362193714,2.4695700518758801,2.4960721641652031
0,1.2558522336006035,1.4100538162688598,1.4602607062056765,1.5682192649549926,1.5972692378340054,1.6169112180599794,1.6806477071993151,1.7116123928766809,1.7785276663971143,1.8177920405621451,1.8617713373947742,1.8724772378411749,1.8814892150035651,1.8856974250518235
0,1.6235499448825774,2.0085741779783923,2.3315924415933806,2.3413509052204797,2.54741116971352,2.5749715946643872,2.6220592594117837,2.6563421945743544,2.6600248891059528,2.6744968809021938,2.724975413577007,2.7670036608308579,2.8037988047534972,2.8280900307793377
0,1.9473171145218089,2.0215901551990765,2.131594820892635,2.1609697328887849,2.2045850533481177,2.2320480215992551,2.2499802893311105,2.2813054808726703,2.3039048456344373,2.4284079072161679,2.5019021245959077,2.5222240100747313,2.5422499705544293,2.5541617799613254
0,2.4539292194258877,2.6924405892649941,2.8890416856432197,2.9054873720269851,2.9299013862959513,3.0047587472082657,3.0061790602541523,3.1061042419582332,3.1219788715067982,3.1927147439417669,3.1989426091613273,3.1990943136817696,3.2558238478239296,3.2746213587615274
0,1.8898757906232388,1.9244662363366229,2.0130460578859348,2.0170303887175707,2.0379374610550558,2.0611009268819522,2.1119602064390657,2.1389299049049177,2.1423820337390538,2.1789234423856705,2.2375096066366464,2.2625811944952527,2.3342916664214828,2.3381276473701136
0,1.2628436438777035,1.3261500848935797,1.4173265219532976,1.5918356295446143,1.7525657583715266,1.8009880548242247,1.8731722320651045,1.8868423865915243,2.0073342632143021,2.0190786685755904,2.0747730582946695,2.082514650514478,2.2375016209795424,2.2477019782574161
0,1.4099136016973122,1.4194438744408657,1.474095183002158,1.6020788404988098,1.7476334939069844,1.7874624596197224,1.8000406800119713,1.8105100181839531,1.8137294581252461,1.8188233330559858,1.8661938256510455,1.9043835855221904,1.9202174092024253,1.9799944871422004
0,1.4210911210124304,1.5050400944006379,1.6223128563421838,1.6765058666496835,1.8243101504876653,1.8832782174863276,1.943660272195163,1.9501790930491005,1.9684463842356834,2.010483722408702,2.0540840327377574,2.0577963699181696,2.0618762444353047,2.065284696451168
0,0.98574103336339969,1.387143131068763,1.3974317221259536,1.5067551514468938,1.5108277612367083,1.6096007703956763,1.6888336481454984,1.7416171470749084,1.766447891712581,1.7859878520759354,1.8167647983215387,1.8323285882036484,1.8454673852156316,1.8572186050853541
0,1.5783162146469039,1.8191288135331989,1.9564168431080489,1.9704191238230715,2.0414124236826656,2.1380628454777972,2.2139436676384139,2.2539079707587795,2.2689244289186541,2.4340754533206206,2.4669805006559997,2.4687065842994484,2.4742426873639558,2.4763820864182682
0,1.2476548288192864,1.2577781527467604,1.5454868450864516,1.8498148078970515,1.8513265826263658,1.8532577322012016,1.8836373174529177,1.8939614181662068,1.9343137316324643,1.946258096775636,1.9637861282460085,1.9719280369597869,1.9761147285813683,2.0356834863504738
0,1.7667639429151609,1.8371859944794651,1.8793114459993374,1.8881327218360426,2.0339680440695935,2.0757703381931254,2.1051768230295136,2.1088600864548983,2.1948405056896978,2.1981476073761672,2.2031082595233524,2.294144823348411,2.3031428272787622,2.3398314237262965
0,1.4900589942523768,1.5601252862027619,1.5812628236890018,1.7011418537257545,1.7617327524817183,1.7649181814887782,1.8038800285204462,1.86564668085595,1.8893905739479129,1.9108765898016786,1.9259106241227295,1.9319334673164312,1.9357315148913417,1.9639740270664197
0,1.3891915613584096,1.5022447213906431,1.7702779923198029,1.77760160500815,1.7988327145612018,1.9150190946957906,1.9958719006330563,2.0079011737828107,2.0374103776374821,2.0795639739157052,2.112339575435771,2.1774188927612479,2.2041708054744302,2.2188909797762411
0,1.6034259154965909,1.6073412599481398,1.7538576675561446,1.8486537939955705,1.9620857805901839,2.0380002900421106,2.219215140689395,2.2476745451570328,2.4042909376100821,2.4197121333655596,2.4826096431347566,2.4928314501443833,2.5083700323148546,2.5217830699977308
0,1.2256006147057641,1.2543008719654509,1.5102995486718687,1.5394335380659669,1.5481270705475325,1.5968510250013093,1.6387678137430022,1.7359638521006286,1.7695115144334914,1.8514667825312534,1.8766155717458011,1.8983972481273279,1.9012205644135765,1.9053870007403129
0,1.0876582382984556,1.2779968064246736,1.704025734141247,1.9045236824771228,1.9956379601770742,2.0348522495692993,2.0615552401089992,2.1254367781053345,2.2216301355749346,2.2425521900667262,2.2671171849446297,2.2792344737115839,2.2953731046332169,2.3130353388827603
0,1.5612402555745302,1.6414731204141657,1.6519224821412417,1.6931550004085598,1.9390758367603707,1.961051373088003,2.0820619435421674,2.0997078079922455,2.148301584702585,2.1928022831737559,2.2360211457596084,2.2550409433494454,2.2935978759206987,2.3150571312186119
0,0.98588147942530568,1.0936573572385344,1.1900102266056036,1.2020952156100146,1.2091015529006199,1.2415765390951421,1.3227099225833419,1.3295195585444555,1.3391856361311303,1.3901003227747142,1.4513463597807625,1.4997957661324508,1.5072598821682537,1.5162224709674392
0,1.3829677903489754,1.3840068274988551,1.5050400944006379,1.7101686600285499,1.7184362899934498,1.7405924102621828,1.7889659063651564,1.7932142983114183,1.8353927232770151,1.8656046479105486,1.9151415941414389,1.9209094614097586,1.9497953954027598,1.9618824552520095
0,1.6720000487865876,1.8141137790440063,2.1339035949404743,2.1917527008010169,2.2690477370143061,2.2773173274466179,2.2803749105862194,2.3178013303022591,2.3723132811851873,2.3806507825886585,2.3879900024888538,2.4066993259014313,2.4109973405423175,2.4533439516400359
0,1.0784250892046652,1.3846621175996483,1.4436564546027368,1.4554733655578462,1.4589896875880133,1.4705875339254768,1.5498025930699337,1.5841072658090007,1.5907782536734325,1.597546761018005,1.6112822425789479,1.6292656834883215,1.6332387079599551,1.7249320380798094
0,1.3911084649860153,1.8987583943849891,1.9860536170359842,2.1225059732520433,2.1283112837751155,2.1694515864916317,2.3242420254877514,2.3479265250722237,2.3526073691696752,2.3717181453441345,2.3966699501689037,2.4012794300698936,2.4082859868513498,2.4121445657801401
0,1.1961755196149382,1.3698394278210344,1.5931620483642268,1.7715961337063058,1.781445421660339,1.9332747943879307,1.9442142923398689,1.9867328602182455,2.1092395668861257,2.1307227045625159,2.1312939750461473,2.1443094590379834,2.1970690160266546,2.2181419461717602
0,1.0927232526242732,1.303121274565362,1.3113731083677902,1.4718125811416254,1.4835109817547707,1.5499609985029426,1.5641101471376222,1.5980707360490405,1.6038400055642856,1.6377364353441417,1.6615235022109029,1.6782198810998461,1.6936813830761366,1.7255856832927348
0,1.4018349300443678,1.5776767325276801,1.5957899795941246,1.6529996460630232,2.0474009214896083,2.068858216107639,2.2290934182332789,2.3618422017261222,2.4237668950565503,2.4252810236501654,2.5682365684373556,2.5895630627329691,2.5909152404023175,2.6110620545884964
0,1.3159370365575296,1.3611056796311756,1.6953246556161012,1.7457830019857812,1.7706101501703362,1.9026491050553476,1.9301797197235429,1.9367199563810509,1.9485828519854032,1.9571670723173438,1.9642287235505256,1.9795611113040557,1.9861689343722144,1.9987566685864773
0,1.6906414472457858,2.028099477756391,2.0955425011229143,2.2186475916182884,2.347570758607727,2.3547297139019467,2.3833591232925091,2.4810845980972456,2.5316059873378323,2.5555622209228979,2.5624635248124141,2.588412130695728,2.5926047795752485,2.5976251422378596
0,1.4894610597703688,1.9939484478687968,1.9963515686602964,2.0638203375306796,2.0752293316085475,2.1319126122854111,2.1429306183533283,2.1896876741700884,2.1996119010321364,2.2150505180000937,2.2226195574700012,2.2402938453879333,2.2478966327506953,2.2790067391698625
0,1.768701562359464,1.9282333617376211,1.9393096560625998,2.1163764823200522,2.1272803958415425,2.1541665698442576,2.2025130018503076,2.2142626385213502,2.2911801176633535,2.323212118856222,2.3264000004913594,2.3558216937495646,2.366940784893925,2.373310454691028
0,1.3706410283331425,1.6242820381653473,1.727302908749109,1.8451896335225793,1.8479981400475098,2.0724146517819459,2.0886197055970936,2.2700565566118733,2.2802751191671797,2.2920216582905013,2.3315817658641462,2.3858504120286175,2.3876041370164534,2.3958524328136774
0,1.2647292633906992,1.5095490821694644,1.5368030934930126,1.6631112483848647,1.7601865563323698,1.8575538992101894,1.9315454973492943,1.9398365652372989,2.0504633677199089,2.0874213566391591,2.1002028102071839,2.1229801031664781,2.1301701728727354,2.1542137727854107
0,1.004970017804717,1.3083553443213225,1.3177096327574012,1.3797815280207724,1.4362420900383484,1.470266712286588,1.5260812984763708,1.5466050770633435,1.6191609339122832,1.6546049923656809,1.6673465175997699,1.6810048826671133,1.7180958303069462,1.7377363297216306
0,1.3002535551262477,1.3117198780474979,1.4003374306228757,1.5524080282283659,1.6176676582323088,1.6294401979056892,1.6305264787919456,1.6864003911839915,1.7238288431820157,1.7924502529571069,1.9289205171253911,1.9348775007781176,1.9607758123290842,1.9638027598513093
0,1.6757228404747866,1.8005501225162757,2.1422948095031678,2.1558796364342716,2.3311252444120045,2.3365409716216243,2.3784461425413483,2.4223640145889549,2.432114502769172,2.5973384452524719,2.6314918714513165,2.6664058352234399,2.6909109776089788,2.7132127111218169
0,1.0135922592003717,1.183022731354783,1.2298214353770782,1.3249870915117004,1.3909036406649611,1.4899079428399438,1.5276413715564596,1.5405818264009217,1.6240944157329613,1.6267590087347288,1.6276920409716251,1.6306785416801053,1.6377168334812178,1.6512704089105819
0,0.99045733717266815,1.3704375573969769,1.5292924405209662,1.5352794612231795,1.5561969028399265,1.6165926535994326,1.7181815730568983,1.7735931929716031,1.8814655430378779,1.916447344294415,1.9195455259769698,1.9339354927575452,2.0399692148002058,2.1494824418439649
0,1.0227196852107086,1.4040464695257819,1.4429115638519794,1.4758927279841529,1.5407748131048622,1.5490852143135667,1.5495278636693626,1.5602650859401168,1.5843074018855039,1.5845896632487853,1.598333865404022,1.5999147019728452,1.604511133556114,1.6074486036480891
0,1.098784489968228,1.6952777261993621,1.7557212559591255,1.8231743851301785,1.8647388257924522,1.9018713125586764,1.9022390463828889,1.9129427167696884,2.0184654623010383,2.0237389846568674,2.0319713582242946,2.0819970858734589,2.1068272099562471,2.1127377547968469
0,1.3425059404688195,1.6071360440903901,1.6180928603999538,1.6204063901025993,1.6441738726806339,1.7967628363871393,1.8469970853279292,1.8596406306694819,1.9081191164467735,1.9485420326945755,2.0311070242503617,2.0472137476859218,2.0793590791656285,2.092937032021787
0,0.7762422600154425,1.289797079904093,1.4660738194518343,1.5102995486718687,1.515643925696881,1.536391224684891,1.541878394881665,1.5661906366288165,1.5787206046800559,1.5799012611999892,1.5965550973529641,1.6270679207421275,1.6434177275516355,1.7106896679649251
0,1.776829958495648,1.8628296025920361,1.8830455102739232,1.9120010127666542,1.9979362957880524,2.0223873036758553,2.0958665903297233,2.110185999077161,2.1327857863497623,2.208066279922789,2.2792314861889444,2.2821676634525501,2.2887733431255177,2.3490537809205931
0,2.74717274893381,2.8369567429739027,3.0475169240581357,3.1567064661096591,3.1952306171118137,3.2459211316421221,3.313697371973598,3.3193148732128472,3.3754106631648026,3.407206007401832,3.4183203151646437,3.4231036452149244,3.4401221706967076,3.5119417652352802
0,2.289321290900336,2.4043264984412054,2.5066966857855566,2.6956175274411316,2.7353835870662802,2.7506124974609056,2.7939195520341129,2.8041063054139901,2.8239242267363869,2.8677536279544729,2.8732620217257097,2.9349325487367954,2.9372295187886355,3.060520608613714
0,2.4170361034395476,2.6033181046293747,2.6066025018108379,2.6532354327887648,2.6614461913683298,2.6858860535077764,2.687884460964804,2.7832848876286547,2.812043225687765,2.8355706179604403,2.8371579873559787,2.8483532728224232,2.8610223309468306,2.8649275652538213
0,2.0693321437806187,2.3163663642143093,2.36927280927658,2.4208943230254758,2.4724397580008142,2.5078032454612926,2.5391200778138066,2.5401951345460683,2.5731114439290712,2.5964095157567382,2.6079515997058911,2.6227911256781744,2.6516220148324288,2.6566287080060489
0,1.6042588993711677,1.7628115494850072,1.9315155779332653,2.0350940189715283,2.0372096477922113,2.0457203679400706,2.0552137923583147,2.2127436879354505,2.2180693351736327,2.2265235212515995,2.2427881914295029,2.3454733319487491,2.3901343776861692,2.4206561162447437
0,1.1494981668482289,1.2055785057788018,1.2745303527401199,1.3657859705110853,1.4582779428860313,1.5584238279968388,1.5680392464403663,1.5978303555325912,1.6135018703278998,1.6163926268425786,1.6199499307861642,1.6485249256435441,1.6690807577355504,1.6949521159981791
0,1.8035202873757659,1.8155791970820641,1.9259989255493912,1.9461725364615208,1.986259848904727,2.0251428825467928,2.0428872892550554,2.0845483270325276,2.1175227951083553,2.1189204466677962,2.1260563536865349,2.1992087729553607,2.2030083729763881,2.2062950582270315
0,1.5400223570626903,1.5929383442497353,1.77760160500815,1.8242543923463503,1.8275809926514386,1.8814919760630748,1.9104719544012416,1.9914504572618046,2.0166276385847381,2.0310287228945838,2.0641678169312176,2.0865885400761748,2.10983943282567,2.1524830612208325
0,1.7273111898461921,1.7819882854578923,1.92579280871722,1.9926000166382667,2.0303882623464573,2.044754335092299,2.1460731572666418,2.2606854395400195,2.2875843171004226,2.3027221220843739,2.3052658464189726,2.309219919869244,2.3352617335508974,2.3378302618207161
0,1.1265365394357807,1.4348439819010501,1.6279279031730227,1.6304259099842806,1.7685648218645402,1.8031143804501861,1.806701009862969,1.8265406517910101,1.834352014362518,1.8802226853795878,1.9023147689947051,1.9405101503005375,1.9534197625847118,1.998642835578281
0,1.6676721121926672,1.8726253721687256,1.9516361016212154,2.0659263274755837,2.1255410921552791,2.1315239125802208,2.209808656753085,2.267467356507987,2.281999820213072,2.2989742281700223,2.3139803901714711,2.326224791674167,2.3486427738649569,2.3829087670745386
0,1.1372446187484244,1.6163719160487027,1.7801303330782936,1.8647763540659408,1.8745118414184794,1.8800679396889015,1.8984446745128591,1.9193184030973656,1.959853810375215,2.0118030024283886,2.0155971657245044,2.0543149281996764,2.0648462236215095,2.0681608878131077
0,1.4044649216744751,1.4584665141980588,1.4911760680555737,1.5139909127484152,1.5727513514189939,1.5908498300271174,1.6292656834883215,1.6310747681106088,1.6405869475265835,1.667524089975174,1.6723261106560163,1.6961604371679491,1.7214097076551067,1.7329050977834801
0,2.4406316213509394,2.5106343112866707,2.5347223582986702,2.7021005145479466,2.7028787882860459,2.7142507542517817,2.7664102120864893,2.812525668966821,2.9316397995478076,2.9650161012788279,2.9681752326909514,3.0188056348276868,3.0315472668610464,3.042430818102285
0,1.5758435041130101,2.2035423999560426,2.2802751191671797,2.4555350619027076,2.5031548185492962,2.6500567619760207,2.7564571771002746,2.8189795952046244,2.8817432018865903,2.9245385962336297,2.9545935069438509,2.9768158830092206,2.9806470266810159,2.9860856967548801
0,1.2182559184170054,1.460619670593762,1.5225379486051729,1.5245242169785098,1.5541929828346259,1.6869549722389803,1.8503186815501476,1.9134489045917387,1.9303293048923906,1.9572354384465211,1.9670823444774983,1.9966833672849198,2.041089552354566,2.052735303214984
0,1.4522438065394678,1.5687932998091998,1.6151473394011839,1.8472593547238683,1.9384012134727064,2.0107563847640084,2.3037390567555525,2.30940801941246,2.3864635853837561,2.4115576604441111,2.4135721639897265,2.4163769328473972,2.4262067890110321,2.4325286883345183
0,1.450875348312233,1.6189120186968415,1.6411559209241184,1.7052368297091911,1.7196334060187224,1.8002975749459926,1.9073004008351584,1.9897374007185544,2.0032838989311919,2.070299095671353,2.075264081636528,2.0844989424632243,2.0979548552918161,2.1354016178461275
0,1.4433612261090636,1.7097211908064676,1.8315897112787147,1.8498750795434171,1.923989403319023,2.2894141634407155,2.2962942092343543,2.3290984978752927,2.3632537804060521,2.4760924159073445,2.4832716591756521,2.5316959531895535,2.5614640446530927,2.5839448561422915
0,2.0070351651303198,2.0539753140348163,2.1463934527904369,2.2106242338581117,2.2204891219959326,2.2517907433827036,2.2686974092476988,2.2807039370386928,2.2943205365594475,2.3357976249464705,2.3572156374678515,2.4521394409000279,2.4559117952466116,2.4773403799529987
0,2.1205126878706908,2.4764970599467069,2.5414639140554862,2.5701145451348326,2.6378780248926033,2.7400920472227104,2.7642746491717074,2.8161516244353577,2.8875142612448061,2.902691425198852,2.9063426623487167,2.917025101197487,2.9443329991288683,2.9665008565478796
0,1.8760251746697836,2.1006581776186537,2.2162100674550493,2.3269192366695663,2.4344006977174137,2.4517909357159882,2.4576601714991151,2.4578615572511056,2.4918648392979303,2.4959977005605247,2.4965729262793692,2.5080107348935252,2.5138804340276835,2.5386233859499097
0,1.4638227013090277,1.5460826804232439,1.7628115494850072,1.9018338193121305,1.9581993077976949,2.0046157138938381,2.0383084619537253,2.0503221674053882,2.211680089843425,2.2160525731217398,2.2375396828926308,2.2537987757822839,2.2819740291162938,2.4479947322172571
0,1.7550749265212198,1.8877559939213753,1.9059102987483914,1.9059679025751615,1.9360811390521362,2.0255358334207223,2.030264117118425,2.1564942295360963,2.1890737432032124,2.200955688347356,2.2166797964856979,2.2311118927010938,2.2795371195270224,2.3309954533839563
0,1.6056396471944767,1.7836819558427568,1.8211200013016728,1.8238524334867499,2.0262499968318908,2.1085859414881454,2.1570994784093167,2.2754869597246179,2.2882734829337426,2.3388322735199294,2.3507407430550473,2.361007753944889,2.3877313218676304,2.3881738552892742
0,1.577491506366911,1.8423645255170411,1.8548367896202809,1.8721409594106146,1.9160552416405525,1.975251001432877,1.9828157846533334,2.0617969393125741,2.1482419377363957,2.1891143551672507,2.2069264306958041,2.2073205621114385,2.2291618019166042,2.2620294097204439
0,1.4565952553133812,1.567781836039799,1.5905168444038382,1.7281425620138766,1.7747361593907278,1.9699282742560653,2.020116024894238,2.0299456737823536,2.0528119567060261,2.0698274140751431,2.1023643133612224,2.1532867673487375,2.2153639974906598,2.231190695467244
0,1.1818677186257545,1.3646130181343488,1.3745971090820428,1.4278293072323036,1.4818736132370363,1.5115427587759691,1.558102795851485,1.559917113426929,1.5903771600099963,1.6388970772616196,1.6448685251653756,1.7175442521576658,1.7193064170573173,1.7195966241825973
0,1.5165679450540168,1.7540557083224584,1.7732019430594048,1.7981926456294577,1.8165041269758375,1.8378366222445202,1.9496027515235081,1.9565169420900794,2.0319876713177685,2.0931363921918753,2.1400050491524962,2.1429306183533283,2.1480216402211085,2.1527984346241529
0,1.7501170438928422,1.7995084258391723,1.891987157698781,2.0750863950042442,2.0764314163534943,2.1404564207490813,2.1975190964938669,2.2130224199432167,2.2538583070040472,2.280827109651828,2.3256176432585036,2.3695702344879108,2.3834290342979676,2.405991620394714
0,1.3229411720527195,1.8150003490114286,1.9870136040784794,2.0442845028600476,2.0772665019210459,2.1344998705647176,2.1494433369963937,2.2288325899741106,2.2994116665840614,2.3329114797495509,2.3431087488906188,2.4509443824781276,2.4696658671012406,2.5029996611976255
0,1.6264736111915301,1.6429403444000403,1.7491476826922281,1.8012773873629324,1.8455799520327774,1.8521299016330175,1.8609964492518036,1.9548094601512711,1.9729573765602793,1.9929372613280742,2.0455061529892253,2.0749660495128039,2.1103852592650014,2.1189676763765006
0,1.8732482252439451,1.9389651709407458,1.9790235778621028,1.9987453638008217,2.000264135316943,2.0090504135386822,2.0102456655125769,2.0191605860785509,2.0943606920018669,2.1041742451519361,2.1982493226507467,2.218704564317556,2.2666987577053006,2.2997782294667157
0,1.3219268893989413,1.438717490082122,1.5039183089018251,1.5244894360039933,1.5726357631723344,1.6019472417363207,1.71761418163764,1.7694889785458019,1.7702779923198029,1.7808844414438216,1.7813640175916794,1.7865552881277047,1.7879517694259646,1.7912909038568285
0,1.4521515545630086,1.531290190578976,1.6228867384282915,1.6713284102461872,1.688143639046388,1.7299918610849476,1.8197792651572557,1.8554713605655111,1.9424320081053692,1.9461441734466254,1.987451078860007,2.0018545240878169,2.0045586085638156,2.0225313661641087
0,1.8287642290273303,1.9040515980538735,1.9756904377859139,2.0963979944989326,2.1215549714491773,2.1390557650240445,2.1522570231216491,2.1936430578268906,2.2515695567448102,2.3627992757049645,2.3844159355286871,2.3876622761633541,2.392620121089664,2.3959738887236841
0,1.9231480662248575,2.1238339786827409,2.1708835250490446,2.2047003511839103,2.2676296630042438,2.3071417109250802,2.3317370080157098,2.3516485725496783,2.4559380636664856,2.5054793072088084,2.5285540894539342,2.5305481836651373,2.5545805214139579,2.5735055104631965
0,1.490426421703303,1.7683509342443384,1.8886198759346278,1.9193569929815932,1.9992006161837144,2.009140461924745,2.018688878002501,2.0618037541799472,2.0847119544674553,2.087635792221803,2.1036598679951219,2.1519797537964158,2.1524041551490614,2.1579862191940857
0,1.1979378689692353,1.2454470165738927,1.4024962258571372,1.4116968528867535,1.8533080194092446,1.8931007633850194,1.9161583646578833,1.9591315310250854,2.0278584884850588,2.130011125020991,2.1318200932200195,2.1902721902237485,2.1998459815055447,2.2313502972133614
0,1.0671941682671791,1.3293518856169946,1.4261502638116843,1.6211204702447688,1.6663537500934786,1.6773105219269027,1.7205777945560325,1.7340469752234855,1.7371922958743586,1.746691166288328,1.8459158151142934,1.8722371286537565,1.8841645207093038,1.8921488403706723
0,2.3071710331293613,2.9218712083851708,2.9628848345237202,3.3347620150387187,3.3452548980155332,3.3790341207375194,3.4015019420608494,3.4265820458010614,3.4750383754921002,3.50075668433912,3.5084726484321846,3.5764693196503963,3.5817386071663901,3.5928624385149797
0,1.2486011176031448,1.3030736577413102,1.3087852146794785,1.5699454123515282,1.6009537045568576,1.709700471599604,1.724581995575619,1.7263841880952808,1.73433828793588,1.7766693165559173,1.7778104709686633,1.7866225138906084,1.8139321637358785,1.8222399396346434
0,2.2923746645908603,2.5284835274158701,2.9022905931223333,3.066974024787811,3.1153511585096001,3.1445892033203142,3.1540870495564715,3.2578214642927237,3.2633218808136411,3.2635370776307182,3.422724400322863,3.5032650735317956,3.5298993718149845,3.5384037490944702
0,1.512941468736642,1.567781836039799,1.5848066351441519,1.6695713489753274,1.7137829175529451,1.8210166840106352,1.8612848446659072,1.9004288077508797,1.9021409529018853,1.9055507348929146,1.9243785799412401,2.0039673261853803,2.0136676465292713,2.0505993362998098
0,1.2253781672783803,1.3142762447483249,1.5158685944701629,1.6881627134837902,1.7140054631421811,1.7684898082878466,1.7965913221621317,1.8170272163205043,1.8321037280838428,1.8386254162044042,1.8853108111522412,1.8918212977503746,1.9387169326441809,1.9429701645120738
0,1.4798909869561545,2.0822431197867051,2.1903394527704823,2.324492728050684,2.3561075508498432,2.5105988163816564,2.5275954310515898,2.5324160157262448,2.5574755971737195,2.5726563693111495,2.6215746293883768,2.664624392371528,2.6704013219167337,2.6868538788022462
0,2.1336013282881336,2.3667653645687858,2.5013440742699244,2.5092605151044718,2.7228624046648657,2.7426842343541535,2.7941385076588392,2.8161758281621188,2.8649283753251349,2.8892909055996712,2.8919761239635386,2.9341402964953205,2.9375804577316189,2.9950890366113954
0,1.0523310050305887,1.2924909672185385,1.3656041717701111,1.5962624290570635,1.6510507947056965,1.6583557439686505,1.668782996307224,1.6795282471016715,1.6907215967024543,1.7508390033466374,1.8490513232433836,1.8999032232308046,1.9059147021727094,1.9356048487811277
0,1.4874134553790319,1.52928640352784,1.635348207547479,1.7389667863371996,1.7454308439882669,1.8144373825444624,1.8980592065863826,1.9187524608569029,1.9613284077678932,1.9707505619931289,1.9999078126023593,2.0456996816304653,2.0603282274938501,2.0709515402307823
0,1.2064200680766433,1.4456421137328024,1.4479015424751696,1.4634428444066114,1.6371916516798093,1.6643490787144377,1.6764038561788825,1.6816477913058998,1.6847834246874256,1.793567637541561,1.8116845881081352,1.8376994812903431,1.9126623594295207,1.9179218562430127
0,1.2782919221865774,1.5851997536710927,1.5930701445994064,1.6211204702447688,1.653318902211012,1.7113882444832069,1.729699582113392,1.7442198327180669,1.8484040177340681,1.9308564698450321,1.942630936414232,1.9542418298654656,1.9565905443925862,1.9816247715322761
0,1.3710435675383315,1.4948851198304982,1.4967078439165846,1.5163909226580827,1.540517073258743,1.564300369337043,1.583904353942829,1.6020211909968745,1.6310515273151927,1.6774382142134467,1.7045583865228042,1.7272026795569972,1.7690853538668569,1.8243937494318412
0,1.3288288502107308,1.6040310643638969,1.753088293850823,1.9000923352461523,1.9687369565113688,2.0574228712561338,2.0735914726318438,2.0947336690705232,2.0999281736674829,2.1435954920224809,2.1482419377363957,2.1603898053816497,2.1850516302086596,2.2069538485031344
0,0.96188257525288479,1.2856707674187315,1.2964027298726772,1.3076512434698064,1.3501343336708593,1.4884101804285617,1.5154820547785919,1.5908498300271174,1.597546761018005,1.6213453598065259,1.6375815879735998,1.6469901726347411,1.6818565743938483,1.7071100260040868
0,2.6069592509641724,2.6269473946993851,2.6998043475137199,2.721194205109462,2.7488785796781401,2.7704576228910538,2.7773146863202416,2.8013276449055509,2.8237082810801524,2.9470708356871254,2.9651838805599193,3.0278398190344786,3.0958797711793236,3.1060648678414879
0,1.0383502635246573,1.6043995045672224,1.6799778783879491,1.6953246556161012,1.6974944216369519,1.8101865137658104,1.8577383861926495,1.8748710891346165,1.8808046110085399,1.8929258402264704,1.9250258715325936,1.9611981842716899,1.9755887373305754,1.9855640610110989
0,1.8428682104675185,1.9599080204289616,2.1352766479681651,2.1645905806390258,2.5054813560484113,2.5109577153475593,2.5268856603146417,2.5748047636252647,2.666229535165944,2.6866140216717587,2.7695820943100835,2.77692736446626,2.7890114389318716,2.8149565525606173
0,1.7216707121307138,1.9815695760566294,2.0451338890551169,2.2008442230726883,2.2832789762541474,2.3057076994463888,2.3105167681272643,2.3149539194500375,2.3680194736999831,2.3805574252680093,2.3906239625619712,2.424531461916851,2.435876188567704,2.4489737966376421
0,0.69813946638902991,1.1629290811233695,1.5114774113052214,1.5744935468216201,1.6144525804283987,1.7378853176390012,1.8625713956631087,1.9368510081310919,1.9734672919513201,1.9978156616340945,2.0072347708286982,2.0130839478718094,2.0258630827054103,2.0383412627617647
0,1.2701644717699228,1.5153037031416423,1.5973816534868881,1.715451405155092,1.7298453035072416,1.7640186908782325,1.8091772688772765,1.9004009951217573,1.9259989255493912,2.0133493603539478,2.0175155372129843,2.0262499968318908,2.0328355837496694,2.0338048939430702
0,1.4234083614114574,1.4522074760590433,1.7241047640779812,1.8049104418903739,1.8472021408374046,1.8630793007090183,1.872182002543102,1.8927397012320828,1.9307496574878826,1.9349450280037579,1.960043291032955,1.970236579055676,1.9938236307568675,2.0049967415136449
0,1.4622525707188054,1.7355498043514508,1.8213399949514097,1.8232625263781055,1.8887918782904323,1.9289111292686218,1.9390758367603707,1.9470749215051379,1.9564318363537279,2.0424861319888787,2.0488770754163346,2.0499234468887049,2.0937743339312691,2.0951479923891014
0,1.6486851293900566,2.0736583101556381,2.3676557034543295,2.3699321167158107,2.3724760513922774,2.4845750112102092,2.635011126490522,2.6554385770460223,2.6800010456848975,2.7567455056817178,2.7654082573883745,2.7856165035421192,2.8002521198539889,2.8129603695302499
0,1.3911084649860153,1.5415225808324595,1.6511292395176387,1.6920035957029602,1.734558020147619,1.7632454013174093,1.8193739023032036,1.8249277914310995,1.8486062168658959,1.8952818999200565,1.9199310995267533,1.9874482750156506,2.0372442867090563,2.0488588664522553
0,1.542842549112357,1.5906296961951452,1.6670862470181982,1.6681668165125276,1.7081819695613698,1.7152630478716224,1.7188914640298028,1.7234550156848354,1.7442707021268355,1.7646186026312247,1.8911447353277813,1.8921758480423025,1.8954028533711036,1.9161583646578833
0,1.5892878485778035,1.7555904419923656,1.9946910419120538,2.1935023056714273,2.2161402063373203,2.2202194295708781,2.2662828095224596,2.3177562098277757,2.3801268651477638,2.4151002975643006,2.4538155071717753,2.4907415387865646,2.493329532933668,2.5024660893873825
0,1.919820919263866,2.3030806408101667,2.4750889153221181,2.6894855506230724,2.8201843546117145,2.8901262023337653,2.8971657115714398,3.0203686880298397,3.0524898806637655,3.0537510257717533,3.0723739024438559,3.0811781422326647,3.0819642523897137,3.101073825926981
0,1.4336397084565844,1.5167956778886369,1.6672222127308813,1.7984009670380139,1.82877441786981,1.8465742883055858,1.9180255122383651,1.9630214776380561,2.1326375180550152,2.1429849532868932,2.148301584702585,2.1605784781780923,2.2323528730202127,2.2535913624369326
0,1.7872546247795087,1.8080710333528807,1.876528081612109,1.9210053524655428,1.9357788430976386,1.9573952832911856,2.0545469340471159,2.1156328473633086,2.1173408173665442,2.1361049751479202,2.170999192456136,2.2072844592004608,2.2815172188089612,2.2922295887427828
0,1.7101874115082605,2.0499716950341922,2.1688108040229257,2.2540545499576328,2.320747412701786,2.3561994929385111,2.3771145962276994,2.4245210093220901,2.4279538017068245,2.4921911690576231,2.5110263127792982,2.5374452421223146,2.5598460066371023,2.5690331312350208
0,1.0652868917990279,1.5053016762455005,1.7469767651095398,1.9283818708953784,1.9427278388208824,2.0021206538869625,2.0893536924285905,2.1003078086136613,2.1252889798927095,2.1344998705647176,2.1535804650764407,2.1766742892893371,2.1914028762878579,2.2004436747740033
0,2.3896294292973042,2.4823599623355319,2.4920329857471128,2.5432842435262408,2.6262163266023757,2.6319613538347899,2.7094531830286859,2.7319614206271456,2.7877670634745302,2.7956432053908635,2.8179168962891397,2.8411853726875362,2.8917044142501638,2.8947819114424909
0,0.98929481671201935,1.3338550588496496,1.3501954462846373,1.3613227568350565,1.3979469019005577,1.463520898756516,1.521940355300325,1.5221121373687043,1.5335332622109961,1.5615369341020169,1.6087366169522483,1.6100752430470586,1.6305264787919456,1.6415621328937222
0,1.3043030576850747,1.7107075030582923,1.8643834617565991,1.8656525213281581,1.9221149631621395,1.9632730574723827,2.02533850514483,2.0525310553204745,2.1009492655262827,2.1589368744275226,2.172257825114265,2.1809194144066497,2.1896290703988632,2.1978280520719014
0,1.4014344061160051,1.4600578594867994,1.6985381629543523,1.8554732971131653,1.8814892150035651,1.905553659399515,1.9941824637086936,2.0390254411430431,2.0645002651671995,2.1158404066383056,2.1278677987546932,2.1357460077873767,2.2156945965944979,2.2679210645030845
0,1.4394824710641405,1.8231743851301785,1.9658493348271266,1.9990817873307769,2.0553153158703208,2.1003251870809394,2.2693234953554957,2.2747949865273362,2.3017983912454647,2.4128703103753004,2.4442895203504547,2.4684234123975215,2.4764508845162321,2.4808108189136737
0,1.866402586713654,2.2195054945629824,2.3335188640707436,2.341249129153729,2.5874670138338138,2.6796507414695299,2.7956599674205518,2.8507698610014174,2.9235616416675674,2.9296623879318777,2.9584839685965183,2.9679745173394001,2.9852847986068221,3.0059507565321133
0,1.4926708669662097,1.6049149183332476,1.7690978378346482,1.8361714662323527,2.0238981258256481,2.1323525652716535,2.1377951043887076,2.1563811268836179,2.1632077290485769,2.1694670708282202,2.1811106881363953,2.18207884235437,2.18720204467337,2.2120603432385941
0,1.0620168248431152,1.438717490082122,1.5154301444234237,1.5393206003877988,1.5681196412607108,1.6002384295256735,1.6187290424059135,1.630345573732334,1.6532156994016052,1.7032544583732676,1.7058345036516338,1.7251196939663807,1.7458602466638666,1.7821063354255393
0,1.8188892300894643,2.0668967630860067,2.0874177314294129,2.1129460591892486,2.1213345054091173,2.2169905146512545,2.2928965586045393,2.3346728525125093,2.3651340426959213,2.3663575650795488,2.3704362890003918,2.3940841900147589,2.4769170079728879,2.5293528732130675
0,1.202655882794736,1.5266698829491001,1.9094576508558623,2.1607500436138825,2.1795000248270604,2.2145539039204856,2.3129231919372653,2.3402923278142227,2.3787125441828132,2.5686236074650624,2.6021058541897824,2.6021289573081408,2.6410332737052751,2.6426763725256364
0,1.6674762378359376,1.9618353159429083,2.2184149876816868,2.3257238838153746,2.3481819067656939,2.3524259440901285,2.4167905547519828,2.4446367164873948,2.4705270303816338,2.6143034906998524,2.7051953788554344,2.705413333045072,2.8181333547321143,2.8276178508009049
0,1.4360474842401618,1.6242643134706634,1.6289855654615104,1.7297121040152736,1.7512211199362495,1.7900044162157684,1.7958389473244902,1.8985045713049804,1.8990009571661979,1.9006272597964937,1.9919160686295412,1.9953245353563107,2.0036212853859054,2.0112645905586555
0,1.1847003169811516,1.3103652405589044,1.3576425374811347,1.4687949936530549,1.5723460818594908,1.5786826542122701,1.6362150700245013,1.704174141257726,1.7660881778917692,1.8185161643062342,1.8213534989008815,1.9412931881623849,1.9870289030898014,2.0154926518104253
0,1.6574315855810138,1.6909649163503846,1.7451370384702585,1.8450320939450779,1.8515205171129816,1.8674853433454053,1.8736204267650354,1.9031606005855468,1.9557651427512768,1.9668300918838768,2.0100420923243312,2.0596962710412448,2.0872763533482623,2.0967895365422478
0,0.70574100474916268,1.5387654034944751,1.7521761782901362,1.7893308092072093,1.7961218386020439,1.8150764391155745,1.864062196541205,1.8658802245339334,1.8996965036025248,1.9402806257859826,1.9861659201781501,2.0199828746097257,2.0445480425241938,2.0460059970892024
0,1.565995638094517,1.8177012071732872,1.9710798640139215,1.9809032096302985,2.0144462236349958,2.0220654713302122,2.0897548947833471,2.0915713590473763,2.0944231854376638,2.1142273013991235,2.119988828091889,2.3199340992711366,2.3224047146056011,2.3395565471685007
0,2.8117638296626781,2.976762554180572,3.0267614862016372,3.0517076112274171,3.1557895723861997,3.2164231259648646,3.2550657296846111,3.3259739087538924,3.3321102626931065,3.3578949296732072,3.3765529930597742,3.3915078980013584,3.4343990525763592,3.4605001866578222
0,1.929664042784883,2.0209859462259745,2.1766861337530465,2.2915588993173612,2.3256176432585036,2.3282500086035953,2.379412218131971,2.4042371440214225,2.4462077362313459,2.5640624167968378,2.6148606473583431,2.6553694566389852,2.6582273999743187,2.6975932363335371
0,1.7587772161066442,1.9838452710650303,2.3063190030750866,2.3910984768744687,2.4232716198600541,2.4865924235796593,2.59816618517333,2.6750558819481043,2.7277907337027076,2.7338429720445423,2.7718492931326528,2.8069762735334902,2.8383790252205334,2.8511613986480544
0,1.1873782194783049,1.2317807159595142,1.3923358848321379,1.6095157450917805,1.7136088424352838,1.7507502260089602,1.7591250172511412,1.7695803923829112,1.8182081876603222,1.8202963433234494,1.880541578559449,1.8817295126910429,1.8826069477052891,1.9726479323114898
0,1.417796921948423,1.9263635062544699,2.0238498576005597,2.0354324406224911,2.0426059630726798,2.1403510275593813,2.1862350042896068,2.2056995546267495,2.2642581568771418,2.2924483280154586,2.3551792351862231,2.4500006960012692,2.463009004658343,2.5301830447361739
0,1.8293944357374383,2.1528905676189711,2.1676226339567668,2.3562062863874158,2.4290461716129665,2.4376089155357774,2.4481477440917581,2.4599549613087981,2.5423195910141403,2.6840047186602876,2.6842645592653649,2.690957919068631,2.7039067441831479,2.7096054940860097
0,2.1473902993296003,2.15871844717674,2.1953046095891406,2.2471786795886071,2.3119642555204236,2.3283111520132485,2.3405811517545363,2.4684159666843981,2.5117960389276699,2.5188340080704141,2.5437005393938468,2.5598512941315268,2.5752236517601821,2.5831911384695925
0,1.4039432895860295,1.7670107117720195,1.9170362940312886,1.9258985471557177,1.9305517181325018,1.9384057121664287,1.9410954292387097,2.0262434309498141,2.0656610733258565,2.0764314163534943,2.0807134152550191,2.0919930602443793,2.1125205366610964,2.122768403602469
0,1.2055027954781437,1.2706970243715683,1.6694580775099206,1.7129465624497642,1.8622299947451724,1.9214213127359452,1.947217082941711,2.0025443980467834,2.0250232308981331,2.0307561468441686,2.0686735052375327,2.0849953229549896,2.1014570007394857,2.1177082495996213
0,1.4905992529198864,2.1982868787337879,2.255321431337912,2.5359855012447428,2.590906082165815,2.6478457615833717,2.700206688551781,2.7269449584828616,2.7471599672393645,2.7607296092812299,2.7614108134629789,2.7842666498845499,2.7974445073472083,2.8609400791910109
0,1.2109039446603911,1.417796921948423,1.4969001974503326,1.6448337419504777,1.9554453082407297,1.9597637048092815,1.9954599530830488,2.0931440108278285,2.0985764443725703,2.107248454707654,2.1095056027879298,2.1503917043625917,2.2099024683678934,2.2515394541273186
0,1.4605034100658913,1.5294092586871515,1.8548093671373389,1.9467151065103936,1.96896536425227,2.0374177095000117,2.1144724431322826,2.1339035949404743,2.1502783264548979,2.1742058948252838,2.1842168029248206,2.1905601016944694,2.2035020239438476,2.2064999684118249
0,1.4014344061160051,2.0818518192077367,2.2956018750660752,2.3010192675903691,2.3875827681258488,2.4323426200540261,2.5615904024155274,2.6294432142512263,2.6851912219271692,2.6954403927920607,2.7769496124835711,2.9057067020762939,2.9074007875998458,2.9247538015600196
0,1.3790471796812778,1.572758614261847,1.8915617522270727,2.3320693230473166,2.5752346105035557,2.5871300129003849,2.5882450342298862,2.5929273635098746,2.6009064422190278,2.6380819964351172,2.6709790567789473,2.6932203248365933,2.6976975156790388,2.7045130392558456
0,2.1987140216860981,2.2775863172457131,2.2825698935660181,2.7974143531834952,2.8216448505816412,2.9013718324264479,2.9369988582190412,2.941130063462726,2.9412063000563795,2.9538990046362708,2.978084197285523,2.9790762670606545,2.9887371348254055,3.0038077903113698
0,1.2300937509425778,1.3124492417002467,1.4180989755558437,1.5074871887495673,1.5384426875827595,1.6166894567757493,1.6511917324542702,1.7207173563481462,1.7277865596195792,1.7336018161065527,1.7512211199362475,1.7521659009016963,1.7814968484725133,1.8525649821469692
0,1.5042127846520728,1.6543997477398673,1.6586589742515156,1.7170466783963956,1.7808003403036023,1.8353213467660201,1.8417995825675331,1.8459114734768625,1.8560648395285457,1.8678839195788428,1.896765946207922,1.91442710407817,1.9201608591198687,1.9374128143074758
0,1.203708842581648,1.3044063619299067,1.5068877524239144,1.6649668744606241,1.6774784844099242,1.7320504195098687,1.7955703989518386,2.0750665686710201,2.0779011430966414,2.1176609483009399,2.1268380975521355,2.1816176981559194,2.1992087729553607,2.2139619092294498
0,1.3030736577413102,1.4262255716054346,1.6005179943807661,1.6160503715226202,1.6532156994016052,1.6909220780026868,1.7233777962076411,1.7942008304941652,1.8231325644547622,1.8327849612243396,1.843594086849093,1.8472539095537923,1.8937453162524212,1.9637472002137235
0,1.4450043555968479,1.9033770515096262,2.1258704579583512,2.2928729328053903,2.3148366294749256,2.3226298392766056,2.3574704789546361,2.3606858969149749,2.408251025645578,2.4877213094911088,2.4949153774652126,2.4993334910001179,2.5029039183792827,2.5265227735650271
0,2.6350068626661196,2.7603177925102766,2.8040284301668792,2.9199034442002616,2.9215815230904463,2.9351945148561116,3.0525022525057075,3.1387538779590458,3.1495857191634884,3.1749566318455931,3.1782319114091293,3.1787297928035851,3.1870886387735378,3.1982664373361929
0,1.4114916017719752,1.4977471503915896,1.5904096402144525,1.608220327884047,1.6242820381653473,1.6871184066479779,1.6890089325228357,1.7017762496221445,1.7891635448353569,1.7950051804552785,1.8019367617320665,1.8119213183160783,1.8405590397423186,1.8490741578008048
0,2.2847248571434391,2.3652680789291232,2.5615848903760461,2.8458501594546295,2.9113373391973014,2.9812921541077055,3.0107360750342753,3.086248771706944,3.1129307575819065,3.1188304105175484,3.1461500134819884,3.1475971487016183,3.1832834074002201,3.2215677240530569
0,1.5733820538726357,1.5865732174538776,1.6467460714906166,1.6546798023644056,1.9208807427023293,1.9469917255641247,1.9611864235638379,2.025049046783963,2.0441041352509419,2.1025746637324936,2.1183801077152049,2.1248182580777346,2.1497296213460171,2.1609697328887849
0,1.7801624523617432,1.8745289373295535,2.001280667902714,2.0966463721164637,2.2332093929833863,2.2417491777022964,2.3116264793660433,2.3248829361814964,2.3280647431457973,2.3305388615451021,2.330860447755807,2.366691243728281,2.3694645784179089,2.3873121343990724
0,1.2663532032845815,1.8736079311683047,1.924044522047557,2.0406178945585371,2.0611114152985532,2.0840597066194042,2.0914536436546292,2.1288166227864669,2.1600111799775603,2.1694515864916317,2.1984793160175156,2.2254181897625722,2.2752787358669115,2.2790304895025093
0,1.1161080291726202,1.2676351270154917,1.2834105682751791,1.2986086842588811,1.4538283109957593,1.5423981007118941,1.6035738731995459,1.6045495106505228,1.6279279031730227,1.6934062925064914,1.7149460629263171,1.7235002213637831,1.7793900197507906,1.8034793920097261
0,1.8255163311507789,1.8334485687908337,1.8414707850011747,1.8529638360980192,1.8902344139280416,1.9396376601821617,1.9851240626166922,2.0092123785511062,2.0313945780065268,2.0341233353185499,2.0834688109785997,2.0855675945362653,2.1168898345091285,2.148110749958851
0,2.1664764953800075,2.1721590133110844,2.2812994469965058,2.3049590424629334,2.3814499596579499,2.3960211722278779,2.3971599796477929,2.4947641715494933,2.4992029419303226,2.499330996844058,2.5118649201148147,2.5348338545435638,2.5421867681739898,2.5580970673412597
0,0.96524144371410825,1.6017903010803727,1.7060501862096897,1.7202862938191652,1.8450331027349915,2.0044949069000157,2.0411748804906416,2.0693321437806187,2.1210171618389828,2.1492665472052983,2.149830556648253,2.1945143989276223,2.21528708696128,2.2416180117082622
0,0.98574103336339969,1.2192644869897462,1.5368718725900314,1.5761407411751533,1.5998212093292807,1.7135422189478386,1.743677923165172,1.7705722070566587,1.7709902182456649,1.7933723832678083,1.7951313484944458,1.860522805300336,1.8875446759737846,1.9189808807354549
0,2.1371541060058119,2.2794099770557272,2.398990977897578,2.4568150824213926,2.4859786214162884,2.4953988360080537,2.5003591233196465,2.5713261010948099,2.5836851548671351,2.6830311232205646,2.7087562933950222,2.7688692525707257,2.8186986523761268,2.862401370158778
0,1.8677140922723863,2.0650760351484445,2.2256970920091308,2.2284428123766862,2.2928576769390121,2.3734043265169946,2.5292061649045956,2.5544731452334122,2.6325798730988934,2.6474041507107819,2.688812796538508,2.7193799269805585,2.7356682575498454,2.7563538569642994
0,0.70937564453856505,1.0847633346080814,1.3589850880965513,1.5254986864269606,1.6235727884838109,1.6698275274965928,1.6965738661008514,1.8347225508046821,1.8385574409532663,1.8687146878147571,1.9058569687385103,1.9126216194840482,1.9282414168581008,1.9703441114777442
0,1.2577781527467604,1.2668633421011417,1.4432357305636485,1.4960084232266577,1.5098063015489487,1.5393206003877988,1.5684049743624846,1.5934067378493146,1.6021978935714127,1.6701155310737172,1.6806749685825859,1.6809721464675831,1.6928641185260489,1.7261586181852033
0,1.6092237798505558,1.686962462713145,1.9303952716175374,1.9527609014586436,2.0012777440865528,2.0380172089584558,2.047974054645096,2.0858963405807973,2.18811604591574,2.2064092402979503,2.2098343711901034,2.2352966179683693,2.2784225053711102,2.3365429353462637
0,1.3716556264369528,1.5094170129852227,1.5108180259961339,1.5462735266175267,1.5574567341641417,1.6293858114101365,1.7293118679137232,1.7340789629739912,1.7539221298858305,1.8058463377470906,1.8236709099195128,1.8294694001929235,1.8339488255821133,1.8380626885441385
0,1.4782560791034216,1.7787945173932342,1.8745886809308341,1.9067391082735012,1.9557651427512768,2.0018075008026606,2.0105848567683768,2.0427627301737279,2.0486132813468436,2.0702920194906556,2.0734183315392252,2.0782255461304162,2.0895786873398734,2.1604470182332913
0,1.2010187407437034,1.3638101419141935,1.536993512456428,1.6019485488255047,1.7154966612097022,1.8321037280838428,1.8372229665251929,1.8392737163456554,1.8413065329302827,1.9004938348949567,1.9135599037585105,1.921611307856647,1.9260031527307717,1.9388273898642332
0,1.5384811335979411,1.7776069347158951,1.846122027404121,1.8620491588144799,2.0840973630094606,2.135895215129517,2.2387113266473704,2.2460429488919011,2.2990098368593883,2.3150961712507514,2.3615627213510293,2.3725442542171433,2.376881138939317,2.3807580340286503
0,1.932442507653982,2.0847329326952817,2.1006724264663954,2.1025746637324936,2.225321545102823,2.3494438846200025,2.3638754343105246,2.3991272165667699,2.4558965748912303,2.489100957369506,2.4891053493945816,2.4904830629519479,2.5426402427204722,2.6283592858836746
0,1.4171988883262527,1.505574205842404,1.5352770434979874,1.7410612425961527,1.7472084023527319,1.8233433474284049,1.8283179965138903,1.8483723847520899,1.8945339659827458,1.907541884444506,1.9525378590759306,1.9558919679858098,1.9561396202447374,1.9949985296767865
0,1.415373560420591,1.6481169608156043,1.7377575478428076,1.7494548229487081,1.8520404578539571,1.9582957072801417,2.0068940751575073,2.0122935562780895,2.0258430009146813,2.0881211629981364,2.1436951880329067,2.2107618819004036,2.262154190268526,2.3265199761536661
0,1.6432826924856967,1.6631112483848647,1.736555508477613,1.7533016779004009,1.7911000826390446,1.8184676487413274,1.8201780672598684,1.9093105824546215,1.932192084877931,1.9662732466865356,2.0628182444740277,2.1073775010741915,2.1122147424879127,2.1589235305439036
0,1.4692177842006766,1.9035153831216514,1.9240996804017862,2.0796206252129203,2.1779880591706138,2.2341483906098216,2.2546151260010663,2.2596642919944556,2.3222488794444041,2.3239874553165687,2.360108674272142,2.3638968354095899,2.3680496200517047,2.3778857428452831
0,1.1626597766230788,1.3577337218475858,1.4256829897894479,1.4510281990189999,1.5344432661718452,1.547400749977178,1.6757137623074263,1.733736960708856,1.7725797371099683,1.8062193256595789,1.8203504815463911,1.870798559877646,1.8731590778811504,1.885950235545661
0,1.2683121020917538,1.843702014725048,1.8913169709820634,1.8986498852760023,1.9337641737533977,1.9401050529729584,1.9837120158051058,1.9877354537405374,2.0430250734688395,2.0439790048117645,2.0776495678387579,2.1767871593900936,2.2635130410205799,2.2807364845364027
0,1.0847326839563687,1.1890118706096842,1.2236820256681555,1.3042530450119625,1.7010067013959851,1.7559272909549664,1.8121115695627608,1.8260914321666359,1.8503186815501476,1.896765946207922,1.8993864512684373,1.9282616066689884,1.9571372196918988,1.9984021235556917
0,1.2880576639168622,1.4472134474856635,1.6221883034470281,1.6512704089105819,1.6644838461518592,1.7243228098896934,1.7280120145803035,1.731868893495772,1.822110058895958,1.8423950290880249,1.8978551259082934,1.906931909710696,1.926547515623398,1.9409258381855343
0,1.5178048585280075,1.882306302303943,2.0105571519371175,2.4082315561775274,2.5443452603434196,2.7145185934644767,2.7195883395663394,2.843539013448996,2.8485235890125398,2.8918329600564769,2.892645356388075,2.9029094922513892,2.9374438421821583,2.9535141471315356
0,1.4746446681850305,1.5076219730250047,1.6279082975047316,1.6638854059972905,1.6683427406640503,1.7534887718081005,1.8174240931399812,1.8314729407162453,1.878891585496465,1.8847488708185021,1.9269805083722678,1.9496124884772705,1.9634664869853737,1.968854256024368
0,1.9159534959684703,1.969900226316023,2.0105571519371175,2.0452260228810006,2.3730788918149468,2.3800901042625813,2.4945450519079118,2.631041995487954,2.7657790293640683,2.7843593136808722,2.7878195873157243,2.8289194138600342,2.8589007004589129,2.8717539717009215
0,1.4733773042506446,1.719997501347166,1.8257307907166629,1.8946397036969576,1.9959371230028948,2.0169027517636593,2.0411748804906416,2.0567257772398739,2.0660877211766442,2.0921491178076113,2.1064628431221744,2.15531347568847,2.2210985848892095,2.2607316754867735
0,0.99214558034474443,1.1847003169811516,1.2082856829002884,1.2745303527401199,1.4303556271223328,1.4772038665231604,1.4834955195565322,1.4988635780491819,1.569420522296592,1.7123307240482322,1.7828672227416362,1.7833981355600639,1.7965913221621317,1.7993692879024288
0,1.0523310050305887,1.2510811586842998,1.5341534066978386,1.6097854863041221,1.732271225785559,1.7442707021268355,1.7604454042403794,1.8580989824038634,1.8794879909813711,1.9034589367268211,1.9043266103376968,1.9398743281141608,1.9572371003434388,1.9815200677974676
0,1.6877386797313949,1.6944865256870456,1.8233166394482692,1.8993732698219818,1.9021601343064714,1.9104986235466475,1.998950555295143,2.0122935562780895,2.0154127748709412,2.0220145111294494,2.0511518895789793,2.0584743833347026,2.063829645446845,2.0740046399047367
0,1.5765011789832821,1.5874121301779223,1.6563262309077009,1.7146807457413296,1.9397570681877276,1.998950555295143,2.0099262225202033,2.0304675158377776,2.0351555846142446,2.0779054113244833,2.2197020507897616,2.2860143822060639,2.3300037222967145,2.3321205835171841
0,1.523352293533121,1.561927987414145,1.8305963573422703,2.121802038564276,2.1263296735152006,2.1453026668046764,2.1468336373662011,2.1634588352104265,2.1687289055930119,2.191780826132161,2.2628224692098957,2.2649904392533302,2.3846679463029359,2.4114582580530093
0,1.8307923606270091,1.8597553357541319,1.8821428384384868,1.8902581455349934,1.9301797197235429,1.9755887373305754,2.0966196631291001,2.1150670184070974,2.2677434413376716,2.3132951109318389,2.3182258863296021,2.3467061684847428,2.3932515895731306,2.4417882091292573
0,0.95113141855508054,1.2597402075821871,1.3082607977034237,1.3312203151266107,1.4336397084565844,1.4746446681850305,1.5115969491343226,1.6674818564938878,1.7028743698555033,1.7259792339104678,1.7469767651095398,1.7915006111325065,1.8335743026296571,1.8366583068919973
0,2.0605649328419142,2.1161170189921616,2.1200345720386973,2.2038404514715175,2.2045324800261525,2.2787433668477259,2.3026668172814735,2.3027679688865743,2.31344206196672,2.319679669846999,2.353298606380513,2.3870434067925332,2.4150535982234658,2.4628136291557698
0,1.453093440220764,1.5647080918706004,1.7017555036696779,1.7205837192301219,1.7846982712771802,1.8420104551067882,1.8519202089851907,1.8524771732885215,1.8671973150948546,1.8944754295482007,1.9060043657223458,1.9517201963687121,2.011877023202115,2.014695558554759
0,1.3819930635813944,1.4664998521582684,1.6200829281419145,1.6477383088014654,1.6751775614510156,1.682538367222721,1.6835825263715702,1.7331146249817841,1.7784592228902811,1.8105100181839531,1.8465013769529988,1.9001513749772998,1.9017046233403145,1.9059174630727405
0,2.2784777554404654,2.5870327198859999,2.6943990511624549,2.7409000991139338,2.7655338726228704,2.7987751077471432,2.8712915595937152,2.9366711035848811,3.1413510858096894,3.1631436538559758,3.1706998392497439,3.1801541764576204,3.1964067782328378,3.2084275370207038
0,1.4722273878595018,1.8744803495761939,1.9554357925761057,1.9847564371977515,1.9870621656429932,2.0509890309978913,2.0849879409455738,2.0850141914947002,2.1011615183759829,2.118705735104911,2.1611248873515523,2.1644129728049668,2.1644275591240025,2.1878268609913465
0,1.4120476171516185,1.4919798933940955,1.524575565524614,1.531290190578976,1.6463765746549726,1.6740029111493626,1.7582024433254042,1.8428832163872404,1.9404586859715882,1.9673031641113454,2.0045273094496774,2.0266973081351178,2.0626188231905056,2.0829654101878861
0,1.2939809555230422,1.8166601471108283,1.885354838441714,2.0110526942257434,2.0243226055369608,2.1559944505765087,2.1709991924561329,2.2286581405297006,2.2643948692667277,2.2831862928888316,2.2871202269429327,2.3010354481031441,2.3211768891774835,2.3226616704029523
0,1.4720599273919559,1.6603996581736586,1.8562872982513892,1.8602898105272394,1.9366095669193586,1.9381618826820144,1.9457943002176652,1.9512995833293973,2.0660387982733406,2.0874695636880087,2.1032839439226958,2.1294089193523114,2.1516761576888666,2.1590051886929857
0,2.4242366617002697,2.4732563463564268,2.6486905232788969,2.6771380586174507,2.8567856726678094,2.8776960950846244,2.969023920178508,3.0134959690077951,3.0429675043299409,3.0787845109114294,3.1015943578341911,3.1058797057207976,3.1819861959985478,3.2080391735986384
0,1.6474340166314609,1.6547077587421872,1.8182644713575167,1.8295354356916931,1.8970504432672888,1.9234488913331402,2.0260500410934581,2.0319273997487115,2.0394957516209247,2.0463642580203225,2.1551382917972282,2.1954804395191632,2.2181214980610111,2.2474895454538339
0,1.2855192917661744,1.8119718644329892,2.1274597322562618,2.2024693458561497,2.2128261940273029,2.2434799042148232,2.27652140209219,2.2808541995767269,2.3127840987602082,2.3334994061981638,2.3724589672475163,2.3751456900138077,2.37931159885271,2.4082279655068763
0,1.2245598173151273,1.4478372480527835,1.6321280863319383,1.6397177573003729,1.6670108288458374,1.6966832760011696,1.8351510916810223,1.8713653970611326,1.8803495643618975,1.9465102004307964,1.9681271929248996,1.9995628414208986,2.0380002900421106,2.0398779415820383
0,1.6659587028052745,2.032201916215175,2.1875139947543922,2.318827535172832,2.3294445341683261,2.4152166484339901,2.4232704702443861,2.4406316213509394,2.4633040752879176,2.6429391332810286,2.6918609337972814,2.6984275628324528,2.714130862038699,2.7423755209838494
0,1.5611481037549013,1.7514356877952915,2.1307391690307704,2.300826564106873,2.3430629710920465,2.4548388696966721,2.4933463558076077,2.5185335188136144,2.568426313259998,2.6497787260273644,2.6591359553400133,2.6781867879941226,2.7219750981792892,2.7331390125689863
0,1.625517506542403,1.6991671184156705,1.7978837408113999,1.8231283587018352,2.0029266509651564,2.096957976872369,2.153759553213241,2.2362747040198361,2.2751915118784907,2.2900338056189837,2.293592370355269,2.3013845715564321,2.3566638250515721,2.3825945505957176
0,1.6374472827401649,1.9965494018911296,2.0238498576005597,2.1011847762620763,2.1996132144700402,2.3692704678654573,2.4131355727388515,2.4191627005333562,2.4539694216748869,2.5264237351960994,2.6085540199277828,2.6361450119224221,2.6731618876212462,2.6775346236372566
0,1.5619457656818632,1.6470167323797269,1.6759505294563342,1.7195643870106281,1.7879291495212586,1.7953612599387634,1.8284122263788682,1.8669343692247695,1.8685921767018312,1.8761849435276685,1.9189344708596996,1.9307496574878826,1.9588921366916032,2.0223144613182433
0,1.294253671760569,1.2964027298726772,1.3031433260251746,1.3311076176723777,1.3877330395635425,1.430479873632005,1.4453594958961193,1.4518791433919773,1.4741899835892782,1.5344432661718452,1.5883133729821257,1.6223128563421838,1.6338024670497884,1.6514054500415256
0,1.306906640412,1.6169332119786497,1.9235802858873881,2.0462910694946701,2.1875529081442395,2.1916326367095502,2.2285135326323782,2.3680148550354185,2.3792507497141275,2.3918469994249958,2.3961316205437018,2.3976447195828561,2.4046739530306005,2.4080045874198581
0,1.8519744992766611,1.9990817873307769,2.0722251986362066,2.1342123247875375,2.1595757265052109,2.2341852221813809,2.2699929717547906,2.273875055881712,2.3399521040221916,2.3550964352969772,2.3854843580029845,2.4021205633821663,2.4325286883345183,2.4412501708748304
0,1.1083631127830444,1.183022731354783,1.2140982558151479,1.2791408242916702,1.392039135797746,1.4673427669290744,1.4705151877939486,1.4777841733985091,1.5278988699456404,1.6054596390274543,1.6149141905920239,1.6254581006045734,1.6423413812745566,1.6579418194031628
0,1.281317989456876,1.3856056671445842,1.4960918583727842,1.500107564845002,1.766595118188764,1.8664612169871875,2.0164375564349593,2.0364868452700482,2.0641192284831598,2.070797408667457,2.0737781387930685,2.0939801581928723,2.1053976824033369,2.1326712524240112
0,1.8730974196857908,2.3870281200736123,2.471482145352824,2.511016930126551,2.5226941414799895,2.5542830622918729,2.6580180814271928,2.7603174248647258,2.782872594353738,2.8310797305610471,2.8386498997775114,2.8607302883064505,2.8654974788875816,2.866343283875866
0,1.2486011176031448,1.3541204108819047,1.4983003353572897,1.5263846884872925,1.5681196412607108,1.5853781556150719,1.6004697411761442,1.6005179943807706,1.7064669593326252,1.7717345106512283,1.7732019430594048,1.8021348460315318,1.8504051052271231,1.8980785307857015
0,1.1543154849422841,1.2217253299350912,1.9345431713125241,1.9751258369246063,1.9870097710778223,2.0569602074727937,2.1315582094072441,2.1536559845634988,2.1935023056714273,2.1995028912094652,2.2181922302620234,2.222912387539655,2.2384359272178997,2.2566466898875825
0,0.91376073222054455,1.2843462818712825,1.3048737807630393,1.5321065081414345,1.6736848149918035,1.7152630478716224,1.7263952784332732,1.7871715962757526,1.7924502529571069,1.7975997287078544,1.8520733927991981,1.8744332221921425,1.9032363356270219,1.9077161443573989
0,1.5002655303769192,1.5078423494325179,1.6869813832226588,1.71163938842928,1.9098239436148567,1.9300745256319909,2.0222612125573405,2.0785140496461105,2.1545572682649166,2.2007697118281433,2.2036185160458492,2.2286152583109162,2.2405895870538211,2.2435085457689019
0,1.4158110485451756,1.4222018604193503,1.4606200806084053,1.627962711515258,1.6449775263304447,1.7154694405433217,1.7265068665049859,1.7416171470749084,1.7565806960845025,1.7681057011178067,1.7914743558759041,1.8110965935509509,1.839870021936848,1.843619019619851
0,0.74024592905478448,1.1983448178151317,1.3613247521922756,1.3819930635813944,1.4496794930901566,1.5974355494062775,1.6235009864340735,1.6496604824386349,1.6519039801412985,1.6727968156613258,1.7151977874888933,1.7335120267778106,1.7617718877244004,1.7670144189391039
0,1.2558522336006035,1.4762379888616699,1.6606310181320088,1.7003958767706402,1.712668004221406,1.7791120755609793,1.7862296734521299,1.8092065965689927,1.8116951740201495,1.8310454439206336,1.8402359730646971,1.8748710891346165,1.9538087642445527,1.9658342588520097
0,1.8217039550966081,1.8313992225782132,1.9118700650865441,1.9205874583155118,1.9799184586658376,2.0400280997915603,2.076081523523118,2.0909822159171951,2.1516498616431021,2.1710965740229775,2.1924172981584733,2.2031416164807851,2.2152386535937603,2.2183905853324166
0,2.10983943282567,2.1589779433046692,2.1884527798746332,2.3348666282675463,2.3508196222820175,2.3539951432372437,2.3853672000562525,2.4163005736244916,2.4884458819957147,2.4936500579954619,2.5259172828225065,2.5328202924146872,2.5425683864380386,2.6474364461903925
0,1.1364271894879325,1.5351278541954325,1.5576655928947969,1.607365540167919,1.7144249646567771,1.744805846053606,1.7906612320289201,1.8739474254447102,1.8848436239126094,1.8856405878121087,1.8927343986618139,1.8983909475566523,1.9757062166839272,1.9903675954127467
0,1.1665612388694571,1.4772323671650447,1.5318099586145235,1.581280673109356,1.7156258133418578,1.7161856165662837,1.7408948794035046,1.8025676401707686,1.8154436979835002,1.8536156133753587,1.8538303184023806,1.8679540040334872,1.8934341222302034,1.8952198231115867
0,0.68995409743181235,1.1652544503803655,1.4362366113896317,1.4722533695619788,1.4798921972575856,1.4899268431548318,1.5115969491343202,1.59347645041374,1.594036116776812,1.6819894424504187,1.7064706206183098,1.7285505152691985,1.7495569941707616,1.7498555729023326
0,1.3720556596619906,1.6037166567202159,1.7065046867629665,1.7456707370587421,1.7458044691531966,1.8471504864772286,1.8592065385994634,1.8861964132214859,1.9262470161080467,1.9349302259015659,1.9792334615777549,2.0420740279829332,2.0563527613306745,2.0608139432860648
0,1.7697102394420365,2.3527568408970714,2.5608688920171709,2.7671021635388389,2.7761139972198774,2.7806101698395405,2.8017022586411597,2.8297988078219851,2.8400132280724915,3.0849600483113959,3.1305699548250634,3.193253167009837,3.2983996207297839,3.314968863291464
0,2.1654541238017502,2.1816737175835836,2.2060498746419568,2.2313332023689729,2.2699929717547906,2.3070947662112928,2.3596327178901477,2.4435545803078584,2.4575162409730771,2.5081491693348679,2.5102825786529204,2.5482947161712066,2.6118502729257127,2.6148606473583431
0,1.099523729678296,1.3668409336952212,1.599171477100459,1.6598999396702103,1.6723295576340576,1.6870594590435493,1.7408948794035046,1.7613159592760121,1.8345681586616469,1.8883314698223661,1.8937241658029944,1.9047847653493926,1.9156882502426311,1.9489027256743738
0,1.6649760476602089,1.8930510567982857,2.0554826586084998,2.0916310226797021,2.1480459060501484,2.2105006915239285,2.2161234196958186,2.2630736415082562,2.3018194937704499,2.3175605767820735,2.3330703329349092,2.3560042257962079,2.3644528078609426,2.3787298126113248
0,1.2555650323567,1.5251264645391593,1.5264528225946665,1.6920015176878216,1.7802696648714691,1.8172113293288155,1.8322759422032713,1.8551002483503098,1.8945579777458013,1.9211745516110323,1.9810371254271173,2.032031289253347,2.0352801065866966,2.0438741107219052
0,1.1888048384745316,1.4974553391281968,1.5670556300779994,1.5962624290570635,1.6496953891095361,1.7278943830942548,1.7413296189394427,1.85287487134097,1.8907088797111617,1.9032589263220032,1.9091818014649522,1.9515620655536845,1.9590722987228764,1.9803378055196659
0,1.8423975519868678,2.0140507344451875,2.0560786682537167,2.2919673972395174,2.3002665058891809,2.326224791674167,2.3350704609254471,2.3606183294931702,2.3713841841056871,2.5299690166835478,2.5732917287175652,2.594129011959903,2.6041708111133222,2.6278204661239739
0,1.2450237264729072,1.2482696571712653,1.2663239908907999,1.375711991640215,1.515643925696881,1.6191609339122832,1.6308971487394879,1.6493760210384936,1.6858224724990098,1.7252568943957078,1.7607583264760831,1.7611683882985867,1.7771291267841471,1.8291164774337663
0,1.0620168248431152,1.2630694019232422,1.3926664620404035,1.4057077837319871,1.430894852609615,1.5263846884872925,1.5327589680700682,1.5399146218361941,1.5574422476564243,1.5888427737120112,1.6809721464675831,1.7006507319425679,1.7340032431364232,1.7454259601858053
0,1.8229169309679754,1.9994823009902714,2.117076042317076,2.1651415480907072,2.2169518703317572,2.253755986726611,2.2670886937443928,2.3138291880060935,2.3229563205118744,2.3918984141187978,2.3975609300165828,2.4658582494602626,2.4875853113630657,2.5269190382004121
0,1.3495829739450362,1.686721927159039,1.987451078860007,1.9894972030334173,2.2137956313030114,2.2141046883175375,2.2141577730663284,2.2346571249130487,2.2383496964229259,2.2425734176127459,2.2522058764412547,2.2909171221040445,2.3162539494417835,2.3350163992331745
0,1.6385415003470762,1.9978156616340945,2.0859739728531608,2.0926023933130065,2.1461852587675918,2.1541690996635632,2.162003181442071,2.1663123079639193,2.1867682641736379,2.2365156157022672,2.3413702632691336,2.4160433641872263,2.466337595167575,2.4830554479200773
0,1.5654777640436413,1.7994639924892892,2.0707699818196232,2.0972027685165595,2.2422315727533735,2.2998963390246749,2.3047193946097888,2.3216171387416131,2.4120682056364298,2.5763505742618911,2.6054456324326258,2.6270878696955093,2.6288792798870873,2.6780715774956358
0,1.1277686527994608,1.4115305736516555,1.6444059860364655,1.6749448884567548,1.8054962826237904,1.9056468567942506,1.9242056324776626,1.9979598270493826,2.012708421133552,2.0716554376437846,2.1108141787301427,2.1117477454465883,2.1229282008188459,2.1649935222925873
0,2.0107563847640084,2.1188685525271351,2.1309051731285957,2.2921295514521853,2.3149538692242735,2.3460724191110578,2.5075976506473383,2.5873226130419402,2.6569743010237352,2.6967175732921844,2.7159046708848233,2.7188047528764576,2.7247518165032174,2.7364052104550205
0,1.9812199989268593,2.3145152206642536,2.345567048358852,2.4156760836481452,2.4887191244224796,2.4892916351736507,2.4998877181436514,2.6292535482762012,2.6408053894488019,2.6888431156211183,2.7683821371928103,2.7834445437584656,2.8381144513442425,2.8455121524964695
0,0.98040464106505754,1.1813164970568171,1.1873782194783049,1.2023793948390862,1.2813083081559933,1.3052385619720588,1.3413382930832509,1.4774578302914705,1.5065307022052441,1.5143184425332978,1.5327645601777886,1.5350680275456883,1.5913292545906699,1.6601507749871647
0,1.4975108757126721,1.6268980728432119,1.910710897431684,1.9268844890169856,2.1016224387137115,2.2773716234733419,2.3499952028174977,2.3715233742951822,2.3937186105965371,2.4642891496365591,2.485234374015588,2.5797514508420427,2.5962515931799408,2.5998759661713988
0,1.4057784602560166,1.427532360713238,1.4682719844111862,1.540717208563545,1.6487717201818748,1.8238652736858636,1.8407622292175261,1.8752873721661871,1.9037962937751305,1.9188249039510801,1.948199600140341,1.9746893957998153,1.9995315685530342,2.0237376553908177
0,1.1295667877632491,1.2555017771981236,1.5019166193888907,1.5378616938410647,1.6847036639007149,1.7539261375305379,1.8077253165229958,1.9420620340185766,1.9607568025260742,2.0411611022122598,2.1199337108755487,2.1539850433153602,2.165611795992394,2.1901494697021628
0,1.8034314016136197,1.9300779385201519,2.2339069060362902,2.331651655688566,2.4214878718208728,2.5213887498553818,2.553333274443208,2.6123738226900293,2.6560006568899297,2.6868836738016295,2.6982497087996773,2.7025374004920533,2.7086772832102133,2.7358669970989986
0,1.5878985238770575,1.8433941959732481,2.0571017333779116,2.2486864182266268,2.3505488929303318,2.4422754454589892,2.4433311182733988,2.476274453782414,2.4830767847211681,2.4982669086554363,2.616032774570904,2.6365774712776373,2.6398998022044311,2.6530201496445498
0,1.3433030906149428,1.4894610597703688,1.5126775034984978,1.675603115500282,1.7064669593326252,1.7100185109607131,1.7311048617859011,1.7330791349079688,1.8378366222445202,1.852202930820013,1.9448720873675618,1.9811464278182351,2.0098614667180681,2.0117143241322712
0,1.4450043555968479,1.4921885390400893,1.7039957533473886,1.7687752529974332,1.8795642621979445,2.0105639999098197,2.0237921548786022,2.0524622110558073,2.0938005145810874,2.0951145242484892,2.140054857282645,2.1476165093958013,2.2072163993745288,2.2562098789260094
0,1.2321377387413692,1.281317989456876,1.3124492417002467,1.4560916048207857,1.7161772381689404,1.7215028516338717,1.859348307179439,1.9690822133669681,1.9990277520026549,2.0372127078089779,2.0471947052037578,2.0552625766832682,2.0793595099746978,2.125852461241478
0,1.7281292560214299,1.8602898105272394,2.0077496805930961,2.0457884163561557,2.0877322085364969,2.1255396204979506,2.1391692124538495,2.1398192613757332,2.1712305399956393,2.1905328432782376,2.2907782583939897,2.3434548675576088,2.3455279181225048,2.3537008087445361
0,3.442880709183691,3.5045934504938705,3.5415170560866271,3.5817300556228924,3.607894150825905,3.7250340657890724,3.8153686004513729,3.833672774718738,3.9295748739846741,4.0339769160260133,4.0396102696759213,4.1107613760738957,4.1286557347205006,4.1417408005938494
0,1.7126118221605406,1.9130360184954336,1.9592554600457985,1.9757180434512758,2.1539451619285797,2.315736060028645,2.3923651754153283,2.4924898666604092,2.5139469387784916,2.6694018719069854,2.6809118433215597,2.691126296581003,2.7272858382686027,2.784215182930633
0,1.4836597095598987,1.5408224358303655,1.5419149047946412,1.5909568087770853,1.690416682294904,1.7422697819960882,1.7574553233063854,1.8298230812813836,1.8414402747562819,1.9799184586658376,2.0184920832127973,2.1014570007394893,2.1655436059413038,2.178662171801014
0,1.4863420914516836,1.8072356894178814,1.9108837650821413,1.9468798663481037,1.9971094943887231,2.1010728918278714,2.1166361172252368,2.2343681843509331,2.2711137480604426,2.3470578677218321,2.3940817180987612,2.401778344015455,2.4401281153531973,2.4711933137398563
0,0.92760256465193336,1.0083610679146153,1.2965716553714368,1.3846621175996483,1.4089152866278098,1.434876994262855,1.4421018521698041,1.4532761100227554,1.460619670593762,1.4948851198304982,1.5663360616913917,1.5811978270124716,1.5895111075089605,1.6099734092684344
0,0.98496113261335105,1.1794467488122613,1.2109231596210515,1.3292210798440536,1.4354691296791804,1.4448043456773219,1.5890391731473532,1.6299945309820298,1.6398173525199369,1.6740048836163284,1.6880632993320752,1.7416662229013216,1.7802696648714691,1.8003698730414512
0,1.4147753354306545,1.5601252862027619,1.6036691998477626,1.6061305162306641,1.6806749685825859,1.6889014258155088,1.6889187730980635,1.697422616984025,1.7427067634170941,1.7857296796263904,1.8457434261663133,1.871680882465512,1.8816273088007744,1.8846951858616192
0,1.1637599938578682,1.3089069084005176,1.5170019610806447,1.6656954230077574,1.6798558128326988,1.688143639046388,1.6912456549671302,1.7598622580223791,1.8168993062963923,1.8939146440813734,1.9069680462406096,1.9536138121853386,1.9687734023310512,2.0155971657245044
0,1.5244894360039933,1.6739373054094948,1.8002975033880921,1.8287642290273303,1.8438635026628698,1.8538442346719741,1.854213706387847,1.8797340842448664,1.9699301832646836,2.0016663722422514,2.0120225400069347,2.022125812889628,2.0513188472707204,2.0909574555503898
0,1.7067719331227302,1.7319187670166984,1.8119718644329892,1.87073946585423,1.8921889134934542,2.0346890331250962,2.0366361350368982,2.0439055488377083,2.0691565368792024,2.1340070266901243,2.2368623578022193,2.2551014750249174,2.2587809760735822,2.2719810982746456
0,2.5387342205025067,2.6279854012075226,2.7989328153722561,2.8811847814431069,2.9069474238049358,3.0316089949814535,3.0349947552066845,3.1046280477476618,3.1139825745164549,3.1695665174865972,3.1735212154385097,3.2227487757477022,3.242907084019484,3.259460893815755
0,1.6229528009502188,1.7020558444253577,1.777977727330353,1.9459709564547982,1.971116233817044,2.1595099872539412,2.4754166088231493,2.50314911828257,2.5623110673366307,2.5915255895868308,2.6657929110305965,2.6681798737051436,2.6983080882609141,2.7079561815692874
0,1.5467419864012977,1.7546084130953996,1.7718904202946715,1.8018257887457558,1.8072356894178814,1.8109141355436307,1.8160939791318307,1.8561512228963291,1.8880351685869454,1.8880420465738081,1.9365195316940169,2.0480752881393576,2.0482695143558232,2.058767357994149
0,1.108415599642532,1.1639782947716917,1.4515322672842697,1.6100517343329797,1.7091979935885675,1.7208081872537149,1.7497481384335563,1.8605348254329104,1.8678697157279212,1.8748270314976734,1.875291483113249,1.9349673287982376,1.9456905953071841,1.974414780560789
0,1.3117554015481145,1.3524101875867645,1.4941045014018959,1.5184412066987045,1.6423880584134947,1.6468669907703402,1.6905236526651288,1.7536205418101047,1.7609389419011718,1.7783049258841346,1.7972879861066056,1.8217150919139629,1.8660230705495398,1.8966636256666864
0,1.0543716197195221,1.3206728060988135,1.3760408346472479,1.572758614261847,1.6075092146151149,1.6452059729964241,1.6779150710526174,1.6938328496627968,1.8082617095173124,1.8313281662065155,1.9373349216201941,1.9820745540410276,1.9857556226218975,1.999911908574566
0,1.148099845967985,1.2984706435116016,1.4354649788810452,1.4804490906701335,1.5618037981864075,1.6097535300892554,1.6205447479148516,1.6727968156613258,1.6755585316168033,1.7678045587537259,1.8033605864183089,1.8105319187836337,1.8444215659262355,1.8668936980856738
0,1.1847517372727376,1.6759505294563342,1.7168899133890831,1.7999302415294036,1.8727486380381231,1.9314079807427382,2.0197314254001029,2.0548331676221885,2.0761483999382446,2.0830486224892164,2.095121043924228,2.1220561652747767,2.1253117899998983,2.1261356612730369
0,1.7361656211580545,1.7626684049194523,1.9406180051421367,1.9745511730680227,1.9815676785193288,2.0132255217647783,2.0604421818507404,2.0953700318911923,2.1114356605948372,2.1431146147366458,2.1500532019606982,2.1942883350377702,2.1978280520719014,2.2035884478242886
0,1.5090876230874943,1.6621709396800182,1.6633086835589488,1.6687427476289074,1.6828287567072804,1.7235759914477513,1.7703626960680381,1.7720249266611909,1.8816860586679087,1.9134343750173806,1.9241737124366078,1.9749704806991557,1.9751258369246063,2.0148821912261456
0,1.8036063247964067,1.8350979819238402,1.8560648395285457,1.9828954157692271,2.0092552490311579,2.0648462236215095,2.0650385723975058,2.1126404688146492,2.1443061656385116,2.1683970833703126,2.2135817306024812,2.3071978885528304,2.3222045416957715,2.3428146160918972
0,1.4347594114298385,1.59347645041374,1.686962462713145,1.8030538131245355,1.8725914699050517,2.0183772823435633,2.1000197759579762,2.1881210914109825,2.234658158247663,2.2440568513822692,2.2840735816822102,2.2866675966964025,2.2888129300119919,2.2925121733121538
0,1.7645593200655145,2.0932039666702718,2.1386299518223932,2.2639617575930182,2.2900713696705419,2.3355591801372206,2.3437750936316766,2.3461826276295601,2.3725092017836524,2.3865497979766599,2.415742445234176,2.4391447205929526,2.4451601223856412,2.474463736374827
0,1.6273976504326888,1.7633822324239561,1.8688580216148247,1.9762891237492197,2.0195359133913131,2.0749136822043224,2.1051615344692554,2.1850516302086596,2.2324789181715068,2.2362582682582026,2.3098712759911999,2.4255362270782284,2.4539292194258877,2.4703368096829799
0,2.4175211458192969,2.5518122206050591,2.5949170754494673,2.6002147048233359,2.6060657618149095,2.6425286148877611,2.6897697905754985,2.762560982317301,2.8258455822657789,2.8486518164002228,2.9099240554457548,3.0290882485250012,3.0322186593729787,3.0379164891297918
0,1.6680336891699519,1.7534887718081005,1.7662018350665836,1.7717514755480863,1.8329201938819661,1.8920696031567499,1.8946518145179083,1.92520219718889,1.9348557255583356,2.0125249812027564,2.0244106657259375,2.0779029371217979,2.1563959151289809,2.1930580790866019
0,1.2450237264729072,1.354646824145191,1.365691719718054,1.4799573982554868,1.7007867826877143,1.7264850097519018,1.7705327197038505,1.8492571402198326,1.8514667825312534,1.9269047886918529,1.9467041202975757,1.9694811473310165,1.9896223982294641,2.0555827629445917
0,1.2575212597269609,1.3682791549974525,1.4222018604193503,1.5029220250354161,1.540420133207455,1.5414552542770059,1.6096007703956763,1.6500022834744792,1.6574315855810138,1.6647869258671131,1.6727326390267208,1.6894299659846994,1.7160990738896493,1.8075733324277976
0,2.2548814142171745,2.4452426328883794,2.4533583545186963,2.5499018999372915,2.5837807893400511,2.6087811952823063,2.703921614891089,2.7537084895445916,2.7795800253997713,2.7898540458051024,2.8124114895090209,2.8517939961733254,2.8867435225588363,2.8993790820812824
0,1.5961069747471976,1.6430178330732716,1.8644437520961805,1.8705308348501177,1.918858572380451,1.9533698418566245,2.0143774300633148,2.0663147736904142,2.0886008139847907,2.0928401718213867,2.1141315710265816,2.1201775389382673,2.1434008682051968,2.1574020920404897
0,1.7039007974255571,1.9073266895405872,2.0547504702416504,2.0597053809352088,2.0609679089130291,2.0859841373691133,2.1308586319086502,2.1563874923930424,2.1588183431476606,2.1934899608315863,2.2532810217647832,2.2540950214154472,2.2987966641559305,2.3753132447437557
0,1.8557534949502024,1.8986498852760023,1.9207915259997981,1.9409839956970598,1.9952459134366236,2.0339680440695935,2.0482695143558232,2.0788792629422232,2.083113555311868,2.1491949769046315,2.1625559694344743,2.1994781049163099,2.2041910505438271,2.2169700078947985
0,1.6064354768648652,1.7215028516338717,1.7499773549977053,1.7801624084361416,1.799472981929958,1.8295368718576992,1.922199919142596,2.1323394214039477,2.1977908830424169,2.2163663375067086,2.5080264166846846,2.5250521874879999,2.5290893829129342,2.546247305988568
0,1.8990646694826265,1.9372721413038458,1.9515594918763091,1.9675892090621927,1.9744692212326109,2.0806755279135225,2.1047909186738814,2.1326704533868286,2.1450653908627126,2.1603837929506771,2.166761855597326,2.192456795465469,2.1930527596211267,2.2407020036433383
0,0.94136034703609961,1.324822051177164,1.3698394278210344,1.4171988883262527,1.7122291440844271,1.787290751274025,1.853966181853578,1.9303952716175374,1.9571535810395244,1.9739908358603766,1.9778130772053468,1.980057395930755,2.0250850408380403,2.0598429440439254
0,1.7426761304076324,1.8453376397170009,1.9149622367664625,1.9581993077976949,2.0096882523052777,2.0361192949983904,2.0418329680901905,2.0709557282205417,2.0839410137555143,2.127031597280868,2.1565693763260616,2.1640770121454356,2.2242235917830735,2.238006502799994
0,1.7856463989951499,1.8147723402165605,1.853599255487989,2.0479502792456072,2.1664587512627969,2.1725627073000604,2.1861177694812119,2.2744504249087814,2.3046333029747852,2.3246272633345946,2.370460637641413,2.3739252043932737,2.3807442193220378,2.385272401155722
0,1.3985803298784729,1.4882763719011884,1.9278822881310709,1.9728727862745725,2.0143774300633148,2.0558996067805819,2.0575508629984887,2.2118284825470438,2.2508719136172743,2.2725407921328733,2.3070359659233337,2.3533462531999909,2.3661813625437387,2.3759773968914719
0,1.1724539221293699,1.4303556271223328,1.4854871943614631,1.5050521221203004,1.5332594863235198,1.5454785587786841,1.7701338255797683,1.7706101501703362,1.8369472416151476,1.9158351040923025,1.9384643102644952,1.9503892809574808,1.9747041026239298,1.9870289030898014
0,2.0002219176320888,2.0136029643647535,2.0280695622754079,2.0617442491517095,2.1168797971584032,2.1461852587675918,2.1992802533281886,2.2782829120407904,2.3106099864665746,2.3441451023554536,2.3685787256710893,2.402502976195779,2.4046829226119959,2.4194387674507767
0,1.5266698829491001,1.6554633290724272,1.6642765864821925,1.7801397444123657,1.8342599331218952,1.8814919760630748,1.9288399661885778,1.9386158400230569,1.9617361585782469,2.029580293166974,2.0498007265061982,2.0659024820745193,2.0726994481098742,2.1377128386753022
0,1.8342212576213699,1.8960736113729639,1.9098074052868654,1.9357756813801352,1.972919986098052,1.9867947610754635,2.1551495984005338,2.1620911028600411,2.228042433080724,2.2654437488934005,2.2718024015937694,2.2962270583873923,2.3242349948128522,2.3258210575709448
0,1.4379621106873486,1.4434281858628828,1.453920917112149,1.6148026020112689,1.6395567048659987,1.7012315087721237,1.7179847791402343,1.8575939778603763,1.8683849212789645,1.9069488359574864,1.9408756394119415,1.9643376786796787,1.9839371075310328,1.9880870483716795
0,1.6264120348233364,1.640240284955075,1.8633778144857231,2.0031292847737996,2.0127649554541596,2.0662086287321473,2.1232889667231216,2.1891788651493851,2.1927561920806564,2.1988480574932754,2.2071450015040064,2.2177743220815183,2.2250436196039742,2.2678337409837996
0,1.3117554015481145,1.5454897367703446,1.7354942697016773,1.7709797653491355,1.7902497165223528,1.8269843742196454,1.8934341222302034,1.9259813435688722,1.9266212227847386,1.940472940929683,1.9478329804240277,2.0079069264843077,2.0333390541460048,2.0630930337923812
0,1.8730974196857908,1.8952198231115867,2.0767551692203914,2.2076499012933732,2.2567784107358779,2.3056679513113618,2.3493764690504015,2.3674701470819692,2.451185678716985,2.4719588916858162,2.4780522815455321,2.4813827830835371,2.4814603520303975,2.4903177557543845
0,1.3213540891092121,1.3539654525953835,1.3667348666309207,1.5067805066492368,1.5327589680700682,1.5706728717081697,1.5815084689338021,1.614282444975222,1.6655440404337618,1.6675718911644444,1.7015097564906063,1.7062595913750644,1.7640338922285541,1.7689412028159606
0,1.921018565593249,1.9334592641693584,1.9695827678611428,2.1020775860515788,2.1499120150636779,2.1917065438186678,2.2019598783379575,2.2219750488857812,2.2292291308606278,2.2444705818667141,2.3898741687446834,2.3917240176124244,2.4468791859508632,2.4492587506187995
0,1.7450837691244863,1.8222106756479575,1.866934763233087,1.9326915488381189,2.1556501120817488,2.2025130018503076,2.2935002799322275,2.3061466674958906,2.3101714267422921,2.3146461046745728,2.3465741095700299,2.437135192392724,2.4425128536752796,2.4866918407831848
0,1.6147288499437913,1.6463765746549726,1.6552865970821411,1.8020752374055353,1.8032193913507206,1.8513898001311004,1.9115516933023105,1.9415953901067475,1.9457532432541755,2.1344024498274821,2.2085162777026968,2.2693572474920853,2.3219532729195369,2.3466105199403571
0,1.2112914851710419,1.5730504954251514,1.7941829590927489,1.7991620692348362,1.8002975749459926,1.884016386512771,1.9216598082679237,1.9419731406944032,1.943579357639778,1.9909616902494749,2.0426718295924897,2.0432815564474773,2.0469775588552115,2.0593382443829773
0,1.4599207647627805,1.6118194330102678,1.6185103812338706,1.6551759429715389,1.6957210693930254,1.8515452344988927,1.8856405878121087,1.969900226316023,1.9795782712474477,1.990436429532016,2.0517742494578814,2.056612176068537,2.1120990325834228,2.1721321313198976
0,2.0264715429968869,2.1292154047593592,2.2836027512684618,2.3789354863377934,2.3897901006589017,2.5231928305293767,2.5276236409489847,2.5423252039816435,2.5963106263736204,2.6092866434439062,2.6183060160268563,2.6245087774649218,2.6453043600252482,2.6891281494949282
0,1.6640343897740575,1.9357788430976386,1.9745603929136568,2.0215901551990765,2.0530413941580656,2.0663571754278225,2.2081411304583476,2.2445555830000168,2.2457077222258008,2.2850214660268993,2.3312398994370565,2.3385497398023714,2.3411514576495764,2.3493676015848157
0,1.6263384150293168,1.8902492618819011,1.8918212977503746,1.9426141023318115,1.9993901628872885,2.131594820892635,2.2143680231572733,2.2218260489490609,2.2556884516809821,2.3020192517424696,2.3218414209327483,2.3493676015848157,2.3994578048279371,2.4316505864446416
0,1.8363457135763708,1.9342731623613938,2.2407697911207531,2.2902296386829448,2.3433933915065204,2.3534088569591676,2.3796218730263936,2.3901683868969661,2.4590800012516998,2.5203608686556827,2.5685707344640738,2.6234146800379468,2.6392273680552978,2.6632154636492222
0,1.3478557566359406,1.8203218537085002,1.8995751921817463,1.9116025493782218,1.983255266101831,2.0398634828735895,2.0764740379006104,2.097585014833681,2.1238936357911697,2.1460181276643686,2.1718791294782402,2.2173929252508584,2.2223085396740547,2.2277682801865701
0,1.3569408070274653,1.4186234207671999,1.5763358854760006,2.0950025349493919,2.1454006285202567,2.3024085209262743,2.3054111371582073,2.3244579036704152,2.3949449103648428,2.4464094726809842,2.4514605477315965,2.4736318876452543,2.4992815145080391,2.5057257536316042
0,0.720624077267501,1.1090482266328792,1.1262298765366663,1.1716727064520844,1.2063770121053559,1.3991842623713844,1.4003717569638343,1.4790168339911753,1.4921603581703071,1.6326098926764954,1.6669741007114505,1.7120542399413854,1.7276425446289612,1.7384933790459653
0,1.8611925326097694,2.0389120446919202,2.1572137548132626,2.2488114705096747,2.2820448500460917,2.2832789762541474,2.2987708035255139,2.3004208578291063,2.3177024657823591,2.371948916167101,2.4037654748447617,2.4105180277959875,2.4449993142173305,2.4699952470361684
0,1.4755176296681478,1.7593307979972439,2.0630008678867746,2.321528365822342,2.4357533096345332,2.5340153231647422,2.5396466158212716,2.5443158471630936,2.5875484532561863,2.5887194055575251,2.5927063559654484,2.6466572497076153,2.6936332770042193,2.7408991007359154
0,1.1212482005523003,1.1689242315506929,1.3099774011075791,1.473561924576557,1.6077690495875605,1.6509242744811692,1.6655440404337618,1.7468410102597212,1.8139321637358785,1.8327961204983036,1.8525309274831805,1.8937453162524212,1.9097071885922241,1.945127981317456
0,1.8665396159045629,1.8723754083905251,2.0352759907060149,2.1864288044658866,2.2772428563180025,2.3080588246748786,2.3332666652786065,2.3769199184986052,2.4195058434208474,2.4280972254970585,2.4503302488590495,2.5082425739752225,2.5124291858802659,2.5941947248342454
0,2.3857299800630276,2.6451020078096632,2.7588789388774408,2.792786704563853,2.8571304190181586,2.8741117964130809,2.8749730038724963,2.9195182010078291,2.9359467126778593,2.9758979876114324,3.0238207209987071,3.0799741454867404,3.0811453629640488,3.1006107288003686
0,1.2948679905119567,1.5930003296474371,1.7463805550667026,1.7507846343752811,1.7883374748893961,1.8334316285803145,1.8911514312159921,1.9009918007379698,1.9227235649988497,1.9373310483892343,1.9657413302515341,1.9916027202175266,1.9942075898840779,1.9967851021635372
0,1.3956387246369428,1.4465660582071087,1.5019166193888907,1.5173255047899903,1.635231881203755,1.6516938519305067,1.6593758666232976,1.7073202575129889,1.7683931373055466,1.8154766056770171,1.8340719619487038,1.8366936580531679,1.8538296450349483,1.9054346122047785
0,2.3911759603846696,2.4308315254537747,2.4401956545781078,2.4514605477315965,2.6145820261311505,2.7546559902598817,2.78531858678733,2.8073143695890814,2.8102026338802317,2.8324977582631004,2.888098160685721,2.949453763472393,2.9650724315864609,3.0135963561994186
0,2.1022649407093463,2.36358790247658,2.394576757800174,2.4057423514199314,2.5470607002088981,2.6250674292479039,2.6476254081642203,2.6871509725003229,2.6950215076774229,2.725569501653478,2.7922814858944554,2.9090981039176311,2.9193940275714367,2.9523519238280329
0,1.3045135194562061,1.3301249613677379,1.4091582925322503,1.7265068665049859,1.7270660561658691,1.7858987669351647,1.7971315295018699,1.7978717853352917,1.8525309274831805,1.8558081133294257,1.8845441776963572,1.9421648002378455,1.9755126380340819,1.9768366825858219
0,1.5799922456083881,1.6493760210384936,1.6558157513651324,1.7870213245097806,1.9120056868746853,1.922024210457886,1.9269047886918529,1.9996128061496412,2.0786064602157612,2.0811278515878922,2.1523577438352142,2.1771252551797677,2.1928587637725192,2.2418962968532279
0,1.1130375369640795,1.5015764304647186,1.6393556734576735,1.7546398375038614,1.7614322031005893,1.7766123833255858,1.7836982030319646,1.8024631654406948,1.8170489456604551,1.8736673689533507,1.8984487825107077,1.9738830854975633,1.9875270217680658,2.0055405152755394
0,2.0581318198289056,2.1539313613090996,2.260263840034944,2.471482145352824,2.5008735980644325,2.5583915058316831,2.5694462088745174,2.5899602526719039,2.6015411698492334,2.6056994952608536,2.6062564702273372,2.6408463620237561,2.6562002761321897,2.6641030220740483
0,1.4247506426126362,1.4266339385535289,1.5318181384237406,1.6263510868431852,1.734558020147619,1.8009880548242247,1.8024086638571806,1.8195416629238466,1.8413373509274134,1.9247735428861648,1.9515665153076593,1.9537695237766193,1.9654920778807139,1.9813536673546186
0,1.9504544048565446,2.092711375965401,2.2307406736863391,2.361468710639909,2.40584599803775,2.4196146377776868,2.4265263925358438,2.4268521171779844,2.4976364670984839,2.5037200026507684,2.6577099692335402,2.6583165174553618,2.6632730885462665,2.6872840240523628
0,1.3493070089048778,1.6647048443531625,1.7443944495214607,1.7892827189391534,1.9059679025751615,1.906406226011621,1.936727082249696,1.9617549605381848,1.9625691574826616,1.9762390904816112,1.9781896724992321,1.9965454755504519,2.0081554589980137,2.0729613367127242
0,1.3573202234428059,1.4554508331507559,1.6120599402129316,1.7900044162157684,1.8285318928408003,1.8596406306694819,1.878475852570046,1.95503910952827,1.99175942010778,2.0356829031547927,2.0407090088229025,2.0567889201803449,2.0592387321496521,2.0746932670962432
0,1.5304377576616393,1.801172186946024,1.8360568223120197,1.8628064729804101,1.957056568333382,2.0204184259078053,2.0667387851433312,2.0929936880771489,2.1322049138932599,2.1659209855036399,2.2186137929319485,2.2471786795886071,2.2976937297058995,2.3448258772900656
0,1.6801491255196426,1.913208547318257,2.1124123503840218,2.1850337334396177,2.2245306244490664,2.267799589909107,2.3433781381869481,2.4025419109485058,2.4170642923651062,2.4274653518407487,2.4322001477984831,2.485610454681666,2.4944256967570593,2.4976241630643616
0,1.0897875843842264,1.2984706435116016,1.5006343362062147,1.6144525804283987,1.7618373297130447,1.8037074608606503,1.823395779403898,1.8385574409532663,1.874636819712836,1.8806398297159366,1.900376888074951,1.9339835384770341,1.9797146078671406,1.9990924711208871
0,1.2775006470328563,1.3395189024360599,1.4992500958139876,1.6198603158437082,1.6342229962832111,1.6534031622166199,1.6768839682975689,1.6840745433240856,1.7270334067504105,1.7681737297942157,1.7862296734521299,1.802229111624392,1.8331552945171952,1.8421092129180228
0,1.521940355300325,1.5524080282283659,1.6825131966159963,1.836969991725639,1.8514755490759189,2.0959148743133471,2.1041742451519361,2.1553715211261975,2.2197003013193366,2.2221501815511098,2.2294260497153942,2.2533088912744366,2.2707846067924904,2.2764089237246119
0,1.3388642564220476,1.8338912717603078,1.8640916092186186,1.8757694189012539,1.8980592065863826,1.9046275370731989,1.9503111473558543,1.9555625936904348,1.9853996454868801,1.9861877430703605,1.9948328980832857,2.0026939182880361,2.0034465403566002,2.0176460250232418
0,1.816422826534233,2.0201099205843565,2.0768221265673672,2.0779667818495944,2.201169479225336,2.2972037329739998,2.3248252752304679,2.3925962800740344,2.4453367397847905,2.4655112313771883,2.5047072944519599,2.5561615197343657,2.6725591629010852,2.6846276098463351
0,1.8360568223120197,2.2738024891789124,2.3273480219576088,2.3384244201141415,2.355179211664598,2.4194617186897811,2.4728460754416433,2.483469601636159,2.503430242636119,2.5095686558409489,2.5111033588815186,2.5927672184401631,2.6123566257004667,2.650433865720482
0,1.2891510884494957,1.3608907124523675,1.9026970371106724,2.0095641485402229,2.0438618643518551,2.0470663673949558,2.0556499026886836,2.0835405394155648,2.0942136407904735,2.1511056939449231,2.1538508741693598,2.1570240932357829,2.1809060592287022,2.1928022831737559
0,1.3954277160854749,1.5073798092474382,1.5554226082845741,1.5657747550435905,1.6028914767821758,1.6922137115029463,1.6942890230919203,1.6955783049938924,1.7582659933999416,1.790148951157007,1.8238342357581194,1.8339488255821133,1.848679437383556,1.9616771642702471
0,1.3057870108714749,1.6852935483665705,1.7126118221605406,1.8565752396435429,2.026991394187176,2.0449387671683237,2.0558549160170605,2.0675471208129004,2.0710143638621226,2.1311981569911693,2.1350026038694927,2.1540017755047907,2.2610420041203612,2.2803593958488664
0,2.6038864041111345,2.6751277827909483,2.685232456064893,2.7334204170193934,2.8378589602862614,2.9897383814099237,3.0293409428028721,3.0311879286431491,3.0380226457027999,3.0419162170071328,3.115760210186298,3.1441448344565699,3.1554059589735122,3.1649596275332263
0,1.4567234250009706,1.6382719177817444,1.757453597987551,1.7677005943398743,1.7694069977528746,1.7983094860580739,1.8577383861926495,1.8717478767130031,1.8792097733219315,1.8856974250518235,1.9099290592369274,1.9185385619876776,1.9285062803889188,1.9427261166220198
0,1.5383914287349352,1.5622252726820172,1.7840520454578834,1.9091428216731989,2.0139047856409835,2.0478119332306037,2.0787076893383101,2.093007744437152,2.2859032294194659,2.2881731097032212,2.3139041699087666,2.3291456914166169,2.3582669890300041,2.3956820341362879
0,1.3464561334413103,1.6020372472219424,1.6253391481773898,1.6397170273557806,1.7776163634916784,1.8360722002321623,1.958011516485832,2.0020053959575796,2.0137680593151277,2.0229528749617751,2.0641004380883023,2.0699170912568468,2.1581412740398935,2.1659604851616541
0,1.7700970220260279,1.824171211972043,1.9306374059981191,1.9728140017964733,1.9743587007385917,1.9801283809789421,1.9976089735463938,2.0091545679678253,2.0535075135595786,2.0697213820809499,2.1078032877240775,2.1215179843572147,2.126515439936723,2.1692138558688576
0,1.6132766424296208,1.6583452036618338,1.7662712754384047,1.7826343889983545,1.7942361357098726,1.8628296025920361,1.8912046990431703,1.8995164394660859,1.9188249039510801,1.9698288222197815,1.9914126288872425,2.0193632352022721,2.0918244169505642,2.1062823675396998
0,1.7943149044881417,1.8693081741050266,1.94012933243327,2.0338979686519094,2.054331204222045,2.1304166338957939,2.1323325536961817,2.1330776865982752,2.1667624219692154,2.1831035997982413,2.1937328229749493,2.2416528417773591,2.2438750895751363,2.2451890398610583
0,1.420649029560751,1.5449845059184522,1.5486928851805284,1.5964398227882262,1.6347678042105809,1.7029639802731118,1.7154425176514714,1.7386009595538583,1.859119106845958,1.8792747609327123,1.8902344139280416,1.8914925914888951,1.9990370536989335,2.0178296339236264
0,1.849435949769159,2.0491610962549993,2.1235577782854729,2.1427181086650076,2.1882484503291835,2.2060406391604985,2.2353783351617604,2.3009963021059869,2.3029373437626526,2.319053412363941,2.3262616562515364,2.3285453147368433,2.3380965327426293,2.3663782579457657
0,1.390284229157331,1.5264599138912442,1.6757137623074263,1.7518246618594948,1.8168768105172768,1.8243937494318412,1.9132233517745736,1.933625821821384,1.9928188478132045,2.0222612125573405,2.053881051186186,2.0606265681691087,2.0611168961319914,2.0982213472096611
0,1.3286426884339351,1.521248066687912,1.5276413715564596,1.7088192580498214,1.7496911680910527,1.7609406668582794,1.7659799524176949,1.9108765898016786,1.9955395856267857,2.0050725202082194,2.0143489491640265,2.0300836680322707,2.0512460507874337,2.0703747475055474
0,1.1767506322751133,1.2112914851710419,1.3496129660030061,1.4201518784856615,1.4415695071521939,1.4911815884750359,1.608849225215194,1.6156406725756769,1.6383243333742583,1.6767925973564122,1.6934179631580828,1.7052368297091911,1.7186714458620203,1.753093232901505
0,1.1927177519761625,1.3654328212542086,1.4721873221515884,1.6173082731712367,1.6527506063548698,1.6588889484013645,1.6601507749871647,1.6621642439590507,1.6866463225541253,1.6952678862185513,1.7059402732685478,1.7619734646348155,1.7779828508269382,1.8286798781168094
0,1.6500022834744792,1.7335618187842063,1.8960540399027541,1.9695827678611428,2.0822431197867051,2.0872763533482623,2.1281682165582607,2.1320597002880461,2.1723048631732906,2.241820856215075,2.2431889742802311,2.3205932098145885,2.3410176589649287,2.3539975410976894
0,2.1410232622672889,2.4085749263459748,2.8123369387007195,2.8403539525755139,2.9076841399556166,2.9603721051525738,2.9933905043937572,3.0439213549027357,3.0742024977534395,3.0991012917959631,3.1608793424466932,3.1750277213791862,3.2791397938508968,3.3157986776624027
0,1.5981203387263443,1.6169332119786497,1.6756043897785877,1.8863473011556717,2.0141389492045803,2.0285208667052665,2.187482216592707,2.2276927610594424,2.3041079856467337,2.3459363505791937,2.383444480532785,2.404851738271649,2.4566776390350347,2.4853289479640863
0,1.9365195316940169,2.1451020173580906,2.1533684749745574,2.2322314828089893,2.5515862779213472,2.5676741822706219,2.6679924146624674,2.6998595633956457,2.7030373168157507,2.720472716098556,2.7451973634080615,2.7526789501760285,2.7599129482911953,2.7670036608308579
0,1.9770179306217679,2.2934228312656213,2.3239634303764287,2.3834646451625652,2.5123213364863468,2.5563506666474738,2.5831129461085882,2.6221873604157135,2.6252415904647446,2.6523069713539367,2.7313475515341863,2.7938085207578287,2.7950010736657034,2.8374874333242333
0,1.7802171345516256,1.8059767979164838,1.8659455392689988,1.9294449324891965,1.964113656958892,2.0147731441200643,2.0169027517636593,2.1016904301205752,2.1664614757964591,2.2166878052427537,2.2269595826678299,2.2562061408365048,2.2589998810778753,2.2799357689183224
0,0.80941155142869858,1.1681951131656023,1.2585268899773476,1.311549085081301,1.3365915559516532,1.3475822608195704,1.3654231131438241,1.4173638443063756,1.4622793943187939,1.4813932705858448,1.4896241424022059,1.531814424841347,1.5574567341641417,1.5657837449228027
0,1.79384069730037,1.8134777024306525,2.1635671744142293,2.1673599571537427,2.3135146842885432,2.3462017163640958,2.3671144031435958,2.3681953228578947,2.3727001995749823,2.4107138152939322,2.4399467189880775,2.4485338032769342,2.4845750112102092,2.4940667831998331
0,1.1406904274635701,1.6212735189457363,1.7352700623716484,1.7442574124429717,1.7915824288329516,1.8102112034726516,1.9119402386700188,1.9323769607731553,1.9970141117824962,2.0238460542633732,2.0323212794373107,2.0969976474901713,2.1063458712461451,2.1142682488602058
0,2.1848661153930009,2.3337664648390146,2.3400526922215104,2.3679126726061415,2.5245443280229285,2.5896709508599396,2.5979449694150083,2.6342857711845586,2.6695768620208371,2.7006936214775674,2.7117894517210459,2.7524563979019407,2.7615740078820972,2.7820664000108222
0,1.231373265685205,1.3734650969947886,1.3821518970479028,1.4360474842401618,1.5024818948981429,1.5354224197486934,1.5837996314668923,1.7149371770942712,1.7336018161065505,1.9104829920024107,1.954147383384329,1.9666539837920982,2.0058433525098835,2.0171892917594527
0,1.1857981908637674,1.2082856829002884,1.2609260279802896,1.3103652405589044,1.4948633210718025,1.5050521221203004,1.5083736722544514,1.5565666273177514,1.5675960674472635,1.6254683185930672,1.6485249256435441,1.6997780518388892,1.7236503796751548,1.7684898082878466
0,1.3938661360792433,1.6173082731712367,1.7769136247227613,1.9004282849852374,1.9269002782156477,1.9309981773493976,1.9846475062273876,2.0148857595194443,2.0278736487815578,2.0407245743175997,2.0466875148919144,2.0686050332505452,2.092937032021787,2.0960488348800079
0,2.2270830252740708,2.4898016930833564,2.5908160306864745,2.6549100644469079,2.7985118671388682,2.8378979825590878,2.8753958101264323,2.9307023799164313,2.9336193922403693,2.9660135491712833,3.0649756979767,3.0684408444362337,3.1663920885498991,3.194708263056377
0,1.7108043393746852,1.7734758271790079,1.8413256393282467,1.9266866394890179,1.9722363586648115,2.0128625888176961,2.0488641911521182,2.0504690836579709,2.058492738458261,2.105247438877714,2.1173174853393211,2.1614710168686861,2.2219259758496976,2.2562451774604857
0,1.3196639167677049,1.3630742481653273,1.4536926324453752,1.6460019095371603,1.6824059275214907,1.7088801862710754,1.7181815730568983,1.7253446229793117,1.7273331767787434,1.7450429796801352,1.7609437357811952,1.7621058230304643,1.7830284702018233,1.7921012318689342
0,1.5135960081482736,1.7630309767387704,1.8293944357374383,1.8503082523107608,1.9165917625358164,1.9387169326441809,1.9780846491874067,1.9800094202378977,2.0069321618117137,2.0085306971809276,2.009628913653517,2.0125476127337558,2.137725481760492,2.2218260489490609
0,1.6721102154302845,1.8414618354776131,1.9586599424882545,1.9607926496407764,1.9854542596550262,2.0394110871631042,2.0872129167856661,2.1152659706773287,2.1541845956206735,2.1682920416069331,2.170711607146242,2.1805702069700468,2.1879563707592466,2.1886481413067638
0,1.3935122438848992,1.5810923531658028,1.7006238651185486,1.8179824190250966,1.9137608284667857,1.9150758900905254,1.924044522047557,1.9433301852682312,2.02336934832989,2.0469841436330065,2.0772260459302627,2.0966280991149482,2.1074864966611671,2.1105626437257508
0,1.4452991072156234,1.4552573042050769,1.5760573041111743,1.9242083235600758,1.9532196043614249,2.0746092853719409,2.226495246623684,2.2538750603446451,2.2931884775163844,2.305528579131936,2.3130353388827603,2.327177439581821,2.3923313708885647,2.4505049325326649
0,1.6149572181855236,2.2346855175328262,2.361908877288784,2.4216723317063171,2.4489371398865662,2.5181221607686757,2.6704437423804261,2.7305882977585099,2.7520695722888546,2.7764635445592161,2.8031954038304279,2.8069121868121099,2.8746053645996361,2.8908094778280997
0,1.254271232135572,1.3614209364598169,1.4059990505066138,1.5138394041837051,1.5807416181709604,1.6987222930883601,1.7092686411095754,1.7610495234151171,1.7662114170160219,1.7720249266611909,1.8024560004379697,1.816939482317204,1.8404760597818217,1.8806438883791605
0,1.8904457795714351,1.9096357902163716,1.9257891157536502,2.0806294263572997,2.1096926411146639,2.1322883789763858,2.2063658117906835,2.2887894974412397,2.3477702518976651,2.4107069512950354,2.4495252232719147,2.4600979891347974,2.4817771752495879,2.4998463447309862
0,1.3584301580764482,1.4799008915650183,1.5035306966147128,1.6442138127181751,1.7428527518509176,1.7639031111133665,1.8626363495926175,1.8939323671830541,1.9018338193121305,1.9147024538619155,2.0011310084705247,2.0350940189715283,2.1462165328709548,2.1814483048711395
0,1.511548637067865,1.6347649110585167,1.7060501862096897,1.7327424754892304,1.738331519829817,1.8029162753263301,1.8309404043406836,1.8317551540815085,1.9348853628505274,1.9934621449511258,2.1202573599577175,2.1638099450786079,2.2357927346052504,2.3088637641799936
0,1.7238288431820157,1.8585799566681169,1.8732482252439451,1.8934007511442137,1.9105124011436709,1.9242083235600758,1.9458513533513266,1.9820152763165861,1.9893190010443513,2.0510799581964938,2.0566020160741134,2.1150644161218932,2.1312247257926726,2.1336013282881336
0,1.6978934511511115,1.7919692406690906,1.9640807848070472,2.0169974347598578,2.0438618643518551,2.0604011105817599,2.0818428353473721,2.1312939750461473,2.1778966076137176,2.2164618411588286,2.2443925685317709,2.2943680927636807,2.3374921601259038,2.3460311188739063
0,0.85552606501947137,1.3558955226287333,1.6643936285759926,1.6832988496498416,1.6906414472457858,1.7161654948659923,1.7191122786158228,1.7412155008997297,1.7772155967987711,1.8001545143390671,1.8358036193152345,1.8435852873968055,1.8736966073513019,1.9063674818526035
0,1.3655209797031449,1.4352639010695523,1.4427102618672754,1.4444488469217931,1.5289883163093969,1.5605623875251149,1.6013255796918919,1.6166541188643322,1.6212735189457363,1.6631511241761912,1.6810048826671133,1.7442360694550982,1.7640186908782325,1.7681948838547175
0,1.2034240379190935,1.3694803962661384,1.5223817124800425,1.5281402150983159,1.535354508733753,1.8052247588334891,1.9559079560974126,1.9732273461767633,1.9795933135319279,2.0213153637157313,2.036599807352542,2.0415190670795114,2.0506642346541795,2.0764148621994036
0,1.2706970243715738,1.3467851798083741,1.4940457062000219,1.4976898390480515,1.5834106466855726,1.6056352877039035,1.6519039801412985,1.6936118234666684,1.7130519925278909,1.7277655586373775,1.7333909520162043,1.7640059971745896,1.7713019568136814,1.773679883491126
0,1.7148621551276582,2.0143217501509403,2.0472137476859218,2.0606094104703652,2.1576819115315202,2.1877257835041544,2.2308473834223408,2.2570991517740437,2.2776658583288691,2.3090871698283366,2.3237031115591908,2.3860399315531708,2.4149910525998446,2.4711706323426541
0,0.90432777418560728,1.3040779989383049,1.4842534719708136,1.5905168444038382,1.6398880662761113,1.6633920986341419,1.7376639363324906,1.7920292102738131,1.8227257427692045,1.8413256393282467,1.8945156109194403,1.9220720098166273,1.9232057933167237,1.9733958601217634
0,1.2339867512736835,1.2412967496698057,1.538052806917042,1.5883133729821257,1.5936207444584367,1.60311335647692,1.6210186920446705,1.6544770643892239,1.6629018507174289,1.6695061863923775,1.7105329316816538,1.7216871388527519,1.7399803193172658,1.7600443087911299
0,1.0591985771821466,1.3876365646460518,1.4269325039619793,1.555549528080465,1.6496033016580294,1.7425969984741394,1.7703682824005615,1.7792228418762845,1.788084559760996,1.7912483994483344,1.826599776276123,1.8611097178717089,1.9868143306398167,1.9968215063950816
0,1.5002655303769192,1.6228867384282915,1.7199792942498386,1.7518246618594948,1.7960409051678108,1.7985508868239106,1.8464514732649306,1.8901822929440935,1.974414780560789,1.9835147426291155,1.9871238110840448,1.9904131894993724,2.0280181479459629,2.0617858668728721
0,0.98585868568453616,0.99747111808995514,1.0859746776005408,1.5097489716244061,1.5292424163700655,1.5373106567351895,1.6023370397576355,1.7017036571052895,1.746962790203636,1.7639031111133665,1.7890078630403521,1.8029107997766733,1.82850260661532,1.8416050060796056
0,2.421146108591977,2.6636997231021846,2.6796355288626237,2.6957957024628372,2.7729808395344122,2.8281807685845135,3.0104507624958199,3.1082741023550127,3.2232209061531507,3.2849927820641587,3.3183678343523195,3.3502885082799914,3.3842677250065929,3.3897339980730963
0,2.9880495377749683,3.2331017150962227,3.6312229213562475,3.8878813671671208,4.0487954643862176,4.0606990116602804,4.0990530869007733,4.1535920454230011,4.1841228627573139,4.2164893871815714,4.2264334268515773,4.2435363396093733,4.2800333866291096,4.2894028851852495
0,0.94258305909799001,1.6815513707236904,1.7106905187775452,1.7462568741894917,1.7865792962261371,1.7896322542640681,1.7943945269749773,1.7967386190103287,1.8130015205231653,1.8411588574505424,1.8550463104554857,1.889141397763221,1.9808879137914595,2.0569701042016555
0,1.4314299546226805,1.5983695494195207,1.8172475451568668,1.9485420326945755,1.9539054109077103,1.9603786792578708,1.9820018857377559,2.0141957929849736,2.0425675781096482,2.0874253644178298,2.0989192009690383,2.1064125940207834,2.1782545138166136,2.1880149578895787
0,2.3791989994880436,2.389709057372305,2.4197965576594771,2.4663221320211655,2.4722545209013065,2.5630518977398351,2.5754396268345818,2.6414231590863522,2.6498425322046923,2.6569858973279401,2.7290883129525283,2.7647948878798911,2.8467074090005107,2.868461577352913
0,1.0591985771821466,1.17441426919911,1.2374156999049934,1.5146910350365896,1.6217778148679489,1.6775643738387205,1.7481233976008252,1.7588879437945404,1.7633168612808658,1.7937887346523678,1.8095597224224682,1.8405730289084785,1.873658065327148,1.9676271808982559
0,0.95824290065999818,1.6499724690419744,1.9398120581379685,1.9718264443873019,2.072125673591366,2.0777049100302913,2.3177390863978009,2.3418397651650196,2.3773089959370304,2.5404464150172057,2.5827853384840243,2.6538343969843154,2.676988429886634,2.6852909293396716
0,1.470830933558007,1.5516120788509142,1.7741075126420132,1.7988831980122133,1.8005113576608784,1.864675923811171,1.8994535278070748,1.914892137146061,2.0204849040600794,2.073528429942471,2.1117443588484486,2.1155944553497905,2.1580962909255845,2.1838671563292387
0,1.6607630666922031,1.6987796785594804,1.7945154504282808,1.7959076685624347,1.8646120723514714,1.9246227978513992,1.9508908563597023,2.0301953622988855,2.060010595663079,2.0817155574067616,2.1140755637195419,2.1177630902126494,2.1473170187752095,2.1592325128018306
0,1.8243101504876653,1.9066114397611804,1.94309395546325,2.003751817242398,2.1061802657142406,2.114678903882909,2.1292793225145759,2.1342123247875375,2.1356553284284101,2.2015464702447569,2.2379013079825696,2.3165789559785699,2.3429843220264348,2.353448693987279
0,1.438112158995013,1.8577635350490604,1.9343650638200443,2.0237916848478292,2.1220561652747767,2.2658614231858309,2.2736126934157577,2.2866009873111399,2.3115933100651147,2.3661177107644527,2.3708070720680734,2.3836789092460986,2.3945817062275823,2.3985040080356517
0,1.944984686901932,2.0372388823082854,2.0475884515234481,2.0865573282402341,2.1142104275800224,2.1153736982726827,2.134041440409927,2.2240695663909555,2.2291815554241183,2.2352587886159547,2.3072355356080139,2.3184253032738207,2.3444953125937795,2.3729677714277968
0,1.5610673375003801,1.6811135079414621,1.7240451183440559,1.7836982030319646,1.9167536410957771,1.9688132165462586,2.0104106194843561,2.1056535274723491,2.119446276616328,2.1614962171767003,2.2002233910222064,2.2144945825784408,2.2356302002983788,2.2396125669202789
0,1.9165917625358164,2.2143680231572733,2.6139100206620065,2.7109793142948257,2.7831947060915234,2.8528953275773095,2.9556399286781994,2.984887638186859,3.0233790245169487,3.0774500770308801,3.0779870578939872,3.1010725428265959,3.1365358203682985,3.2233206995147512
0,1.2891510884494957,1.5929879117620438,2.0169974347598578,2.0844740878744514,2.1137561264810252,2.1357766426951938,2.196143364430637,2.2946886269504789,2.3126457121562112,2.3511369909639899,2.3511438697916351,2.3551792351862231,2.3579124085813574,2.381246396599431
0,1.6235499448825774,1.9121259816891751,2.0696904418311721,2.1089915668800936,2.2389429148993596,2.2650363181472581,2.328014052264725,2.4078418187369395,2.4819188728186901,2.5038011832000429,2.5410612061937847,2.6445512254382519,2.7087440355931611,2.7321981974150247
0,1.3855839995360379,1.4619722306896243,1.5331686531870283,1.5539634742550583,1.6020788404988098,1.6070029435197968,1.6840117719581282,1.7059578829237838,1.7319776482547304,1.7906062980140327,1.8214597295435233,1.8397406323726715,1.843947656909465,1.847896139569899
0,1.6331237827720704,1.7427645050066674,1.8020752374055353,1.9681271929248996,2.0641993516234538,2.1122564974465488,2.1822770405830334,2.2205546733812365,2.2409705144881129,2.2721194272142267,2.3177545870924154,2.4181670994216535,2.433854972338656,2.4692093368611077
0,0.95113141855508054,1.2552543591161107,1.4362366113896292,1.5053016762455005,1.5167956778886369,1.630365732705426,1.6499135395620559,1.7538598477326595,1.8805008069664058,1.8829348940086406,1.8920696031567499,1.8955940956850361,1.9283719072747392,1.9496124884772705
0,1.6351639729477832,1.9067391082735012,1.9989568713899903,2.0021050206236293,2.003233337799188,2.0283918402874037,2.1412461989888221,2.179625499001737,2.3086025533475705,2.3122740881715096,2.3410554225044566,2.3609538729416664,2.3766771974833225,2.3837385138107248
0,1.8456616876274261,2.0551777340660475,2.1948470179067123,2.2928729328053903,2.2950642954991181,2.5526980134302173,2.7931352119886288,2.7961683912929343,2.9097590325350398,2.9338515597937991,2.9723636416249501,2.9874148818754227,3.0031265252022195,3.1822722893920812
0,2.7806764900471617,2.7999606035965132,2.8035568653820104,2.8109901398408916,2.8379345505932152,2.8400830786715128,2.8531879643122267,2.8830250616647883,2.8941539001025407,2.9702866654745792,2.9708652404929512,2.9928443218054279,2.9982955033661751,3.0342101898990328
0,1.1913800805975883,1.5944274186911114,1.6743779559416385,1.7810809379335455,1.8275809926514386,1.8714399146631169,2.0120225400069347,2.0560862017978057,2.0572366367468216,2.1260717668580384,2.1522570231216491,2.1914502278044594,2.1959248994673835,2.2007169758240699
0,1.2293512668032316,1.3065695460280642,1.5295415597573132,1.5321079378134523,1.5555960484321263,1.5630843744057168,1.5875175295798214,1.6048491508727369,1.634114871808011,1.6941695553869487,1.7800070281569749,1.7811734414897964,1.792217703085262,1.8322933867348483
0,1.6936754092685322,1.8150208384403872,2.2330324927840972,2.2353862159768267,2.2387838588259994,2.2488791667019226,2.3735118078807096,2.3832129864381408,2.3936297987084409,2.3969886941284231,2.4067494262581652,2.4208766880579065,2.4279689777040541,2.4524502394628569
0,1.5683580923601734,1.6454415441455432,1.6672748387306242,1.71684188379298,1.7737158548858774,1.8130691916091606,1.8728976278948364,1.8745666058909889,1.8756619176659588,1.8894157993182461,1.8969375645690807,1.9343966017101526,1.9388635428543319,1.9445168310219241
0,1.3288288502107308,1.8382356670393467,2.0734537289031412,2.1486189491264587,2.1933957176648287,2.1973853129008529,2.2030074798163648,2.2321038672029001,2.2427774126700646,2.3199179403496815,2.3239149820584148,2.3366052714345882,2.3390820903599168,2.3814244663175019
0,1.2869434396688639,1.5819138730026681,1.7573806819978699,1.8043317833457879,1.9280938312970257,1.9604254462728399,1.9632929270203141,2.041089552354566,2.0525446376879528,2.0560470858639208,2.0652850600702446,2.0753588225628192,2.1018505834725989,2.1019951206101264
0,1.8122397713477156,1.8182358960086595,2.0751804228006718,2.2079480845341033,2.3199340992711366,2.328047031587765,2.4148097924451757,2.4329706342905948,2.4560892301235291,2.5265552278721737,2.5794609931957573,2.6407624878537845,2.7047349694128333,2.7108089601828076
0,1.4147753354306545,1.4856448648427611,1.5098063015489487,1.6160503715226202,1.7472543561717766,1.7643907510644115,1.7714961878602937,1.7912909038568285,1.7916973532814222,1.8258046488963586,1.8287623321998139,1.8437397273767502,1.8583071874977439,1.8844054838743216
0,1.1847517372727376,1.2602972722193098,1.268609309902504,1.50588627488632,1.5129765960839716,1.5859608559428651,1.6631511241761912,1.683103557803574,1.6841347314165391,1.7136088424352838,1.7162854800586838,1.7377363297216306,1.8030957531591922,1.8174152171994795
0,1.1390013423260075,1.3765920584204712,1.3957506415770231,1.5571359325195235,1.5924819067101756,1.6002425773373696,1.6146727989424605,1.7130568629164422,1.7394399972732997,1.7481233976008252,1.8009276554819524,1.8067033720828611,1.8235697001465776,1.8249797538184378
0,1.0543716197195221,1.3790471796812778,1.5146722714773606,1.5448173312710762,1.6860085341726228,1.8729112944865833,1.9175651213993723,2.002133531137829,2.0075900114187775,2.0806970211399634,2.0955680067256233,2.0959763697308946,2.1361985343622396,2.1645520757017174
0,2.6378760889561188,3.0461149111742789,3.1816638520091494,3.249287547963879,3.2855751695344719,3.3191141449115422,3.3873772561942248,3.3881796117757661,3.3944089933024157,3.4457534102117853,3.4787447208787694,3.5617457586490207,3.5905682000642742,3.5943569433059777
0,1.0930629390689168,1.4241899028453231,1.5337137765796884,1.5657837449228027,1.6097535300892554,1.6109495023020757,1.6144426329403396,1.615481584525976,1.6429722599749201,1.6517199586387634,1.6664137269134347,1.7331146249817841,1.754514604902226,1.756470352310973
0,1.0117793269123836,1.0704835430070203,1.1028916319185447,1.2663239908907999,1.30922804051598,1.3760408346472479,1.470266712286588,1.4725447211867044,1.4774578302914705,1.4991773286014487,1.5259884021292192,1.5400610569236315,1.541878394881665,1.5606405244129919
0,1.5791227093451712,1.7335078071385028,2.1752911766117742,2.3164415410554526,2.3723853310976954,2.378225253490089,2.4850585548332513,2.5105307192328747,2.5713825954865577,2.6212358483534741,2.6592884028960841,2.671649383876435,2.6834998245002728,2.7035030589370708
0,1.6698719898260062,1.8100367783077653,1.8992531937059354,1.9834614319380846,2.0916424915933072,2.0947898846057509,2.2371815043326606,2.2582773306175397,2.3213057858570387,2.3999020693383604,2.4009848526077784,2.4135564187067615,2.520149061234807,2.5280745754547485
0,1.7656596452387348,1.9634664869853737,1.9802812054274899,2.1366214551696148,2.1840339683676868,2.1971338345605926,2.2649824078572132,2.26547051007877,2.2739498313854138,2.3950219821631822,2.4329464219279391,2.4506971283613606,2.4816746056382781,2.4836958493714945
0,1.6992144293564031,1.8581714470792277,2.0082878666082404,2.128771854839187,2.3021124340813324,2.3732304902666947,2.3933542907523728,2.4198020317895277,2.4286896003498151,2.4692048889951543,2.519649323767494,2.5286025207522083,2.5707357929048973,2.5876321912825664
0,1.2602972722193098,1.2611241001891662,1.438112158995013,1.5443703098636394,1.6208742471917132,1.6474340166314609,1.7168899133890831,1.7758802398427338,1.780266939912043,1.8016140754064767,1.8064822369385343,1.8676973639618619,1.8902662164531161,1.898155597844037
0,1.7029668595455116,1.7030496970088045,1.7556903574807952,1.9097907665180152,1.9622632651402301,1.9709604872792561,1.9941909535146221,2.0034965455356413,2.0432230240570384,2.0847511338804776,2.0940131817059786,2.1074936243760893,2.1333626402292727,2.1522811328388176
0,1.6522466046140936,1.7088556320897794,1.8606918067932772,2.0871714300248008,2.2920029603854957,2.3045547667586845,2.389684630976749,2.4194387674507767,2.4878553109026127,2.5519121467021133,2.625366585947448,2.6405425280085524,2.64373874009204,2.7092238740576819
0,1.3573202234428059,1.6244558777029547,1.8469970853279292,1.9435816783696527,1.9877557457545809,2.0281088413036015,2.0656999411099868,2.0844692097915454,2.1142104275800224,2.1760584030520786,2.2028459532968849,2.244319375566211,2.2455112502269845,2.2810210604969909
0,1.2278882664539799,1.3145844113586898,1.9065965526521484,1.9406050953910352,1.9531121007251286,1.9843111242328251,2.0155465301328332,2.0317826108879031,2.0802971340687026,2.150190364960566,2.1574020920404897,2.2063385264112894,2.2330324927840972,2.2484496630648483
0,2.1808141331398163,2.2953158780968184,2.3170164936036746,2.3747371167477263,2.4255362270782284,2.5780328348446666,2.6790006031060605,2.6903366632336354,2.7326104512411455,2.9143727032434614,2.9168056427895572,2.9359705268475977,3.0414742859590036,3.0419223498787922
0,2.0912137823829378,2.3759025017874693,2.507696368436783,2.7187803719106967,2.784959105866291,2.8575321677295169,2.8650353791535763,2.865987148918379,2.9146060673080498,2.9646354025001296,2.9711664083440823,2.9855583851553589,2.9998324881291722,3.0376877476671735
0,0.78974918088416013,1.0364355078612866,1.1716727064520844,1.3346272659332648,1.5356291360678387,1.5422254938490108,1.5930701445994064,1.6773105219269027,1.6964337157414602,1.7581196008317659,1.8030961726757031,1.8911634724222428,1.9001223130922313,1.9693942708664949
0,1.3944980914468752,1.5289763285475453,1.5419149047946412,1.6003717276359308,1.6056352877039035,1.6211221868292958,1.6467460714906166,1.6623779354373809,1.669096878856704,1.6770949426149253,1.686024721023919,1.754514604902226,1.7678045587537259,1.8047634827103829
0,1.4881102383605449,2.0196476291032885,2.0415190670795114,2.0886210245528782,2.1601315584604834,2.1672771669450728,2.1935210072332283,2.276463389926894,2.2789744850201452,2.3847000039035886,2.4146734641524312,2.423421499590507,2.4275710382814877,2.4511652515676281
0,2.260263840034944,2.37139048000763,2.4392845722454264,2.5586777804667777,2.674493869446573,2.7213007751108824,2.7502487421842923,2.7648705956047785,2.7924643593905221,2.8208323067890988,2.8297766856271966,2.8316987173365438,2.8488124301263698,2.8837554390218449
0,1.358007838191837,1.4922319624191183,2.0462386562013197,2.0789598456308322,2.1142273013991235,2.2279188035903905,2.2690047794729966,2.2876243846268713,2.3862003717733042,2.4081198951237419,2.4279792652620373,2.4393593558572189,2.4530588575682937,2.5159568401433479
0,1.6151473394011839,1.6879856296198301,1.8036053878213436,1.8653936731636138,2.1262410003954231,2.1880504325143604,2.2075793515824369,2.2553849791082352,2.3205584076214048,2.3401314990124171,2.3630722787961744,2.4004201569298553,2.4809044785476844,2.4847636884456969
0,1.3850516209722221,1.5400223570626903,1.5674899369068402,1.5944274186911114,1.7595955160527965,1.7654809264962079,1.8518703603773905,1.8773497718032401,1.9039866097497267,1.9627707302403345,1.9851650409238173,2.0048307002657011,2.0509664221234534,2.0557972605263166
0,2.2030160480357313,2.4670598697138133,2.4915116776333828,2.5917373717975201,2.6324807192661734,2.6755874839442981,2.7189630929171753,2.7628932771542076,2.8150898519446534,2.8279370719631118,2.8596269313198697,2.8698807530760257,2.8830242941990529,2.9086183906190035
0,1.1929994905984977,1.4687451653956092,1.5964398227882262,1.6597636636996511,1.7092979137072879,1.7885742072684316,1.84938702953096,1.900277466263528,1.993450898493506,2.0009573562083101,2.0187271505439734,2.0293811468509064,2.0479636195654725,2.0549643386772836
0,2.3174465728470759,2.4924866468244029,2.5000970562177822,2.6095974236822097,2.7663113596271183,2.7666043367990136,2.8018848529448208,2.83211657927195,2.8530342173473109,2.8582728418813468,2.9195526194417574,2.9572603908275044,3.0555048746015556,3.1873955072980218
0,0.98496113261335105,1.3539865437293694,1.3565320134085272,1.4202260597738867,1.5986984286402992,1.7394981354922154,1.7401539236557597,1.7601314498473548,1.7744433705432894,1.7749383578649292,1.7766123833255858,1.7833629096779209,1.8066331136281706,1.8195416629238466
0,1.3020537377491268,1.3088269885910484,1.6829228488811487,1.7708297152401191,1.8046167124916508,1.873658065327148,1.9599367670290282,1.9719011984679309,1.9787616188688699,1.997843378322647,2.0185485457492574,2.0327573995773656,2.0359447752612709,2.0815536002157895
0,1.4183628800039132,1.5028680893070561,1.6532391656253504,1.7734758271790079,1.7910677223146927,1.8175945823398765,1.8200288457395486,1.8465447044202536,1.8520312228384102,1.8924025481544839,1.8951418343964213,1.9633448990438949,1.964680471169804,2.0437973024848883
0,1.2564929257904005,1.8820036487081715,1.9340623495331279,1.9481822251216052,1.9705426867304603,1.9707505619931289,1.975804885221861,2.0114623541686374,2.1807677237418313,2.2088615440885619,2.2590960449793913,2.2711997453797985,2.3147119810633954,2.3147125604996517
0,1.7397537148604192,1.9606792425098867,2.0606094104703652,2.5709423081371199,2.5982300941979721,2.6033178827199728,2.614853113036359,2.6184226904921108,2.6501945691025628,2.6622553053444142,2.7220787861611506,2.7266108109761205,2.7368472846119452,2.7558232104498344
0,1.5116999733885716,1.5150865901997315,1.524672325869691,1.5405818264009217,1.5760512824713286,1.582999129268216,1.6349254486107196,1.6800791482084589,1.7179847791402343,1.7689412028159606,1.7880720688875447,1.8031166119713284,1.8195723436664391,1.8398640002387465
0,1.5365812535583996,1.5714146488478902,1.9856650052109093,1.9877354537405374,2.0123091117240008,2.0738859202087898,2.1684712478865409,2.180617765157149,2.1917772469490804,2.2064999684118249,2.2176191442025943,2.3111822667744488,2.3338183302489663,2.3380330155450668
0,1.7755192862144089,1.8288167090953427,1.8429324953107833,1.8429430432080958,2.0710143638621226,2.0936695792858893,2.1127869148810614,2.1507432589115312,2.162010105322675,2.1852499441371505,2.1996285223299434,2.2174617603842499,2.2183994105708873,2.2273303509097402
0,2.3715233742951822,2.4940857756616515,2.5833307103339584,2.5872346442508443,2.5872970487384004,2.625661360760335,2.7056159359816121,2.7760822310897439,2.7857721577285366,2.7882582023537434,2.8265821954633652,2.8375864753691125,2.8938020996208329,2.9139270113322664
0,1.4612276159292084,1.4911815884750359,1.4989987746386262,1.5695163060367647,1.6026721449014405,1.6875741492595813,1.6993007318163866,1.7139166896761471,1.750790291911789,1.7586751560765703,1.7587523579780253,1.7679059356179241,1.7708038187400961,1.7880751694972767
0,1.6784147660632549,1.6899658206306083,1.7649574489031028,1.866402586713654,1.8901183399249259,1.9400014652668163,1.9484561402151603,1.9665521595534492,1.9826634938880645,1.9887107761133604,2.0162914575177755,2.0178296339236264,2.0344607752053343,2.0965376649940453
0,0.96582211905390436,1.0749261371934815,1.2415765390951421,1.3527762391941973,1.4436564546027368,1.4622248451664697,1.5048243380616244,1.5175173145884684,1.5598709061092566,1.5758968424259954,1.5976981208420786,1.6310747681106088,1.6341332293246746,1.6398880662761113
0,1.5408224358303655,1.623232365695882,1.7958487913568222,1.8606879908319394,1.8780283574556333,1.94012933243327,1.9668745448844271,1.9886185658687758,2.0226093097950253,2.0263703889553519,2.0510995892933996,2.0774416581698416,2.0868634777715882,2.1023313425452947
0,1.5487612577329501,1.6397626635352218,1.8078752282650539,1.874636819712836,1.9264858354043903,1.9873671163710167,1.9998289052313545,2.0247439037320696,2.050034418131903,2.0621616137178265,2.1508443859364585,2.165106781098348,2.1850602673501807,2.2352767792828279
0,1.9985464760935272,2.0555827629445917,2.0630930337923812,2.2529693256305432,2.268664216442243,2.2981562193484839,2.3093860016899903,2.3174003476432361,2.352125444869265,2.3611554505267613,2.4205873454828333,2.435870340243623,2.4479241517416819,2.5214264017988182
0,1.2476548288192864,1.5684049743624846,1.5726357631723344,1.5871502437003104,1.6002384295256735,1.9609889884790666,1.9776469505709404,2.0012444993674472,2.0371921356262566,2.0931861982161486,2.1473931850106274,2.1856211950352749,2.1886503071900996,2.2168096112671858
0,1.2021124295235985,1.3462194594766457,1.5982729516123257,1.6062313474466154,1.6439784532132367,1.6987035386814218,1.826254039712274,1.867752073274348,1.8716338596739801,1.9109968312105146,1.9263690984281929,1.9321179259758576,1.9652706727187645,1.9697927286791641
0,1.3981337761390955,2.0549643386772836,2.4852210664730277,2.6650115660157563,2.689574863007786,2.7872623901235225,2.7940845633246654,2.9152737061360212,2.9537012317161788,2.9559975547932855,2.9606258634214671,2.9748128587928568,2.9787288439486903,3.0242362742443656
0,1.5457610711787408,1.8172069773050592,1.9733226311329366,2.0112914605229757,2.0396966706253559,2.0410799189040567,2.0521173744675716,2.1173885744818013,2.2452080909826879,2.2524619205587331,2.2947821078430803,2.3034824981114008,2.3301489219251703,2.340774425910563
0,1.3286426884339351,1.3904940094577323,1.5113897021041409,1.5799835661228119,1.6240944157329613,1.6244825149316633,1.6286290916337638,1.6522090285643627,1.6889187730980635,1.7415266776284064,1.7643114071292105,1.7824007282608971,1.7920747474687617,1.8108469750585516
0,1.2192644869897462,1.5029220250354161,1.5067551514468938,1.5955430414715812,1.6100752430470586,1.6419865618905991,1.676995501299497,1.6973234789766347,1.7222519942790875,1.7361240876766102,1.7793344746845614,1.8342599331218952,1.8766396711718611,1.8881081238453887
0,2.6726558636154421,2.7074218435905153,2.7732762310209038,2.8678330731794865,2.9344878375130783,2.9708479552740541,2.9980581496667558,3.0647206399067017,3.1290735247529411,3.1382223915930991,3.1681550204420899,3.1939053522006464,3.2126566151507987,3.23532009315737
0,1.394459267874433,1.4114916017719752,1.4652279648591335,1.506089840443035,1.6714654600809553,1.6812057937810503,1.7014625526046392,1.7092979137072879,1.7479166873173109,1.7618373297130447,1.8033383186952667,1.8178467275824268,1.8479981400475098,1.8826699588761091
0,1.3236778210515143,1.488236132515095,1.731123433634441,1.7739130247826653,1.9174456342707011,1.9347152002903583,1.9353208407861229,2.0237376553908177,2.0364868452700482,2.0396380497408684,2.1125940556563725,2.1131877308331619,2.141670804811262,2.1927086989978415
0,1.2428345075529039,1.3531917662518513,1.4872145074377376,1.6981302761103376,1.7029668595455116,1.8179824190250966,1.8467053555135116,1.9640669952210119,2.0095289005771231,2.0772995365692779,2.0914536436546292,2.116960819824957,2.1567778093655043,2.1591072100540885
0,1.2078444397321118,1.3524431346167349,1.624758314526451,1.7442574124429717,1.7739486738234089,1.7914206072467636,1.7968787176720917,1.8000835301586149,1.8831972187227468,1.8950156184712759,1.9408868485189275,1.9900807197859547,2.0275518057884381,2.0775111365040977
0,1.3726071999270064,1.4084092446163208,1.4664998521582684,1.5658972939386537,1.5963335817449731,1.6185103812338706,1.7047163241591619,1.7053232349358645,1.7319776482547304,1.7394566772954312,1.750790291911789,1.7617718877244004,1.7628920066220837,1.771746608099422
0,1.8144209482654658,2.151987453900063,2.3957405483124217,2.4904481270792709,2.4940667831998331,2.5904588223444707,2.6147634922107987,2.6548239604467185,2.7004426780022697,2.7588789388774408,2.7686386781298808,2.7701821852674189,2.8249472464352543,2.846002748325668
0,1.4660121063747407,1.4992017115160279,1.753093232901505,1.8066753726332119,1.8659301203584251,1.9119642700668573,1.9721914944812271,2.0103763532323216,2.0109265718011655,2.0397862920133982,2.0460059970892024,2.0470997615431834,2.0625289172549328,2.0804062839993493
0,1.1767259728582273,1.3892380007833069,1.5451055178736004,1.5779154264505959,1.6315991372465002,1.6988185471817527,1.7813640175916794,1.8228742543433163,1.9319783072569072,1.9380449913336166,1.9523200761505051,1.9659485450818821,1.997637350695713,1.9990113855517671
0,2.274902664383295,2.3838672207831704,2.5433336452516904,2.5507177330765214,2.734163838460526,2.7956599674205518,2.8497066564155933,2.8775142399618914,2.9137866691260279,2.9259279060633721,2.9521890442302676,2.9702690353903138,3.0627364589599373,3.0739430619815464
0,2.3104651982806037,2.3625406928267094,2.4133202302628058,2.5120522921213411,2.5752580077626774,2.609780336071831,2.6227030268885216,2.6271776504196263,2.6324712977379359,2.6380379716795135,2.6564982836993645,2.6620652302604362,2.6680967107402918,2.6694721178527194
0,0.88790620972602896,1.1675497547853158,1.2574050065881388,1.3710109451898818,1.3978241694909717,1.4409039046143737,1.4720757028022937,1.4989987746386262,1.618461014954609,1.6452042827639239,1.6517199586387634,1.6624261686975219,1.6642866353164463,1.6669493573571745
0,1.4333894785554231,2.0632899217836131,2.5646493257358296,2.7199286923819916,2.737916937105354,2.7908291457563856,2.7909210644900133,2.8011479861486679,2.8874743045320375,2.9045417273796259,2.9637941355273703,2.9735931456090561,2.9782652680094372,3.0026201517832747
0,1.4078082990862086,1.5611481037549013,1.7472543561717766,1.8286033606513781,2.1437942835252222,2.1721148447061247,2.1994847860591995,2.2302137821013419,2.3170647960512469,2.3800961662463713,2.3850457082976404,2.4956168558459781,2.5246390594016166,2.5272289038813631
0,1.85287487134097,1.8930510567982857,2.0256430410943826,2.0264276909270889,2.1933957176648287,2.2257365710494343,2.2813592654152242,2.325427828967904,2.3413535826688814,2.3572714978030049,2.3775340211383416,2.3785794041181503,2.381575177665229,2.3966356816387444
0,1.4120922895313823,1.4452991072156234,1.511043004732834,1.553224211214238,1.9392306406517406,1.9519907422138743,1.9820152763165861,2.0348522495692993,2.0619880861280278,2.0789800381817711,2.099863978068909,2.1181957662497979,2.1965120546251393,2.2183955729090878
0,0.98929481671201935,1.1828088037062634,1.2846600420430019,1.3117198780474979,1.3123728065622771,1.3514129728016222,1.3563279615986057,1.4519374551720015,1.4898756133647608,1.5064034954554932,1.54248358624016,1.5637212501516728,1.6080379911632297,1.631512902115934
0,1.5467044210912944,1.6388970772616196,1.698304515687628,1.7208320691633308,1.742270041991187,1.7796872207155925,1.8018986288037322,1.8476239980624929,1.8560096041639493,1.8677564684475463,1.9198467361832949,1.9295099095622099,1.9715097893720559,2.0066219784545907
0,0.96188257525288479,1.0527542175775093,1.2894373062336884,1.3308868833963532,1.3996552424979665,1.4518791433919773,1.4569202012562994,1.5117391371580229,1.5613560311874264,1.5918573203962811,1.6011006518242954,1.62655373043189,1.6397260312351243,1.7362276734914779
0,1.8638418983667027,1.9031606005855468,2.0857290964803705,2.1564867719940324,2.2591470788015351,2.469911252688497,2.4707252717215042,2.4757468964807594,2.497070743669469,2.5106374010133417,2.5181904745796904,2.5306300853031534,2.5351523240662477,2.6660288628911273
0,1.6988893246958483,2.055686916757733,2.0921491178076113,2.2967688302251532,2.3054751713052659,2.4714306849224461,2.4988749466007825,2.5217340387038463,2.6216288997266819,2.6910329132193693,2.6955515173711126,2.6963039402963491,2.7334712675978983,2.7698750251374102
0,1.6051191726363607,1.8872471698914381,1.9582957072801417,2.0155465301328332,2.0568324921796708,2.244997158469491,2.2472568107125968,2.3553893292330761,2.3616295866800554,2.3655868408421359,2.4066265849002373,2.4396801196817917,2.4595156313160786,2.5270684495348448
0,1.8310191737417949,2.1946411943629061,2.2008442230726883,2.4718544993239773,2.4728856833172372,2.4794726028151186,2.5630042767132779,2.591261091892286,2.5937448472541722,2.673768093256184,2.7326575976737133,2.8397853781756099,2.8553666456839948,2.857603226065824
0,1.3887574711786008,1.4294453795295021,1.4456421137328024,1.5576655928947969,1.6040959281238523,1.7700970220260239,1.7880861860979762,1.7927229681424923,1.820639227505976,1.8374138021679038,1.8382288442925432,1.8457409685253394,1.8515452344988927,1.8761674534435808
0,1.8277966447281353,2.0389130386667853,2.1670613985083751,2.1944185223605839,2.2212921086094513,2.3494438846200025,2.3846758172316749,2.3920687631200646,2.4144213747643115,2.5358894987565859,2.5378229493253386,2.5487528515452382,2.5544731452334122,2.6121974915948711
0,1.8383188992155646,1.8780849557024131,2.19660649594586,2.4278622188994348,2.4707243435682456,2.4733774433310032,2.5422213810549006,2.5720848428324801,2.6320119786807479,2.6668411702186008,2.6990742394734788,2.7103469970677976,2.7722321421830034,2.7821810789965187
0,1.2939809555230422,1.5775213606496421,1.5932623666953984,1.6452042827639239,1.6677792885105966,1.7229123903897128,1.9243663728509628,1.9543434851215675,1.9741932131175715,2.0389130386667853,2.0998213420810354,2.1354005974450052,2.1617971764575206,2.2094287113235418
0,1.7056537894881538,1.8991093681687037,1.9085945812178706,1.9132750937239689,1.9581393520362953,2.051074847890233,2.0885671759786337,2.1007820676309064,2.1183801077152049,2.1302633474194868,2.1421593293441004,2.3591340677234705,2.40637891475318,2.4186767259039756
0,1.79384069730037,2.5619087344008955,2.6773641805562405,2.7629549883809763,2.7699590287804119,2.7877514283113789,2.8401434373724874,2.8434956528508635,2.8682551731903283,2.9337983996143948,2.9370492439246023,2.9588630800486104,2.9731426945428274,3.0670828798698957
0,1.3985803298784729,1.6037882961340966,1.7671694492626087,1.8606879908319394,1.893633074835251,1.9842516896396987,2.0206659087556433,2.0398730917437953,2.0452383557424469,2.0802971340687026,2.167625302648307,2.192528464750656,2.2366110281641918,2.2711164842919098
0,1.6697961773837973,1.7311272923340184,1.8568019799778774,1.8749725091095566,1.8763674865374056,1.8889308437410217,2.0334131717136281,2.0584179315351347,2.1245266477232336,2.1486526798702568,2.1492240342791589,2.1768605801554957,2.1894854453439168,2.2605577514714601
0,1.478992731530439,1.5027977624136057,1.5102649285419574,1.5108548059900546,1.5414552542770059,1.6167103300571248,1.6351639729477832,1.6546497584856477,1.7681057011178067,1.7912654380826154,1.8184686102126015,1.8460148138084063,1.914205817976689,1.9338674004017355
0,1.2394838940572319,1.2842938093654985,1.4762344154179365,1.5776119449192401,1.6529996460630232,1.7242499513519545,1.7712680421674936,1.7959846341038448,1.9516271196531432,1.9518114447162436,1.9819249681097733,2.0051823096742756,2.0774416581698416,2.1253615042110408
0,1.2501646217657487,1.2875957356680996,1.529366368863879,1.6749823742878678,1.7152578052685112,1.729873104514116,1.7432530145644916,1.744506488300428,1.7947008210833546,1.810568843147937,1.8154766056770171,1.8275973192377559,1.8566931026847695,1.8583159625160914
0,1.3190614708186954,1.529396324846066,1.7099046898783998,1.9644855018504106,2.0319273997487115,2.0512975380265255,2.0710587310819455,2.0820178636931383,2.1349568267280952,2.1402449832970305,2.1452461164878276,2.1651279964815817,2.1665599077242184,2.1884020517228531
0,1.7229177019222452,2.036805557713909,2.0866596327909757,2.2936280064344228,2.3716341910604788,2.3874814480811173,2.4465413442553974,2.4524373795847851,2.4578749369309225,2.4707714272329802,2.5715860712118448,2.5977337340168978,2.601324545336003,2.6079232203980975
0,1.4510692906852909,1.5192195028412465,1.5779154264505959,1.7549807577430681,1.85506723182824,1.9116025493782218,1.9445168310219241,1.9513170142079386,1.9829724495690226,2.1108855307431353,2.1255410921552791,2.1411142955685007,2.1574262047227744,2.2428161143111551
0,1.2339867512736835,1.2832293258647065,1.4448196780324507,1.8024804648713197,1.8146755881297298,1.8228304914334803,1.8845453512528312,1.9390582564141448,2.0192693107454289,2.0412526649633178,2.0477337980230459,2.0575315798449734,2.0863831451400725,2.1336969726656534
0,1.5454897367703446,1.5550857788947541,1.8568652034929998,1.8694097802536409,1.9169503778151138,1.9448368703510475,1.9623968279486137,2.0051700056622006,2.0874061503773089,2.0895024962377891,2.1008223769229906,2.1339185054199645,2.1641313647540561,2.1804823495433836
0,1.3433030906149428,1.5853781556150719,1.6200484856772146,1.625517506542403,1.7981926456294577,1.8454565940992775,1.9108041336105124,1.9470457822561955,2.0256370613168366,2.0638203375306796,2.067291343570532,2.2220522550211648,2.249314670636851,2.2517327810976253
0,1.1827495578892679,1.2445295089456294,1.5213043639898858,1.5221121373687043,1.5592422595062001,1.6224866461616338,1.6651657850962651,1.7218143405557209,1.7625870081642458,1.7861098538511782,1.7920747474687617,1.8171885070448148,1.83328506024025,1.8362586443084024
0,1.4100538162688598,1.5303021016343632,1.5708377808369642,1.6732029833420228,1.6982910793036512,1.7456707370587421,1.7952212034962922,1.8136836857192913,1.8190306846003221,1.9095390074153762,1.9168467809758805,1.9416221930525082,1.9580258860036657,1.9617214376792671
0,1.4682719844111862,1.5901771100112096,1.6365386845254619,1.7272848760500914,1.7338808579901843,1.8288719737146053,1.8295368718576992,1.9653040257624146,1.9762099641292314,1.9831556737626888,2.0396380497408684,2.0882734158718854,2.0936695792858893,2.1169323606058343
0,1.5135711326217782,1.6361254624087167,1.8214123230834591,1.8723234177508896,2.0241665120596046,2.0527784644338696,2.1811494045271629,2.2080926934747449,2.4616944057451584,2.486400410664976,2.4882209292903514,2.5285026619485378,2.59558367612774,2.6217432053700689
0,1.2291423386747746,1.4552573042050769,1.4592522144480891,1.5216461863901416,1.553224211214238,1.6064335767770797,1.7038598986838642,1.7311434722341541,1.7871715962757526,1.9045236824771228,1.9203638986571898,1.9687369565113688,1.983436419813426,2.00029384389798
0,1.404804790933303,1.473561924576557,1.5116315208570608,1.6564479114990776,1.6623286998977649,1.7177100518144968,1.7355246119317702,1.8183478757677451,1.831210441531661,1.8700075108074459,1.8907088797111617,1.9270402478781503,1.9435812525883294,1.9870196592265783
0,1.8255171424713768,2.1903015145950393,2.3118196217596974,2.3217633777618656,2.3591003033636415,2.4295186913088247,2.4423212902859004,2.5622490654680257,2.6192519534575984,2.6272146018246718,2.6964216469935707,2.7271687358438328,2.7413988546003765,2.7981452772580608
0,0.84853657496814061,1.1729020845462657,1.2392356655968975,1.3378651744356682,1.4241899028453231,1.466513687611283,1.4762172864172658,1.4791055031280289,1.5001372063453786,1.5094170129852227,1.5194051208139872,1.531814424841347,1.5554226082845741,1.61203011704917
0,1.0671941682671791,1.4872145074377376,1.5940174010021932,1.614414606968068,1.6264796210371557,1.653318902211012,1.7542057081117897,1.7835980883065476,1.7894135187802538,1.828829524923864,1.8367181468430425,1.8464223243539533,1.9356577467757656,1.9702167354523277
0,1.8961559412756295,2.2141814826136561,2.2822058463411343,2.3494233762264769,2.3572714978030049,2.3626112761647144,2.4100207975344738,2.4115875546822823,2.4243089695546187,2.4277958931723425,2.4737400458022787,2.4750732613684292,2.5774109213020706,2.6093914506792153
0,1.6763512969850123,1.8353213467660201,1.844570107659385,1.8665867575989137,1.9077413639543848,1.9423206134278279,1.9625691574826616,1.9676622105528079,1.9709604872792561,1.9781065165254508,1.9933133966476411,2.008043525160832,2.0906208953029526,2.1046372553675723
0,1.8150003490114286,1.8757034688668337,1.9550337578823627,2.0096380831462355,2.0251496636111872,2.0718961926866175,2.1011012076145241,2.1096554197760913,2.1328956691328305,2.1457890366194285,2.2265275962460986,2.2813115738619008,2.3066618276127677,2.3768256565623735
0,2.7231356787797858,2.8330601935387878,2.9595925159463312,2.9764111130975359,3.0219948248364141,3.0435906372060222,3.0851155424585324,3.0929136008560869,3.1305425179262851,3.2464738118847465,3.3078549240102846,3.372408766384734,3.3853416695780685,3.4167391307276023
0,1.7287470598754819,1.9480592790499016,2.0278363336707192,2.0460962919161467,2.0567643018228656,2.1166202516440245,2.155044038971178,2.1646918104680886,2.167763764424238,2.1721282970197304,2.1965252752531166,2.2046221035576732,2.2191066043646774,2.2194356787489693
0,1.9164912619157846,2.2775302334164635,2.3844979081611579,2.4786297626956153,2.61991151707175,2.6436460149304835,2.6892808074554728,2.7408457191941222,2.7835762614227315,2.8008285474293801,2.817002459985678,2.8725103391335547,2.8828746954836633,2.9125185468076626
0,1.7330775165790377,1.7627136007369608,2.2473258871517507,2.2883490299232094,2.2960583743363756,2.4943155992049957,2.605412052033353,2.6642524720591516,2.6644001318666306,2.6817561470330995,2.6947670486108635,2.7335554812693146,2.7672985157888936,2.8197660722181142
0,2.0870022747535049,2.135276647968162,2.2037348224505107,2.2360375207293308,2.4151983632044969,2.4350762702875275,2.5148714297502108,2.5795577322683796,2.6746090835685603,2.7090020955942418,2.7551611484359655,2.7672678388924421,2.7723464782011709,2.8617387990972847
0,0.66397704483517961,1.3475822608195704,1.3658276262946092,1.4175529820592405,1.4356561300805593,1.442086525381524,1.4669832873710105,1.4762172864172658,1.5247776749950777,1.5682814112744869,1.608220327884047,1.6264907584961608,1.6391355806472885,1.6464934828900515
0,1.4468804093646592,1.5937237668823021,1.7734767027935774,1.9108832520735521,1.9652108513305482,1.9788753373767742,2.0469411322892368,2.104166816437119,2.1053976824033369,2.1268380975521355,2.2161573379413402,2.2491521412643132,2.2689288390562905,2.2771707629099858
0,1.1998773726751935,1.3052385619720588,1.3134491468631715,1.3921979986492528,1.4122915627599093,1.4217605222837968,1.4936788817471074,1.50588627488632,1.5606405244129919,1.6180928603999538,1.6213460249826595,1.6252439629777449,1.6407672811480656,1.6621642439590507
0,1.2555017771981236,1.635231881203755,1.6560620694260049,1.8211445451288377,1.8213301147053098,1.938083301238869,1.9459709564547982,1.948979921788448,1.9529456879309748,1.9697927286791641,1.9983210294873246,2.0125867075366366,2.0405383666952805,2.0496185355174807
0,1.9059102987483914,2.0780035547437956,2.1902097341268427,2.4319603246091157,2.5171736248787617,2.6934887566184655,2.7648806444012779,2.7872940377233508,2.8862464602480205,2.9083632944161844,2.9190836443097661,2.9270418966349872,2.9558432000334163,2.9590036659368097
0,1.0403897722984232,1.2530319272889103,1.2571042836556676,1.2842180828924123,1.4898756133647608,1.4936710216665494,1.5245103553699917,1.5615369341020169,1.6054596390274543,1.6085835353295388,1.6270271006242831,1.6348756806453901,1.6353276111541633,1.6395567048659987
0,1.7557800385341604,2.1021211712773891,2.4775955374893233,2.5495206180026999,2.5882450342298862,2.5944041594949585,2.7265750454528122,2.7311779758759149,2.7765881996621511,2.7933665960651166,2.7949736278137727,2.8482878657984627,2.9457517139917408,2.9630495508552337
0,2.1561994811324499,2.2024078819536426,2.2111813948207888,2.2645997134981268,2.2963229704375365,2.5453433729269448,2.6111795618701361,2.6586130329495541,2.6790973164385399,2.7337894820478916,2.7614033415861727,2.8900273362929028,2.904600709035237,2.927996199098656
0,1.1727429344694502,1.3090212385298159,1.3794929629393036,1.5292924405209662,1.6519516820421967,1.6778739546065329,1.7054031955012066,1.7120504312278348,1.7830284702018233,1.856907189018538,1.8819763271794108,1.8820277607957152,1.8943900072915247,1.9273599277518418
0,1.6082763197593934,1.6499724690419744,1.6613668133940802,1.7639459751739004,2.1208807354373596,2.1690716018597285,2.2409225474820302,2.3107734629104342,2.335667814976822,2.3647494946568379,2.3987651457783468,2.429237549089132,2.450276257864588,2.4701249082641938
0,1.5110430047328365,1.56561433592037,1.8390590097627362,1.8561826541682884,1.8654749088561511,1.9304982680206357,1.9532196043614267,2.0547337086804913,2.0615552401090009,2.0845219137218556,2.1142604721252498,2.1400420833741873,2.2411553111818874,2.2809650585113199
0,1.7030022352594099,1.8603880296392132,1.8799042039694418,1.9467151065103936,2.1907160956411138,2.2343681843509349,2.2417695467160841,2.2840778790064942,2.2852179725026809,2.3405478565043851,2.3972474896059879,2.4018723462937377,2.4136154173736939,2.428118362592409
0,1.7017555036696779,1.9270624382307371,1.9561112917494548,1.999456465960977,2.074310289566641,2.0963522569681241,2.1267695733675129,2.2234628989456668,2.2674115377587767,2.2809373342491166,2.2939445772896097,2.3542928792307412,2.3610357426977999,2.3714768560607773
0,1.2842938093654985,1.3425264462336881,1.5957899795941246,1.8381742388826501,1.9268844890169856,2.1514274810456655,2.1840225900596604,2.1917193945409212,2.2375648586661514,2.279247222776478,2.2808918125220559,2.2882399242843041,2.3098176003381141,2.3963690947688336
0,1.0759582765463196,1.174716087810308,1.255214950186341,1.5797852199346267,1.6988185471817527,1.727207747063352,1.8145944434297485,1.8472564412555093,1.8575137063878908,1.866603264326961,1.8758543458727299,1.8869852171613108,1.8890104048095862,1.9215091813776091
0,2.1255070500967341,2.1369693837764383,2.2056457570550752,2.320578377316763,2.3447457848414537,2.3657526736572563,2.4401281153531973,2.4584443409313019,2.4958596125770769,2.5019379332851699,2.5212775799195168,2.528916827410344,2.5751057365066718,2.61536634711217
0,1.6604852555885008,2.5404464150172057,2.6650489405706659,2.7946555690469825,2.7980086602818308,2.8261958430062522,2.9130781582438661,2.9222855274998247,2.9303658818090716,2.9765866385555952,2.9923486142759717,3.0301381015172852,3.1053375016443163,3.199444489672461
0,1.3531917662518513,1.614414606968068,1.8918277874553062,1.9060551431175061,1.9508796195408857,2.1509795107126397,2.1705524919932548,2.1900366591096225,2.2423572805999181,2.24799543801808,2.2951416635185224,2.331216199919135,2.3328390880582486,2.337046414985859
0,2.1761156536215549,2.1806941216672695,2.2765699109838256,2.4830767847211681,2.4838979529482641,2.4853983864460472,2.6299779466267643,2.7434699344682976,2.9608753503182283,2.9903634449316554,3.009627147990495,3.0459091983506639,3.0589114357907841,3.068904922165935
0,1.1693334611973156,1.6089783137025235,1.8597441722234791,1.8628275762898792,1.8742683970371734,1.9278680586614767,1.9643683996098755,1.9962500617697312,1.9970683733293435,2.0011712902476657,2.0194307019728273,2.0272963739983916,2.0417291647512088,2.0495347599922686
0,1.4373751270915831,1.6118770345033993,1.7071100260040868,1.7797290452554535,1.8194081669187823,1.8957658653352094,1.9503416931098927,1.9955275885673496,2.0138898534249958,2.0177751338107059,2.0762357098654474,2.0912871837083062,2.1429981069223651,2.1986261498031494
0,1.1390013423260075,1.5938400166563353,1.6389642879299748,1.8355876731030354,1.8405730289084785,1.8884899528910961,2.0063118040822809,2.0341993774894829,2.0390093784963548,2.0462910694946701,2.0540863608967248,2.0608005678638737,2.0844352018835606,2.1404718600549346
0,2.5755501786301624,2.6455364914724733,2.908113122708146,2.9659097560312504,2.9972615248620138,3.0274262610921068,3.089685892979916,3.1189259253257333,3.1267191585889749,3.1351824051947412,3.1501445759520084,3.2410150498620025,3.288924393829709,3.3653853134199059
0,1.843702014725048,1.9718264443873019,2.0992585994531709,2.3946382487978695,2.3964337669149796,2.4616488621842647,2.476751922896232,2.6888257396653987,2.7162562560002605,2.7370048658923269,2.7383526621222796,2.7837715991052008,2.787567116779766,2.7984545035536024
0,1.4392666816591757,1.6424209159103602,1.7422945106790138,1.7683931373055466,1.7742581904878689,1.786204607332132,1.8213301147053098,1.9141532202613405,1.9652706727187645,2.0981559498270608,2.1008268315731038,2.1591864671602132,2.1692732490128717,2.2009936370465271
0,1.6931082197638976,2.0366815910509883,2.0724146517819459,2.1442429928100006,2.292618909719466,2.3256921788937421,2.356460194297195,2.6226461814446727,2.668537810452384,2.672259633138681,2.7289644031126472,2.8610186949816678,2.8752974062638517,2.8849216234350159
0,1.3868380861952034,1.4044649216744751,1.7267710190272445,1.7485877376598389,1.7743053115923719,1.7927010979038482,1.8045627275907281,1.8128585582256442,1.8480195388316534,1.8935095408071556,1.9139719870584413,1.915392692620725,1.9266561127283277,1.9440920505248913
0,1.2828424423874005,1.5314020573595644,1.7442246030987743,1.7705404835317688,1.8469250316416821,1.8989910808030599,1.9343966017101526,1.9811677851024259,1.9983823807616796,2.0024580805964165,2.0225250850873784,2.0304590206847704,2.0317877676786478,2.1084567406993666
0,1.5121550621929059,1.5148015072799725,1.6138654422143037,1.7658182597042016,1.800652985717351,1.8150208384403872,1.8174889081220895,1.8519202089851907,1.8583096687106904,1.905553659399515,1.918858572380451,1.9282217456600561,1.9579112449135521,2.0409626738101356
0,1.7348881475967508,1.9739996722902984,2.0039053471602557,2.276474301632502,2.3365553613518149,2.3616903652537866,2.3783850105272379,2.4535781275401884,2.4937467008280727,2.5095815477185943,2.5098183834644976,2.5391200778138066,2.5637843258422772,2.5827668210962798
0,1.1431982704000718,1.9778035654623469,2.030943547174588,2.0397052103270616,2.0565660497159017,2.1011138813574624,2.1487900454169671,2.2084120687273963,2.2334353196792058,2.2630904863279326,2.2699561765142913,2.3074030001882484,2.3473539481251597,2.3695986411648637
0,2.2050513532885399,2.8402691202428838,2.9679469349250449,3.0461558845796652,3.0980642151317461,3.1610329635786787,3.1896840740415939,3.2040260227580299,3.2385539584386458,3.2659726372823665,3.2944370857165546,3.3656030397366035,3.382724132469662,3.3835647960610347
0,1.563225965215669,1.7864623483774082,1.9437882560154469,1.9604584324180019,2.1295700977871634,2.1481094037622954,2.1623137884957977,2.1778651106024345,2.2805772907858555,2.313934210446269,2.3529558224170359,2.3774312630276246,2.5511558096010063,2.5827509436343932
0,2.3335688904091936,2.4681108325404257,2.5640975816186544,2.5824240807011156,2.6651701380617907,2.7045014513004979,2.7111606241654584,2.8182274315329452,2.8259298264689705,2.8461417958657291,2.8531725414358227,2.914965560469688,2.9162735905449453,2.9271560523354565
0,1.2036511670771275,1.3777934610108329,1.3920445183124155,1.761726768882637,1.7950051804552785,1.8029554406089774,1.962767513531481,2.0254525924293918,2.0304675158377776,2.0357113588622346,2.0707699818196232,2.0771560060655383,2.0780462351068416,2.0838841609679251
0,1.9473171145218089,2.0731062520521899,2.1521399082617463,2.2022728595736227,2.246752903087613,2.3207459669105881,2.3683119213633121,2.3994578048279371,2.4182945401444469,2.4532015122581283,2.4697295023125876,2.4945450519079118,2.502057681141538,2.5280615381327087
0,1.4698400990149283,2.0884006536679744,2.104166816437119,2.1679665540152482,2.1753067899180638,2.2083944296242044,2.3131107214089468,2.3261994659081453,2.3724960181369301,2.4153667952245814,2.4370065447170686,2.4460359652005446,2.4652926348359907,2.4687711737374136
0,1.7047474808067427,1.9584708699164821,1.9852057882795291,1.9905457294558897,2.0148821912261456,2.0486233704459003,2.063809844736586,2.1310455728036928,2.153164359451293,2.1793023495728039,2.2540757700492957,2.280572148149687,2.2824525809121039,2.3113754670043249
0,1.5176611841865879,1.9996454105052122,2.215607935289702,2.2845275321740566,2.31039622372188,2.3697278861528983,2.4152357961626718,2.4278359070824092,2.4355791122843149,2.4954914973486697,2.5146420541104937,2.5179062813559798,2.5648090571313191,2.6170774141812765
0,1.418496448177708,1.8850391691848163,2.2633925949390488,2.2856510966634977,2.3078086909081996,2.3160995510170896,2.3444577164022378,2.4061613167426685,2.4251151706977168,2.4924576527383921,2.5084384456791526,2.5501644776195653,2.573267740652228,2.5741148878509628
0,1.4765559368705032,1.4881102383605449,1.5241361327538085,1.7565434218565952,1.7569369590644337,1.8102713957012764,1.8226055578100453,1.8334235330890178,1.8513265826263658,1.8756579482806666,1.8902449455772008,1.9451842220621764,1.9466664538975795,1.9692157970599851
0,1.7193521562477103,1.7441682053312386,1.8745289373295535,2.0146053206707872,2.0483519201531801,2.0496928067165014,2.0755686050586797,2.1893021726990916,2.2104892737186237,2.2108367311597164,2.3222979424701702,2.4437758142160493,2.4775515455837187,2.6151097329518804
0,2.26973199583386,2.4640415300292084,2.5615949151809363,2.7053063719778425,2.8198351982219836,2.9886486226697691,3.0327524686484968,3.0600809282135941,3.072512395305917,3.1035256586615247,3.1734467412760661,3.2704412765740951,3.2840418656823811,3.2878350473258928
0,1.8127493412235567,2.1480459060501484,2.2084256658539672,2.2958793018892494,2.3741864789334035,2.3992063776040968,2.4234084208213456,2.4319858689777751,2.4458573064326146,2.5470515713197726,2.5663717694066439,2.5858429562981757,2.6310140748842903,2.6538030080840582
0,0.90831253868748951,1.1798448498563519,1.2628436438777035,1.4532761100227554,1.4590203115092535,1.5380020097527274,1.5841072658090007,1.6263510868431852,1.6708753103856708,1.8085561584421497,1.8275717930179272,1.880344192653586,1.9509840379541812,1.9901303973166493
0,1.3870547860501352,1.4098616651955265,1.4348967420910099,1.4687949936530549,1.4988635780491819,1.5565666273177514,1.5680392464403663,1.6008157793612841,1.6215415399577329,1.6222604162726664,1.6241868938287241,1.6881627134837902,1.7021890063560932,1.7296579964493441
0,1.5211169331260146,1.6320678202340495,1.7170648266065704,1.7299581633384078,1.820945592374263,1.8372229665251929,1.9873920979002342,2.0160830011842603,2.1428028184621617,2.1735247835931104,2.1776809435804685,2.1788180511209507,2.1809461219434936,2.2279029416489222
0,1.1724539221293699,1.1857981908637674,1.3197352015965989,1.4325244349305648,1.4891248073383718,1.5467044210912944,1.6051255227468915,1.6632355423078089,1.7140054631421811,1.734428043900929,1.7921803190113974,1.8226630719061445,1.8269308710537253,1.8902581455349934
0,1.6840365809823361,1.7336761754570007,1.9129427167696884,1.9763351148417647,2.0366678481303091,2.0614695877748344,2.1318925013844257,2.1389723477292621,2.2205051933717814,2.228855931443908,2.2456574127158753,2.2594393104643151,2.2911888782725383,2.2986207000542391
0,1.7240649008652524,2.1216515285774094,2.128968366910061,2.1914066086129078,2.3654807519338474,2.4100465272401448,2.4512088835762715,2.654407251543891,2.6807043994955526,2.7088313878362604,2.7246594852770527,2.7407889697222934,2.7653149988397088,2.8046867334374541
0,1.459658191320987,1.5618252122785896,1.7319187670166984,1.769986600246098,1.8974030133113986,1.9240777025925748,1.9972353852181357,2.0217148893780226,2.0345917061775718,2.0560470858639208,2.0783279305111746,2.1162834803030277,2.1229032965557195,2.1892777384074202
0,2.0294898104011674,2.0509890309978913,2.1396637484651895,2.2122167069084604,2.2492121921899391,2.3126184053681524,2.3611554505267613,2.406827200717264,2.4299720621379479,2.4559034378715867,2.4986793691815188,2.5285732203915696,2.550504512594892,2.5514462980187798
0,1.4144716881830204,1.7270334067504105,1.9052579403227603,1.9981553281869759,2.0628063788258082,2.0776803541527524,2.0823039360746223,2.1016224387137115,2.1060094435222751,2.1178568787643757,2.150190364960566,2.1815162529729006,2.1859549126502662,2.1909325145457128
0,1.7018263426117144,1.9462124657530113,2.0104106194843561,2.0395273120148505,2.0585338967302995,2.0781276285221573,2.1021436641622779,2.1877908326105553,2.2173618022134209,2.2733280094864003,2.2855810165573143,2.3425132538895581,2.4096826667215314,2.4473393156368513
0,1.4291298629862867,1.4458483915697204,1.6835825263715702,1.7961000241920597,1.8120565602216472,1.8738442768252976,1.8838792574298981,1.9220937521714965,1.9535518568373524,2.032652730578719,2.0391090025601368,2.0396695148776742,2.0701342198539598,2.0893507419628192
0,1.3325430254833763,1.4270689249260251,1.5970128842594753,1.64871998309576,1.6732029833420228,1.7065046867629665,1.7253446229793117,1.7398063976052809,1.8024882195491236,1.8180484781833548,1.8823207025062834,1.913208547318257,1.9252563511901641,1.9284339712297045
0,1.188775683917918,1.4255324694127829,1.8100367783077653,1.8173725888618308,1.860146481635212,2.066343970231288,2.1244928463001225,2.1995304265198898,2.2821740599215805,2.285016138812539,2.2880894834728238,2.3465456685409318,2.3524794335278623,2.3738631518688633
0,1.4687583321288906,1.7149371770942712,2.0804568793620888,2.1878268609913465,2.2283698246483379,2.3402465970786395,2.3554413237569118,2.3624282981741112,2.381401521522363,2.3942985692695373,2.4066719641352949,2.4530279062155347,2.4739684758464917,2.5003553437416706
0,1.3446583923514133,1.4884087296550188,1.5265855053302337,1.5332594863235198,1.6051255227468915,1.6949521159981791,1.7428709075283728,1.7681223767078911,1.7712965204910776,1.7880097070381067,1.7919784110931254,1.7961218386020439,1.8043014018833259,1.8659301203584251
0,1.5356009320086867,1.9004938348949567,1.9051331259429147,1.9389409527249055,1.9564715405416215,2.0099130555521625,2.1531011157171056,2.1679826893330887,2.2085835541881482,2.2334853636523784,2.2509953479151541,2.2790764549994647,2.345736632814917,2.3541011332751514
0,1.5791227093451712,1.932442507653982,2.1936102680697966,2.2173239162939606,2.2541900521821132,2.3019546147744072,2.3212658132582611,2.3919521186074411,2.415930204261207,2.4513392264795155,2.4592974648901409,2.4750487118513007,2.4853030279962511,2.5026248961468225
0,1.7038598986838642,1.8025894927795305,1.8311148823593875,1.8459611509453517,1.8744332221921425,1.9218284311941551,1.9767887859981856,1.9933760262872446,2.0239492422665797,2.0414727102922292,2.0481607480422404,2.0636406236163216,2.1002648152684853,2.2144887447152821
0,1.6617832557331234,1.8410301052116262,1.8740317158874609,1.8811666534380862,1.9266212227847386,1.9920437691711046,2.0670971246549787,2.0914177283484654,2.1231525085445448,2.1622563499481253,2.173230478416508,2.175136335220869,2.191959880175451,2.2126191658146706
0,2.0013722635309117,2.1667624219692154,2.3785519607847183,2.6389314245853792,2.6871872715079328,2.7298833183381594,2.7689230367861857,2.7838272076083994,2.8000170256323993,2.8577435860262255,2.9067412159653854,2.9127017711785492,2.9671665860157033,2.9745202908720829
0,1.3507334120927887,1.5223817124800425,1.5737180949142504,1.6036691998477626,1.6244825149316633,1.7023260462409102,1.7313650511046677,1.8780849557024131,1.8826966491463364,1.9404658727430737,1.9871863094038069,1.9914128462293521,1.9947736704620984,1.9955395856267857
0,1.7280120145803035,1.8841659530025385,2.0671079253612636,2.1223508337876567,2.1351218014512647,2.1775680185963968,2.3306429067689503,2.4519948161925056,2.4904870790190468,2.5074848887586949,2.508690757781868,2.5093559643120793,2.5183425762732616,2.5267798872344822
0,1.268609309902504,1.4772323671650447,1.5189396994660571,1.5291930332509094,1.5831555854200683,1.6474397485114303,1.6598999396702103,1.7507502260089602,1.8025506303912908,1.8410301052116262,1.8680431842199781,1.8743693261223802,1.8845744616614382,1.898155597844037
0,1.4975203086395521,1.5193732354320406,1.804097870421026,1.8227439885617023,1.8423454361555491,1.8755045408970688,1.885473176926894,1.9039708970411358,1.9331999638275137,1.9761716904666824,1.9822392189854354,2.0148857595194443,2.0372755786706156,2.0668582854192543
0,1.1145693947360824,1.4095622153433276,1.5874121301779223,1.6982910793036512,1.7693240524220699,1.8177920405621451,1.8432704640539186,1.8471504864772286,1.8656666280338716,1.8893133269612101,1.9599731815262476,1.9751884938578075,1.9870784245455215,1.9916057094295869
0,1.7741211206412335,1.8878555542826376,2.1058069745763732,2.1261356612730369,2.3318378760931289,2.37356893649625,2.3942780941288317,2.451915952567731,2.5100621875847215,2.5433053869984428,2.6023736221490554,2.6054508798592155,2.654861495970037,2.6890899672796307
0,1.2211592402398541,1.2759071067534389,1.2775006470328563,1.3965295125390651,1.4650287427841375,1.5432236845679095,1.6014722531784753,1.6128359642522072,1.6135018703278998,1.6264736111915301,1.6286993122210236,1.6467765189532955,1.6955966458936345,1.7121516619291681
0,0.98040464106505754,1.0998874248700545,1.1998773726751935,1.2317807159595142,1.3856393104650939,1.3871773431361145,1.4066395100292208,1.4953802234642064,1.5110884372466631,1.6140805628170514,1.6841347314165391,1.6866463225541253,1.6869155748984443,1.7130568629164422
0,1.2759253310382113,1.3165783977709276,1.3365915559516532,1.3394779334685449,1.4157481775299547,1.4575980524803773,1.5144856588848357,1.6045495106505228,1.6304259099842806,1.6597851325259483,1.6729009296536161,1.770229767602961,1.8050243153306436,1.8236709099195128
0,1.6798986946843764,1.7053982267449694,1.9021601343064714,1.9584323577124776,1.988489817803144,2.0318322904915007,2.0986200510899091,2.1021905726208456,2.1377951043887076,2.1436951880329067,2.1442343026953301,2.1647729346240707,2.2264357502636516,2.2431029208247955
0,1.4264705338759973,1.6377364353441417,1.7457830019857812,1.9202912317698184,1.972919986098052,2.0055417816936325,2.0470844828803347,2.0523014076784047,2.0886231015068524,2.1024920122047295,2.1173692976373282,2.1375457514122211,2.2081530006803169,2.2262897809217677
0,1.3706410283331425,1.5310666590264284,1.6931082197638976,1.8583170463011818,1.900376888074951,2.0167179834768598,2.0256740482873918,2.1120967243591684,2.1435741612850103,2.2121216645302701,2.2172472950432289,2.2174580328541289,2.2289412302078491,2.2362594456511249
0,1.3400615952829622,1.3810470843256613,1.4522438065394678,1.7215901653723475,2.1309051731285957,2.2926448279464795,2.2981843487885283,2.4664087627614131,2.4668384369872287,2.4749583231649472,2.4809044785476844,2.5484717449118395,2.5698254836585099,2.5902130622398554
0,1.5769627843527274,1.657404494090146,1.8921902514144595,2.0287531104947942,2.0392396527412955,2.0439646386085477,2.1289530316630891,2.13850659744692,2.1415546016435028,2.1545008593870989,2.18330517971813,2.2027709442554202,2.2263480211136062,2.2562696266823843
0,1.1171728818625093,1.2391968138415956,1.5090876230874943,1.6061747695486066,1.7228165937160484,1.7415078227115199,1.7639459751739004,1.8345681586616469,1.8464607434953724,1.9068640680461149,1.9149834481429622,1.9172474942804054,1.9446492573054424,1.9538487148247807
0,1.0540155813156906,1.0733991134819083,1.2577798290144833,1.3149433103655834,1.3286481839522044,1.3292210798440536,1.5162224709674392,1.52928640352784,1.5360684543081047,1.5867664587472883,1.6326098926764954,1.713330268266996,1.7833629096779209,1.801172186946024
0,1.4037105792064533,1.4967795853536479,1.6108270121018504,1.6270271006242831,1.6522090285643627,1.6815513707236904,1.839634469504883,1.8503531044939303,1.8549050948522872,1.8908494001665475,1.9151166737530358,1.9321908111780752,1.9560260480996663,1.9867724275316405
0,1.1725023597362081,1.642168616089533,1.7943945269749773,1.8362586443084024,1.845504468508661,1.8908494001665475,1.9852560938860304,1.991267693548151,2.0182979973528949,2.0579854397837618,2.0717301284877245,2.1002648152684853,2.1214961029348811,2.1541845956206735
0,1.5251924059444451,1.5561969028399265,1.6533916059395759,1.7281966921118168,1.944360826620771,1.9753663844287892,2.0580404973969446,2.0620284254556651,2.0844989424632243,2.1292496646280243,2.1411418324055611,2.2094158124975212,2.2755326092267922,2.2996659730337869
0,1.561927987414145,2.0804466349634958,2.1853823758714799,2.1982147808288346,2.2373214001442423,2.3148750134763403,2.3382625479597232,2.4213365611658171,2.4300611356532444,2.4522292422940608,2.4790948176927539,2.4808795907958738,2.5278235820699471,2.5399888390337968
0,1.9629381089316311,1.989382660107305,2.2244739404192919,2.2416954178770045,2.376612225165128,2.577944434041902,2.5936362956359615,2.593802210666265,2.5993871838413849,2.6266035970574171,2.6734548452457543,2.7071012563260202,2.7208619278608408,2.8181258530447675
0,1.5487612577329501,1.6224862631963142,1.6467800521712816,1.7827907883804304,1.9061188512563063,1.9239837519499812,1.9489386423029855,1.9778397870814135,2.0280084298442458,2.0523014076784047,2.0720332509897372,2.0776727183872401,2.1119602064390657,2.1879198671949434
0,1.6554534345720797,1.7970213497788992,2.1256829921835436,2.176185186141288,2.2634043777276833,2.3279569331911243,2.3766771974833225,2.4216605048036239,2.4765041531422645,2.5932087970561986,2.5944676307937415,2.6127368792391366,2.6256188356077894,2.6264551824977187
0,1.8005501225162757,1.98902090201033,2.0244635829758302,2.0739134688657761,2.1578538907565981,2.2447902439937972,2.2675551994966963,2.341784982645041,2.3921413302862815,2.4025124570691094,2.4122772769806047,2.4644993721914816,2.5940996175184172,2.6551772630088224
0,0.70574100474916268,1.8043014018833259,1.8087451196616051,1.9279232930930716,1.9603575961452813,1.9811749007144488,1.9939219038225264,2.0617625177985168,2.0878846521169656,2.0906092981483857,2.1032548869169192,2.1289941464270918,2.2126155023100131,2.2237580913037425
0,2.9757406875607342,2.9859959360738233,3.0219731314858387,3.0412310270151472,3.0680317869933651,3.1841752435275241,3.1866007152060165,3.1912410618544196,3.25284217595798,3.2591114759525555,3.2707692258364163,3.2708918260311304,3.3512020045899593,3.3710511453635781
0,0.93917603868665156,1.4312076122232793,1.5193732354320406,1.788084559760996,1.9289111292686218,1.9293825632844688,1.9749704806991557,2.0469261585046508,2.0557413912299847,2.0591684942471886,2.1000501887898908,2.121802038564276,2.1285120769696113,2.1546257173703807
0,1.9198209192638678,2.0130485214048708,2.1570240932357829,2.196143364430637,2.5555911107399343,2.7340264401983516,2.7941428435261892,2.8365794235813526,2.871144435669875,2.8788400869090252,2.884447824878912,2.8881383169068928,2.891086018436348,2.89607244125038
0,1.6547077587421872,1.837018454258476,1.8622272508345756,1.8892429850091477,1.9149834481429622,1.9257353084873627,1.9625998588802325,2.016961969653245,2.0283178692329318,2.0613422155941032,2.1319249810241141,2.1433611405762369,2.1954004482152456,2.226309528723577
0,1.5624677032016849,1.6624530909155348,1.6756043897785877,1.7486500603925526,1.8111996549815386,1.8381320886742063,1.8566994813724524,1.8983357977180162,1.9048197767036217,1.9870621656429932,2.0068360354884489,2.0153348258501413,2.0534148594882056,2.0724819164115367
0,1.4619722306896243,1.5150041854704939,1.6153903456430641,1.6274345353517352,1.6715844354333007,1.7202692618580475,1.7238374877066556,1.8058377360575337,1.8225664461906359,1.8419091851906524,1.8768781104143695,1.8809037763882739,1.9051338351484504,1.9098074052868654
0,1.8229169309679754,1.8505636963536165,1.8589387899293655,1.879374021251117,1.9816278641909655,2.0283938264337804,2.1129460591892486,2.1200252907038162,2.3088589019918051,2.3152613047486552,2.3732898579856707,2.3925237301439291,2.410489273841788,2.5225576230849209
0,1.902609367671193,2.0482407528834363,2.1987140216860981,2.2222520869996454,2.2265275962460986,2.2515615464255676,2.2564780016184591,2.2739498313854138,2.3269263536967673,2.3726165732234361,2.3743667437370757,2.3777016566744869,2.420467710522912,2.423983955847568
0,1.5108548059900546,1.540420133207455,1.6947755389453236,1.7914743558759041,1.9566900937586551,2.003233337799188,2.0135421055474865,2.1343538201700016,2.1537828077019907,2.2274147184129305,2.2292291308606278,2.2363088779868203,2.2534375886272242,2.3048512158705647
0,1.2663532032845815,1.549038986133394,1.5496113635184015,1.6367687575257115,1.6864500867523475,1.8810860787422106,1.959853810375215,1.9965454755504519,2.0469841436330065,2.0772995365692779,2.0884963632302647,2.1021771070140072,2.1034253201633368,2.1046306433624475
0,1.4120476171516185,1.4128564973417668,1.4387006607201169,1.4521515545630086,1.6147288499437913,1.6656954230077574,1.9051220290297004,1.9770179306217679,1.9904131894993724,2.0156781329305513,2.075495621981057,2.0884963632302647,2.1278873294494045,2.1318033251654795
0,1.1165438917114918,1.3677716305615126,1.4722941470192201,1.4884087296550188,1.5584238279968388,1.6038400055642856,1.6178569702932819,1.6191258092918945,1.6742411824927834,1.6853244230575344,1.6885774450756503,1.7186714458620203,1.719384602081421,1.7540827432845998
0,1.2399230491620497,1.3714751939138345,1.3901468132327148,1.8288167090953427,1.8288719737146053,1.8565752396435429,1.8704930509778848,1.8752873721661871,1.9585404764251517,1.9739908358603766,2.0005431984265858,2.0143588357824815,2.0159192565994357,2.0372127078089779
0,1.329265190926179,1.6353368255785259,1.6944865256870456,1.7441682053312386,1.8235126118971081,1.830630998372393,1.8369809508410404,1.8487914177173455,1.8759465619706486,1.8964430797807468,1.9463509336254357,1.9572530926216682,2.0099262225202033,2.0469371387139943
0,1.6698172798984434,1.8364954791257511,1.9036367069662006,1.9908672379606407,2.219031900186621,2.2654437488934005,2.3246539082170981,2.3653790088096502,2.4040310705827546,2.5620274558139147,2.6206448312817394,2.6796079390831666,2.6811558791308494,2.7201371437360011
0,1.6353276111541633,1.640240284955075,1.7967386190103287,1.8258223697111846,1.867174051716884,1.8845537250664814,1.8946397036969576,1.9048978672924537,1.9321908111780752,1.9687397220864711,1.9963205034594853,2.0105896981048526,2.0152009499053416,2.0181676879243589
0,1.2667407171804137,1.3124227086961004,1.3966864060428694,1.5525804461115438,1.6040609015114913,1.7418153266137664,1.7579602089383586,1.7653669171573902,1.792555167037494,1.8075515896222458,1.9097907665180152,1.9228997662945924,1.9781065165254508,1.9950070601350602
0,1.882306302303943,1.9159534959684703,1.9231480662248575,2.275968542280228,2.4840848167011402,2.5195705793948524,2.5618446866546432,2.6279305245321791,2.6789930433986475,2.7229313417505669,2.7832786108617791,2.8191179756191027,2.8357501180813389,2.8457963418450314
0,1.6818445012601237,2.0859739728531608,2.1311155081292514,2.1941686753175103,2.1961317246191818,2.2166227900962534,2.221559516466816,2.2270830252740708,2.251211080439778,2.2879351333790079,2.3040583353785018,2.3159664574612955,2.3587316647913084,2.3897883257458976
0,1.5425080308371919,1.6467800521712816,1.6496023239021707,1.818132920303118,1.8875167913236996,1.8890633754718329,1.9340475860793691,1.9599886501587125,1.9998289052313545,2.0513726970985755,2.0929078045433327,2.1078246795564874,2.1702862279404909,2.180981866810737
0,1.8503082523107608,1.8956789736364197,1.9548330372588372,2.0826465423270957,2.1528905676189711,2.2723261222105871,2.2765000447428143,2.3049727162976037,2.3401599212353998,2.4355652782774726,2.4496268060552246,2.4581562399412786,2.4843848234842416,2.4889734966634203
0,2.1217737546252513,2.2907968996533992,2.3054111371582073,2.3983968673513005,2.4344998944128298,2.5049116076586659,2.5148300733987612,2.5667998383536235,2.5694749038786817,2.5721702917948268,2.6381293503908925,2.6623211140336331,2.7067372030666776,2.7251237627033666
0,1.3471709721285461,1.403202643234678,1.5184545058340044,1.7215901653723475,1.853599255487989,1.8986045890452274,2.2582828587641122,2.2977926817248093,2.2990243981457104,2.3090155935332963,2.3555065986152255,2.3647296973960907,2.3810079315440063,2.3864635853837561
0,1.6079466816401236,1.6683501554401374,1.7521659009016963,1.9073266895405872,1.9396398374373951,1.9566828803355965,1.9986124328001356,2.0143588357824815,2.0436929416079948,2.0989192009690383,2.125852461241478,2.1366484972556274,2.1390764871651666,2.1977908830424169
0,1.3142762447483249,1.329265190926179,1.5958827164166511,1.5967573428525166,1.6451031727167995,1.686024721023919,1.7296579964493441,1.7540827432845998,1.8014456366742873,1.8298230812813836,1.8965569808679528,1.9217373144149208,1.9309324317588323,2.0218934303223164
0,1.3550357195859601,1.3655209797031449,1.3745136286231876,1.4881844471252741,1.536746029927218,1.5392679180008042,1.7120625397202078,1.7338675291581669,1.7495569941707596,1.7902497165223528,1.8119624471238718,1.8342724086833904,1.8350201461598035,1.9311043902715939
0,2.3342599140397353,2.4722545209013065,2.5476320460379207,2.5737220025091103,2.6515743912686531,2.7145141096734577,2.7785213478750319,2.8297497586298834,2.8323978108209187,2.8766231669327826,2.9087317062342812,3.0447219737150015,3.0499722069781607,3.1093342573136407
0,1.1904948750443887,1.4429465828347292,1.5705066479774155,1.6051191726363607,1.640114592484718,1.6546487386473163,1.7494548229487081,1.810626806873854,1.8196413158294702,1.8439084812158562,1.8904227784547019,1.9154343492126513,1.983286464608792,1.9890083456695378
0,1.6061367802192299,1.6978743939824577,1.8225664533895962,1.8961669394204355,1.9326830811263314,1.970428883491548,1.9750506306260651,2.0401098713381831,2.048944549086793,2.0733261420273248,2.0883341146552663,2.0998213420810354,2.1083928912704808,2.1198421726820276
0,1.3304035400185019,1.4721873221515884,1.4920953472460781,1.4953802234642064,1.5327016020343875,1.594470306399919,1.6544997201561398,1.6889589663871865,1.7033427154498926,1.7963920655139709,1.8227439885617023,1.8561512228963291,1.8763135090919869,1.9004282849852374
0,0.90772398853555258,1.1927177519761625,1.4936788817471074,1.5402540522402344,1.5574823793065851,1.6048491508727369,1.6536912426021759,1.7073327058292231,1.7558994375904489,1.7734671596810925,1.7881321810374629,1.7917223621997691,1.793741749152536,1.8718820923089823
0,2.1024244198557485,2.2730602591912823,2.2898740306378622,2.3123404711267139,2.5561615197343626,2.6847896150481643,2.7567455056817178,2.7981194299510501,2.9078258242073352,2.9551929811070101,3.0022608066797725,3.0082198102231414,3.0668855375189112,3.1578176023664839
0,1.9837142413149405,2.0362934896353426,2.3125731007842938,2.3412202116010215,2.366801572111183,2.4953977174557513,2.5088455362577902,2.5339026951417254,2.5348848366905865,2.5450991241222822,2.546247305988568,2.6746350209298626,2.7544369061692877,2.7555470200665555
0,1.358515662595571,1.3846956663445156,1.5336740112056992,1.5979099130637946,1.725089389277471,1.7252350365623019,1.7596360281975061,1.7816858813906034,1.7870568315210107,1.8041781646941157,1.823627393521269,1.8865218631505292,1.9218567175037771,1.9451119529931762
0,1.418496448177708,1.8674859869663059,1.8865218631505292,2.0431883909718436,2.1074864966611671,2.1926267187525634,2.2725106846768517,2.3045792417566502,2.3125885365721879,2.3219532729195369,2.3219814209203364,2.3257742879040624,2.4102796501748176,2.423304505675048
0,2.1445241779674609,2.2347503224762413,2.2589998810778753,2.3825073089733291,2.4970816702060867,2.5414890707539293,2.7265072653819535,2.732396861080947,2.7394198262886635,2.742780423028198,2.7560193225861247,2.7887892775535117,2.8625579799444276,2.8848781606205094
0,1.6061942024399101,1.7649574489031028,1.9714949035831464,2.2166227900962534,2.2831193863454771,2.3352153227633119,2.3790321437863073,2.5518062665765906,2.5779077139262681,2.5839908040030997,2.6213413677334407,2.6876411878947084,2.6893497113914551,2.7466498195561675
0,1.3983324256738163,1.6020372472219424,1.6367924692107851,1.6511557792317735,1.6898823605195008,1.7619544609343132,1.7653669171573902,1.783991129006864,1.8754603169111308,1.8931567111130581,1.9144196241308313,1.954971457751342,2.008006637986496,2.0192693107454289
0,1.1828088037062634,1.2510811586842998,1.3002535551262477,1.3370986138489276,1.3494686599679113,1.3541204108819047,1.3926664620404035,1.4390860040402447,1.4636562431420677,1.5277155974715231,1.5488300650146325,1.5904359152219152,1.6269291649479249,1.6681668165125276
0,1.9326476861268709,2.0285208667052665,2.1128806364689154,2.1602510478643362,2.2416062781096269,2.2602600946171969,2.3216272153426338,2.4040643978312199,2.476751922896232,2.5405615265252806,2.5846726410806125,2.5965365868690511,2.6050849718453706,2.6101498982885287
0,0.720624077267501,0.82733906912730837,1.0364355078612866,1.4392905299812853,1.4608684333614115,1.4759150169876594,1.5307354734162928,1.5789459923986322,1.6119954732969881,1.6930118825898659,1.7335517314726789,1.7657816636006516,1.7800139463745683,1.7936053205906901
0,1.5708377808369642,1.7785276663971143,2.0764883869585344,2.0818518192077367,2.1700597433589519,2.1830371962459139,2.1893333728310345,2.2398597224114263,2.3001196295163528,2.3141171208664688,2.326744898392807,2.3691885589766146,2.3715352492701856,2.3769543979867382
0,0.99045733717266815,1.1727429344694502,1.4970992018878688,1.6167819217685473,1.6533916059395759,1.6682615378645305,1.7682779125015122,1.8413889581858836,1.9520531243661579,1.9960732033684241,2.0101572715490503,2.0515781969736939,2.093878436150868,2.1176846601018737
0,1.822110058895958,1.832286138580171,1.8790866110979521,1.8889540330677399,1.8915235278216858,1.9057599393002163,1.984647495512351,2.0052200065046168,2.0140507344451875,2.020062920939949,2.022378966447568,2.0860015836254338,2.1120115513531346,2.1297630655241466
0,1.686721927159039,1.8800679396889015,1.8968579608024179,1.9998492764770517,2.0156383419277208,2.0732445830013897,2.1374480441621788,2.1460421112508077,2.1857955347884066,2.2215481409691566,2.3045792417566502,2.3268147315252046,2.3924267147872169,2.4098045333875109
0,1.0876582382984556,1.4857803489767458,1.9392306406517406,1.957552152391334,1.9922904592836967,2.0042839597808539,2.072220679294742,2.0845219137218556,2.1128712601134874,2.1470807287306322,2.1831678929559932,2.2233936417281721,2.2270227154811129,2.2594062247248878
0,1.4061270581353933,1.4105725578500665,1.7857777453387613,1.7867822988247599,1.97755291694816,1.9897901253892467,2.0050294155051733,2.0114647371779188,2.0470663673949558,2.0661023109390828,2.0826135635676488,2.2073070971320021,2.2118707981616299,2.2121397740980897
0,1.4588250527187829,1.5806054254332556,1.6880632993320752,1.6901655533931368,1.7051921640342564,1.7095452487357474,1.7343765916202909,1.7394981354922154,1.7672896478115985,1.8152939931658219,1.9020141212864539,1.9081536741920502,1.9537695237766193,1.9612030397379465
0,1.5039183089018251,1.670193065939733,1.6743779559416385,1.7461831228017111,1.8472260467404491,1.8518703603773905,1.9040515980538735,1.9493838991774197,1.9555856612244702,1.9699301832646836,1.9847726244164721,2.0097697597191564,2.0349176229071979,2.1164406061001957
0,1.9070415617413861,2.0124351675340444,2.0678439685278889,2.083077742680234,2.1416786957979581,2.165926726382267,2.1761156536215549,2.2065698364571431,2.2299231067981529,2.2413490429957132,2.2644761541785643,2.2974214743368742,2.3474847928319513,2.3687181321394313
0,1.7281292560214299,2.1900819794462909,2.2038598351323166,2.4174177025007131,2.470046343790584,2.5537037417009856,2.6548494618994019,2.6856067428652897,2.6963039402963491,2.7506246776524832,2.7518703699114591,2.823452785888819,2.8768032337421707,2.8831792254418125
0,1.4115305736516555,1.4141226901908754,1.4961625024019212,1.576579978608823,1.8490253862148127,1.8575812990343452,1.8914925914888951,1.8920142389169943,1.9468050380574937,1.9571575177235323,1.9733226311329366,1.9905086812306021,1.9986827247741292,2.0143535362644185
0,1.3656041717701111,1.5341534066978386,1.565995638094517,1.8048158995634618,1.8122397713477156,1.8720605357418192,2.0357650866684698,2.1344642646160241,2.2246735993265503,2.2658986192038331,2.2685469208682365,2.2813139203709967,2.3290721566957493,2.399397543843266
0,2.3999137116827285,2.5163517756513163,2.5512857569489786,2.5985748767482932,2.7676265098884691,2.8311444825415468,2.8502244142796078,2.9691850355503253,2.9768295974044405,2.9795627960686728,3.015740679225833,3.0196315080893612,3.0858803995228214,3.1113436417337024
0,1.8576699705300601,2.0204492220604493,2.0665251994886273,2.0768221265673672,2.0880135499835197,2.1258027047239842,2.2335444704297398,2.2693583601018226,2.3049317851956421,2.3300377379411232,2.3345189998140028,2.3586766057753459,2.4145789778338465,2.4288646889539329
0,2.5328104979909591,2.6500008084084574,2.8830257637015713,2.9211100909111365,2.9808574710255256,3.0933053619218147,3.1428216182608995,3.1908606123274978,3.2083858073460632,3.3607233733932191,3.361036438632004,3.3803624462553694,3.4337032145488946,3.4797622090022187
0,1.7544859220062057,1.7862944178103708,1.8344469096592053,1.8986045890452274,1.9098672862506396,1.9207684105075165,2.146369478940398,2.1809544634985034,2.1892964760178613,2.1899634250510998,2.2228581351700272,2.24481864601406,2.2744504249087814,2.313934210446269
0,2.0747730582946624,2.2346912035078645,2.6821072066465792,2.6927048686984132,2.7197574257775008,2.7985219723042043,2.9342520014092623,2.9572511348877213,2.9750258526246633,2.9758957470594978,3.0449433548212661,3.0674906426503101,3.1932062673814432,3.2453939045017757
0,1.9349450280037579,1.9389149227913123,1.9828900213711718,2.0471958288465353,2.1378089536320255,2.2068374600546017,2.23261925478513,2.2748477294232154,2.287292744959649,2.3952392354729088,2.42872644941222,2.4371785823575967,2.4471870732885574,2.4841189527338003
0,1.3585544808205359,1.4833278209500333,1.6081902111804351,1.683829764299654,1.6979144185166843,1.7556972078396369,1.8521652267273818,1.9205436132116129,1.9262711528013969,1.9370445684734088,1.9403386674083274,1.9623554456377157,1.9710462273755589,2.0281453761765835
0,2.3080182845753634,2.4164090599655661,2.4324708752090687,2.6773273775673596,2.8135418719317706,2.8783701764732452,2.9504512980278652,2.990487148138806,3.0078497011067276,3.0701548921334174,3.0935862758242436,3.1129687254142095,3.1303733766508208,3.1634028689386713
0,1.3304035400185019,1.4419573038522275,1.7206258248816737,1.7827425370674781,1.7884744987118482,1.8005113576608784,1.8366583068919973,1.8439197248098125,1.8793114459993374,1.8867779394030428,1.9183509150943541,1.9585169252750849,1.965866446479724,1.9696970261436111
0,1.6801414596957289,1.8922503338285537,2.0931870398373689,2.1279567322017692,2.1329303844492959,2.150310129814113,2.1533632308791728,2.1706311353128358,2.192535706541145,2.204804840676978,2.2083349208890422,2.2142683795005671,2.2435376662921325,2.2515325831248409
0,1.8130015205231653,1.8277071709371833,1.8286033606513781,1.9582458419637621,2.1022888107167557,2.1307391690307704,2.1649827607486158,2.1687980422982718,2.3110942037835049,2.3667809208966619,2.3850645728552968,2.4043319660796496,2.4357080737828625,2.4766484523364443
0,1.927666554627659,2.1375283454021874,2.1460017086436936,2.1760998212740352,2.2005463169120074,2.2923746645908603,2.308162787897674,2.3374038121444287,2.3796185478147875,2.3957548859646542,2.471304311681966,2.4790948176927525,2.5231119228958399,2.6032049072654799
0,1.3723469955700156,1.5659500322423958,1.62655373043189,1.6732230390672174,1.7261850782533252,1.7685142793728081,1.8262870258151027,1.8349752279040825,1.8696202408430946,1.8920555398740038,1.915392692620725,1.9797221081999579,2.009433232693,2.065216003636059
0,1.5559851001369578,1.7683509342443384,1.8126615935071981,1.9211899260565599,1.9812872860607,1.9947736704620984,2.0396423276351441,2.0702920194906556,2.13429302243151,2.2118125218646854,2.2370806603627327,2.3214381574280605,2.3986725158414344,2.4025291570244263
0,1.013781106965814,1.5906296961951452,1.6064335767770797,1.8252800487966983,1.9218284311941551,1.9267455841826149,1.9955281252794665,2.0195359133913131,2.0426042982515598,2.0746092853719409,2.0789800381817711,2.124228462028857,2.1256991386467115,2.1523312104894026
0,2.0081966480894367,2.3182855286131159,2.4058727658730237,2.4161231362279341,2.4703636836075753,2.486108057620636,2.4951001161136515,2.5041944361864577,2.5550492879122171,2.5572104060989838,2.5987160905071347,2.600045938592328,2.624873427031762,2.6275861703154759
0,1.4511414829280698,1.8971715347310458,1.9874200682711816,2.0364554557411023,2.051451015015016,2.0771061903051882,2.0849271240365317,2.0913489315072034,2.1133878489660662,2.2359182025868516,2.2385852688761698,2.2636038698492613,2.2773301343925838,2.3270787423890194
0,1.4762344154179365,1.5483077262634428,1.6599847372615582,1.682668287341696,1.8625174667162998,1.8780283574556333,2.0085384827835102,2.0312060575975273,2.0390194251709488,2.0780816707312511,2.1178785603298658,2.1291471080144575,2.1485042344003364,2.1625571477651233
0,1.505388194259635,1.6422539473231756,1.7418020062213804,1.744734941157116,1.8083912981734438,1.9229156686690805,1.9288752308757078,1.9818139735129277,2.0990413393725738,2.1022649407093463,2.1907160956411138,2.1998459119684557,2.201257943722581,2.2273303509097402
0,1.4722533695619788,1.6090985851230291,1.7338207674212527,1.8363457135763708,1.9499947164227083,1.9676280336343603,2.012860874750602,2.019443706468397,2.04214563824537,2.0742722109657703,2.130803684525389,2.1364139119109993,2.1501628805878146,2.1692426230318458
0,1.3084368744410766,1.5310666590264284,1.6689268282202734,1.7891635448353569,1.823395779403898,1.8419091851906524,1.8451896335225793,1.8960736113729639,1.9045888487097293,1.9300893047802476,1.9551669663303834,1.9555276203504353,2.0365212282634002,2.044856217108209
0,1.3592601833332867,1.6020211909968745,1.6942626129186287,1.7174719981111524,1.760708753660672,1.8868423865915243,2.098478188809151,2.1110638042242096,2.1256241952417887,2.2213858364154255,2.2278020065003266,2.2773329405846687,2.294939698322962,2.324418645574625
0,1.7668730925633245,1.8465013769529988,1.8579387825622966,1.893633074835251,1.9104603829586102,1.9643235359652707,1.9958258777418472,2.0326527305787225,2.1225124231734855,2.1266137576786033,2.131149660302651,2.1422776727930564,2.1673264536414467,2.1690806399186724
0,1.6653099742133564,1.7495425125818265,1.8369809508410404,1.882020772056634,2.0005637259996645,2.1002028102071839,2.1442429928100042,2.1806590053843808,2.1868860083688788,2.2104892737186237,2.2224919504909391,2.2652120606639841,2.2892405278795862,2.3103260711239839
0,1.6651247387318584,1.7281453256946444,1.778921483519454,1.7947581637844077,2.0137372285762538,2.02042643084667,2.0780816707312511,2.1007820676309064,2.1213871892428435,2.1315381139665557,2.1465554001873972,2.1537599940961867,2.1595968787423181,2.1876681291707665
0,2.3068616817010574,2.5705831246072885,2.8227773449557736,2.95241078266208,2.9531024456207766,3.0100339562913692,3.050753888174464,3.070321508579247,3.1440529051355925,3.1532797725574322,3.1615595184141418,3.1635576456434311,3.200174765046325,3.215935802228894
0,1.8815689625128444,2.0486233704459003,2.1736551217045625,2.320065114448878,2.3481115362248519,2.3659671484485161,2.3899658510905151,2.4402517128944812,2.4429337317070816,2.4466224138691728,2.4532272397550159,2.4582591144148003,2.4855162892020508,2.5304759063292939
0,1.2539988020026427,1.277395868122597,1.3120939018720581,1.4173638443063756,1.4716447888935154,1.558102795851485,1.6215415399577329,1.6405093588046225,1.6919932554299644,1.7812124468381785,1.783460416677739,1.8147119920019024,1.8372673781995126,1.8567682158407512
0,1.4262043123362858,1.491129435897826,1.6682840122156672,1.7279502593399956,1.7412556921745455,1.7527190386182372,1.7705404835317688,1.7887339142757304,1.8123434440083188,1.8171885070448148,1.8456675407312351,1.8718680767362956,1.8762241033192388,1.8856615607291385
0,1.190355941882677,1.4210911210124304,1.430479873632005,1.6294426555212984,1.6942626129186287,1.7045583865228042,1.7427180161124793,1.779668402593199,1.7962748106612128,1.8071666143249903,1.8203504815463911,1.874215908046345,1.9190061026420484,1.9508908563597023
0,1.3299919824527564,1.4116204949174005,1.4291298629862867,1.6243312888233246,1.6425458115200742,1.7273111898461921,1.800652985717351,1.8555647416350052,1.9069813513520957,1.939960044614305,2.0092123785511062,2.0101572715490503,2.0930385916129701,2.1659370892653387
0,1.5659500322423958,1.9800137542008556,2.2411778582200976,2.3535059606126332,2.4055125146258547,2.514618068800242,2.6514741036277516,2.6732699581823933,2.7724611185567585,2.7954610256040984,2.8253036318956677,2.8271942622815751,2.8300026233299533,2.835274096811879
0,1.8521273886330989,2.032318429156172,2.1589779433046692,2.3635583230300279,2.4232704702443861,2.4278773096807447,2.5034521408455461,2.5708312383804652,2.5721673435749621,2.7073691313212578,2.7159330199716605,2.7223116646293173,2.7552255242220598,2.7689877073407283
0,1.4720599273919559,1.4936710216665494,1.5746126119238812,1.7279502593399956,1.7373708711773712,1.8674853433454053,1.954217023705233,1.9789787101911782,2.0305237827737188,2.0466084123612576,2.0660877211766442,2.1015166344796925,2.1176315792160496,2.1516761394938406
0,1.088128792501978,1.5494147441116197,1.6771315657550014,1.7540876817712334,1.7747645676207919,1.7794649908466813,1.8109213049572594,1.8129258067245058,1.998584703504896,2.0540894548988651,2.0869500082816272,2.0948571923835257,2.1317027168452753,2.1684863323792372
0,1.4408459365931598,1.4449425770406192,1.5248691867739408,1.5799835661228119,1.6108270121018504,1.6192159566173756,1.6306785416801053,1.631512902115934,1.642168616089533,1.7359057453174431,1.7428913174242724,1.7643907510644115,1.7672839421141915,1.7865792962261371
0,1.4093664401218415,1.4263966563985546,1.6351278412094017,1.7090180706242002,1.8054962826237904,1.8733242986757495,1.9294955009431083,2.0086815546929504,2.0143535362644185,2.088240409226386,2.1043299436225209,2.1269837552225477,2.1527280927344261,2.1603619774193787
0,1.470830933558007,1.6835362812771602,1.6992144293564031,1.7851823520677699,1.79632777081978,1.8897022445410525,1.9570475373633436,1.9585169252750849,2.0416584544574254,2.0532333124527211,2.1003378280490463,2.1023809375979026,2.1040274288941188,2.1251588716316543
0,1.9904011833581214,2.2387526862881484,2.4052278474888342,2.555759469269332,2.5766728236584706,2.6468493376061044,2.7170623110341774,2.7340282702747776,2.7466765914807336,2.7641709830727481,2.9605486674835841,3.0136252801748169,3.0303083509496358,3.0613311852283416
0,1.3454233321014963,1.371894096890494,1.4967795853536479,1.5019067811189386,1.5889466919596646,1.6332166597816067,1.6606318927184052,1.7896322542640681,1.8670753867481888,1.9205552065009162,1.9512995833293973,2.0533246355265473,2.0912137823829378,2.1215928147978786
0,1.3293518856169946,1.4765181626117156,1.6079526259778782,1.6264796210371557,1.640168476401634,1.7067719331227302,1.8114276770676887,1.8630901297549025,1.9339895658531678,2.018836402681921,2.0411611022122598,2.0499173976399576,2.0592429972105419,2.0971186710213776
0,1.5454868450864516,1.7070106661400464,1.9896179316589522,2.0513188472707204,2.0526792364861755,2.0571149671879096,2.0630371853833185,2.0931861982161486,2.1032405958624349,2.123956497708539,2.1657869095237219,2.1760419625982808,2.1774188927612479,2.2019598783379575
0,2.2611333716788424,2.3619162772978437,2.4301967924052708,2.4647927129294902,2.7956128124295461,2.7967492861167123,2.880114746117624,2.8999746796344672,2.9854794386443055,3.0380772049458287,3.0799325932386976,3.1637587929182684,3.2239423260040834,3.2244836602670701
0,1.6304058777511554,1.8295354356916931,1.8351454293454239,1.8679491367984158,2.0409895625179768,2.097500948711545,2.1176609483009399,2.1961286766289989,2.2332126080931247,2.2416062781096269,2.2869556095788339,2.3507407430550473,2.372239729471898,2.3870046983723903
0,1.4311844137123364,1.6133530080987819,1.723088066525867,1.7539221298858305,1.855696125039312,1.9161784907865673,2.0254109166535215,2.0680765643478995,2.0737979878575152,2.0911996648715236,2.1324129641220648,2.1367482636946091,2.1478131543968182,2.2434789708139697
0,1.0504155666672803,1.3179182976203676,1.5452292417940774,1.5806054254332556,1.613076163234102,1.7561812622019364,1.8016206992470059,1.8148570439014915,1.8435052131644123,1.8879036304121477,1.9387466371444502,1.9420648935664873,1.947697200500401,1.9542222330127461
0,2.9316968500926071,2.9335424844374813,3.1705523894736674,3.2743206286559161,3.3677759615234941,3.3682175248109036,3.3963670672445478,3.4370867816782669,3.4890909800036347,3.7219352753494688,3.7450903587349611,3.7532758455156658,3.9192261996279987,3.920578095997497
0,0.94258305909799001,1.4037105792064533,1.5019067811189386,1.6254188243964418,1.6551254474339225,1.6792299280675533,1.7232312064746129,1.7428913174242724,1.7878646007663297,1.8258223697111846,1.8461827715778536,1.8553745581819636,1.9034808476557976,1.9158530113164525
0,1.1441966997685651,1.4338130911983578,1.4605034100658913,1.5239371204407988,1.5365812535583996,1.7810934669785052,1.7996594487492499,1.8141137790440043,1.9085091940924288,1.9890598029667994,2.1218587704071568,2.1306522448722056,2.1322101294993989,2.1824673378040669
0,1.8928380615914837,2.0114202026231478,2.023224579401155,2.0494517054626016,2.2153494490729622,2.2795787498885822,2.301537734788456,2.3646276097636081,2.4192109149692422,2.4280784248922735,2.4393227898474241,2.4842325968059615,2.5056053085406056,2.5251416078257845
0,1.8579387825622966,2.3024052235589507,2.3982889305184232,2.4033468285116677,2.4037229940026879,2.5265464655035688,2.6083965599489658,2.6183465205428917,2.6542219425070983,2.6567297266435439,2.6673115901641489,2.6678032611850337,2.685976089832447,2.7936331830389389
0,1.7587772161066442,2.1199793586563898,2.1664764953800075,2.2230816138723037,2.2405346332498239,2.342129539041661,2.3529350605623454,2.4041322918433812,2.4080337219719801,2.4718197724459028,2.4934071942278693,2.5043332270551319,2.510799880871319,2.5337915077984703
0,1.6023370397576355,1.6449364379975309,1.6997492691815619,1.8540937984054204,1.9333467347219595,1.9455047880546228,1.9710462273755589,1.9813776370720426,2.0027129903630736,2.0552137923583147,2.0839410137555143,2.0921135730133655,2.1586794029436116,2.1848026216581156
0,2.4912750415884282,2.4953988360080537,2.5883412972718065,2.6037267481205482,2.7113938852215842,2.8516676960077869,2.8534317645466252,2.8565015901764004,2.8971009157457428,2.9461618241185148,2.9530370356792188,2.9759620173934009,2.9778491074924611,3.0087858487452293
0,1.221170246264041,1.3765920584204712,1.4152462274685229,1.6389642879299748,1.729697647512038,1.734297991082844,1.8217150919139629,1.8345539730484997,1.8373870245696233,1.8481874367899775,1.8679481450181077,1.8812688504146338,1.9571535810395244,1.958169791526265
0,0.99889042094155467,1.3113731083677902,1.3446583923514133,1.4026979363871179,1.4462895596398391,1.491849222309412,1.4978634955685117,1.4992017115160279,1.5133255629403968,1.5365918403160008,1.5442086317264037,1.611294472939159,1.6178569702932819,1.6272910990184914
0,1.6358890405929118,1.8168541820655861,1.8826699588761053,2.060228371834627,2.1260316743916867,2.2699126876302786,2.2847399327756417,2.3794081296447529,2.3958693591924662,2.4014226312985678,2.4083510295930082,2.4324818433673334,2.471224897904901,2.4878553109026127
0,2.2520225190557048,2.341784982645041,2.3645994704975215,2.4612055337597014,2.5035646264565714,2.6827361259882458,2.7251353299439907,2.7318167699382663,2.7335014894722542,2.7361971034037351,2.888352597436104,2.8921147063293238,2.9785430264174875,2.9854282983048259
0,1.5560281328185612,1.6889589663871865,1.8004162263443217,1.8147057436095231,1.8339602918582916,1.8439197248098125,2.0678745847907636,2.1012345251877242,2.1037334498277174,2.1251588716316543,2.1359089187910301,2.1470509464457059,2.1681529894344509,2.1785146233666501
0,1.929664042784883,1.9774028710388083,1.9954706527020885,2.0736867707853337,2.0981652227975132,2.1902198113284324,2.1975190964938669,2.2203646970293125,2.2482806592270106,2.255817611775778,2.2628639757288647,2.2752998671638123,2.3816892417121376,2.4113106792038463
0,1.1372446187484244,1.6367687575257115,1.6563280601198367,1.6640334348213925,1.6839678408330803,1.7062647039854411,1.7582024433254042,1.8736079311683047,1.91353987085132,1.9345548782048605,1.9486718801954617,1.9503843371524254,1.9647951719318733,1.968898589569311
0,1.3592601833332867,1.6310515273151927,1.8905383495081669,2.0165771146633462,2.0568309518620387,2.0812769997112897,2.2317857402698156,2.2356225511925945,2.2487056742966121,2.2518645947900904,2.3632482173392995,2.4121783882720398,2.4161088111163536,2.4278279218992411
0,1.8302564260348626,1.9994372997089787,2.1803484730983942,2.3101652734997722,2.3137116381966396,2.3646276097636081,2.3745419098803833,2.4494514859749339,2.4633228063289003,2.4652536359380925,2.5213483539751591,2.5269190382004121,2.5294224336201285,2.5607460286974324
0,1.3904940094577323,1.6226804728787894,1.7023260462409102,1.8329533131006781,1.8675272030110048,1.9965604016687957,1.9979245394657852,2.0213153637157313,2.0414124236826656,2.0637815862119995,2.1641172375264985,2.1675647348719171,2.2116049963408231,2.221483876515431
0,1.7097211908064676,1.9071234060711999,2.13153322073277,2.1348277599676546,2.2104354492728704,2.5557455068093171,2.6129760250434884,2.8752491391575337,2.8926991516434741,2.9383436434319088,2.9459815933087823,2.9636058531477709,2.9714721050638584,2.9764938767614306
0,1.2291423386747746,1.6040310643638969,1.615624810750959,1.6651657850962651,1.7527190386182372,1.8396085430416322,1.911262233279426,1.9359366204041251,1.9811677851024259,1.9828157846533334,1.9956379601770742,2.0133882458480516,2.0419797393202757,2.0421745434183283
0,1.3356306634602608,2.0598219530910229,2.0623763319887756,2.1224782093939685,2.14511945532265,2.1851875610816038,2.2495834741313501,2.2757988896647303,2.2975280054671026,2.5161948055389156,2.6279846442114696,2.635999618474782,2.6523883461074096,2.6797151079236645
0,1.4387006607201169,1.6552865970821411,1.6649105117740108,1.7707943516983198,1.7730513047996104,1.7893424980537138,1.7985508868239106,1.8274329089519172,1.879472145819,1.8809144246868363,1.9283980474469824,1.9424320081053692,1.9476424152096123,1.9591366151384049
0,1.8092569399836544,2.4093659655601303,2.4284102426152021,2.5754854114138164,2.6936882174925989,2.7007745328278849,2.7426622579065105,2.7440099556727331,2.7460285293153501,2.8106328517284194,2.8197736124971002,2.8366247384395296,2.840568151289693,2.8458448944494856
0,0.95865638251666829,1.3419824165365162,1.6157805072969815,1.7335618187842063,1.9171268876307579,1.9411937305458526,2.0741469013609177,2.0806294263572997,2.0934394056704431,2.0967895365422478,2.1074389011572081,2.1235703659546252,2.1966297438715849,2.2719247741246442
0,1.4456888536448207,1.4620360190327992,1.5892878485778035,1.6548736556525452,1.7739486738234089,1.8054636157779007,1.9016425715905385,1.9155769765478829,1.9670288594345917,1.9719632365648971,2.0117560751188868,2.0572564301158041,2.0610440681294153,2.0835177860724805
0,1.202655882794736,1.6603272531091298,1.6642765864821925,1.7620194482292688,1.9104719544012416,1.9709534433463758,2.1194659623478103,2.173174576534262,2.173718059973794,2.1790764654590511,2.1827720893842164,2.1838960649957615,2.2223085396740547,2.2448074430394831
0,2.1571708161016452,2.1688108040229257,2.2442591248952284,2.3246363651288102,2.3603829976209778,2.4093659655601303,2.5096598454255763,2.5183425762732616,2.5663738317251297,2.6147678620510955,2.6332861621145125,2.7592502899016442,2.7916662035403426,2.8098800954999352
0,1.147458290564747,1.4396690045340168,1.6603272531091298,1.6732553493312874,1.7287470598754819,1.7361240876766102,1.7817716659925893,1.7951313484944458,1.8242543923463503,1.9288399661885778,1.9660434915396654,2.000264135316943,2.0134650852931824,2.0187831094477762
0,1.4555235002194671,1.6672222127308813,1.6931550004085598,1.8407622292175261,1.8610707930157819,1.8664612169871875,1.8728620637222497,1.8900738209158658,1.8969517340110573,1.9353968613515253,1.965866446479724,1.979967513942239,2.0114840552925957,2.0203804775809315
0,1.5503323495365247,1.6312781555991465,1.679088294477677,1.7113882444832069,1.7707455310133318,1.792555167037494,1.7977115965439534,1.8061833746906006,1.8109213049572594,1.8491811029577496,1.8612848446659072,1.8760251746697836,1.8897387099270824,1.9185102508512071
0,1.3891915613584096,1.819526346917667,1.8284368218610008,2.0319876713177685,2.032318429156172,2.0387378912553609,2.04713924352159,2.0740609089997619,2.1818240800346951,2.2284663496763448,2.2482859088658702,2.2661520434182663,2.2749398664250231,2.280700496856924
0,1.5561543694477715,2.0967170213103152,2.1279567322017692,2.3276034974553408,2.5000522882126486,2.58819848022809,2.6251851454533508,2.8167405676754487,2.8306395569612048,2.8509736907156791,2.8908801360567047,2.9420378844174624,2.9650181953140433,2.9765725059232189
0,1.3209470640131751,1.491129435897826,1.5141137402021119,1.5213043639898858,1.5671202730711444,1.6137445264543975,1.6423413812745566,1.6532136367179073,1.8257265685627184,1.8519471948731157,1.8937340514491041,1.9338674004017355,1.9409615569539123,1.9513583813361284
0,0.77175375120913869,1.0540155813156906,1.1998752150417995,1.2063770121053559,1.2332658164860726,1.3828150811057671,1.5072598821682537,1.5304377576616393,1.5548092312649076,1.6119954732969881,1.6253391481773898,1.6476704857537543,1.6967347445907583,1.7198123175533033
0,1.8152557220722516,1.8464514732649306,1.8923803578994236,1.9132233517745736,1.9222849355600031,2.0191493352672745,2.1055476821353065,2.1936232332277088,2.1992275135109156,2.2172833896318416,2.228180799831891,2.2419002042355003,2.2468184835853418,2.2982218642065515
0,0.85552606501947137,1.1037670665636472,1.5642358512442371,1.5791547335862577,1.6216974482534352,1.6671806065602688,1.7695367969562219,1.8073379383296819,1.8338070051322435,1.8348650795926258,1.8420135033459868,1.8806552867801696,2.0008298362622723,2.0092282469537159
0,2.0884006536679744,2.2172273100185493,2.4499159061359421,2.497212846756212,2.5586777804667777,2.5956146870221564,2.6147792117491737,2.6627213296510837,2.6980812932324048,2.7027825292054386,2.7284469995663136,2.7599097608235144,2.768470921635712,2.7908409291072882
0,1.9968407504452741,2.1775740430510719,2.2711663190422779,2.397116456719607,2.4064028263549448,2.4563775466555744,2.5867613801805893,2.6426558303042307,2.6622152951855411,2.6735629280228004,2.6806503063966969,2.6843084989721193,2.6967041519635035,2.7165359159686875
0,0.97084137237535761,1.004970017804717,1.3921979986492528,1.4883695488003836,1.5400610569236315,1.5913292545906699,1.6052618811233541,1.6134859520807614,1.6582502781969144,1.6872533431688415,1.7285054903856332,1.738449594197844,1.7456312136139125,1.7461019223031358
0,1.306906640412,1.5624677032016849,1.5981203387263443,1.6072124274380146,1.6337050443105079,1.6697204990317092,1.7765500635733593,1.7783758383896404,1.8646736002502273,1.9231469697435313,1.9298249526634905,1.9772635639950522,1.9878990421297134,2.0196411090953927
0,1.4348439819010501,1.492096061502169,1.7097103764533419,1.8032529730141049,1.9270624382307371,1.9480930244237842,1.9614476466958328,1.9909796477615687,2.0698670909125392,2.0780849315792849,2.1170379047280683,2.1173885744818013,2.1189676763765006,2.1613864163945666
0,1.5042127846520728,1.7184362899934498,1.8681449863173942,1.913001166871817,2.0070334139478287,2.0201594791059603,2.0230190306452265,2.028869225816738,2.0321803914424263,2.0417291647512088,2.0842618754328961,2.1288914607415084,2.1696776408019685,2.1892964760178613
0,1.1904948750443887,1.3720556596619906,1.6481169608156043,1.8393901467024723,1.8872471698914381,1.9168467809758805,1.9290209881905751,1.9334566621906908,1.9599731815262476,1.9748600934258875,2.0547605070718351,2.0978202077148937,2.0997422959003105,2.1111858931055796
0,1.7054031955012066,1.7779765020879821,1.8097945735592609,1.9099290592369274,1.9442763072322329,2.0283938264337804,2.0343282624671097,2.0521326990317288,2.0590685198628642,2.1466149727579378,2.1492722251042888,2.166150581740057,2.1752477415009421,2.1855361884107958
0,1.8341945781359053,2.0048500344578701,2.0522523848561223,2.080816495456554,2.1019434372240973,2.1304420525878363,2.1559454994787464,2.1805456082042594,2.1978973927040149,2.2047600377231982,2.2703560978449002,2.2742048666006802,2.28679364102531,2.3390320109168803
0,0.83640162533566487,1.2372064442212585,1.2530319272889103,1.3087852146794785,1.3219268893989413,1.3986587323587487,1.4188599097998202,1.4449425770406192,1.4856448648427611,1.5064034954554932,1.5674899369068402,1.6267590087347288,1.670193065939733,1.6861053654219205
0,1.9561112917494548,2.1551014802155803,2.3098345199309591,2.3846727583361864,2.4087748479845366,2.4184011585998757,2.4475250007222229,2.4513392264795155,2.5680841694553349,2.568480282273883,2.5741530007069962,2.5809625983821496,2.5953944472160173,2.6592884028960841
0,2.2894141634407155,2.3265766859106818,2.4167905547519828,2.4265805703582752,2.4664490977309934,2.5265789093889754,2.5557455068093171,2.5599320848142035,2.5960758511180164,2.6645464436545541,2.7683183891351582,2.7840070518153213,2.7911062133347286,2.8234737695851062
0,1.8388578095105041,1.9048197767036217,1.9756821165360996,1.9953958404126935,2.1006518964053229,2.1349761078366445,2.1492240342791589,2.2276927610594424,2.2848187031421299,2.3546536356792109,2.3604185168279379,2.4698302029444221,2.5003553437416706,2.5266531465954207
0,1.7763202170101511,1.9970141117824962,2.0391925680187564,2.0454406668846654,2.0920341576479258,2.1058069745763732,2.139106459981218,2.1392357599415193,2.1537051774444542,2.1774889231265457,2.2626864578188499,2.281065123316782,2.2835822841773372,2.293139877031829
0,1.4098616651955265,1.6116176665065689,1.675867420140615,1.6798986946843764,1.6997780518388892,1.780005479713723,1.7921803190113974,1.810048006542885,1.810626806873854,1.8128282766500463,1.8155023192671227,1.8300757510767665,1.864062196541205,1.8759539247598265
0,1.6156778167835517,1.705594006557827,1.7693091572145541,1.8012340289734083,1.8618960989408522,1.9386583172664222,1.9912954239599698,2.0452082678679613,2.0800898125473326,2.1077302736172654,2.1799123738818666,2.2300553548315802,2.2450927552361373,2.2481630972194568
0,1.8341945781359053,1.8949026821239265,2.3739502041485183,2.7265853618102902,2.7368335388059148,2.7455477262231187,2.7946010363069287,2.7961634103090538,2.808988619354734,2.8240038827336287,2.8351442148415429,2.8389062628404966,2.8535091437884783,2.8976426964242505
0,1.7609406668582794,1.894256348762595,2.3376256498008585,2.4740732800002072,2.4804504718408915,2.4810603566829337,2.4939247554848261,2.5489761862598321,2.5842155557238895,2.5927791835714631,2.6359694462239522,2.6735629280228004,2.7030198613487535,2.7334786962582611
0,1.7043645815253885,1.7591250172511412,1.7667639429151609,1.7901458752383943,2.0284320839019481,2.1266151039053969,2.1641713592482721,2.1766917425117556,2.2736263561370476,2.2741742893096477,2.277849886921429,2.2803530872051585,2.3119296012463879,2.3447457848414537
0,1.2399230491620497,1.4056810052002091,1.6487717201818748,1.6789656800400103,1.7285505152691985,1.7500029848075416,1.7785446316683087,1.7984535046599586,1.8553300895025693,1.9341718460078683,1.9676280336343603,1.9690822133669681,1.9762099641292314,1.9778130772053468
0,2.2022720117747117,2.2266767169733956,2.2590514493060625,2.3344070479227006,2.3513092792533188,2.3703662592736161,2.4226894555662368,2.4604814817612475,2.4605428254454282,2.4838730648817338,2.4926660160161709,2.5443452603434196,2.5733840469620599,2.5778824842425303
0,1.12490063566582,1.3956387246369428,1.4186234207671999,1.5378616938410647,1.7109445649336703,1.734444897953302,1.7469320484485495,1.7504853723413396,1.7763782284620966,1.8165526176069933,1.8211445451288377,1.823627393521269,1.8250444832945045,1.8543390126480768
0,1.2253781672783803,1.5723678805290087,1.6263384150293168,1.6293858114101365,1.6615736557712342,1.6632355423078089,1.6778739546065329,1.719384602081421,1.7236503796751548,1.7450429796801352,1.7690501617973928,1.7779841295366583,1.8014456366742873,1.855542566214313
0,1.8647742868448656,1.874748177835591,1.9957535253481762,2.1919874366398888,2.2445638034107369,2.2588506390455589,2.2760518034682931,2.280660616819719,2.2935002799322275,2.3547935373657216,2.3910331604053496,2.402996767555766,2.4538155071717753,2.4555176736885436
0,0.6941902334119181,1.0704835430070203,1.2597402075821871,1.3206728060988135,1.3629678683043056,1.3687227357605247,1.4580371650581039,1.5350680275456883,1.5454396544932907,1.5511257385264563,1.5968510250013093,1.6279082975047316,1.7106896679649251,1.7498555729023326
0,2.1166202516440245,2.1315239125802208,2.1633428722394568,2.175860185176425,2.2135364638631256,2.3858872793453454,2.3958369151830725,2.396625453672379,2.4041538462610261,2.479542799810754,2.5270138031503846,2.5724649051550021,2.5740289229741626,2.5762079333253531
0,1.0759582765463196,1.3305262475116522,1.4751105253859704,1.4915856280567725,1.5433241430594278,1.6709141824433942,1.6861053654219205,1.7150626990458679,1.724581995575619,1.7677774463804032,1.7704362003887439,1.7815032158834236,1.8031001647683915,1.813401746026629
0,1.1746267503679457,1.1929994905984977,1.3882354791518245,1.5027500774070435,1.5961069747471976,1.6347678042105809,1.6859083712256846,1.7045829422214984,1.7419575244848029,1.7488509888366544,1.7927229681424923,1.8017990033244349,1.8174889081220895,1.8210216955085117
0,1.4247472533717838,1.6933680122966366,1.846549173207594,1.8480342198177191,1.9054826982380133,1.9069504464168336,2.0097640108704424,2.0534148594882056,2.089068918501356,2.1289821629136991,2.1377136393441738,2.1502783264548979,2.1611248873515523,2.187482216592707
0,1.3082962102132338,1.6037882961340966,1.623232365695882,1.7242499513519545,1.7938852234425546,1.887642229522499,1.910460382958614,1.9482336055257166,2.0078948595849808,2.0099984524033139,2.0312060575975273,2.0546205895639975,2.0893415787226219,2.1155841897905843
0,1.1681951131656023,1.3394779334685449,1.3677215742477036,1.4093664401218415,1.4354116026231056,1.5487784106552605,1.5683726424940607,1.615481584525976,1.6280955291580514,1.6439993560674946,1.6444059860364655,1.6601761867627656,1.6881023408145721,1.6906949213810485
0,1.2683121020917538,1.7055357888122809,1.7338675291581669,1.8173103761733107,1.8316961979302786,1.8819484231454231,1.9176268083537187,1.9292999861209446,1.9416482443266911,1.9966226036917161,2.0552375122672042,2.0738859202087898,2.0901355949331548,2.0928241740107878
0,2.9507908531744613,3.2118344245628507,3.326389692203322,3.4259660215308081,3.4503410911916181,3.5734700450880754,3.6760300789004279,3.715549642081823,3.8558216530481135,3.8735329308301312,3.8863331147661664,3.9009445017288535,3.9460871547450922,3.9526229833532884
0,1.5622676333375116,1.5709398448933394,1.5877334390570683,1.6816004406970666,1.7573806819978699,1.8849318236680523,1.9038904662350562,1.9380734645763895,1.9412950708927188,1.9815854658353111,2.0046980267453249,2.0405383666952805,2.0794330245985688,2.0882174361013717
0,1.2150519629234229,1.4669832873710105,1.5098549859140238,1.5890839997824435,1.6219274028074337,1.6320678202340495,1.653784955245148,1.6564815921014153,1.6581508837753831,1.6756285492440477,1.7463828002437911,1.7634584092009633,1.7640059971745896,1.7953048492634973
0,1.4591781672662048,1.7880720688875447,1.9335635723130893,1.988613633877895,2.0764740379006104,2.0982628169437496,2.1307332222820778,2.1621970124156658,2.2001898051651909,2.2346855175328262,2.2559643749846674,2.2763414284567225,2.3025480545298298,2.3226523525469687
0,1.5954253966526588,1.8708079823866619,1.8790081509585861,2.0556499026886836,2.112185589590609,2.1681529894344509,2.2139619092294498,2.2998801129977351,2.3150568551347166,2.3473841949865193,2.3511369909639899,2.4068851698472016,2.4222082544918693,2.4635515967640647
0,0.91162652371161912,1.5291131910814266,1.5442086317264037,1.5449845059184522,1.675867420140615,1.6805111013061746,1.6859083712256846,1.6899658206306083,1.7121516619291681,1.7461808133020817,1.752848904290103,1.7779765020879821,1.799674063001496,1.8231615774975969
0,1.6799778783879491,1.6918218438344057,1.7519913615309732,1.9051338351484504,1.9109579948855826,1.9495355366955227,2.0619844390941666,2.0723812514159916,2.1066834801637158,2.1551495984005338,2.2108389554952099,2.2234628989456668,2.2525883302891665,2.254916510182539
0,1.661488099538416,1.7144434918855298,1.7948366945038676,1.8160939791318307,1.9233154321274921,1.9409839956970598,1.9468798663481037,1.974787391732215,2.0267331194582203,2.0374818105286652,2.0469574705214595,2.0531422161767541,2.0803492867918276,2.0932286419415518
0,1.92896764097898,2.0597053809352088,2.106993374075981,2.108783165422877,2.3160431355957076,2.3504483364986934,2.4271321118595166,2.4556620722507794,2.4851941936979594,2.5203608686556827,2.5281531471869614,2.5366367362548248,2.6749104741217709,2.6866722845695685
0,1.4128564973417668,1.7893424980537138,1.9115516933023105,2.0018545240878169,2.0567171437330338,2.0732445830013897,2.0829654101878861,2.1193699015907681,2.209154669751388,2.2988251172742151,2.3160995510170896,2.3303605532760758,2.3748811026607082,2.3841376499908935
0,1.9132511226681594,2.4611313590431552,2.5608054443460424,2.5737670508502659,2.7126546506514679,2.8724831875859258,2.9395473134055887,2.9505229861290827,3.0023911900125371,3.036517720849051,3.0416651080256889,3.0533365352550197,3.0599418553942836,3.0765687072304932
0,1.8767731428218462,2.2525883302891665,2.2546827835699581,2.2634886165123467,2.3639795825855958,2.4429830289875483,2.4571414606701958,2.4727764215609129,2.5205040439973825,2.5504473822045486,2.5890183957790796,2.637498066092395,2.6981413705252719,2.7269271855980652
0,2.0018922960714427,2.1353827147304378,2.3715352492701856,2.3990236844773842,2.4242089452419679,2.4772598900241261,2.4918550859383015,2.5000246182814476,2.5294728985100958,2.5418917179886438,2.5822023249144639,2.6283381115307449,2.6673935448739807,2.7006651050777188
0,1.4077345266187005,1.4968143511272936,1.5420351546987792,1.5848066351441519,1.5888564144245623,1.6612417353192774,1.6723261106560163,1.7486341229973994,1.7766699379629733,1.7840520454578834,1.7977115965439534,1.8012340289734083,1.8024631654406948,1.803012635030117
0,1.099523729678296,1.1665612388694571,1.4874000593901935,1.4941045014018959,1.5000802128097008,1.5291930332509094,1.6024707491878813,1.6027560040129913,1.6267671485935224,1.6407672811480656,1.6869155748984443,1.6906845520674065,1.7162854800586838,1.7250260357482685
0,1.7595955160527965,1.839634469504883,1.9089855193382015,1.9564168431080489,2.0105896981048526,2.0579854397837618,2.1599480246403755,2.168922661217993,2.1841953889077952,2.1848661153929978,2.1963646099077767,2.2347908010047188,2.2373942031104193,2.3032388525284437
0,2.2613087368292382,2.2737423509517698,2.5820249304287843,2.6811052701857063,2.6837439918381669,2.6885679247873613,2.6903076376674027,2.7091003826988116,2.8453515117042176,2.8524281813299837,2.9061154241812392,2.9466660995988527,2.9491833233716234,2.9683244477880404
0,1.3090212385298159,1.3630742481653273,1.5723678805290087,1.6608859943903396,1.7118654744876156,1.7241307344063581,1.7682779125015122,1.792544199145464,1.7936856801504217,1.8145437800099891,1.8410771250932871,1.8693812610970724,1.8714392750541435,1.8808046110085399
0,2.045615245250469,2.3308317486602093,2.3365429353462623,2.3807487177070339,2.3859036330104755,2.4134471359565839,2.4164090599655661,2.4473235424431574,2.487108302423541,2.5673249495486568,2.5967419213652461,2.7343330854020467,2.7454165821062406,2.7479785421851322
0,1.4491556647143813,1.8310454439206336,1.9785044493883361,1.9862646826494907,2.0187634781962358,2.0194085728179321,2.0606980169622995,2.0697729672716467,2.0792127325928975,2.0982945715776871,2.1462481519735732,2.1536487639359074,2.211605126229319,2.2495528782266088
0,1.9001699727690067,2.4814076121525264,2.4893432347741831,2.5545079085960984,2.6384218794481531,2.6553694566389852,2.7066198552607275,2.7515910815815108,2.8359328877555985,2.8456225929709613,2.8979122331567151,2.9242332875303929,2.9299775052277721,2.9313463912203295
0,1.669657928064924,1.9785115808061351,2.0209906527351,2.0283918402874037,2.0901446895264408,2.1663869227851476,2.312322946687789,2.319511626651571,2.4511034020602089,2.4526456248933699,2.4600197373485231,2.4676165576240408,2.4677421125497543,2.4730545375566022
0,2.2102521155316102,2.2112453128401577,2.2706941264900911,2.3275222797934951,2.3532655087056149,2.3754854413520183,2.3939883301183507,2.3974244524602559,2.400911504683934,2.4279524551409279,2.4534041219568898,2.4577881267596564,2.4613080417355278,2.4705007892297397
0,1.6720000487865854,2.2207136558119087,2.2304794872478224,2.3234385528563335,2.3823348238847131,2.506472809905294,2.5286025207522083,2.5430420828309228,2.5772965357279776,2.5973403103707615,2.622274721380117,2.650433297782564,2.6657515802050256,2.6807657540868917
0,2.3545316378009447,2.4040272533575853,2.40930310676932,2.4943872257477842,2.5853657711558498,2.6060016494200986,2.7346976524430184,2.7371195368452708,2.7915541625679765,2.8236704366980057,2.8350852504633925,2.9291065541645658,2.9414181845268024,2.9866315314294969
0,1.210169384867706,1.4536926324453752,1.4822613420700013,1.5363457342895368,1.5769570810042375,1.5903771600099963,1.6049149183332476,1.6275338667719457,1.6885774450756503,1.7003958767706402,1.7208320691633308,1.7915540352873878,1.8145437800099891,1.8245533287862075
0,1.2651962296440802,1.3550357195859601,1.4874000593901935,1.5318099586145235,1.6600953422805407,1.7055357888122809,1.7536205418101047,1.7709797653491355,1.7889195597387548,1.8527562668629176,1.9428476002254769,2.0024031068567871,2.0279292562815989,2.0374898003700075
0,0.77429669111274746,1.0737490372886385,1.1960154017818494,1.3114371087724872,1.3347303045527381,1.3750737054177999,1.3756018298333277,1.4051637686500276,1.4089152866278098,1.4723794661290954,1.4885516000236367,1.4967078439165846,1.5149334835439288,1.5498025930699337
0,2.3237031115591908,2.3332639605875189,2.3334710090552746,2.3531666079578817,2.3797058362967407,2.4575835866429974,2.5278122413527782,2.5379828516873366,2.6044994435841695,2.630783473194378,2.6356809836880184,2.7094531830286859,2.7152751791883381,2.7266108109761205
0,1.6057646402546013,1.6421075697687082,1.6660542711362443,1.7765500635733593,1.782525653951432,1.8884899528910961,2.0198548535174203,2.0425182650374882,2.0818428353473721,2.1358952151295187,2.1597095186697781,2.2338409325680333,2.3792507497141293,2.3928627025253517
0,1.1998752150417995,1.3978570619855861,1.4635328370250151,1.5716822286429193,1.5719310691861719,1.6079526259778782,1.6397170273557806,1.6549607654955405,1.6669741007114505,1.6677671260915603,1.6930118825898659,1.7137829175529451,1.7284118546252845,1.7340469752234855
0,1.4366758330091653,1.4373751270915831,1.5566079432416671,1.5568197228552709,1.5690519881036566,1.5763272910418213,1.6071984652251834,1.6774382142134467,1.7211898799711289,1.7381415484211264,1.7558392742662166,1.7703245704281776,1.7761729878131953,1.7913605050214043
0,1.6694580775099206,1.7150942578263508,1.7490398396429288,2.0635283825815103,2.0755686050586797,2.0893066843295363,2.1113599699404824,2.1379973302932145,2.1916720068613151,2.2258965012565426,2.2298086945426459,2.265566533159812,2.2909562390867202,2.3586768394471633
0,1.874959554964343,2.3293467097368463,2.4717792507195586,2.5925744743827455,2.6428519383363285,2.6855416328394037,2.7251591193555753,2.8028257333426638,2.8029961365301657,2.842769633065235,2.8623084065504925,2.9000779676167938,2.9107921019896494,2.9148514059941517
0,1.2012576414121769,1.4024478586210467,1.5360684543081047,1.5579017736562104,1.5820196435722318,1.6811135079414621,1.7117045807616473,1.7426753996424416,1.7592511733253549,1.7631923346103044,1.7881580997774116,1.8172113293288155,1.832066349074871,1.8859236104313875
0,1.8984403160081937,1.923989403319023,2.0137372285762538,2.1090162050260943,2.1230664731832301,2.3948690806049453,2.4339795051215245,2.4727200625362693,2.4839049581242003,2.485610454681666,2.5337503234315686,2.5429852784108631,2.5461284630019456,2.5812211080208542
0,1.384704039976232,1.4234083614114574,1.4289728947834515,1.4552468154191422,1.8133064251913227,1.8211200013016728,1.8778247290801917,1.9144637173676453,1.9777960946928093,1.9818139735129277,2.0247446711057662,2.0374818105286652,2.058767357994149,2.1010728918278714
0,1.7504089349777603,1.8130643015295695,1.988255190974682,2.0001573629832028,2.0656317744545785,2.1003435296992663,2.1118207473246744,2.1750100740369525,2.1872371464902893,2.1967056901775437,2.2591740111346152,2.2647369268352775,2.2867413027794723,2.3728750374918768
0,1.5098233236883951,1.513020378585624,1.5725429451069048,1.5811978270124716,1.6869549722389803,1.7727413577089879,1.8341065715192564,1.8419883424851864,1.9251176373324586,1.935632412603786,1.9989627825808876,2.0715097981297936,2.0753588225628192,2.1162834803030277
0,1.402604857710976,1.4850423767346719,1.4969231059129653,1.8137958044677429,1.8344667439059859,1.9941824637086936,2.0084528607628047,2.0917808197518988,2.0986218405383541,2.1024495396777612,2.1178568787643757,2.1575403368755466,2.2092427661995524,2.2292891404698492
0,1.1520471732617208,1.2238928602819175,1.2834105682751791,1.3191711028515922,1.3325430254833763,1.3875446082345655,1.4961625024019212,1.6280955291580514,1.6370787484135385,1.6405093588046225,1.6639090116725626,1.6749448884567548,1.706223287746911,1.7064444240096097
0,1.7461610986412004,1.8726073445303182,1.9176268083537187,1.932401733904332,1.9837120158051058,1.9882982722009004,2.0400558353922107,2.0720002150626602,2.0866049276707521,2.0892949571843085,2.1043612075243976,2.1065758738576585,2.1323534311905958,2.1594779595678681
0,1.9812199989268593,2.0617858668728721,2.0803295466023659,2.0813159539429869,2.1337839460088635,2.1405675814448708,2.1534927857940889,2.2117311825794301,2.2218877245242612,2.2299304016699995,2.2783146250132154,2.2982218642065515,2.3000654512132668,2.303831189250086
0,0.91461773790734735,1.3548413179673713,1.3554536316331618,1.4620008557530577,1.4766790542037607,1.552416877288616,1.5983695494195207,1.634114871808011,1.6906845520674065,1.7256258113066307,1.7728406994324293,1.7915133501938474,1.8614713413895521,1.875405186642005
0,1.6209811403631695,1.7330775165790377,1.8890104048095862,1.9716656350402735,2.062871760341312,2.078316492611739,2.2110103396684995,2.2173929252508584,2.2707111294393352,2.2822058463411343,2.3892882080973279,2.4100932818425012,2.4458611166192181,2.45979042300229
0,0.92619930534966077,1.1107059207247896,1.2374156999049934,1.4059990505066138,1.4060058047219521,1.4269325039619793,1.5156225968469577,1.6146727989424605,1.6467913424938421,1.7285054903856332,1.7592014630461155,1.7681948838547175,1.7771305634171808,1.7857777453387613
0,1.2853071920453527,1.4116968528867535,1.501927395825349,1.6470397011457438,1.8736204267650354,1.8860856830276758,1.9025710516549912,1.9636321798282388,1.9690148400376355,1.972218148205203,1.9773618039826868,1.9795933135319279,2.0734183315392252,2.1109861274214055
0,1.4802702450657239,1.5738617168448554,1.6551759429715389,1.7454869307517029,1.8308078775666494,1.8366513759763787,1.858090885737594,1.8848436239126094,1.9697127417121378,1.9799656044942335,1.9909943042786549,2.0605352017887504,2.0964795155197429,2.1005739301850634
0,1.6909792118288678,1.7395153292605734,2.0222118815450854,2.032201916215175,2.0641967110995463,2.1284811308192961,2.1645905806390258,2.2052885033927834,2.3372876161418272,2.477452942481813,2.4903771551145488,2.5050236866328692,2.5106343112866707,2.5470081468034613
0,1.3449648116518502,1.3901468132327148,1.4180989755558437,1.5814518673186024,1.6064354768648652,1.7161772381689404,1.7272848760500914,1.7417110246359848,1.8325271024464251,1.8429430432080958,1.8553300895025693,1.8919952392625559,2.0081966480894367,2.0152895072928718
0,1.2300937509425778,1.3449648116518502,1.3967104212500812,1.4536838631662155,1.4799910820466446,1.4859146953666378,1.4930322949771451,1.5354224197486934,1.635190051134064,1.6440958605902478,1.6645377896106557,1.6698189714893421,1.6722643764410916,1.6762219938475766
0,1.2412967496698057,1.4694325345111743,1.524575565524614,1.5249006559368048,1.5394154501907533,1.6294426555212984,1.6670917717973865,1.7604371740278395,1.8333066479951106,1.8338882231220079,1.8432948567824969,1.8546677091336703,1.8682398983774005,1.8766630970798537
0,1.0322319717262474,1.1818677186257545,1.3957988418209364,1.4270689249260251,1.4567234250009706,1.5363457342895368,1.5606955489815049,1.5684585500977539,1.5972692378340054,1.6479799842937206,1.6508602058459831,1.7064444240096097,1.7609437357811952,1.7796872207155925
0,1.8344667439059859,1.926519054324427,2.144163218766189,2.1676297982028214,2.2382323669402213,2.2517294402054326,2.2618111130011647,2.2670886937443928,2.2779522995235237,2.3296014135987693,2.3614571237747897,2.3814751789868911,2.4144394872221389,2.4279689777040554
0,1.7100463389833298,1.7554565556414599,1.9062435546295422,1.913797705440061,1.9150578111557661,1.9318411320704905,1.948570799062509,1.9698956222540813,2.018806403848532,2.0471059178182025,2.0534992982496094,2.0613593531749195,2.0670021859698533,2.0772242608252451
0,1.3794929629393036,1.8863550876751354,1.9378634400435339,1.9520531243661579,2.0013722635309117,2.0102589663572834,2.101571114560453,2.1494824418439649,2.1602986542669234,2.1855361884107958,2.2541023082017513,2.2638004368951212,2.2655187110449684,2.2746418100946371
0,1.5186376386487355,1.8428682104675185,1.8583657482157201,1.9553802872590547,2.0641967110995463,2.0870022747535084,2.1504642023898537,2.1533632308791728,2.1831400916456793,2.2097803069706057,2.5114820322790248,2.5127516514008592,2.5359927012647239,2.5391423508200948
0,1.0652868917990279,1.7359638521006286,1.7780708918436234,1.8176192256405526,1.8805008069664058,1.922024210457886,1.9544745310048648,1.954809442758888,1.9673635179032964,1.9945246622520016,2.000547046069999,2.0016675753262683,2.0139456100652642,2.0235560328818019
0,1.6623779354373809,1.8711527265365477,2.0510748478902294,2.1462603901643726,2.151649861643099,2.1823642947207205,2.1863270972231397,2.1876681291707665,2.2167499285818622,2.292618909719466,2.311951113940236,2.3216651435963698,2.3420519029256792,2.3448913673416163
0,1.9981225357208798,2.0255358334207223,2.0539962600758428,2.0853823649381726,2.1048505382296341,2.281995322896043,2.3149539194500375,2.316043205251598,2.3285820630804235,2.3400265313949133,2.3939442208802277,2.4729723365894958,2.4765446689173078,2.48390011576311
0,1.4451175235617291,1.4532394244208091,1.7875565969569607,1.7951957914710834,1.9374236863917158,2.0440689795966454,2.0907968315896848,2.1260563536865349,2.1891636330305273,2.191959880175451,2.1930580790866019,2.2057720997257491,2.213608386860662,2.2215772100113647
0,1.1610021556325685,1.221170246264041,1.3524101875867645,1.5080239079697038,1.5516120788509142,1.6346308762283048,1.708979264292259,1.7544547487059527,1.79632777081978,1.8373685747327353,1.8581714470792277,1.8614157221298091,1.8628390137956292,1.9512707426172815
0,1.5263671071198452,1.6663537500934786,1.869055352730252,2.0730655433280774,2.1950154916791038,2.2130224199432167,2.2486030745896977,2.2534797358373693,2.264133521653406,2.2683110090273475,2.2736324097878629,2.312989678471677,2.3138681952681064,2.313969792842006
0,1.470356921308021,1.5688080072383108,1.6208742471917132,1.8512274117668739,1.8577635350490604,1.883722861333508,1.9074583145681168,1.9287903881667701,1.9314079807427382,2.0070518119908534,2.0251126108160968,2.0306102116774003,2.0504625163023729,2.0753451285493836
0,1.2620836394337405,1.3298496144409491,1.5555960484321263,1.689945995409873,1.7461610986412004,1.7584955601573209,1.7881321810374629,2.072953215729143,2.1171951640230211,2.1239276206149964,2.1281794921664785,2.1508751743373775,2.1728869224391527,2.1963552350992792
0,1.7062647039854411,1.9529339882107557,2.0095289005771231,2.1674408145913016,2.1900366591096225,2.2254181897625722,2.2435627551834623,2.2674298947897871,2.3423196811821083,2.3698688750282435,2.416723790474415,2.4253287878859831,2.4299457749299234,2.4674498723963949
0,1.6395609174955188,1.7666008144799041,1.8190306846003221,1.8393901467024723,1.8519866071507212,1.9483173413558019,1.9904960302858679,2.0242410550902887,2.0245891866894303,2.0407167104367305,2.0482578343361295,2.0615303557935309,2.1492689801776885,2.1526986200986786
0,1.8276101474889024,1.9437640461538606,1.9581393007099157,1.9868456723112196,2.0754096835497839,2.092944054828231,2.1307317969306268,2.2037240099040543,2.2194830815576929,2.2492848439140292,2.2758521343628231,2.276463389926894,2.3190920499502501,2.3279569331911243
0,1.8274329089519172,1.8330713627248918,1.9447666733413551,2.0979820594970442,2.3012761585775392,2.3462612560344565,2.4702290195915229,2.4921309499433342,2.5398418427658171,2.5713875911048589,2.651893031782933,2.6586650912911014,2.6774712090316117,2.7191374976656641
0,1.5126775034984978,1.7386675994682774,1.8252800487966983,1.8328368882744344,1.8812892814589477,2.0256370613168366,2.0619880861280278,2.0752293316085475,2.0855269023113099,2.114260472125248,2.2312904987315036,2.2321038672029001,2.2482859088658702,2.2483888178511786
0,1.4600578594867994,1.4969231059129653,1.5012975958763426,1.6122805705547849,1.7455083867859291,1.9727154086014498,2.0160202811597201,2.0396966706253559,2.0796662789038054,2.205472945595226,2.2412533602423408,2.2488791667019226,2.2501751746469698,2.2517294402054309
0,1.378266047075084,1.4057784602560166,1.5327016020343875,1.5549570537136583,1.5878101251632508,1.6153623817179701,1.658345203661836,1.6970392151173574,1.7546084130953996,1.7619734646348155,1.86407527519508,1.8726073445303182,1.8874532814629954,1.9138108728048786
0,1.846549173207594,1.934273162361392,2.2243496084187431,2.2552961197001982,2.267272761266514,2.3049364830198886,2.4475859468385064,2.454001972373514,2.4598973049542279,2.484336122570217,2.5616614044133694,2.5916521490536235,2.6272997745531383,2.6498865187077314
0,1.5523897853521202,2.2198404550702104,2.2384691522155529,2.3543790576447985,2.3562623245132142,2.4306802130925931,2.6998037021455144,2.7522876025175962,2.7740948927769997,2.7821497056468774,2.7833880696389768,2.7980474635588419,2.8098318872231935,2.8204367537733974
0,1.5117225458503878,1.6523644013334302,1.7280514381027237,1.729697647512038,1.791031873440279,1.8133064251913227,1.8714509884797854,1.8889308437410217,1.9068640680461149,1.9325975705638512,1.936319541441005,1.9405486318837852,1.94378367641482,1.9779469274496149
0,1.7826343889983545,1.927666554627659,1.9638104473088906,2.2030861770483923,2.2215515340741958,2.3602490366185731,2.3722231784134444,2.4215776486767022,2.4335151989829793,2.5226327386074328,2.5284835274158701,2.5459231300071963,2.6426363053188537,2.6518089533131102
0,1.6913685008651651,1.7580543636900421,1.7889659063651564,1.8469187178923017,1.8803495643618975,1.9173001081916685,1.956204432312308,1.9818353858077653,1.9827403772919174,2.1488434484300134,2.1890737432032124,2.2007765411901001,2.2073752601133987,2.2476745451570328
0,1.7707943516983198,2.0125678768553845,2.0156781329305513,2.0818462627662839,2.1007799287677691,2.1106499631384854,2.2183628089660816,2.221308408140001,2.2625015403102893,2.2786915128602443,2.2833903494838386,2.3148475897143772,2.3148855567509954,2.3254220238252672
0,1.7335078071385028,1.8677737014948546,2.0280695622754079,2.0456538678571756,2.0655548864384374,2.1936102680697966,2.2019676537443678,2.225321545102823,2.2680063428163684,2.2843750181860338,2.3541011332751514,2.3554043097390567,2.4412357424298339,2.461755751456975
0,1.3570058232930815,1.4725580567752252,1.4911760680555737,1.5475391023429792,1.5842069510506067,1.5877200166252268,1.6543997477398673,1.6601923138175012,1.6912456549671302,1.7699844572814405,1.7743053115923719,1.777497713746899,1.7871429761319881,1.7989099477450077
0,1.6256357421044498,1.9218234502101625,2.0007661741176657,2.1066184228729719,2.1991366527038365,2.2014348550531802,2.2412102695735765,2.2638696006829111,2.2650799165244204,2.2876243846268713,2.4104243349366192,2.4321920983860186,2.434254945653334,2.4456801882528656
0,1.8427701541749315,1.8583159625160914,1.9134344923320505,1.9815676785193288,2.1513151163259869,2.1926303293811511,2.2414052712850037,2.2933631948495328,2.3483176556652161,2.3561817473723248,2.356974067116818,2.3622440309631392,2.4205139345165962,2.4612055337597014
0,1.0753119009928453,1.3047454857446821,1.5466288202138989,1.6330076003688512,1.7438143638401431,1.7755192862144089,1.8848394413360134,2.0163257756994266,2.0304571647117298,2.0347187244896157,2.1014948621979808,2.1147737378539473,2.1551515413382534,2.3139517887112082
0,1.6400903224787933,1.7975937486861795,1.8709727534274725,2.0617000667483016,2.0967170213103152,2.1756754323701881,2.176208115300815,2.1856211950352749,2.2362582682582026,2.2797253881079822,2.2957683997321436,2.476274453782414,2.4883520365209262,2.5137525942621681
0,1.5367007509606097,1.6965738661008514,1.8152815383439935,2.0218437746868929,2.0395485434440794,2.0541138092362159,2.0926023933130065,2.0986125580507626,2.1289669515766381,2.1359679721017186,2.1487492066727278,2.1707551833535286,2.272092045661346,2.2804592728256643
0,1.324822051177164,1.3484523150816201,1.3953650519293175,1.4069528780313483,1.5352770434979874,1.7610596973356616,1.7715961337063078,1.807138382530648,1.8190760783055779,1.9244262331325785,1.9505004540494548,1.9591121774145304,1.9676275954325539,1.9852057882795291
0,1.6654801624031343,1.8619509861626795,1.9259106241227295,2.242865898833128,2.3042572767054605,2.3054751713052659,2.3118010653052892,2.3622663328148454,2.3824386540256759,2.3987998677430262,2.4325202946694207,2.4453805644221585,2.4532475956264288,2.496039560193374
0,1.6979144185166843,1.7150293918921127,1.7786467619372919,1.9893668115257992,1.991729000708673,2.0431883909718436,2.0439646386085477,2.0457203679400706,2.2010224211491143,2.2723357486147089,2.2754747752954225,2.3231613908541431,2.3721676126903741,2.3730089218424042
0,1.4020542663636892,1.4589896875880133,1.5380020097527274,1.5432044139707504,1.5566292139910567,1.5918356295446143,1.6402590393074081,1.6772295610549128,1.7538576675561446,1.7559826229882842,1.7734123097630818,1.8700267386074054,1.9247735428861648,1.9249086250259675
0,1.9356586474709956,2.1438117069976892,2.3128383163693758,2.4982669086554363,2.6563321964576105,2.734041655961434,2.7773844839251858,2.8277883200457841,2.9217152250164027,2.947249788924982,2.9709156381742319,3.0074689918963315,3.051085503715004,3.0514748347378622
0,1.3565320134085272,1.3868380861952034,1.4354691296791804,1.4853753565757932,1.6697189165174702,1.7013671832113624,1.7208081872537149,1.7338337819020793,1.7427180161124793,1.7695634864598746,1.7763278767348218,1.8266162994222988,1.8307596171911209,1.8663835189906133
0,1.9895124699811833,2.1456295427537344,2.2619538572301892,2.3607877984183432,2.4562079710695501,2.4806008926367777,2.5351607783386765,2.6305147799648951,2.6506386672338569,2.7034271568787673,2.7035192222256952,2.7522889276417697,2.7525185815995008,2.7678375144267826
0,1.0644216666312305,1.1639782947716917,1.2098968631064144,1.2721716572385979,1.3889595013093574,1.6011006518242954,1.6045916130670537,1.6055884909826044,1.6213453598065259,1.6350558364010919,1.6759416495148756,1.7192349237745752,1.7199792942498386,1.7229235331469481
0,1.4099136016973122,1.5100144417963119,1.5331686531870283,1.6186542775248882,1.664115383933207,1.7151977874888933,1.7880900055739517,1.7906892270662282,1.7942229253829152,1.7963724501913638,1.8071026320811854,1.8313754109209939,1.8680528123118045,1.872387937875696
0,1.3173108256411421,1.4960918583727842,1.7917223621997691,1.8135051107339817,1.8382319830207587,1.873290956973851,2.0342020405705719,2.0469411322892368,2.0912942147315663,2.0913691378752155,2.1665237204973384,2.1963552350992792,2.2399385689754521,2.2428749474235712
0,2.429398038038233,3.1556977695373014,3.2953199202159076,3.3365130496807032,3.4442525139845048,3.448309345418894,3.4811294115226201,3.5727523613382539,3.5731868057301472,3.5855591809857335,3.6421937582210067,3.6968335044705518,3.6989295822440917,3.7175004071731674
0,1.4547563942505939,1.7130519925278866,1.7422697819960842,1.7843543448762178,1.7872271857356254,1.8349306797611415,1.8463924897501616,1.8464370435450317,1.9032908855828317,2.0307561468441686,2.1414558336860936,2.1576983857963268,2.1615759181407244,2.1690806399186724
0,1.7643527556866281,1.8915235278216858,2.1351218014512647,2.4102526103723121,2.4460064442161484,2.5037754589851708,2.5062860064697876,2.5084172791989965,2.5906369293968528,2.6723498631947593,2.6878225003501712,2.7126359390178925,2.7716860021449472,2.791758361387088
0,1.9804457388010721,2.2653844228870677,2.3134677297054678,2.413469006785788,2.4469299356639018,2.481290902841129,2.6426763725256364,2.6747200741656481,2.7118088266521672,2.7497870912209068,2.7540194375811367,2.7972697531398132,2.8274981845102656,2.8507354732872319
0,1.8824896025850126,1.9513228518124239,1.9527609014586436,2.1669631219775787,2.1767223454960427,2.2761498212732358,2.3336836284174098,2.3628890900366382,2.3842993304307121,2.4288957644852922,2.4522335097018613,2.5020076356159713,2.5268157310542927,2.5761890239696195
0,1.3084368744410766,1.5163141530997795,1.5872043118465156,1.7195966241825973,1.8116951740201495,1.8245533287862075,1.8364954791257511,1.8690814174729926,1.9357756813801352,1.988045415873777,2.013387847646122,2.0480115591484749,2.1469377360185029,2.1537599779798526
0,2.6014090432752885,2.7480533490000369,2.8734453709030663,2.8989076021400355,2.9263441956451386,2.9778730365267516,3.0300146035947098,3.0835593032409543,3.1060129155452274,3.1113477779111181,3.1921002960894196,3.214118167839755,3.2182771557797691,3.2475069341702327
0,1.174716087810308,1.3305262475116522,1.3892380007833069,1.5582429345458046,1.6209811403631695,1.71684188379298,1.7836719710492359,1.7979523004512485,1.8136724065087246,1.8617118335034053,1.8757767513246393,1.8818048454152911,1.8921095278747402,1.8961559412756295
0,1.2193468393095588,1.4828652344622815,1.5110884372466631,1.6052618811233541,1.6074021523491475,1.6252439629777449,1.6441738726806339,1.7079029620958768,1.8496779160381451,1.8616160967269355,1.8958066038920129,1.9488358580560441,1.9719632365648971,2.0424814208689668
0,1.5809352916313975,1.6647048443531625,1.7350832717730242,1.7467885551347961,1.7661907704480195,1.7707455310133318,1.8165175445843043,1.8710455274392883,1.9035199714989637,1.9167467722115223,2.0136676465292713,2.0196364940010181,2.020116024894238,2.0332162515089953
0,1.6909475532225033,2.0267552823295039,2.0925713044651659,2.2275602036546323,2.305498408185489,2.3325065615094229,2.4116543999383335,2.4243926564764271,2.5171736248787617,2.531492021387121,2.5452159685749822,2.6010560631999233,2.6471717083203474,2.675449475208922
0,1.8805987982948702,1.9185615845794701,2.0082878666082404,2.0567889201803449,2.1576819115315202,2.3030615711874036,2.3315834366406163,2.3565995996096922,2.3624282981741112,2.3714392206893105,2.3896294292973042,2.4014350066031236,2.448511717581177,2.4798655389866946
0,1.9036367069662006,2.4777629856591687,2.612850704905751,2.7135730614004152,2.7252362229397029,2.7401017319455403,2.7633605549726283,2.7750002149933528,2.7840737188938354,2.7904008423445124,2.8238917054124228,2.8411635130827042,2.848887448672198,2.9148190978156339
0,1.599171477100459,1.6073476338891544,1.6574787385616643,1.671735237051887,1.6825534964315978,1.8853670388061607,1.9039708970411358,1.9398120581379685,1.9623968279486137,2.0180472189887171,2.0233561326778937,2.026765049375451,2.0437457360168687,2.0619628626905793
0,1.061931017373235,1.298708155117994,1.3089069084005176,1.3570058232930815,1.3741010355257548,1.4421018521698041,1.4639309754155163,1.5163909226580827,1.5955202274960822,1.6259007230547939,1.6591168154777769,1.6660965020658234,1.7211898799711289,1.7299918610849476
0,1.358007838191837,1.6254040748169862,2.2524195281681538,2.2571543385234634,2.3224047146056011,2.3768182328537151,2.4780059131821885,2.5378253788051706,2.5522734751603204,2.5803208693332769,2.6341592157537237,2.6398998022044338,2.6801520069434335,2.7060834013536939
0,1.5150041854704939,2.0876865201303039,2.1386930299821545,2.2759319072659214,2.38896023832742,2.4066907356295033,2.4323105315971065,2.4516814002134546,2.5431091125649772,2.5581550433813014,2.5702571794325078,2.5846932197055614,2.5930558362491785,2.5941565427894981
0,1.4985302917378345,1.5951798237561947,1.692688362204263,1.7468410102597212,1.7747469539592329,1.9193813927176062,1.9215091813776091,1.9493838991774197,1.9627707302403345,1.9637472002137235,1.9880870483716795,1.9881481917286177,2.0289463365334806,2.0307572023981768
0,1.4687583321288906,1.6624530909155348,1.7439743058023913,1.8669343692247695,1.8696322818431026,1.9079684800339904,1.9231469697435313,1.954147383384329,2.0141389492045803,2.0167741842631974,2.0701437203078172,2.0953466468259836,2.1019557755076499,2.1024030644784686
0,1.513020378585624,1.561238404823349,1.5709398448933394,1.6640334348213925,1.7772155967987711,1.8974030133113986,1.8984446745128591,1.9257893975356064,1.9515007022588968,1.9541076285786008,2.0344926727046722,2.0702795622954118,2.0719790246455356,2.0730562059929967
0,1.4470692815770627,1.5302660018081407,1.7681012237998814,1.7813665566229948,1.8195741043179441,1.9081191164467735,1.9542655684732202,1.9557495370780564,1.964080784807049,1.9917508192236715,2.0048101497786348,2.0422525396881226,2.0466875148919144,2.047023035237141
0,2.7173711495425814,2.8279625517004989,2.8380727567080095,2.902718494389759,2.9268946801115847,2.9518839817304428,3.0180308990374902,3.0447871400494133,3.1253512857568366,3.2165795135350437,3.3191844177940992,3.3255844006293311,3.3335559809455941,3.3358742885442458
0,1.4453594958961193,1.4867841590595265,1.4884101804285617,1.520902863866529,1.5420351546987792,1.5592138678839069,1.5613560311874264,1.5621306063422482,1.5690519881036566,1.6085558236640503,1.642289754958135,1.6509388212649945,1.6783347228573786,1.7051922422907042
0,1.2221814566047244,1.4592387657130295,1.4672545050369101,1.5516372982668232,1.61203011704917,1.6597851325259483,1.6844596174972812,1.8342919192731155,1.9148082918075657,1.9361134533113926,1.938048104180164,1.9401103239690565,1.9405101503005375,1.943933595448367
0,1.4234255674769487,1.4610787636048637,1.5576323723416869,1.5837626566299505,1.8475756357216555,1.9347771842689081,1.9736310342576961,1.9960632201150559,2.0002774066762719,2.0137836984577819,2.0559295923832459,2.0725942104995609,2.0762090418510017,2.0771560060655383
0,1.8506236417366524,2.0536859431796626,2.113268774059637,2.1337497359366386,2.1692732490128717,2.1991917723746974,2.2585161846129895,2.3029751187971015,2.3238560769165022,2.3346314382814435,2.4512088835762715,2.4698643718625624,2.4991657919865848,2.5521515893059985
0,0.97084137237535761,1.1107059207247896,1.2109017590174822,1.3478543916563952,1.4362420900383484,1.4895889947867282,1.6128676121153132,1.6132766424296208,1.6177627533384298,1.6730509488090304,1.6730938005461689,1.6906542301980776,1.7019694237449543,1.7092686411095754
0,2.6064357665051454,2.6576558942255382,2.6945031138868742,2.8020440944147689,2.8614278344537496,2.9381725309925915,3.0009498190271802,3.0785808530041106,3.0884036809806159,3.0948519071693132,3.0982338021681142,3.1231448613834081,3.1987945235079751,3.2345028893640877
0,1.1890118706096842,1.6586589742515156,1.6772367092832485,1.7344685581011776,1.7479413114260745,1.7845021021401806,1.8002809863661584,1.8373288856545629,1.8701700405246924,1.8747880575143159,1.9766402087660393,1.9933133966476411,2.0030788097118428,2.0236777571830569
0,1.4039432895860295,1.5068924064312939,1.5218503260368867,1.5268655286064114,1.5940174010021932,1.6143916973008172,1.7412165156243491,1.7493570222311716,1.8358495389498311,1.8459158151142934,1.8496814138301791,1.8665004293838541,1.8674725393900129,1.8897387099270824
0,1.6763469357501211,1.6766916504880629,1.7804950545216267,1.8344469096592053,1.8646120723514714,1.9788477143504557,2.036929719520931,2.051241971477427,2.0532955546601683,2.067425865546912,2.0920243211222704,2.144354694171883,2.1648716004168862,2.1870990126209815
0,1.3548413179673713,1.5000802128097008,1.6468669907703402,1.6701034495487714,1.7446666475772397,1.8727549925026981,1.9478329804240277,1.9881606100685498,2.0120995325365354,2.0141957929849736,2.026592747644385,2.0581318198289056,2.0680344033792881,2.0685729490961267
0,1.2705890420755559,1.5254986864269606,1.724157732586348,1.7471757658377267,1.7754619665164137,1.7781475876277486,1.7963389588848244,1.8717542734899033,1.8884881647105396,1.9208305475425069,1.9321569508283145,2.0166739080783542,2.0611009268819522,2.0673917621475146
0,1.1355762247266263,1.1635342587539268,1.5251264645391593,1.6421643389860683,1.7115961686313304,1.725089389277471,1.7316436881523145,1.7833806710081062,1.7954001410500013,1.8412060180459435,1.8451393444061599,1.8554713605655111,1.9256178757464417,1.9283980474469824
0,2.3408162281171712,2.407463460686035,2.4319603246091157,2.4505778591840137,2.4799581576450511,2.5632713757144243,2.5732217754651345,2.5831129461085882,2.5845721664186692,2.6383758477672563,2.6471717083203474,2.6668948128480623,2.6669291012987952,2.6829517183410982
0,1.3204847635919355,1.4929404683793266,1.5466050770633435,1.6508433315232813,1.738449594197844,1.7741211206412335,1.8016140754064767,1.8245569799792338,1.8422857561786299,1.9325256810716704,1.944984686901932,2.0442661054284224,2.0761483999382446,2.1009800514830497
0,2.0024031068567871,2.1518709049359956,2.2763923300030044,2.3150571312186119,2.37139048000763,2.4208939417027158,2.4777682325808801,2.5689745016141075,2.5795268792725499,2.6199589108754848,2.6435151757623974,2.68494200789514,2.6980812932324048,2.7192950723864566
0,1.6952777261993621,1.7045022494019648,1.8036053878213436,1.8417029941460756,1.9221149631621395,1.9762101716222324,2.0653466314033762,2.096891128280058,2.0998653824132192,2.1209795098360948,2.1220117780546111,2.1275163390026401,2.2075435516008941,2.2086048871884669
0,1.5547479166099012,1.5742825601722479,1.8012292191418331,1.8566994813724524,1.8952114512632354,1.9069504464168336,1.9554357925761057,2.0293394994347969,2.0391925680187564,2.0464889930442158,2.0506015036681329,2.0506688817909025,2.101654466538442,2.1024030644784686
0,1.5451925131537647,1.5783162146469039,1.7088192580498214,1.7714961878602937,1.7956210498751237,1.8108469750585516,1.8436715672874797,1.8438615316004741,1.8438635026628698,1.8472260467404491,1.8939223076645406,1.9025434751625458,1.9446870937525442,1.9965604016687957
0,1.1952917928228926,1.2289082152664452,1.2608485319153415,1.2638298454441863,1.3978241694909717,1.4726676356878918,1.5073798092474382,1.5353189409561017,1.5368030934930126,1.6145645032040099,1.6432826924856967,1.6870176638526202,1.717384999269661,1.7229123903897128
0,2.3306990150563345,2.4783622594257633,2.5491142745984123,2.5615605563682649,2.5870122518218608,2.6273610081549617,2.6493678518633024,2.7473063356814826,2.7587772029125923,2.7679245361757663,2.7792476793576659,2.8069757424122792,2.8736630277754456,2.886551616112444
0,1.7251196939663849,1.7865552881277047,1.8120224187997103,1.9200443522107846,2.0393366560398194,2.0416521468208235,2.0607624758756118,2.088026497829198,2.1965252752531166,2.2168096112671893,2.2295314901106864,2.2796650745694196,2.2948503491193013,2.3301433781987213
0,1.231373265685205,1.4088359474976266,1.4799910820466446,1.5849210086263656,1.6511917324542702,1.6816097209984082,1.7077779003063327,1.7417110246359848,1.745718356537262,1.8634026740795886,1.9052661998812781,1.9218863926051881,1.9509325985834016,1.9924931858188766
0,1.5763358854760006,1.7109445649336703,2.0057707161256788,2.0462181001901127,2.0729613367127242,2.0881010643665192,2.1149434171802342,2.1219235877945666,2.1830478775075726,2.2682253499169933,2.2725106846768517,2.2907968996533992,2.3238736529283623,2.3406777770021341
0,1.1823279039270433,1.2570545460991742,1.4656819877358385,1.4697997528283369,1.5351278541954325,1.5356073668386978,1.5705066479774155,1.6040959281238523,1.6064700902503171,1.632628863775363,1.6764038561788825,1.743093758185237,1.8292234905833782,1.8521570766148765
0,1.5072915193089931,1.5464798727669224,2.2502644196539845,2.284716878189637,2.297412451750763,2.3877703227884073,2.5690147990389645,2.5705770772046219,2.6249000540283487,2.6379003890722581,2.654373950956666,2.6582938731718664,2.6622322223584747,2.680132315399308
0,1.8026423369309126,2.2194584804203474,2.3573732200635504,2.3739252043932737,2.4297048033776418,2.4417335299976672,2.4527622010842798,2.5785105028583621,2.5830285966702609,2.6034567373884263,2.6547106690495257,2.7724722657841534,2.7823424236573477,2.7983611055539463
0,1.304228527182528,1.8255171424713768,2.0032330838275665,2.0499716950341922,2.1679608233674244,2.2481985775891005,2.2939926514820113,2.3507006619832911,2.3561075508498432,2.3858872793453454,2.4049671025567112,2.4053102716647254,2.4054212061083433,2.4469299356639018
0,1.3400615952829622,1.403202643234678,1.4350220424144822,1.5687932998091998,1.7496593522713078,1.8465447044202536,1.8653936731636138,1.9305074778443243,2.02533850514483,2.0653466314033762,2.0726042858287657,2.094171713695296,2.1389723477292621,2.1556160741972561
0,0.95865638251666829,1.4655016522008328,1.8057611682868102,1.9969109824988776,2.0254247722862466,2.092850634125047,2.109858387088916,2.1255396204979506,2.1322883789763858,2.1326471877561284,2.1950525681267163,2.2040644735100861,2.2111099306382789,2.2207112826563504
0,0.82457166842566598,1.945532006885732,2.1650509975322958,2.2927690764741198,2.4180414683706273,2.4503915387996673,2.4622897262637697,2.4780005493182831,2.5917280960380706,2.6503388378067734,2.6551903420573462,2.6961519955997368,2.7080758258535802,2.7306065673807889
0,1.2384683863693811,1.3563279615986057,1.3974317221259536,1.4092619309493384,1.4983003353572897,1.5251521127486143,1.5277155974715231,1.5509411885792102,1.5597070346294295,1.5655005940473683,1.5761407411751533,1.5997090934211473,1.6200484856772146,1.6397112005795043
0,1.9755126380340819,2.2872837921645304,2.2967688302251532,2.496039560193374,2.525514797307661,2.5347223582986702,2.5622324549582891,2.5696990380351385,2.5752152283761389,2.6004421327737006,2.6407684759741969,2.6671329862810178,2.6941552800952477,2.6952853521078715
0,2.1531940598340631,2.5007990460024878,2.5176060428840183,2.6772831407088185,2.6810525583710061,2.6900697411957211,2.7122053734058023,2.7648576019306219,2.7670553943467908,2.7798001298773434,2.786223123701502,2.7951522206877164,2.7979056898886614,2.8324832450156707
0,1.4113360618273501,1.5705001181309581,1.71163938842928,1.8638263333334724,1.9447666733413551,1.9804176969893315,2.040873714115067,2.0417272722679094,2.1118604558162528,2.1499534325236089,2.1752003125004942,2.1877908326105553,2.2200685513863139,2.24907788889583
0,1.6775202256568,1.7697102394420365,1.9872182590548473,2.1498653562470738,2.3876622761633541,2.4279538017068245,2.5556276157273627,2.6398377726911733,2.6530226549818243,2.6691026597097003,2.6822884370033977,2.6927950063719264,2.7581677650232272,2.7781823376196417
0,1.8638418983667027,1.9211899260565599,2.327160589526069,2.339431736389503,2.3461941079993491,2.370849017525499,2.5797644604910244,2.5838956160737721,2.6177182054861632,2.8215943596322752,2.8935469762947235,2.9343000843047493,2.9788342456225685,3.0097599962424559
0,1.6815858908827586,1.7205615843707334,1.7232932620363559,1.816939482317204,1.8465742883055858,1.8754716185752149,1.8829348940086406,1.8871891350708512,1.9091064880360407,1.9349458757314715,1.961051373088003,2.1015951014526664,2.1159481234016657,2.1190581243562958
0,1.1145693947360824,1.4307623568958592,1.4525797322679559,1.4667132182491929,1.5765011789832821,1.6198603158437082,1.6459145240677497,1.668018982005224,1.6696344289754912,1.6890089325228357,1.7214694854787023,1.7307725092888651,1.7896665685227828,1.8338530583041173
0,1.3173108256411421,1.4620008557530577,1.7747422289259482,1.9570747555643058,2.0180472189887171,2.038828862725266,2.0544217691311926,2.0577391116216321,2.0733150429143183,2.087333833761452,2.1125083069122317,2.1598238529967642,2.1745927983369207,2.186428168595155
0,1.8350979819238402,1.9201608591198687,1.9423206134278279,2.4040771755493959,2.528656260927062,2.5428245057347261,2.5459722241572385,2.6649950653854786,2.6746437930905849,2.7435785903587164,2.7506721102598091,2.7615933072629812,2.7912451623080958,2.7919275984539094
0,1.5560281328185612,1.5954253966526588,1.7432163816850941,1.7884744987118482,1.7996594487492499,1.8498443516839953,1.9123936388992342,2.04080632720237,2.063352907510104,2.064587059539305,2.0709784546686749,2.1057194761778133,2.1319353658196487,2.1435167231020462
0,1.3214649198921413,1.5114774113052214,1.6486851293900566,1.816273029887604,1.9362006684175843,2.1732710048546058,2.2206088704445373,2.2317985740890243,2.2730602591912823,2.2763921587801095,2.281616277429249,2.3543103871986983,2.3870673012202253,2.3963323174417694
0,1.4400931888013275,1.4922319624191183,1.5765025069342578,1.6254040748169862,1.7776831430334736,1.898176201324608,1.9708949927717001,2.0225465248165255,2.0885256563963628,2.0915713590473763,2.1618791196553233,2.1646508482156905,2.2144887447152821,2.283802625755651
0,2.8420080222014437,2.9915787292996434,3.0015863865725199,3.0273800589930242,3.2961788899195894,3.4516306854556271,3.4521172887198648,3.5411480721201274,3.5493867602989941,3.5815257777892566,3.6266031907182672,3.6762734940006179,3.6806247890512771,3.6887405049943021
0,1.4620360190327992,1.7999302415294036,1.8404171828799789,1.8892429850091477,1.9495364822422083,1.9929034951547187,2.0014911731812588,2.0275518057884381,2.0442661054284224,2.0998058410604661,2.1169061689699493,2.1214194293378696,2.1467814717158982,2.1490395375519502
0,1.637439958776705,1.6835924774884985,1.6838532945694267,1.7148621551276582,2.0932286419415518,2.1574467217376303,2.1841817511123311,2.2312273318371902,2.2331805266351279,2.2711137480604426,2.3073434692047767,2.3399095021040788,2.3629356920762583,2.3841361233070604
0,1.4057077837319871,1.4432357305636485,1.6004697411761442,1.7032544583732676,1.7466431774507323,1.7646186026312247,1.8838474673920502,1.8939614181662068,1.9666489523493109,1.9760089604456414,1.9880268465565267,2.0101480999841184,2.111446090527755,2.1583451035925023
0,1.7338808579901843,1.7961813050427382,1.9085926235680248,1.9318411320704905,1.9596886734669061,1.9606792425098867,2.0863865040566418,2.1559644746772455,2.2480385683876052,2.2561343645361136,2.2642120213459109,2.3003902414687025,2.3650926306846238,2.3766575447826779
0,2.1258704579583512,2.2959579659150937,2.4496581819750918,2.5866152929902952,2.7213498640120979,2.7928442604727008,2.8260570983220865,2.9754952622332662,3.0371262055563406,3.0696927576087187,3.0995495670218483,3.0995541314153043,3.1036433266079699,3.1140200514665719
0,1.1686848181661131,1.6474397485114303,1.715451405155092,1.7156258133418578,1.7625191023421114,1.7955703989518386,1.8030957531591922,1.8079104874537684,1.8132616133980042,1.8147194687561903,1.822819066277056,1.8314603171059829,1.8591458507280711,1.8676387185239078
0,1.8143857576285198,1.9344908333773572,2.0547504702416504,2.1991703214876721,2.2570991517740437,2.332472750537355,2.4014350066031236,2.5252035621017597,2.6239765216079181,2.706755755502336,2.7404494542458187,2.7526975256086144,2.7603174248647258,2.8417339821721277
0,1.5135711326217782,2.0433232426170713,2.0583087195414156,2.1865892062224237,2.2375836659750146,2.3090267141524761,2.4450689897292759,2.4585471142818038,2.4660597711747845,2.5577644438949068,2.5674023756959938,2.5985296361571404,2.6492338308970362,2.6507738695528364
0,1.0995113482067753,1.2372064442212585,1.2385176223321339,1.4408459365931598,1.5640576811678535,1.6348756806453901,1.6349254486107196,1.6830588706239393,1.7232312064746129,1.8549050948522872,1.8773497718032401,1.8904457795714351,1.9089855193382015,1.9643376786796787
0,1.0892628266932904,1.5791095738425454,1.6849308462333319,1.6952853110714448,1.7117729249247207,1.7697811540543675,1.7884672370735808,1.8334235330890178,1.8406308916937761,1.8423950290880249,1.8518744361596069,1.8812355952204685,1.8858754048757129,1.8937600551358749
0,1.1628938968720333,1.1930680341285873,1.2668419188171238,1.4097674505469386,1.4930322949771451,1.594036116776812,1.6086957111164366,1.6789656800400103,1.7028743698555033,1.708979264292259,1.7622354461995704,1.7817804035387366,1.7905031893351588,1.8548093671373389
0,1.0555854453969939,1.6145645032040099,1.618461014954609,1.6993007318163866,1.7872546247795047,1.8173936470556673,1.8201780672598684,1.8921347449601436,1.9189737483707356,2.0137836984577819,2.0930824286817251,2.1304104345167869,2.1488821252450752,2.1493373221270899
0,1.6864003911839915,1.6912316149807378,1.81279533437339,1.8256286186138497,1.9105124011436709,2.0310290106281337,2.174601407238514,2.177690379289674,2.1852686756931337,2.185389108123136,2.2195825265392108,2.2425491486698741,2.2525012295795857,2.2941831419706737
0,1.723088066525867,1.9748179751769162,2.1208811433432309,2.1720586144932703,2.2384438957434152,2.3082227886952782,2.3414360627838451,2.3521776819672002,2.3683119213633095,2.4137673509190192,2.446912087799503,2.4513269939305977,2.458660506521567,2.4858429544884997
0,1.7568786225673145,2.0401098713381831,2.0638445678612509,2.1259741959188845,2.1559079952520843,2.1564027575705866,2.1721440961306162,2.2184149876816868,2.3287235273823743,2.3564735492602806,2.3951783286245343,2.4270393616067376,2.5302720052886376,2.5541474659342303
0,1.5695389025720876,1.5791547335862577,1.5981855209013796,1.6288681074623794,2.0046145346375073,2.0463751506994172,2.0815899415519108,2.0983999984087029,2.1068222783608328,2.1170067079822035,2.141043542520888,2.1840139584856031,2.1860496501109963,2.1946085450375361
0,2.3459363505791937,2.7635477857266997,2.8681776754006609,2.9492247068960875,2.982958749285507,3.0327738162385214,3.0569870348125399,3.4086250046911526,3.4352220416971018,3.4476100303792356,3.4534941136450867,3.5684170907438415,3.6102265925196155,3.6528730157735012
0,1.6382622054536153,1.8165521652183925,1.9380734645763895,2.1742698496264716,2.174763401895921,2.1776646556199464,2.1822465958225048,2.1946085450375361,2.2320330203122998,2.3311236302866001,2.3359208933023679,2.3973783549213494,2.4007117953443231,2.4091062851873581
0,1.2781671695284031,1.3513704848512011,1.4582779428860313,1.4891248073383718,1.5083736722544514,1.5158685944701629,1.5282972037124349,1.5817955329307296,1.6195130313445893,1.6275338667719457,1.6615736557712342,1.7118654744876156,1.7273331767787434,1.8026094910182742
0,1.3014785770524546,1.4035234301886541,1.5815084689338021,1.6927013674704985,1.7311048617859011,1.7386675994682774,1.7530423945617288,1.8494096193728966,1.8871496015543914,1.9103678114617153,1.9409258381855343,1.9558895779271419,1.9572916176384492,1.9680881222151214
0,1.0145899478512455,1.302384465801175,1.3149433103655834,1.3295195585444555,1.3580064619382368,1.3828150811057671,1.3991842623713844,1.4024478586210467,1.4411149669266559,1.4984856213122579,1.5313001156206618,1.5478449872998283,1.5598709061092566,1.5872520830190717
0,1.6534031622166199,1.8107382825470058,1.8682865597590608,1.8748842595174029,1.876756751896548,1.9015387218030704,1.9118137872672609,1.924036687741717,1.9400014652668163,1.9586009976141083,1.9669040657299521,1.9736632495075386,1.9764153034910239,1.9783288433042039
0,1.8881327218360426,2.103116253763206,2.1625559694344743,2.3452114202042234,2.3651154021010909,2.3795205122074661,2.3979233144296357,2.415020252955856,2.4175944991689557,2.4932486485772611,2.5391903167998859,2.6272901268296418,2.6704137716121248,2.7252351617406139
0,1.2924147853834222,1.3120939018720581,1.4307623568958592,1.4774214901597833,1.6707204530620703,1.8242186589379332,1.825942691858389,1.8748842595174029,1.8788854998733211,1.9379149507079694,1.9555319015264809,1.9646421434359544,2.0510438995641871,2.0512307214385905
0,1.8715626788335091,2.0262434309498141,2.103143790461377,2.1367225436622435,2.1840139584856031,2.2802624288242539,2.3209582528311148,2.3286155577611485,2.3622528505912546,2.3704110786995081,2.3709815431902213,2.4294094769604251,2.4511009437981812,2.4948458107003697
0,2.3105167681272643,2.3412845686644088,2.3794263790055759,2.3917355775045301,2.4396223449364411,2.453668445649833,2.4652552378669199,2.6885849053045892,2.7051404417590414,2.7187736744857895,2.7812422736398781,2.8087304061884777,2.8216496743165669,2.8334420507127134
0,2.0730562059929967,2.2882071299247064,2.4223949818194903,2.4458934368472915,2.5548777354452348,2.6069268546529378,2.6104592547302001,2.6226024986795715,2.6343942458007392,2.6519862493618303,2.7114843034680574,2.7187773380327691,2.7976832115504324,2.7977186969767498
0,1.851950817814956,1.9352782742050934,2.0013375033626906,2.1222794165244712,2.1777976845405194,2.2458153119750039,2.3364835062931251,2.3889814648798455,2.3918522528861517,2.4078290217288876,2.4266041496954522,2.4434633600069109,2.5130705253171541,2.5684141977392247
0,1.4427102618672754,1.4451175235617291,1.4489783681251795,1.536746029927218,1.7891442364970853,1.7915824288329516,1.8155791970820641,1.9004009951217573,2.0455192810966021,2.0603366888090466,2.0639118805465029,2.1005822157037315,2.1581449372066852,2.1906009250933711
0,1.2051067185407638,1.328587113764224,1.5661906366288165,1.6558157513651324,1.6698189714893421,1.687751636022564,1.7438143638401451,1.9078647584140387,1.9136254806239186,1.9257239755825148,1.9274032078329926,1.9482860495745224,1.9812811492860676,2.012392901927361
0,1.5284384954072627,1.5464798727669224,1.6508360313103139,1.7263889441649782,1.875380759734931,1.9457121176065724,1.9806817056499537,1.9995612681145805,2.0140242381196014,2.0192744168018435,2.0335250182718769,2.0395391453083391,2.0503871386117862,2.1645011110900692
0,0.85494707963776095,1.2431619339461444,1.323677821051517,1.3664262919074903,1.7601933532298202,1.7718904202946715,1.780266939912043,1.7948366945038676,1.7956921425793495,1.7978611195828158,1.817144840982085,1.8245569799792338,1.9229156686690805,2.0023346879884754
0,1.2843948063213126,1.8017990033244349,1.8334485687908337,1.9970244627482434,2.0692790094706588,2.0970073248532048,2.1198317760329251,2.2181636224267343,2.3267206946139667,2.335416804535134,2.4072412013720257,2.4546435836865244,2.4679959017155535,2.4788139979458701
0,1.5383914287349352,1.715346590237411,1.7423354420731414,1.9504544048565446,1.9767889456365968,1.9973782971666656,2.0547273860304043,2.0551003251288962,2.065284696451168,2.1182208732893919,2.2447791861614657,2.2721849699076548,2.3015194080161692,2.3205816369590098
0,1.2342975465220305,1.387143131068763,1.5663190085484109,1.58760599285042,1.6588455971255514,1.7242670532199518,1.731116407136142,1.7604454042403794,1.7705722070566587,1.7799491750645753,1.8124459109586821,1.8414618354776131,1.8772767956313421,1.8887377970891814
0,1.2676351270154917,1.3365371198552949,1.3875446082345655,1.6488271111834283,1.7008146685779713,1.7906394509370454,1.9361817023966867,1.9427261166220198,1.9716885932981056,1.9850341940227698,1.9905086812306021,1.9932560210744863,2.1125338816381194,2.1239735706833538
0,1.2129032254473413,1.2445295089456294,1.3048737807630393,1.3123728065622771,1.3338550588496496,1.4003374306228757,1.4636562431420677,1.5187999041717284,1.5246980203858098,1.6042200095294683,1.6097854863041221,1.6158032609266337,1.6701669572215909,1.6930705486482454
0,1.4824086498963422,1.6061747695486066,1.711220460283553,1.7250260357482685,1.9227901396194864,1.9764563058212925,2.0049967415136449,2.0534408904823387,2.0883106287494773,2.1433611405762369,2.1693610049449612,2.2181922302620234,2.2681548376438418,2.2928209071660803
0,1.8927686125958434,1.9805286248697873,2.1122564974465488,2.2159538391449076,2.3078086909081996,2.3383895017493859,2.3470513041568903,2.4100465272401448,2.4416435843314352,2.4579090230198029,2.4657644310944042,2.4914692166443766,2.492679439697671,2.5049116076586659
0,1.3614209364598169,1.368707605281134,1.4684789979174533,1.6437361338696259,1.8829371559218415,1.9288752308757078,1.9600371861973709,1.9832298746659449,1.9839652640612513,2.0038081675741855,2.0162715910849078,2.0450069981065431,2.0528753250176179,2.1027445228880759
0,1.6011024096301063,1.6072124274380146,1.7006827152749124,1.7006874949328201,1.7540537870265867,1.7924941557412177,1.8087993642369207,1.8432668169472592,1.8601048238725995,1.9674605375213683,1.9828900213711718,1.9937823389098863,2.0342027620526553,2.0449387671683237
0,1.4578526297685503,1.5451055178736004,1.71761418163764,1.7692768963066829,1.7801397444123657,1.8078514070509799,1.8557065179045735,1.8575137063878908,1.8617118335034053,1.8967843662613058,1.9193813927176062,1.9561062664379611,1.9644319691312575,1.9804457388010721
0,1.4434281858628828,1.524672325869691,1.6149572181855236,1.7485373693849493,1.8728336066803748,1.8922738642679926,1.940796593272109,1.9829724495690226,2.0409192548968726,2.0430263027165783,2.0718923477331366,2.1151451231438512,2.173718059973794,2.1920196058632286
0,1.778921483519454,2.1090162050260943,2.139669379220666,2.148627594311781,2.1738444627787952,2.3791632928561297,2.5936683950250004,2.6262330497160091,2.6677531708502604,2.6952132318674056,2.7166815912719509,2.7267238988800186,2.7522883370387721,2.7636053588099299
0,1.3723469955700156,1.3885294316758514,1.8480195388316534,1.8895134772220394,1.9187524608569029,1.9425620513113906,2.0010366500471872,2.0362043392839886,2.0495223514448568,2.0781480777769303,2.15463578848945,2.1872873504461143,2.2107605132023003,2.2121872337531618
0,1.3019017324496727,1.506089840443035,1.6468345017918402,1.7884207802533123,1.8144209482654658,1.8318613051978774,1.8948134754253176,1.9092364739919825,1.9148692433410681,1.9391789947872784,1.9472170829417075,1.9555319015264809,1.9764072252756755,1.9850980763049404
0,2.1380758441852104,2.1745158773039757,2.2140237418487261,2.2674900548118182,2.3663853054832602,2.3868494647817031,2.3954332084074967,2.4308264231536141,2.4381725889758896,2.4395740026703812,2.4649904168502417,2.4675785173266513,2.5222240100747313,2.5726635977280448
0,1.4387932451897951,1.5516254379771464,1.5573131321483065,1.567461962867396,1.6308971487394879,1.633319223587103,1.6730938005461689,1.6858843687992084,1.9179784275709744,1.978547032541865,1.999473053743287,1.9996128061496412,2.0250000199388101,2.0617245954458534
0,1.6459484078480311,2.1118783316503293,2.1650039255101925,2.1854284969048927,2.2005463169120087,2.2521500156744692,2.2730167136937536,2.3560005807869628,2.3644964435406606,2.4086542074432726,2.4322593608591743,2.4368118349744869,2.4447236599433269,2.4577348583721776
0,1.9470457822561955,1.9625228177287812,2.0481505653115408,2.1302930158444986,2.2354787033800121,2.3038572925622938,2.3212660380858323,2.3280482309066937,2.3783850105272379,2.4040484616538702,2.404482445368874,2.4732414599330026,2.5347486621228628,2.5643850077226054
0,2.0966244410904324,2.3999137116827285,2.4111954646954494,2.4242366617002697,2.4469460810184875,2.5052306555603403,2.6555287789025148,2.7132574032720767,2.8135042842174274,2.8457372234852616,2.8516965608946041,2.8651549443623088,2.871819184045683,2.9454926330746121
0,1.6947755389453216,1.914205817976687,2.0041441541659917,2.1351606680653217,2.1391447462205928,2.360741197735583,2.6074576701560228,2.6264542881697075,2.6677247704409037,2.710837324860218,2.7668365825768824,2.8049347286875586,2.8277371518768608,2.8295777347032134
0,1.6852112493416662,1.8534882939707984,1.9310044984452153,2.1672771669450728,2.2235323386496129,2.2557809913261782,2.2578770704048452,2.2669658146251583,2.2669800272785401,2.2947569581688447,2.3099879927467182,2.3114824404762815,2.3748564140018251,2.4257447695855929
0,2.2569625402053588,2.6503619643499894,2.6847232351007206,2.6872840240523628,2.761542248255334,2.9574930863671134,2.9959233193655663,3.0053490044213818,3.1086744703005555,3.1196552923553789,3.1296555856385249,3.1488301356148907,3.1511706858702579,3.1720329155987401
0,1.3164559817299391,1.5448173312710762,1.7911997421225399,1.936223968114867,1.9719011984679327,1.9922257652451825,2.0075073568285782,2.0326866267830686,2.0482097983143914,2.0909603078762751,2.1046643721772025,2.1103749638125047,2.1194740251094837,2.1257841319134423
0,1.9197195664342581,2.5786700577079342,2.6898573650855133,2.751127733556042,2.9515373915776655,2.9734386598466553,3.0108480426977589,3.1365584432170706,3.1416293569997187,3.1650720695230459,3.1659607838871877,3.1741461938583502,3.2091576561712971,3.2403405503745568
0,1.5311217889917343,1.6511557792317735,1.7775294105403157,1.7998400088249165,1.8179026042659086,1.8597441722234791,1.8907867630162747,2.0266028360694901,2.0359543191225207,2.0599531402980142,2.0865146185755141,2.0906669836343648,2.1262745866764896,2.1334284499735032
0,1.2571066798969213,1.3714702832756951,1.3818055779903375,1.4828652344622815,1.5688080072383108,1.6002425773373696,1.6128676121153132,1.6528688873613553,1.7426559289674992,1.7453539241039546,1.7461019223031358,1.7703626960680381,1.8208227532728665,1.8258754104895436
0,1.7193521562477103,2.330860447755807,2.4186523447797623,2.5592654139382178,2.5614126837834097,2.6363983715777941,2.6666721188626212,2.7113310432496212,2.7614381133053763,2.7893599584306803,2.8635322915525725,2.871968656809087,2.8776390007915849,2.8852597308346422
0,1.5888564144245576,1.6695713489753232,1.7693091572145541,2.0381188945600566,2.0488641911521182,2.0528119567060226,2.0553153158703172,2.135005713999953,2.197243209435416,2.2004173760539061,2.2474038766960138,2.2808160301294471,2.2831641261156386,2.2910110631957097
0,1.5675153971159355,1.5722967767579068,1.6254188243964418,1.6909792118288678,1.8327961204983036,1.872045702582547,1.8841059373354194,1.9626181433891923,1.9632805406191749,1.9999509173878935,2.0569701042016555,2.060700429449223,2.0774346138449866,2.1166119597998709
0,1.4755176296681478,2.0918344544394101,2.2656776052200978,2.3269192366695663,2.4625270933994354,2.578995305562882,2.6465711952009925,2.6478506086933868,2.6680325586852236,2.7148129439816455,2.7377285082987943,2.7723008112226433,2.7839899290655032,2.8007550931785854
0,2.0829130316829256,2.333517975450127,2.5309468516535669,2.7012164286112612,2.7606295404529035,2.81818271106023,2.8383790252205334,2.8672729306946012,2.8688178723958857,2.8827570501944892,2.8855729074568401,2.8904754640436305,2.9730499925242464,2.9818105225361644
0,1.3870547860501352,1.4618652214589061,1.4919054280652544,1.5167066113472079,1.5387654034944751,1.6064700902503171,1.6506940373342924,1.6940018649630044,1.7053982267449694,1.7170648266065704,1.8023672809789779,1.8128282766500463,1.8233166394482692,1.8376994812903431
0,1.3454233321014963,1.3748517622106953,1.6085835353295388,1.6180283704503398,1.6482868876669861,1.6607232053419789,1.6730684103762314,1.7677774463804032,1.7728433364258371,1.8117546253594168,1.8391275692358304,1.8481243307131248,1.8906281640252227,1.8933844346239304
0,1.3507334120927887,1.697422616984025,1.7643114071292105,1.8126615935071981,1.873426315309328,1.8770934444635581,1.9025825847026143,1.9809752108784544,1.982811920386796,1.9869665884696737,2.0093699901865825,2.0637815862119995,2.1552386438540987,2.1649827607486158
0,1.081927687955957,1.35230732060585,1.4256506434473182,1.4904429485704449,1.5791095738425454,1.6158032609266337,1.618562754053267,1.6644838461518592,1.668782996307224,1.7078889616078259,1.7160063146339406,1.7355246119317702,1.7413296189394427,1.7530423945617288
0,1.6349422242329517,1.6421075697687082,1.6536912426021759,1.6697204990317092,1.6726937060861626,1.7779828508269382,1.7813665566229948,1.78780928330483,1.8121507400555388,1.8787812735925418,1.8905287922351433,1.8996515057941592,1.924621222866258,1.9720468359474936
0,1.4912410592193215,1.54670084934399,1.8404760597818217,1.9026970371106724,1.9155176688079207,1.9672463677710235,1.9929972976039256,1.9998118042470472,2.0742145684208464,2.0910323242385243,2.0985148120509778,2.1137561264810252,2.1147387922506518,2.1413905395574133
0,2.6203884351913493,2.8297497586298834,3.0725145267461595,3.1444386002000546,3.1484561026778337,3.148644564905676,3.1640201132216341,3.1907777934546306,3.2042730701035262,3.2420149914065548,3.2519859885869371,3.3185886191167744,3.3515680973702366,3.3717283966182232
0,1.799472981929958,1.9802812054274899,2.1585712241917672,2.3195489165977143,2.3923651754153283,2.4711231852556352,2.4766587667481073,2.5150732949377486,2.5868756803409667,2.6610190359682355,2.6745400554928067,2.6999829946657745,2.7533122993307653,2.7881681233974054
0,1.3608907124523675,1.4105725578500665,1.5929879117620438,1.7957152237501215,1.8142657799978497,1.9586669487285824,1.9998118042470472,2.0130485214048708,2.120116386427918,2.2224988579194354,2.2592415746147494,2.3883685433671009,2.3917755536367493,2.3971194536095783
0,1.0194342440210102,1.5757537808166713,1.5947839855445134,1.6198321035778855,1.7007867826877143,1.7515099664486531,1.7656596452387348,1.8043947017164541,1.8442664523484369,1.8847488708185021,1.8968394008086662,1.898329623969029,1.9273813570715785,1.9280169576594126
0,1.1441966997685651,1.3405654112407182,1.5434655653910592,1.5614337590448062,1.6020245383565994,1.6346308762283048,1.7206258248816737,1.7741075126420132,1.7817804035387366,1.8420766352808007,1.8498443516839953,1.8874532814629954,1.9132856140681807,1.9144637173676453
0,1.8671889823776642,2.0194085728179321,2.0238981258256481,2.0981736497318999,2.1513004592032017,2.1769109828907709,2.1968912420248801,2.2539741283955963,2.256832741532524,2.2595141091739541,2.2625811944952527,2.284509643154061,2.3458442218833682,2.415417768138358
0,1.6112927322950221,1.6835924774884985,1.7450837691244863,1.7646404625145284,1.9467041202975757,2.0698597984922471,2.0927074201535221,2.1260918204371109,2.2779112533480679,2.2983806861496756,2.3705084401117351,2.39784927926567,2.4455349235245665,2.4493983499313337
0,1.9085116868880014,1.930740277293064,1.9515828785094593,1.9596335141215129,2.0065953523698776,2.0239893708323011,2.1011012076145241,2.1301424799180193,2.1494969668898336,2.1535003578970771,2.1776206497046298,2.1935953183501073,2.2138386737034073,2.2282231966379435
0,1.9985464760935272,2.1078710057659862,2.1214194293378696,2.1609558472911012,2.170452106921545,2.1935953183501073,2.2269073285061411,2.2294285680596948,2.2731385195160256,2.37356893649625,2.3826660987687664,2.4757253447165923,2.5165256275724839,2.5358192486159936
0,1.9269805083722678,2.1971338345605926,2.244970474330338,2.3013323048669792,2.398184725314263,2.4747985332827684,2.5231210705214315,2.5243737571944074,2.5386447495595723,2.5819670232949896,2.5851661624481252,2.5966397775627632,2.6064993261543088,2.6065413163954183
0,1.2832293258647065,1.4732131784988443,1.6670108288458374,1.7105329316816538,1.925943068242123,1.9348250926087611,1.9373464238736844,2.016167034037621,2.0365572951020221,2.0437132496149251,2.1073794653123477,2.1110493475321799,2.1287235264859512,2.1850838248139954
0,0.99747111808995514,1.0912265946175024,1.3649732262186427,1.7273216752332226,1.7757362785634354,1.8446895683644247,1.8665867575989137,1.8788655773588609,1.8892450816803548,1.9350237976703044,1.9455047880546228,2.0169328945494689,2.068504686195864,2.0982979834480187
0,1.3501343336708593,1.4253548685523685,1.5359375248892626,1.6081902111804351,1.6165789774275563,1.6302667093040963,1.6514054500415256,1.654088187745854,1.6933498558611437,1.6987796785594804,1.7023087491229609,1.7209678307567398,1.7229235331469481,1.7362276734914779
0,1.6822396142922051,2.0291240861099711,2.0616863831795746,2.1161170189921616,2.2055987282969167,2.2136475327660623,2.2889714547843827,2.3249941113615797,2.3316033407434973,2.3956380741894256,2.4288735190294646,2.5006730417617504,2.5249044823454287,2.5443158471630936
0,1.5889466919596646,1.6432053774086555,1.7570710097680748,1.8117546253594168,1.8317737089433503,1.8956379880445355,1.898176201324608,1.9001532524876696,1.9034808476557976,1.9808879137914595,1.990381369180499,1.9937613633928033,1.9942075898840779,2.0360731452874572
0,2.1046643558686893,2.1374918466607982,2.2059172016003554,2.265594174816203,2.2903814020761977,2.5017991158831987,2.5199853230524223,2.5342856421450159,2.535904363458132,2.5388198827870228,2.5793481106953156,2.6736588665139607,2.6769893297271232,2.6843813314462914
0,1.5981855209013796,1.7816858813906034,1.8038605118294291,1.9358623186575579,2.0722101818922081,2.0761561833237092,2.1850916773627769,2.2346657573014235,2.253104895997831,2.2899481962503523,2.3426205363598074,2.3649648583107807,2.4461205214798198,2.4552585986895101
0,1.2051067185407638,1.5466288202138965,1.5799922456083881,1.5980562326747871,1.726583923121787,1.8430131947053225,1.8876300320087911,1.9000995761163293,1.978547032541865,1.9801965091481089,2.0016675753262683,2.0381723228557171,2.0688475697020032,2.0756674382013203
0,0.96407225895299187,1.4534546855051382,1.4791055031280289,1.5098549859140238,1.5462735266175267,1.5909568087770853,1.5967573428525166,1.6003717276359308,1.6115266809965401,1.6348705914353197,1.6875741492595813,1.6968407665916396,1.7566763195470914,1.7753977068056246
0,1.2611241001891662,1.3204847635919355,1.3792186774639463,1.55445066005789,1.6414003706387952,1.6698719898260062,1.7148469805398718,1.7601933532298202,1.8173725888618308,1.8174152171994795,1.8182644713575167,1.8187397966440866,1.8807067550323038,1.8860486438526745
0,1.1823279039270433,1.2671929899528498,1.3467851798083741,1.4135063694282188,1.4547563942505939,1.4836597095598987,1.5289763285475453,1.6412540581533406,1.6661361911341397,1.7129465624497642,1.7424917117325036,1.8116845881081352,1.8587178107637172,1.8879094562467247
0,1.1686848181661131,1.3044063619299067,1.4159230504509095,1.4468804093646592,1.4770403958602691,1.5153037031416423,1.5189396994660571,1.766595118188764,1.8023830888348911,1.8025676401707686,1.8382319830207587,1.8728620637222497,1.8970504432672888,1.898330015957699
0,1.4539388543202749,1.5859608559428651,1.6508433315232813,1.8352432332572179,1.8712043418569817,1.8727486380381231,1.8878555542826376,1.8942830445429761,1.9273813570715785,2.0267331194582203,2.0271730360537292,2.0454013628263596,2.0948095604172603,2.1511879497495441
0,1.4333894785554231,1.7051970174429691,1.8208970969098601,2.1068880411144586,2.1426127089676261,2.1463934527904369,2.2420947011692536,2.2535078747417678,2.3360758259556715,2.3494624298427547,2.4073400273121854,2.4216267983455615,2.4265961558067426,2.458402000827129
0,1.402604857710976,1.6365638717611362,1.6985381629543523,1.7223311690403922,1.7647876620849827,1.7677005943398743,1.8331552945171952,1.8521299016330175,1.879374021251117,1.8935825854500994,1.922621053318206,1.9571575177235323,1.9585525890293449,1.9632155462912226
0,2.3172566068369114,2.3748520568277702,2.5091720979223782,2.5217830699977308,2.5713549621937819,2.6762604982733165,2.6997068359645855,2.7248853619121465,2.8163216749054807,2.8480182969456087,2.8889847249268459,2.978362900923158,3.024044268010265,3.0349837562705018
0,0.68995409743181235,1.4347594114298385,1.510136434955613,1.6492612520085908,1.6499135395620559,1.7037390255565565,1.7120625397202078,1.7168583686303209,1.8072043223927756,1.8574279259463393,1.8754716185752149,1.882016908410302,1.91280316805719,1.9180255122383651
0,0.85092414839943287,1.4513463597807625,1.5397015950816382,1.5999147019728452,1.640168476401634,1.6552935289968269,1.6916827972788844,1.7094627887267992,1.7763782284620966,1.8077253165229958,1.8464223243539533,1.8921488403706723,1.9471861419997216,1.9654515689548111
0,1.188775683917918,1.3792186774639463,1.5373039580921295,1.5711364786868622,1.7516574546900299,1.8079104874537684,1.8284122263788682,1.8696322818431026,1.8927397012320828,1.9052661998812781,1.9267107776527552,1.9835414606082504,2.0023057337984969,2.0053390534453204
0,1.3402158260370323,1.4565952553133812,1.7195425747892776,1.7958746769356573,1.8210166840106352,1.8249785127480858,1.9859850773149432,2.1116858103797567,2.1582328975830753,2.1673653468914806,2.1864891808471465,2.2059124767763794,2.2177579421264637,2.2492125682181325
0,1.8987583943849891,1.9879836236400741,2.0236868837217816,2.0898295364884922,2.092161577416749,2.1004479170311878,2.108380297194961,2.1707542463309419,2.2810654358557723,2.3398014557324331,2.426130122508888,2.5522895705803426,2.5819523750395583,2.6539691336993778
0,1.1767259728582273,1.255214950186341,1.4510692906852909,1.4578526297685503,1.5582429345458046,1.6788370668867159,1.710764864354019,1.7148276914406246,1.7646225387208168,1.7704362003887439,1.771595898071612,1.7764163715416366,1.8443305135957093,1.8506197670445865
0,2.0209688668199486,2.0299456737823536,2.0938005145810874,2.111820032477719,2.1864891808471465,2.1948470179067123,2.2599263737940527,2.4633413434632287,2.4855322914895588,2.5113790120233599,2.520274089299074,2.5503384637601418,2.584877415616333,2.6421597885743688
0,1.2221814566047244,1.2995814610901251,1.5559098199080865,1.6133530080987819,1.6219530535316906,2.0014597652576751,2.0121754148286111,2.0813031981284311,2.1255398942204788,2.1462018320984768,2.1488498335229158,2.1599842215171434,2.1672913909561005,2.1721440961306162
0,1.3501954462846373,1.3748517622106953,1.42661115151025,1.4698233231125091,1.578831313116261,1.6224866461616338,1.6332166597816067,1.6814882732296124,1.7442246030987743,1.7612558399000808,1.7804195701858418,1.8085576791885454,1.8094554373049421,1.8718680767362956
0,1.3347303045527381,1.3741818700878128,1.3914187367755806,1.4202260597738867,1.5701020131806183,1.5772197417121083,1.5902355467239744,1.6116435591946059,1.6180545029862505,1.6299945309820298,1.6382659904750101,1.6619432559703582,1.6780175895103431,1.7546398375038614
0,1.9326308553302827,2.0201888104832753,2.0686631774478967,2.0702231935695563,2.1548502745332452,2.1632915353730291,2.2009936370465271,2.2776642180814846,2.3327073303596144,2.3368503840740575,2.3500202856685868,2.371948916167101,2.3765939196810697,2.4285482322971483
0,1.3307044370411849,1.4434285492606374,1.4919054280652544,1.5174974461426995,1.5654777640436413,1.7893308092072093,1.8892833520633976,1.9023053738136606,1.9463509336254357,1.959409109780557,1.96253533991257,2.0154127748709412,2.0200944278333073,2.0959137365418314
0,1.2638298454441863,1.2673440437879528,1.3710109451898818,1.506279052494117,1.5100144417963119,1.6132521676732987,1.6419840380112924,1.6470761016734046,1.6496023239021707,1.6548777366135718,1.6726171201286473,1.7211543790599708,1.7228326702572039,1.7464004186801165
0,1.4291143805131148,1.4448043456773219,1.4588250527187829,1.5272933193823224,1.5452292417940774,1.5867664587472883,1.6063583233927079,1.6967347445907583,1.7756237552719196,1.8010399529276468,1.8853019513927953,1.9232057933167237,1.9395958332785337,1.9656771348931821
0,0.80941155142869858,1.0930629390689168,1.1673199049057006,1.3241095738778104,1.3944980914468752,1.4175529820592405,1.4354116026231056,1.4575980524803773,1.466513687611283,1.5136418628966393,1.6205447479148516,1.634259470487651,1.6470761016734046,1.6546798023644056
0,1.1641533214457169,1.6145042365596678,1.689945995409873,1.8790081509585861,1.9123936388992342,1.9326476861268709,2.0439790048117645,2.0928241740107878,2.097500948711545,2.1163263781523631,2.1291284695042667,2.1547613326985489,2.2622823609656844,2.3105185349749067
0,2.1714935276630891,2.2276531472317758,2.3063324452897778,2.3368336610519527,2.3591003033636415,2.3598082077662124,2.4049671025567112,2.4241010515143926,2.5096598454255763,2.5626608420581127,2.6806503063966969,2.7349851851065159,2.7453531057598508,2.787651504067278
0,2.1307332222820778,2.5482740222404354,2.6843046567107138,2.7155270559253673,2.8536365549820597,2.9510859127716933,2.9826958090083009,2.9958306465625775,3.0589214169617991,3.0759910816135778,3.0863813783092082,3.0967236057112331,3.1054216201168452,3.1138849171202287
0,1.9035153831216514,2.0645906422966713,2.0994447401760072,2.1515852209246775,2.1892153788217525,2.1996352323629229,2.2991672711666138,2.3272638697414041,2.3822127432503146,2.5774180984741459,2.5838899700036064,2.6335491551728478,2.6348497748040396,2.6925457621669113
0,1.4646005716965638,1.6061942024399101,1.6784147660632549,1.859119106845958,1.993450898493506,2.1282703958484115,2.1393807698893976,2.1735247835931104,2.2037359230539657,2.2631301487511468,2.3745924567266767,2.3776475841379932,2.3875639701661395,2.401435000329339
0,2.2314318176383727,2.6236820253260298,2.689940968074779,2.75676664342329,2.8100775282968997,2.8551429017023358,2.9999172506850456,3.0132402296527627,3.0228916170524487,3.0512943051090948,3.0760485077607873,3.2140927519229754,3.2146014594197725,3.2839265039286518
0,1.2181452103496444,1.8188233330559858,1.8547634122729797,1.8733242986757495,1.9059174630727405,1.9520895974754551,1.9592265954676955,1.9825662229022918,2.1473872401664829,2.1627679649896336,2.1635068515877207,2.1938125406000735,2.2072605752658592,2.215929165059952
0,0.66397704483517961,1.2150519629234229,1.4348967420910099,1.4726214963324311,1.4976898390480515,1.5146764974961948,1.5666448733279092,1.5711764426456432,1.581951119005325,1.6031280594696931,1.661432263426688,1.6871184066479779,1.6940018649630044,1.7108144860039411
0,1.0085389996217591,1.3965295125390651,1.4359560472250177,1.4762379888616699,1.4992500958139876,1.5131061778287436,1.6221766811726948,1.6301340566868356,1.6806477071993151,1.7014258727298193,1.724157732586348,1.7323904586204719,1.754814761370485,1.7628920066220837
0,2.0888336365674798,2.4007663769864274,2.438082499923234,2.4507479121109785,2.4816209549803818,2.5432172047865644,2.5954041033738067,2.6630031951100901,2.695644178804661,2.6977734589851257,2.7225238853328149,2.7459827401647843,2.751743871427911,2.7869498133576904
0,1.338337442973246,1.7205615843707334,1.7500029848075416,1.7774056205980122,1.8072043223927756,1.8603880296392132,1.9469638928069435,2.0172343809310926,2.0775810414410771,2.0877565655211257,2.156854526458631,2.1650086511181468,2.1868812005595597,2.1925894409361395
0,1.8728175800312896,1.9066114397611804,2.3399521040221916,2.4808108189136737,2.6701749554296019,2.7519100571712083,2.7683705568625263,2.8052608453948857,2.8374874333242333,2.8828304593047158,2.8876591986475018,2.908956721482324,2.9375536762467198,2.9629958441416688
0,1.8036372689390991,1.925622791519588,1.9294449324891965,2.094830281130303,2.1256991386467115,2.1902721902237485,2.2613087368292382,2.2733210631802732,2.2893212909003391,2.3437226398180377,2.3673325459511543,2.5423705768642249,2.5729923264313928,2.5769341784301334
0,1.5168269166298651,1.6182755965782676,1.7113425147308137,1.7281711668266091,1.750657761781125,1.7723653626939728,1.861878191043145,1.8723234177508896,1.8971715347310458,1.9317673257520573,1.9406304487809314,1.9472489627384484,1.9515620655536845,1.9784405647248804
0,2.5592211267589504,2.636700055976847,2.7728188869893242,2.7761814703820633,2.8312347767436989,2.9540872254361408,2.9729937289143558,2.9946946087568831,3.0671422897751373,3.1221551412194128,3.1431287691006173,3.1449042886677083,3.1513636791476221,3.2204944899723125
0,1.1794467488122613,1.2091015529006199,1.2346546317679346,1.2483724446929885,1.2577798290144833,1.3539865437293694,1.4002896838332899,1.4388279301548899,1.4411149669266559,1.4569397014150054,1.4597296168847169,1.490167039434215,1.5015764304647186,1.5548092312649076
0,2.2044913898886098,2.2891470037468347,2.4258359707865473,2.501275978093513,2.5840726941763639,2.5996740016289994,2.6408619296614964,2.6600739614245525,2.7038365118737189,2.7439849932776288,2.7441671607739409,2.7528193504854666,2.7713094917029255,2.8541783528341744
0,1.3554044487460024,1.3710435675383315,1.6413304120574645,1.760708753660672,1.7734123097630818,1.8168768105172768,1.8731722320651045,1.8878867781191735,1.9224394624495635,1.935632412603786,1.9509840379541812,2.0165771146633462,2.0544832041668881,2.07052160302276
0,1.2256006147057641,1.3109069972372107,1.3520548855218999,1.365691719718054,1.5965550973529641,1.6870858307372918,1.8225255938580822,1.8697862616006133,1.8776750152054451,1.8857927292078775,1.9120056868746853,1.9326915488381189,1.9513464658853452,1.9863312603937027
0,1.2055785057788018,1.2609260279802896,1.2781671695284031,1.3197352015965989,1.4643378288544542,1.5307544029572202,1.5454785587786841,1.569420522296592,1.6014722531784753,1.6075179113937301,1.7428709075283728,1.7740758738694882,1.8015325917548397,1.8032529730141049
0,1.2052998430265385,1.4640735204448936,1.5457610711787408,1.6122805705547849,1.6547135443207397,1.8214401455031055,1.9600872093576291,2.027085093928783,2.0668007878120034,2.0991325053617129,2.1100825493885083,2.2387422519829192,2.2708027050438728,2.2758199199748921
0,1.6677792885105966,1.6818421668381442,1.8277966447281353,1.9721693099797297,2.1205126878706908,2.317392444022266,2.3259407992615335,2.3303764012350916,2.3330440405540811,2.3620510150529599,2.3734043265169946,2.4272051102988432,2.4308264231536141,2.53251235372483
0,1.7801303330782936,2.0567171437330338,2.2633925949390488,2.318776448011326,2.3299390597065037,2.3837421513814343,2.4098045333875109,2.5249044823454287,2.5639764688482516,2.6350827182689187,2.6405911635359645,2.689900203517515,2.7376615266117303,2.7575823269704869
0,1.5714146488478902,1.9053870007403129,2.0021206538869625,2.1421806610603094,2.2000540307979009,2.2070069159170358,2.4183034374323356,2.4461818223409204,2.4815680737870198,2.4877212114188754,2.5315541442504848,2.5321014942238813,2.552573120437629,2.5648398445783758
0,1.9630832786143417,1.9904011833581214,2.1250000151943662,2.1442892198856915,2.2992557454354396,2.3218675592659483,2.401529975983288,2.4418511158648815,2.4705046232250316,2.50342902611896,2.5404905095014616,2.5937253335347865,2.6008335028150502,2.6305072360600197
0,1.5116315208570608,1.7618502709390733,1.8880975263723003,1.9097071885922241,1.9778035654623469,1.995989610013881,2.0683927327474616,2.1603375119911568,2.1848927727007474,2.1852508784993243,2.192568776372875,2.2254374989997263,2.2520369649884171,2.2554107262412728
0,1.6563280601198367,1.7372650538724332,1.7519143211680657,1.7757362785634354,1.882601374197524,1.9039120328421422,1.9207684105075165,1.956665386887992,1.9586713870911008,2.0175639325910772,2.0543149281996764,2.0562403803558866,2.1030762039066246,2.1071536074426787
0,1.1725023597362081,1.7106905187775452,1.7371643289443817,1.8871521737222638,2.2059172016003554,2.2446807597103899,2.2693630387313442,2.2772039241618631,2.2781608422592039,2.2943750923905015,2.297412451750763,2.3390446630683739,2.3439976657447956,2.3452139185012331
0,1.4478372480527835,1.5385152332856666,1.5810923531658028,1.6331237827720704,1.8927686125958434,1.9412028340274241,2.1048020187769372,2.2021181647154422,2.2897915912522273,2.3101160913892409,2.3772411409315337,2.4050375829077213,2.4120866523739153,2.4219347388436612
0,1.3636171902784153,1.3946777241600015,1.4096436255982947,1.6721102154302845,1.7062595913750644,1.8911514312159921,1.9173587655751838,1.9695066311803671,1.9736686852331651,1.9967609862331899,2.0225465248165255,2.0638153094895464,2.1186967540984702,2.1499695760063084
0,1.3938661360792433,1.8305963573422703,1.9154314793513563,1.9815818881973049,2.0668582854192543,2.1529025716882275,2.1853823758714799,2.1999489063592743,2.2066194905654233,2.2097217489315004,2.2681167126557016,2.2740662323589023,2.282416548031402,2.2834023730181769
0,0.91158398573944488,1.0865420408721742,1.26458831001159,1.2721716572385979,1.3908576132547832,1.3996552424979665,1.47911395027354,1.5023328386777506,1.5207279859118052,1.5602650859401168,1.6291902503615339,1.6375815879735998,1.7000318642927272,1.7080748854308541
0,1.1835381999852299,1.277395868122597,1.2924147853834222,1.421815413684435,1.4813932705858448,1.5711764426456432,1.5932764317651698,1.6235009864340735,1.6714654600809553,1.6964034856121872,1.6966803401424526,1.6984773857612909,1.706223287746911,1.7193064170573173
0,1.8012292191418331,2.2461727601938364,2.2662615449845975,2.3302067029156222,2.3915809378154624,2.3979323780804105,2.4178646697065864,2.5857396124586596,2.6108590473623532,2.7071012563260202,2.7828650329417863,2.7925535439802176,2.8816225764037924,2.881795600704586
0,1.4132978761209736,2.2153387790895254,2.2598239767868464,2.3558363090670049,2.3956380741894256,2.4746669408320163,2.5216911290942838,2.6077744838188033,2.6222196146603469,2.6427024501018415,2.6689894226904887,2.7244849697766451,2.7313475515341863,2.8464570462847227
0,1.3614210222119534,1.6698172798984434,1.6900074616077831,1.7756042417737732,1.7963724501913638,2.0462839625508469,2.0677463548567507,2.0743509888939347,2.0900830010808749,2.1001874950680275,2.131833143816491,2.1537599779798526,2.1570377070604794,2.2625254874635563
0,1.3332121961471701,1.5836484558404249,1.5980756276747416,1.6346736351247964,1.7169357675288115,1.7395343435322026,1.9114938724404069,1.9406041047443576,1.9528823972525229,1.963290783895514,1.9739743206341591,1.9808678514227114,1.9996454105052122,2.0041186875133259
0,1.2238928602819175,1.3153732632325401,1.3365371198552949,1.4538283109957593,1.4593282570240456,1.5072379491908874,1.6351278412094017,1.6402003525697844,1.6906949213810485,1.9171185324444391,1.9194271911747696,1.9471376387916086,1.9486048235539328,1.9534197625847118
0,1.6143916973008172,1.7355532645831369,1.7964664823689762,1.8179994993820143,1.9185102508512071,1.95492027538516,1.9943711134882567,2.0510233156081537,2.0562675983654666,2.1464121332608546,2.25421858929418,2.2661676901599925,2.2741841872676067,2.3110251798505508
0,0.94136034703609961,1.1961755196149382,1.4780808854185388,1.6641736744748052,1.7410612425961547,1.7918078339247354,1.8033653190309578,1.8190760783055759,1.8487090456887145,1.8670135804544448,1.8936717963648735,1.9470461076078267,1.9676500798030676,1.9715435255879494
0,1.8132134857230697,2.0919441269798762,2.1215549714491773,2.2792514994963704,2.2869589864565656,2.3447840419236732,2.3752829616256186,2.3919744921477855,2.4009969154230459,2.4398217267267541,2.4687065842994484,2.5160012857512126,2.5357506406977679,2.5483361935723421
0,1.8665396159045629,2.1989777815875038,2.2491883867588758,2.2615959451041867,2.286655217738963,2.6619623536845296,2.6674117956435723,2.6770512443299794,2.7235643821482833,2.7709169513030383,2.7839743734177356,2.796473572793666,2.8556400053289805,2.8733155791196543
0,1.8261983080514885,2.0696159696960668,2.2076956298488075,2.4099675021620164,2.4438561860361658,2.5026803742373134,2.5309938870867219,2.5367489172958027,2.5954180823097639,2.5989735183249358,2.6037110294550687,2.6067178655399155,2.633104447963865,2.6522857029205538
0,1.806701009862969,2.1829265458351261,2.3256500692005972,2.3401733778784766,2.3413702632691336,2.3971220207757873,2.4794976153466441,2.4835503226923938,2.5104182636039147,2.5326309727157588,2.586273081724825,2.6204892822355168,2.7201109960462708,2.7205584526378961
0,1.9828285746459455,2.1592289973774594,2.2425491486698741,2.3054647710850502,2.4752672310148798,2.5479434415498878,2.5725426025466396,2.5769252592728495,2.611505832622993,2.6320684773114484,2.6513383677002809,2.6543367175514687,2.6604141024049723,2.7128715615994405
0,1.2843942168663927,1.5551157282220021,1.8249785127480858,1.9531143803610904,2.1321845385909808,2.1426860682292133,2.1803617969303484,2.1892363372239565,2.2029031261745389,2.2106546969582972,2.2822216633662809,2.2863670359957453,2.31039622372188,2.3555782518366533
0,1.9674120727975108,2.014799497487799,2.0181676879243589,2.0567257772398739,2.1260717668580384,2.1607650983992621,2.189798044363453,2.2038598351323166,2.2843295933067513,2.3108410948677638,2.3112123982782937,2.3138990193642184,2.347261081444262,2.3486761951139674
0,1.6605712123524545,1.6671806065602688,1.7412155008997297,1.9093612247733545,1.9772588577650454,1.9903846241087946,2.1097650283208385,2.1595781451363982,2.1696038537591744,2.1789882072206792,2.2137716646343333,2.2186475916182884,2.2201455396470018,2.2465374281422337
0,1.3478557566359406,1.4379621106873486,1.4591781672662048,1.5306741715886099,1.5456773969077267,1.6093488277703341,1.668154473035647,1.6800791482084589,1.7213024722430907,1.7375200045444039,1.7549807577430681,1.8728336066803748,1.87376446420388,1.8757544455409592
0,1.8022407011062327,2.0659112937896618,2.2468715349282102,2.2484536819991372,2.3571203921290951,2.3763312181168463,2.4039061173038743,2.4216445984997708,2.4933600801211333,2.5002194539281883,2.5294211230984152,2.5724490472621939,2.5966711843073402,2.6201058249900853
0,1.2630694019232422,1.5561208622218996,1.6526236448081182,1.7126586486262478,1.7360451766876885,1.7493582002343178,1.7920523988026069,1.9607926496407764,1.9880268465565267,2.0148584296835432,2.018688878002501,2.0228267694193502,2.0445502296536859,2.0504443249608344
0,1.2667407171804137,1.2861832576831038,1.378371466259557,1.3983324256738163,1.4060396853080053,1.497566316109072,1.5724114153282409,1.5936207444584367,1.6052364047871659,1.666682700833404,1.6961087472263121,1.7030496970088045,1.7549796680640222,1.806277989207522
0,1.0828030658002947,1.4533155699657823,1.5083453249796615,1.7108043393746852,1.7557212559591255,1.8416958498844918,1.8528120557124699,1.8853509497530192,1.9066282435707678,2.0351137811138225,2.0488138555723547,2.1292154047593592,2.1349582531258129,2.1350057139999565
0,1.0897875843842264,1.148099845967985,1.3210323663911474,1.4652279648591382,1.5744935468216201,1.6468345017918444,1.7713019568136774,1.8008831072640614,1.816273029887604,1.8688463859534539,1.9147926438079044,1.9580876868373382,1.9699396111339031,2.0037106586782514
0,0.91158398573944488,1.0574011744976044,1.2272498550556084,1.4040464695257819,1.5117391371580229,1.5460826804232439,1.5789897097018055,1.6045916130670537,1.6382118861370747,1.6642276741000348,1.7426761304076324,1.7954683686216453,1.8165175445843043,1.8326385295655752
0,1.559917113426929,1.6169112180599794,1.6382719177817444,1.6395609174955188,1.6579836681478195,1.6597636636996511,1.6933128546814671,1.6974944216369519,1.7488509888366544,1.7825959550336896,1.7980517609231181,1.8752085734922632,1.8843493325354657,1.9103402174413189
0,0.90772398853555258,1.3413382930832509,1.3654328212542086,1.4122915627599093,1.6418233870722387,1.6938328496627968,1.7260370431339682,1.7275731279457569,1.8135051107339817,1.8314603171059829,1.8995020101046167,1.9033214305453743,1.9185864651595395,1.92577592613112
0,2.0557972605263166,2.0683891300943391,2.0870481458356158,2.1617832456931545,2.2111895718830419,2.243206408617747,2.3127798220999685,2.3175311893857726,2.3374915275568418,2.3854816512858514,2.4484725901956068,2.4660901267150939,2.471319608117974,2.5422090132085255
0,0.69813946638902991,1.3210323663911527,1.3214649198921413,1.4599016748862919,1.5006343362062147,1.6755585316168033,1.7034782432447528,1.7670144189391039,1.8379734698343912,1.8967053231646849,1.9126216194840482,1.9465765206240755,1.9567588145039092,2.0017785039105003
0,1.3714751939138345,1.4056810052002091,1.427532360713238,1.6121455653336152,1.6153623817179701,1.7602121766305883,1.7662712754384047,1.781445421660339,1.787290751274025,1.8670135804544448,1.8724458919048734,1.9019518304848713,1.9309981773493976,1.9457391784469671
0,1.9300779385201519,2.0610440681294153,2.1463429310665521,2.16940371606522,2.2970612094698923,2.3801268651477638,2.4445807413235676,2.5675034676644635,2.58065167242912,2.6321488278227414,2.646752262606229,2.6701529241245332,2.7143016218991685,2.7304306533662257
0,1.2861832576831038,1.5525804461115438,1.5982248253964282,1.6920035957029602,1.7216871388527519,1.7288441434345581,1.765894477086885,1.8146755881297298,1.8446058754823551,1.8513898001311004,1.8766630970798537,1.8975176471767128,1.8984487825107077,1.9473239164595419
0,1.6026721449014405,1.8131053399461137,1.9377259516048428,1.9398365652372989,1.9662732466865356,1.995778947250042,2.0958010909719431,2.0959137365418314,2.0973287799562828,2.1002761272534447,2.1101130432669097,2.1173802929359198,2.1235828192179587,2.1298778419690563
0,1.3979469019005577,1.4262043123362858,1.5141137402021119,1.5592422595062001,1.6261599899060339,1.6760756410915194,1.7943801424152714,1.8469250316416821,1.8703632902542866,1.9613839739607781,1.9916616979342481,2.0136907725401909,2.0168448690443088,2.0523364802116757
0,1.6385415003470718,2.3146970718496442,2.4687752429343388,2.5223630712732454,2.6345352381779774,2.7365099516751465,2.8547825978030215,2.8898504837036261,2.9445408852567261,2.9588953920091861,2.9924542025350069,3.0503504532568444,3.1813674146193391,3.1865810260432208
0,2.2946538980390905,2.3266292220927305,2.3601474426858755,2.5036106857447487,2.5108832749056229,2.5543370188344432,2.5668036531093472,2.6444913601518758,2.7740396219611529,2.7888038579863452,2.8134667780756248,2.8423841346742686,2.8923120257935402,2.9035511790985935
0,0.92520989239364959,1.3726071999270064,1.4625587984832333,1.569378482487968,1.6740115409552818,1.7032539694637809,1.7587523579780253,1.7940591911426855,1.8225664533895962,1.8238342357581194,1.8244916593073206,1.8671973150948546,1.8863414470972206,1.9335220090191609
0,1.1875116807379198,1.539437129367061,1.7454869307517029,1.8520404578539571,1.8739474254447102,1.9014465068289121,1.986932481411906,2.064895967533122,2.0655241937301723,2.0677017685735888,2.1454264595441814,2.2270000481937497,2.2534309325209625,2.2824203291643816
0,0.88189481669525616,1.2495663795666623,1.3890540621845435,1.4656331915939946,1.4727964080798925,1.5797852199346267,1.5951798237561947,1.6077690495875605,1.6254581006045734,1.6564479114990776,1.6860015334611496,1.6931374761940643,1.7694872284706911,1.8046809188415132
0,1.6316481001065533,2.3077348881780768,2.3326138090411321,2.3537596232487914,2.3837337985721789,2.4083708352914739,2.4350115177590204,2.4542273380039492,2.465489756554506,2.5495564851980337,2.5660619118245234,2.5891850486634462,2.6605074320480218,2.6863395421156211
0,1.3298496144409491,1.5360046662254563,1.5875175295798214,1.6126636226813982,1.6145042365596678,1.6523644013334302,1.6746794907649205,1.7294116924983971,1.7432163816850941,1.7859206967646239,1.793741749152536,1.804097870421026,1.8373685747327353,1.8420766352808007
0,1.3506522053926433,1.5068924064312939,1.7593307979972439,1.8179994993820143,1.9719092002434733,2.0194307019728273,2.0918344544394101,2.1072443449749998,2.1200345720386973,2.1532662088317664,2.2073683803860344,2.212184022075617,2.2129206992018129,2.2668577835877146
0,2.5072220117154798,2.5999931182922285,2.6840501142341759,2.7888847855776389,2.8271143106382173,2.8980577807306975,2.9832580332254039,3.0202865747090395,3.1074271286049502,3.1117464073362733,3.149745205032306,3.1662040212855329,3.1791878541221883,3.1851899533853869
0,1.0884415841523325,1.3632892220845294,1.3682791549974525,1.4698233231125091,1.5008396862354338,1.5383221224024146,1.6397112005795043,1.6624180847668795,1.6909649163503846,1.7046681041889973,1.7189022377907131,1.7581167427031814,1.7728433364258371,1.7793344746845614
0,1.8415344763515027,1.9096357902163716,2.1284811308192961,2.2360375207293344,2.2700587221158859,2.3000897998541041,2.4011709059711741,2.4136648701558219,2.4148688415717467,2.4171336627106514,2.4174201318416477,2.4673407842421082,2.4933463558076077,2.5092651351773818
0,1.3043030576850747,1.3889595013093574,1.7383434674009091,1.7685142793728081,1.7718194890282835,1.8315711052356567,1.853224034309378,1.8619865916762797,1.875291483113249,1.9026330978946528,1.9440920505248913,1.9990564390373609,2.0191493352672745,2.1220117780546111
0,1.9332747943879307,2.0114647371779188,2.0604011105817599,2.0865573282402341,2.0904062397183987,2.1324492640318891,2.1924248405377598,2.236751896958872,2.2907332791768096,2.2938393078497405,2.3370989238611557,2.3796185478147875,2.3922329407775456,2.4215776486767022
0,1.2112483621709254,1.3836675749077061,1.7150942578263551,1.9214213127359487,2.0218934303223164,2.0483519201531801,2.137725481760492,2.1776809435804685,2.1795339598284178,2.2052951113060821,2.2366877450699474,2.284770930786546,2.2907026937551924,2.3740791731103874
0,1.6858843687992084,2.1278972822001312,2.3359052652961534,2.3501977649470227,2.4086542074432726,2.4853158989633886,2.4962785863270875,2.5247437275525542,2.6149491343124907,2.6422766145807426,2.7179863028816662,2.7664704679755459,2.7762605873897326,2.7852172236934813
0,1.2278882664539799,1.2982823826416698,1.4144716881830204,1.6272556317687912,1.8421092129180228,1.9246840911802492,1.9471944884868251,1.9715721513756435,1.9847999635506473,1.9937278966406773,2.0883546586642008,2.1024495396777612,2.102646662609021,2.1164129745726079
0,2.300826564106873,2.386240261913791,2.4011709059711741,2.5797644604910244,2.6424770887233748,2.6860893040203337,2.6911560161914512,2.7053063719778452,2.739625584787722,2.7934655592041806,2.817494177682939,2.819536919802327,2.8356249253217394,2.860531857674562
0,1.5226113427329637,1.5463059251727336,1.5597070346294295,1.7100185109607131,1.7581167427031814,1.7844955523469732,1.7978837408113999,1.8092159060202917,1.8284368218610008,1.8454565940992775,2.018749059644612,2.0481505653115408,2.0562287775254893,2.0855269023113099
0,1.8949026821239265,2.1019434372240973,2.1873150405519985,2.4215237065021786,2.7045014996698491,2.7398914345173284,2.7672199305885443,2.7739325423540304,2.8575142543286245,2.8716648396771616,2.9378462525078803,2.9431668220905309,2.9553741221186609,2.9717719480596059
0,1.1798448498563519,1.2347673122391127,1.4173265219532976,1.5496113635184015,1.5566292139910567,1.5634346189324646,1.6390713381909645,1.6966832760011696,1.7101686600285499,1.7580543636900421,1.7683805017014114,1.7915655852454402,1.8486537939955705,1.9317346640773871
0,0.76780258110150723,1.1083631127830444,1.380889798984942,1.5207497353110846,1.6087366169522483,1.6361254624087167,1.7113425147308137,1.7376008993295118,1.7620320251425636,1.762350732114758,1.7646225387208168,1.7695580610432644,1.7861098538511782,1.7889095498648184
0,1.105837749044029,2.0626504724552222,2.1752911766117773,2.234574774011755,2.3701841156776089,2.3848905859434106,2.485263690118797,2.4860084281872536,2.4892498442377478,2.5244852789964991,2.5441245189754724,2.5809625983821496,2.6085175889941961,2.6161472085013382
0,1.0117793269123836,1.0194342440210102,1.0692584204355711,1.2840131094042087,1.375711991640215,1.4687381581571763,1.4799573982554868,1.4859146953666378,1.4933849250701876,1.5260812984763708,1.536391224684891,1.5372341496308182,1.5428709701415027,1.5511257385264563
0,1.3488485400270929,1.6173469255324118,1.6519516820421967,1.6640343897740575,1.6682615378645305,1.6955783049938924,1.876528081612109,1.8814655430378779,1.8863550876751354,1.8914748897639249,1.8944895359435436,1.9339854431678165,1.959237120543573,1.9734423558098331
0,1.2222454867255554,1.5730504954251514,1.6141644559739026,1.8183957356475144,1.8348063182034791,1.8692988522343403,1.9673070388992562,1.9757062166839272,2.0550065858201871,2.0821200101422561,2.0913781667461246,2.15138453437743,2.1726486781268544,2.2108821460230232
0,1.6187564739396312,1.8563433677648704,1.8700075108074459,1.9159250874320994,1.9202645777339529,2.0440562397309532,2.0659834268891601,2.1084630805477067,2.1797632727144647,2.1813388075423328,2.1857448958462475,2.2000474300729209,2.2554107262412728,2.286655217738963
0,1.4592387657130295,1.516015643975384,1.6005032652136177,1.7252395794014026,1.9760143422619296,2.0167446103868159,2.0731410544371194,2.0939930530401449,2.1054580512208041,2.1117816488222538,2.1275881855314469,2.1626717026488396,2.1851875610816038,2.1999042575307959
0,1.5671202730711444,1.5760512824713286,1.704025734141247,1.7570710097680748,1.8889540330677399,1.9151166737530358,1.9227235649988497,1.957552152391334,1.9630110144901272,1.9663384973178082,1.9796485650905475,2.006423304053075,2.0468252221016243,2.0560786682537167
0,0.7762422600154425,1.4008576681056524,1.687751636022564,1.7006874949328201,1.7281937370126079,1.7646404625145284,1.8291164774337663,1.8296526158431146,1.866934763233087,1.9068902757543349,1.9282333617376211,1.9694811473310165,1.9801965091481089,2.0198463679938801
0,1.254271232135572,1.3190614708186954,1.4455735131075351,1.4684789979174533,1.5150168509901878,1.54670084934399,1.5549570537136583,1.6342812839423022,1.7235759914477513,1.7472772815409221,1.7955903546145346,1.7978611195828158,1.8661274307431148,1.89444598535445
0,2.3151524246738289,2.4410295049902619,2.4621899128800786,2.4725825714413512,2.52004759391001,2.7310558887817242,2.7561112968736747,2.8247061797541937,2.8358216147611417,2.8929169297034525,2.9121305981017667,2.9901422404576885,3.0213581911249672,3.0791586432688214
0,0.90831253868748951,1.0784250892046652,1.2347673122391127,1.3261500848935797,1.4020542663636892,1.4251044439223046,1.4266339385535289,1.6099734092684344,1.6897028164401322,1.7517087086860137,1.7684293727332436,1.8096100635545738,1.8677108403310763,1.8792298038522979
0,1.0403897722984232,1.2298214353770782,1.2473572440675056,1.392039135797746,1.4188599097998202,1.453920917112149,1.4934291560036954,1.5150865901997315,1.5232593936744838,1.5306741715886099,1.5854517082179291,1.6137445264543975,1.6286290916337638,1.6696601506302196
0,1.5097489716244061,1.5910837973892313,1.8788655773588609,1.8903645589902267,1.9147024538619155,1.9800471919745035,2.023422708026978,2.0236868837217816,2.0661512931848529,2.1434203197457773,2.2294903990307526,2.2473326576768988,2.2873709048024415,2.308669022495772
0,1.1172336971001933,1.5980731672956425,1.7198123175533033,1.7371922958743586,1.7695367969562219,1.7718419867965791,1.7894135187802538,1.7975678924435403,1.8125657912281232,1.8594125278428009,1.865981736164241,1.8706514784601789,1.9128036004925184,1.9241777455867064
0,1.6315991372465002,1.6658726880505199,1.771595898071612,1.85506723182824,1.9101000207182433,1.961831782095651,2.0245378244442911,2.0906968674736608,2.0970948636142301,2.149088098617177,2.1735581848543397,2.2080926934747449,2.2110103396684995,2.4326114820924709
0,1.4674864350074683,1.4915856280567725,1.759310636587984,1.7766693165559173,1.8145944434297485,1.8323862970161504,1.8818048454152911,1.8981181231234117,1.9060859486008828,1.9118229719813662,1.9555557251484841,1.9582966959042594,1.9739996722902984,1.9800588879620564
0,1.8191288135331989,1.9555856612244702,1.9975948311009566,2.0079011737828107,2.022125812889628,2.0966366244465133,2.1390557650240445,2.1499674572803777,2.2650735593502835,2.2887351275287187,2.3032961270014134,2.3239752664588105,2.3672109024748567,2.3747507561885763
0,0.66422474874758775,1.1931242670729898,1.3395189024360599,1.4201518784856615,1.491849222309412,1.5432236845679095,1.5499609985029426,1.5729369361327701,1.6191258092918945,1.6301340566868356,1.6496727741622748,1.6578799572333625,1.7049154368931247,1.7097011486816278
0,2.0134545570144917,2.0539824203194224,2.068858216107639,2.1026466626090228,2.166103883434773,2.1772897015253587,2.3170335641966839,2.3318012868684068,2.3602947906014609,2.5131214725285367,2.5204875698105509,2.5686426770255686,2.5810251797091013,2.6574293865899037
0,1.6470167323797269,1.7625191023421114,1.8744803495761939,1.9065890018652896,2.1514450287872053,2.152617578754223,2.1647926010034055,2.1801581359006557,2.1804823495433836,2.2075630282272964,2.2209979251851513,2.2266891739744583,2.2559093424572687,2.2690300183975913
0,1.7349121422335496,1.8071026320811854,1.8547634122729797,2.0048500344578701,2.148873768749235,2.1496469592914571,2.2063955593798492,2.3281181712379291,2.3703653520447014,2.3796430094125531,2.3873729072556458,2.3995480660051474,2.4397043341546958,2.4521366393866364
0,1.2181452103496444,1.7349121422335496,2.2353126305733948,2.3626723285200577,2.3842553799897659,2.4268642782405423,2.5007247599239801,2.5404930507191041,2.556220988041868,2.5869472958034394,2.6266251962852474,2.6297633630277959,2.643431712615552,2.6536110679930727
0,1.563225965215669,1.6488086264512818,1.6794046545610777,1.9886577344770551,2.0512538844098813,2.1790031116006641,2.2214086420034116,2.2446283758815788,2.2765053340446255,2.2999692616773864,2.3737596425755552,2.3860645683316442,2.3879535637825398,2.4334177537986603
0,1.6424209159103602,1.833575914659888,1.8861868126806829,1.9115891985195261,2.0182037008328035,2.0495683023490634,2.0686631774478967,2.0736867707853337,2.0940118129180796,2.1321845385909808,2.1914066086129078,2.206200857692032,2.2288256598328364,2.2444675965090881
0,2.3984388562702592,2.455356193192916,2.5879110679605271,2.645243639422667,2.6931720666425996,2.8295728798989952,2.8354515589487685,2.8516377436069171,2.9764671534666416,2.9976365061567325,3.0095441837408434,3.0344652118117175,3.0602063470098031,3.0731490754197144
0,1.6138654422143037,1.6425458115200742,1.8826699614695805,1.8855731358829004,1.8943421236478057,1.9184811100841863,1.9631901387804096,2.0054786534076925,2.0492860267475606,2.0550103084053526,2.2156945965944979,2.2590514493060625,2.2762100775978524,2.2873933404988027
0,1.3159370365575296,1.4264705338759973,1.5980707360490405,1.7097011486816278,1.7657670999863349,1.7701338255797683,1.7712965204910776,1.7882165145612412,1.802229111624392,1.8142642923486685,1.8754010082520185,1.9254329386525493,2.0006072988417323,2.0079439224844839
0,1.8080710333528807,1.8173936470556713,1.9516725693599091,2.1065480991960026,2.1982782143025874,2.2404931100836589,2.2558896254229288,2.2623020947673806,2.355553643237299,2.3919521186074411,2.4066907356295064,2.4387484495894469,2.4397272452869494,2.4460930813967083
0,1.9233154321274921,2.0415473674614781,2.0860559576958346,2.0865953689228056,2.1981476073761672,2.2444435520691313,2.3267570344210111,2.3577750586864408,2.3772662092550405,2.4152978282372519,2.421146108591977,2.4316658560475672,2.4369258209192277,2.6031642129169588
0,1.4580371650581039,1.4920809144242595,1.5372341496308182,1.5373039580921295,1.5481270705475325,1.5916542534958849,1.6109932139890597,1.6146412615143846,1.6198321035778855,1.6518607436738759,1.7144434918855298,1.7195643870106281,1.7358814038657526,1.7924941557412177
0,2.0621616137178265,2.1682368800251943,2.3519526552822563,2.4045200343663233,2.4656911069954943,2.4847725682488062,2.5130724126316535,2.5431272321533069,2.5901940988679395,2.5995535855247627,2.7205206397598212,2.7671614937103119,2.7931744190323293,2.8230165388795618
0,0.70937564453856505,1.2324763793298876,1.2347073204400416,1.4966036816606854,1.5951998105358138,1.6715844354333007,1.6782198810998461,1.6804787924078775,1.7740029202724981,1.7754619665164137,1.7784408139796177,1.7911631114846511,1.7976183751859454,1.8082442898812072
0,1.1628938968720333,1.1652544503803655,1.2552543591161078,1.3082607977034211,1.510136434955613,1.636242121765932,1.6638854059972905,1.7338207674212527,1.7726802545335967,1.7780708918436214,1.7984009670380139,1.8019154190932907,1.8088861230926585,1.8090453723460409
0,1.5295415597573132,1.644035031858992,1.7500327186697797,1.7762969490977452,1.7851823520677699,1.8355876731030354,2.006767295558237,2.0678745847907636,2.0902041909199673,2.1093392523366878,2.1701253164891177,2.2301678628569457,2.258510775409186,2.267232193648407
0,1.5161860253671866,1.5311217889917343,1.6854937887461867,1.6898823605195008,1.7240649008652524,1.7479413114260745,1.7489207474597848,1.7579602089383586,1.7788050057518572,1.806277989207522,1.8206323240521973,1.8796911555599487,1.916731355499669,1.9278680586614767
0,1.3084286885121175,1.311549085081301,1.3153732632325401,1.3165783977709276,1.3677215742477036,1.5423981007118941,1.552690776784597,1.634259470487651,1.6364177411188165,1.6638726704961546,1.6639090116725626,1.6642628608925643,1.6961942841045392,1.7321551020295016
0,1.6909475532225033,1.7672896478115985,1.8332813672139161,2.3227353071921613,2.3243765250502748,2.3637472249274945,2.4122827748915148,2.4346103445895095,2.4567244632891212,2.4751837346513788,2.5766974978925434,2.5824785527771583,2.6293840107409898,2.6983882159891994
0,1.4929559651798208,1.6395634083687429,1.7034782432447528,1.8029554406089774,1.8474529421252894,1.849435949769159,1.8625713956631087,1.9459337511290895,1.9825152115216711,2.0352505359487889,2.0398879948413069,2.0534188861085672,2.0823039360746223,2.1242338474649749
0,1.4511414829280698,1.4733773042506446,1.9082844905223146,2.055686916757733,2.0892287644441034,2.1101827597092777,2.149830556648253,2.259972955667366,2.2857851343218685,2.3118010653052892,2.3179441658334721,2.3273415449251296,2.3308061489325698,2.3487503620394596
0,1.5174974461426995,1.6174873362666402,1.6200130731559068,1.8107382825470058,1.9142001987269934,1.9793783774979643,2.0325300843453351,2.0490755968391112,2.0657634462681109,2.0819557655134266,2.0904855061224938,2.0978226664112336,2.1597933375496248,2.1736716725687555
0,1.384704039976232,1.4522074760590433,1.4863420914516836,1.6020245383565994,1.6149708744784852,1.8880420465738081,1.8903358845834808,1.9581298395156956,1.9720468359474936,1.9942728534270222,2.0316065303995741,2.0415007373023304,2.0803492867918276,2.0901164196256321
0,1.7361656211580545,2.1097861163196492,2.1160594397214694,2.1397862233456793,2.1410232622672889,2.2489744347787424,2.2751672522002901,2.3107395290306387,2.3228969563624573,2.326274500523891,2.4500859356758435,2.4724018643760775,2.5100041117256104,2.5490695243060615
0,1.828932121295789,1.8815689625128444,2.0528753250176179,2.1402449832970305,2.14161595835095,2.1477055675185279,2.1547366861589596,2.1768605801554957,2.201257943722581,2.2176523289346037,2.2798986091952766,2.3186556221938424,2.3190103962623789,2.326060729874849
0,1.7559826229882842,1.8519744992766611,2.1247894968389698,2.2165827427823346,2.3498947021104204,2.4258359707865473,2.47013262743081,2.5008998655017991,2.5083700323148546,2.5114361579977937,2.5267077498825961,2.5653585643337529,2.5854335014923877,2.6274499280713419
0,1.2709915739826585,1.2925437987377124,1.5207497353110846,1.5278988699456404,1.5284384954072627,1.5358677675258143,1.577491506366911,1.6454415441455432,1.6743062400779309,1.7694872284706911,1.7747364084970856,1.7829273634585614,1.8056727521337368,1.8152462079854748
0,1.6676614422271145,1.8576699705300639,1.8604865942425941,1.9118737011085738,1.9472149044147262,1.9678201193562443,2.0838137753028851,2.1439102877789948,2.1762406206693963,2.2004498854017251,2.2050513532885399,2.2790525971821114,2.2918177924250722,2.293201888690978
0,1.1979378689692353,1.501927395825349,1.9544934951705706,1.9668300918838768,1.9895754997437254,1.9938470006943256,2.0070351651303198,2.0244678670100558,2.0735914726318438,2.1068880411144586,2.1294474856636167,2.2122502588385129,2.239657825155692,2.2523248356779293
0,1.2211592402398541,1.3657859705110853,1.4769196709278258,1.4835109817547707,1.493943149342045,1.4966036816606854,1.5265855053302337,1.5282972037124349,1.5307544029572202,1.5365918403160008,1.5692182748059031,1.6197320396975861,1.6569484601393116,1.6578799572333625
0,1.2050430259819427,1.3213540891092121,1.35230732060585,1.3762555794078142,1.4092619309493384,1.430894852609615,1.45742634260866,1.4606200806084053,1.5022953238979502,1.5637212501516728,1.5708396256184198,1.6269291649479249,1.6583557439686505,1.6727326390267208
0,1.3093017431321485,1.4907318041545843,1.7926184119631023,1.9868456723112231,2.0025551006625455,2.0196476291032885,2.2000677798544745,2.212837619076915,2.2237852142834846,2.2578770704048452,2.3080588246748786,2.3124403845545554,2.3355170550608149,2.3376753740370901
0,1.4278293072323036,1.4977471503915896,1.5291131910814266,1.5872043118465156,1.7374464160930523,1.788982889136159,1.8338163887170285,1.8843493325354657,1.9202912317698184,1.9267586034109343,1.9280914676532395,1.9300893047802476,1.9489386423029855,1.9541441484309623
0,1.0737490372886385,1.2965716553714368,1.3440359622203368,1.3717249326999363,1.3801011313304488,1.4251044439223046,1.4350413775496209,1.4550629477229955,1.4590203115092535,1.4705875339254768,1.490167039434215,1.4997957661324508,1.5318181384237406,1.5964166913654743
0,1.2034240379190935,1.7679769375806722,1.8672359805850518,1.8860856830276758,1.9404658727430737,2.0021050206236293,2.0030950279653226,2.0228267694193502,2.0618037541799472,2.076517074259729,2.148231353693312,2.1604470182332913,2.1996438516371848,2.1998459815055447
0,1.6226447858450048,1.9374236863917158,2.1328946312280408,2.1581449372066852,2.1639941690073283,2.3013323048669792,2.310829690675225,2.3128349511264648,2.4885998202194664,2.56270065391988,2.5902224964909952,2.5944958554737441,2.6202107430210524,2.6219107125603323
0,1.7764163715416366,1.9094576508558623,1.9644319691312575,1.9709534433463758,2.0659024820745193,2.0789299676711304,2.1865417366512396,2.2262513247496729,2.260392738441908,2.2620365856584246,2.3134677297054678,2.328263204675022,2.3830768142187506,2.4038469109788698
0,1.2633837152803185,1.3014785770524546,1.5765025069342578,1.7672839421141915,1.7808933456682665,1.9595323688841186,1.9811464278182351,1.990381369180499,1.9944339301758247,2.0158744215877289,2.0481607480422404,2.1061284241988156,2.176208115300815,2.1856597006944614
0,1.5110339553561063,1.5539634742550583,1.7238374877066556,1.7491476826922281,1.7874624596197224,1.7942229253829152,2.0711610394761322,2.0947429844071546,2.1136555290379557,2.2023314137507555,2.2094299149384962,2.2306808107551968,2.2809373342491166,2.3098345199309591
0,2.6255600192785269,2.6294787393640711,2.648089264468442,2.6828808876098309,2.7353738460269321,2.760560896172664,2.7763560555346176,2.779880449133731,2.8003408483363725,2.8468335697687617,2.8565337308425964,2.9201435450346187,2.9860447796383394,3.2044805391276423
0,1.0753119009928453,1.2668419188171238,1.3285871137642213,1.4536838631662155,1.5980562326747894,1.6333713012701117,1.6847040042858912,1.7785446316683087,1.7896660997654565,1.8172838858019287,1.8429324953107833,1.851950817814954,1.8704930509778848,1.8912231867796925
0,1.9235215518095485,2.0772242608252451,2.2331348281251819,2.5912188482564789,2.6100733652306807,2.623504044997794,2.6622553053444142,2.6678294905337401,2.733201604669691,2.7880610293112289,2.8135907272730853,2.923402193394816,3.0460941647236028,3.0508063382420207
0,1.4132978761209736,1.8706972315061652,2.0876646764652271,2.0993871961611892,2.1781310421232987,2.2055987282969167,2.2934228312656213,2.3867100371029064,2.3969792240617207,2.4430340697568536,2.4977663423656962,2.5581175990819029,2.5622788291866674,2.5905650472201192
0,1.1406904274635701,1.3797815280207724,1.4873460791196997,1.6134738027369497,1.6166541188643322,1.624758314526451,1.7763202170101511,1.7771291267841471,1.8347168200872004,1.8630626527301157,1.8791595243421899,1.8864126024127277,1.9015482257238847,1.9062870717128031
0,1.4479015424751696,1.5135960081482736,1.5356009320086867,1.536993512456428,1.6421400540399047,1.7359543271275306,1.8264329626457563,1.8382288442925432,1.946464056504785,1.9976089735463973,2.0080081876261135,2.0351555306145581,2.0414223466317716,2.0786521019925814
0,1.6740029111493626,1.8921902514144595,1.91353987085132,1.9529339882107557,2.1297028762125096,2.1327898148493154,2.1838258384377456,2.2044228203681078,2.2164196818572441,2.2190758702990068,2.2473486448354905,2.2908288141891395,2.3209908159911601,2.3261168557260423
0,1.4833278209500333,1.5979099130637946,1.8540937984054204,1.865569540158394,1.8764623626732704,1.9527414034935831,1.986270406377034,1.991729000708673,1.9957355548401203,2.0535257661121591,2.1640770121454356,2.1931655187449066,2.3030366264434656,2.3406777770021341
0,1.3890540621845435,1.404804790933303,1.5382651247713377,1.6187564739396312,1.6509242744811692,1.727207747063352,1.7278943830942548,1.7281711668266091,1.7446089508731957,1.7485588811443029,1.7858987669351647,1.8056093998638674,1.8323862970161504,1.9082807674748576
0,0.86204592978832539,1.4822613420700013,1.5606955489815049,1.669878270595309,1.6824059275214907,1.7411134276526787,1.748754175332033,1.752848904290103,1.7690978378346482,1.773942301042551,1.780005479713723,1.7909438854081317,1.8097945735592609,1.8325780483491039
0,1.6400903224787933,1.8498148078970515,1.8575661187541628,2.1705991500050379,2.2137356077129433,2.2294469748703798,2.2324789181715068,2.2856943357080977,2.3025190904678126,2.3803079754109291,2.6127873340273919,2.6263842698859321,2.635494744810023,2.6357040255403739
0,1.6811549367272491,1.8229252851938698,2.0978533717598822,2.4823648567990926,2.5869213232385806,2.6476672961747223,2.6725899356587783,2.7099857348868737,2.7100678097803854,2.7103192517836172,2.7360211756417505,2.7443916333911131,2.7799893486858127,2.795858323893877
0,2.0366678481303091,2.3351177530987997,2.5330265411972697,2.6408619296614964,2.6899188557303884,2.8026784784637377,2.8120118777310363,2.8216036352472682,2.8738621599142307,2.91800004287653,2.9401978139049159,2.9569652729507068,2.9805120494644779,3.0424498630627235
0,1.3177096327574012,1.6683427406640503,1.8942830445429761,1.9060777257344856,1.9226526047343768,1.9663465986960904,1.9831556737626888,2.0259498884050382,2.0422376066776029,2.0520105578157564,2.073833484121586,2.0860559576958346,2.1028819912672017,2.1102640150585157
0,2.2446357652672577,2.5327979387454231,2.5560843775491784,2.6266278440037993,2.6428633182501753,2.742239880468007,2.7754499496442655,2.9162564632168193,2.9216034539279532,2.9750920402597507,2.9922010194778688,3.023645180779897,3.0274084357498023,3.0348340171302985
0,1.6426968222317937,1.6749823742878678,1.7327320850218586,1.8298681977095852,1.8900285152758187,1.902481479237089,1.9134344923320505,1.9136344249310733,2.0237921548786022,2.0244635829758302,2.0604421818507404,2.0895494003751973,2.1138723906240822,2.1628346437961214
0,1.6912316149807378,2.029580293166974,2.137574585720694,2.2054821599414867,2.2983079670602078,2.334793082584143,2.3525809831554518,2.5099574995363185,2.6708441203962465,2.7125625438306611,2.723983175674709,2.746181101228518,2.7985283304745985,2.8375118526748264
0,1.5378367071644132,1.5686866748040469,1.6023349713502921,1.6987035386814218,1.7218657310998196,1.8203852336968485,1.8373288856545629,1.8400676771841031,1.9726886096340204,1.9912922297650346,2.0340042852779088,2.0670554082065746,2.0835021454795162,2.1018505834725989
0,1.266637405238499,1.2828424423874005,1.2843462818712825,1.4751105253859704,1.5285814564460989,1.6672748387306242,1.6701669572215909,1.7159809396222734,1.7747364084970856,1.7798005878102945,1.7898310884822968,1.792614581430636,1.8092710053197822,1.8322651286662623
0,2.1822465958225048,2.3239663596884386,2.4084110168746924,2.432534931202615,2.439468991074814,2.4672670681139879,2.4810845980972456,2.494629214629839,2.495112914729372,2.5660287610987336,2.6666068828060276,2.6800710296108692,2.6899189804733119,2.7507263940796003
0,1.7734767027935774,1.7951957914710834,1.8758286567665821,2.0943615172610301,2.2461160897650849,2.2594978586968208,2.2814602069922434,2.2945207449067921,2.3131107214089468,2.3157993002401991,2.339829380657541,2.3570254904680175,2.3683620948786981,2.3847464360878123
0,2.8558506218527238,2.9925704813320886,3.0080657804808548,3.0161901579667445,3.023663729878034,3.0542471903851482,3.0870394291804435,3.110319618822623,3.1235511525432109,3.1492185124029666,3.1659607838871877,3.2168029095897963,3.2318983581983796,3.2506206407940068
0,1.693502024472793,1.7252395794014026,1.8323995937884971,2.1364605533439156,2.1421593293441004,2.1423434867951063,2.2478551885446039,2.2757988896647303,2.3364199433840667,2.3815502461000979,2.3971220207757873,2.4446367164873948,2.4738756167980398,2.5207315514209161
0,1.1952917928228926,1.3804241238127335,1.4026979363871179,1.4750053920290214,1.5095490821694644,1.5778416428687112,1.736555508477613,1.7554729370225757,1.8583212790574553,1.9119642700668573,1.9189737483707356,1.976277943307061,2.0387739220785219,2.0458216503554918
0,1.6443752844036026,1.734428043900929,1.7359543271275306,1.7779841295366583,1.8078779940007226,1.8574382290324574,1.9060487946424733,1.9273599277518418,1.9525391834855466,1.9564715405416215,1.9676345262977195,1.9717697064322146,2.0075195834869564,2.0107674837820575
0,1.5655005940473683,1.5955430414715812,1.7793605710418967,1.7844955523469732,1.7961336707114621,1.8167647983215387,1.8182358960086595,1.8220706048160273,1.825261595617246,1.852202930820013,1.910468223550704,1.9163321872602492,1.9173587655751838,1.9701097494908839
0,1.8024804648713197,2.2611333716788424,2.3562081129183921,2.4885090696949992,2.5043282182378928,2.5576735809136175,2.6747149842244955,2.811080045320415,2.828602327547133,2.8627358492205484,2.9336320877464512,2.9339567784748204,2.9597404257843127,2.9701563145549486
0,1.1831364762875538,2.3030806408101667,2.4379660342898815,2.5555911107399329,2.5830818458389229,2.5882676964384292,2.6436877915668178,2.6544471260390425,2.656078381724702,2.6683182385895834,2.6839613005798473,2.7208799056761861,2.7321967344243934,2.743494005390918
0,2.7544369061692877,3.1581360030747172,3.2810133771802854,3.2874113257178039,3.3015182525372007,3.3115813482989935,3.4345549065502747,3.4872085402634503,3.5438244003807893,3.5701900921870431,3.597116557251963,3.614439666855759,3.6495447086555477,3.7339004984711717
0,1.1589752777965954,1.3613247521922756,1.6397626635352218,1.6964034856121872,1.7116123928766809,1.7206115550621159,1.7226447646725114,1.7422227817638118,1.7632216753026169,1.7756042417737732,1.8092651980443164,1.8189061781419991,1.8403705898704312,1.8424479817284953
0,1.7827907883804304,1.7865197574327052,1.8037074608606503,1.8078752282650539,1.8446798463296499,1.8677737014948546,1.8978515868463639,1.9147926438079006,2.0451453474366064,2.0522523848561223,2.0645744679944262,2.1895771011728944,2.240019251301558,2.2505142358613845
0,1.3694803962661384,1.7679769375806722,1.7970213497788992,1.9611241654700418,1.9979245394657852,2.0983589592329475,2.3122740881715096,2.3473713933039835,2.401659308617571,2.4067303619702192,2.408407412475928,2.4416026435530118,2.4472464017460815,2.4735687870169261
0,1.4569202012562994,1.5851997536710927,1.6382118861370747,1.6932379404296822,1.6958033134985275,1.7501170438928422,1.8788923934777535,1.8791901646019682,2.0370943654807001,2.0375901861348438,2.0505872518316233,2.0953245884375864,2.1204122464764419,2.1306379206297601
0,1.4912410592193215,2.0404223715070908,2.1305656360089507,2.1649976688431956,2.1876959910482623,2.2332126080931247,2.3580717160036548,2.361007753944889,2.3802285104030823,2.3892097164720845,2.471030059678335,2.4736605217210612,2.5092705475687866,2.5197850779166404
0,0.87435707488330405,1.0927232526242732,1.1931242670729898,1.1966949764259802,1.237852303536032,1.2574050065881388,1.3669253100942813,1.4722941470192201,1.5032992442557278,1.506279052494117,1.5692182748059031,1.5951998105358138,1.6153903456430641,1.6272910990184914
0,2.7673948539301918,3.2129898288333885,3.3131798524761886,3.3955778537651509,3.3986858155601496,3.3988328643781833,3.4914040332863117,3.5484173282168396,3.5968794521262524,3.6424626080064044,3.6749110495347335,3.6971972971103653,3.7178947380152563,3.7437359310549772
0,1.3146751071447988,1.5551157282220021,1.9115891985195261,1.9509512460951557,1.9605522317511077,1.9670823444774983,1.9861988147077634,2.046757987849845,2.0500014533918756,2.0798253314033337,2.0950104055268044,2.131135991506691,2.1520264086576817,2.1548502745332452
0,1.2843948063213126,1.9396376601821617,1.9889503571465112,2.0225787314564627,2.0621761318658347,2.1751023294861498,2.2046516786634767,2.253069688659922,2.280830696604994,2.3410889148140352,2.352661412141154,2.3739502041485183,2.425745236696351,2.4294030151243988
0,1.5619457656818632,2.0698597984922471,2.0701437203078172,2.0712460031225022,2.0850141914947002,2.1233081871423427,2.20490672883072,2.3101714267422921,2.3361646026651104,2.3402465970786395,2.3705979685446672,2.4173212191297835,2.4324833444180531,2.4513506627630299
0,1.8757034688668337,1.9965494018911296,2.0677648334253491,2.0839410451039275,2.112007207020115,2.1340841738945251,2.1730831498195968,2.206280669893439,2.2196682505503351,2.3182668528776276,2.3481016804018719,2.3703845322573587,2.4683422657344596,2.4993428328348051
0,1.612822305006949,1.6276562964334051,1.7191087759450043,1.771456640047977,1.8388578095105041,1.8707572039140954,1.8983357977180162,1.9458191316555575,2.0171892917594527,2.0196411090953927,2.0219307570284206,2.03818927792996,2.0464889930442158,2.0500159808684519
0,1.358515662595571,1.5844133823721724,1.5893242078801035,1.5931610513186389,1.6288681074623794,1.8038605118294291,1.8451393444061599,1.8674859869663059,1.8850391691848163,1.8968579608024179,1.9530506522790416,1.9755039115207684,1.9818657686766896,1.9967454181722204
0,1.527620688227314,1.7644414405783928,1.7918078339247354,1.8342356000414457,1.8481874367899775,1.8612845182340472,1.9789958731857373,1.9900354987441817,2.0403070900108116,2.0760874419871898,2.1106663292264165,2.1273390865019524,2.186984766094044,2.2098343711901034
0,1.6609666093925712,2.5442480548932176,2.684952248130192,2.7530357927725881,2.8782992594816581,2.9661647096403465,2.9684203275211014,2.9831890474045055,3.00704410484013,3.0156723639327421,3.0502550396907684,3.0510911611829297,3.0572345021127014,3.2013150904676344
0,1.3920445183124155,1.6563262309077009,1.7017762496221445,1.7495425125818265,1.7561945811598079,1.7676323054671388,1.7896665685227828,1.825942691858389,1.8823016803734234,1.9239837519499812,1.9699102723701507,1.9784544948362788,1.9810208818411363,2.0047254626192093
0,1.3356306634602608,1.5995057299512756,1.7601865563323698,2.2015704567669023,2.2485434010722387,2.2727029786203223,2.3141460667632336,2.3729346948595915,2.3931132805725102,2.3942051329993674,2.4206553052980579,2.4509897323663008,2.4774704179481799,2.5004324834358607
0,1.5173487650878987,2.0307151472441385,2.091564742392503,2.0979548552918161,2.1057418112714981,2.1240613260331331,2.1317615645242349,2.1524220529339617,2.1632077290485769,2.1985016952028311,2.2221867713190444,2.2516201561985163,2.2600520009377179,2.2652663448521522
0,1.9566900937586551,2.0041441541659935,2.4099675021620164,2.4265961558067426,2.6446110761681187,2.8464115446663771,2.9157738591491418,2.9464855042511364,2.9692464896286435,2.9784966711824969,2.9987905298644191,3.0156826283222364,3.0175592726411549,3.1281810841675171
0,1.088128792501978,1.3188157366086988,1.679088294477677,1.7944652011030551,1.9304327060575299,1.95551592364358,2.1078111418450098,2.1131660159246839,2.1238757353965263,2.1329852906668991,2.2116152890694942,2.2167974916786188,2.2217721368551109,2.2353452709508956
0,1.4158110485451756,1.511548637067865,1.6773754222040245,1.7235218965222443,1.7270660561658691,1.8323285882036484,2.0728920196907179,2.1576926766948716,2.1945143989276223,2.2142794707723557,2.2873863683581717,2.320693074519991,2.3699068928222933,2.3781356913441334
0,1.8382356670393467,2.1198193682014659,2.1900819794462909,2.381575177665229,2.5384689904936417,2.5459629037590203,2.6144014727917719,2.738004433130572,2.7865417034136635,2.805499554560495,2.8255349343510754,2.8865135196019471,2.8905109435284762,2.8917882206820744
0,1.5186376386487355,1.7819213839001553,1.8031166119713284,1.9275892895523046,2.0409192548968726,2.0650324703779099,2.1964810015918181,2.269852465067423,2.3159961246397809,2.4114436112136088,2.4130827766965344,2.4301746909334314,2.4355734125792896,2.4655363954205596
0,1.3164559817299391,1.6630936577165671,1.8280549926521117,1.8281802737681767,1.8527355287909597,1.9006311685475255,1.9278001762417372,1.9735371553378853,1.9787616188688699,2.0341355157640537,2.0712464831289168,2.1390442945181878,2.1436408608597257,2.1556947020415107
0,2.0415473674614781,2.2253664810900737,2.2872881711609456,2.2955059795665069,2.3119296012463879,2.3842624279327396,2.4728046796239407,2.4817839160861648,2.4821258034739531,2.5196605055551737,2.6132255697996847,2.6151736768034404,2.6848749345503293,2.6924166856661693
0,0.98585868568453616,1.2368508375634091,1.3584301580764482,1.4059073034619569,1.4450812167027376,1.5272211718003528,1.5910837973892313,1.6997492691815619,1.7011376270378586,1.7279594390051238,1.7786467619372919,1.8338151512409553,1.8448308382715299,1.8892450816803548
0,1.5068877524239144,1.8350201461598035,1.8819484231454231,1.92520219718889,1.9634984780364739,1.964507291017209,1.9943543643575334,2.0427665638447468,2.0436306957140884,2.0632113620107906,2.0722962930377387,2.1005822157037315,2.1057194761778133,2.1453552943429712
0,1.6057646402545991,1.6952678862185513,1.7047474808067427,1.7486735695634965,1.7584955601573209,1.7610596973356616,1.7769136247227613,1.7817119539689859,1.7859206967646239,1.7919692406690926,1.8195741043179441,1.8536770059760144,1.8651760796541463,1.8996515057941592
0,1.8293296258525304,1.8676387185239078,1.8886085268106008,1.9065890018652896,1.9185864651595395,1.9284630436465009,1.9448368703510475,2.0577391116216321,2.1963363213478719,2.2022349339060945,2.2636757904610176,2.2759917413649031,2.2816576655085323,2.3333384097662684
0,1.2112483621709254,1.4149944878573859,2.0025443980467834,2.0496928067165014,2.0966463721164637,2.1962247814665825,2.2853720257191115,2.3052155055689343,2.3103984994443594,2.3595243327343591,2.4186523447797623,2.4340580779519705,2.474463736374827,2.4904481270792709
0,1.013781106965814,1.8812892814589477,1.8980785307857015,2.0053929445896936,2.0117143241322712,2.03159069378348,2.0566020160741134,2.067291343570532,2.0943606920018669,2.096957976872369,2.0979099494452513,2.2206483525816392,2.2500708994794438,2.2572708086013749
0,1.2097586752748704,1.3745136286231876,1.5219082677709319,1.527620688227314,1.6169951188911027,1.6697961773837973,1.7226187687652563,1.7280514381027237,1.7455588706053755,1.7593097955124422,1.7622354461995704,1.7636133959539937,1.7979259096304789,1.8050872951195271
0,1.3653005391992508,1.3872521542485343,1.4060396853080053,1.6216974482534352,1.6722752208206335,1.7288441434345581,1.7776163634916784,1.8235179346196555,1.8594125278428009,1.8931567111130581,1.9228997662945924,1.9268167211025695,1.9533222750178143,1.9772588577650454
0,1.989382660107305,1.9914154370118833,1.9993655748184211,2.0732844460540902,2.1347379077546158,2.1350026038694927,2.139659471897903,2.1953325087690154,2.2192990859177946,2.2649824078572132,2.2751972702032033,2.3277016028136983,2.3620701177053696,2.3777016566744869
0,0.95824290065999818,1.6073476338891544,1.6613668133940802,1.7015426310329649,1.706689285376483,2.181590062571388,2.31240271600951,2.373920546315254,2.3946382487978695,2.4324708752090687,2.459923916377146,2.5157226417086975,2.5618398399729787,2.6210838015330937
0,2.0291240861099711,2.7307208094632354,2.8331972684398394,2.8772980809851365,2.9256390405510815,2.925780745259841,2.9366950778992535,2.9861873453670915,3.0184425884248798,3.0190542274465844,3.0344577628080618,3.0431436910450187,3.05055770643055,3.0721456781427343
0,1.3573735773763898,1.4771975314382144,1.6421725694320406,1.6632252152934628,1.6687427476289074,1.9251031911171386,2.0228037348543828,2.0251126108160968,2.0426685153543498,2.0557413912299847,2.072644731926121,2.0998058410604661,2.1301046502571843,2.1712233866495971
0,1.2052998430265385,1.5012975958763426,1.8172069773050592,2.0148007442887783,2.1974449554728412,2.2085395672622754,2.2247397780459757,2.2677434413376716,2.3602564624679747,2.3953374182209868,2.4057164389021124,2.4067494262581652,2.4214817070127737,2.4518673064905547
0,1.0884415841523292,1.4505569724134586,1.6516103399902913,1.6607232053419809,1.7804195701858438,1.8390590097627362,1.8778135539462704,1.8790866110979538,1.940961556953914,1.9657413302515359,2.0042839597808539,2.0595887762652838,2.0779752590885159,2.0943980006774376
0,1.1277686527994608,1.4141226901908754,1.7090180706242002,1.7733688698593717,1.8457775619639054,1.8555647416350052,1.8838792574298981,1.9414064155426136,1.9685434760001819,2.0077966601510884,2.0540308965426228,2.0550103084053526,2.0869199635039886,2.1213345054091173
0,1.0936573572385344,1.2757070367358312,1.333398734827588,1.3527762391941973,1.3978570619855861,1.4238854587798411,1.4289754180468113,1.4350413775496209,1.4483640750644324,1.4765181626117156,1.4842534719708136,1.5397015950816382,1.581297380478305,1.604511133556114
0,1.8309404043406836,2.0091005188477582,2.0604438859654577,2.0693029354894237,2.0827464524282302,2.1313975538914951,2.1712980995382631,2.173658930113409,2.2142794707723557,2.2545469118997166,2.2708892428042202,2.2937284618092808,2.3354411849689294,2.4287892794646866
0,1.4354649788810452,1.5733820538726357,1.7343893942187862,1.8149562544527531,1.8688463859534539,1.8789888973143745,1.8860816856361908,1.960440814107695,2.0960526680173177,2.1444854879120911,2.2121216645302701,2.2167499285818622,2.2193586183667531,2.3226842432447254
0,1.371894096890494,1.5657193472613542,1.578831313116261,1.641896601322991,1.6551254474339225,1.6700024594853993,1.7371643289443817,1.7462568741894917,1.845504468508661,1.8500523089198484,1.8562872982513892,1.8633778144857231,1.8845537250664814,1.8906281640252227
0,1.6312781555991465,1.8710455274392883,1.8898684681574578,1.9049515189294333,1.93107778826427,1.9542418298654656,2.0510233156081537,2.0637098482296996,2.1549312882143945,2.1639375405889956,2.2073683803860344,2.2538318518158302,2.2573930107571418,2.2615475755658676
0,1.3662304364169775,2.0442845028600476,2.0586881962731125,2.2100098431819584,2.2487288673612773,2.2511435122121166,2.3372377743082695,2.3972174247383879,2.4397150788876778,2.4660895465974915,2.5764569911936213,2.5854880271765333,2.6180032685390073,2.6668911471420529
0,1.4096436255982947,1.660807882262558,1.7953612044780629,1.825261595617246,1.8823460065184567,1.9009918007379698,1.9251613671953802,1.9406418066875337,1.9969109824988776,2.0930461618808889,2.1054356745102423,2.1172624177179014,2.1271678504211726,2.1676269624700586
0,1.1767506322751133,1.2759071067534389,1.4148342842329475,1.4660121063747407,1.4769196709278258,1.5133255629403968,1.530427154974304,1.6163926268425786,1.6189120186968415,1.6222604162726664,1.6272556317687912,1.6805111013061746,1.6871604604834944,1.7209578007671564
0,1.5239371204407988,1.96896536425227,2.1494433369963937,2.154337803866909,2.1559190147335783,2.1637621267157869,2.1684712478865409,2.2390282857698218,2.3161433739888628,2.325002928760882,2.3590479152046862,2.3680148550354185,2.4227063368165633,2.4233876280932907
0,1.3471709721285461,1.3810470843256613,1.4350220424144822,1.5975112144785029,1.6798558128326988,1.7811014606570212,1.7856463989951499,1.8472593547238683,1.9015941702380255,1.9403386674083274,1.9573027813031614,1.9968177218137442,2.0008340781417768,2.0154980732926595
0,1.2894373062336884,1.3311076176723777,1.3346272659332648,1.3920880690298112,1.4622248451664697,1.4759150169876594,1.4886407395067824,1.4921603581703071,1.5154820547785919,1.6110485757046742,1.6549607654955405,1.6607630666922031,1.667524089975174,1.6714005768831859
0,1.5142087522460956,1.5263671071198452,1.6263028130794319,1.6426721079944138,1.6759255819686676,1.6822102238531877,1.6901655533931368,1.7284118546252845,1.7815955744477683,1.7859369439289559,1.7970846035346246,1.7991934651056054,1.848207759291721,1.8841645207093038
0,1.4314299546226805,1.4453940733017738,1.552416877288616,1.6787508134346483,1.714180905563496,1.7580810215589098,1.7695803923829112,1.7963920655139709,1.8182133651875838,1.8961261699599088,1.8969517340110573,1.9168568582094045,1.9699963828537814,1.9763822694289612
0,1.5008396862354338,1.5463059251727336,1.5509411885792102,1.6795282471016715,1.700776226178274,1.7051970174429691,1.7160990738896493,1.7240081206261098,1.839870021936848,1.858175370690091,2.0029266509651564,2.036528037796276,2.0615072615469017,2.0632899217836131
0,1.4632288272974732,1.6674762378359376,1.7568786225673145,1.8127952830802558,1.8369748818129166,1.8794360158979067,1.9422604297157897,1.9717697064322146,2.0626504724552222,2.1054580512208041,2.1567065187535901,2.2103120283027873,2.2157555539668774,2.230945099290389
0,1.7489207474597848,2.1216515285774094,2.207304429584505,2.5150226319775681,2.5869287049200849,2.6122890194981436,2.6352622157218892,2.6432553261303262,2.7237813445264654,2.7406235681558706,2.7624666399491016,2.7774361680442734,2.8274851537225079,2.8327165615579584
0,1.4255324694127829,1.5711364786868622,1.7073327058292231,1.8293296258525304,1.8685921767018312,1.929210115401949,1.9834614319380846,2.1243385788295019,2.136362782807165,2.1508508202375936,2.1616784305081422,2.1630917017578408,2.1801581359006557,2.1830544746257576
0,0.76214320881076891,1.1675497547853158,1.4622793943187939,1.5136418628966393,1.5194051208139872,1.5589025013203424,1.5695163060367647,1.5840315002934415,1.6109495023020757,1.6244057646802861,1.6740115409552818,1.6758531533418832,1.7321551020295016,1.744598214748019
0,1.6491661604728343,1.8772767956313421,2.0624956529141056,2.0861530682168881,2.2516823661338718,2.2634043777276833,2.2635689634639871,2.2798108107751172,2.311207964216492,2.3346172321092928,2.3548305559187077,2.3830831935846635,2.4283665108183121,2.4321920983860186
0,1.2564929257904005,1.7389667863371996,2.0062681768884709,2.0987621927017033,2.1575909492977701,2.188614395176308,2.2781093820382692,2.2802804868230613,2.3211638347270256,2.3446157796708094,2.3602449043880322,2.3617140274734818,2.3891293189775502,2.3980075732851236
0,1.1654151112773372,1.2236820256681555,1.4387237778706798,1.4885516000236367,1.5415225808324595,1.6393556734576735,1.6412484501017335,1.6780175895103431,1.6845972933654205,1.6854937887461867,1.714776656269134,1.8002809863661584,1.8008975784606649,1.8072160444441394
0,1.5173487650878987,1.6037166567202159,1.773942301042551,1.7943149044881417,1.9443546049305385,1.9632155462912226,1.9964590907596147,2.0167839358694679,2.0317826108879031,2.0628650081233801,2.1438357410097342,2.1558222984616946,2.1644109506640947,2.201043052536781
0,1.535354508733753,1.54248358624016,1.5454119701213984,1.5538313124471539,1.6546497584856477,1.6554534345720797,1.680843033338592,1.6854051266535071,1.766447891712581,1.7933723832678083,1.838065518272979,1.8538442346719741,1.8606368442655215,1.8658006698348621
0,1.9955175682041315,2.1163263781523631,2.1281794921664785,2.1334092450384721,2.1686649045220294,2.3626134629924564,2.3911707055739928,2.394576757800174,2.3970301269705701,2.4488169051805042,2.5010238921235088,2.5216790517999068,2.5511264981667647,2.5628234617446761
0,0.78974918088416013,0.82733906912730837,1.1262298765366663,1.4815939577102077,1.647225589252066,1.7774703954166633,1.8315283985232067,1.8642883894881697,1.8718777282530072,1.8871879308839907,1.9308564698450321,2.0161564919388315,2.0175639325910772,2.0224281034530147
0,1.631648100106549,1.8144373825444624,2.000402564652763,2.1267785798935921,2.1714188074035632,2.1831757904268878,2.2129353048455678,2.2221594880372679,2.2742949122933713,2.2838548453308514,2.319390847285518,2.4084093176661172,2.4145594926541505,2.4357970118887931
0,1.3241095738778104,1.4804490906701335,1.5932764317651698,1.6005085435651421,1.6651247387318584,1.6664137269134347,1.669096878856704,1.7056537894881538,1.7206115550621159,1.7335120267778106,1.7788889502553631,1.8446798463296499,1.8711527265365515,1.8772070390899975
0,1.6864987128074063,1.8214597295435233,1.8554732971131653,1.8724772378411749,1.9019853800331319,1.9202174092024253,1.9397802512709201,1.9582370259355129,2.0107683331221966,2.0377496478154309,2.0467095408343976,2.0500711304617196,2.0722930846092873,2.0779667818495944
0,1.4113360618273501,1.7398320347620575,1.9657993259656732,2.1766861337530465,2.2553849791082352,2.281063024931544,2.3012761585775392,2.3387023667924414,2.4113106792038463,2.487481314025227,2.5736002505760505,2.5764454034674751,2.5921281594098113,2.6477872152096928
0,1.6180283704503398,1.9159705770785802,2.3074030001882484,2.3142592409901903,2.3782375804274589,2.4179762193378425,2.4396767650143985,2.4672365413164656,2.4882611140018991,2.5039990612162297,2.5278271149448428,2.5474278915662665,2.5517550135895419,2.5534446269098328
0,2.0802293869764865,2.15138453437743,2.4490607989985693,2.5221534656765625,2.6505310165350298,2.6865256260238808,2.7331745304866311,2.736040923013527,2.8582728418813468,2.8802500287738719,2.9165558734249766,2.9452937600902271,2.9466569433706353,2.9492362786719877
0,1.2342975465220305,1.3613227568350565,1.42661115151025,1.5108277612367083,1.5657193472613542,1.6455942591012394,1.6930705486482454,1.732271225785559,1.7889095498648184,1.8490513232433836,1.8514755490759189,1.860522805300336,1.8672636845885919,1.8783631980987843
0,1.2454470165738927,1.3514129728016222,1.3694349179037888,1.4249143544172584,1.5037271771252319,1.5997090934211473,1.680843033338592,1.6890381902467662,1.747246136483285,1.7795892514143454,1.7800112123364391,1.8123434440083188,1.8232503917079947,1.8520733927991981
0,1.3677716305615126,1.4821576890438948,1.9120205476740735,1.9139574774153956,1.9222267568954117,1.9245128860392779,1.9411622508972224,1.9801529513065104,2.0130460578859348,2.0469371387139943,2.1032234561825192,2.1037119634125836,2.1323325536961817,2.1380758441852104
0,1.5384811335979411,1.5402540522402344,1.5630843744057168,1.5924819067101756,1.5938400166563353,1.6527506063548698,1.6660542711362443,1.7281615540195856,1.7783758383896404,1.8095340070180166,1.8121338085737628,1.8240793577348022,1.8547426587652991,1.8995494392508459
0,1.8505636963536165,1.8920142389169943,2.0134545570144917,2.0693444004962154,2.1182794440927255,2.13153322073277,2.253755986726611,2.2928965586045393,2.3725068600189756,2.3870082613350054,2.424103280632397,2.4478019056824145,2.6186958919443017,2.6717206515225982
0,2.002725281101871,2.1293565817217845,2.1693665924755789,2.1880504325143604,2.1941615230087326,2.2384779880423644,2.2811182262167264,2.2900816455807025,2.4103211551245689,2.453551881204485,2.4686290607990413,2.4878483344453937,2.4889930456309473,2.6060440815252304
0,1.2482696571712653,1.4387932451897951,1.6829228488811487,1.7070725360446268,1.781405361108171,1.7870213245097806,1.8452361815656639,1.8691936735386883,1.8982003727589909,1.9278001762417372,2.0235560328818019,2.1046643721772007,2.1341489310397628,2.1743566229075602
0,1.2880576639168622,1.411705736603631,1.4765559368705032,1.5027977624136057,1.5708396256184198,1.7565806960845025,1.7632555959961256,1.8240190274173596,1.9082512420625417,1.9257857455383649,1.9476155104914143,1.9536462195626192,1.9771094877099549,1.9914864440256457
0,1.0733991134819083,1.1090482266328792,1.2332658164860726,1.302384465801175,1.4597296168847169,1.4608684333614115,1.6206934434043214,1.7279594390051238,1.7454308439882669,1.7592511733253549,1.7743717714184091,1.7975678924435403,1.8003698730414512,1.8009229546260246
0,1.3246430760231664,1.6361828827538518,1.936727082249696,2.3937595908652018,2.4885564882961533,2.6372755544360209,2.6381293503908925,2.7615933072629812,2.7956130727765212,2.8714715426653186,2.8727174226065526,2.8936366561097593,3.0407707386380602,3.0443002760649667
0,1.6023151490545127,1.6603457183140897,1.7378853176390012,1.760018098971974,2.0500298662173186,2.0535075135595786,2.0666551085370819,2.1311155081292514,2.1541690996635596,2.1580067813192687,2.1666137311257474,2.1810840552560999,2.203897577623056,2.2076731922090347
0,1.4194438744408657,2.1676310411091642,2.2365717227435979,2.2417928388720845,2.3878248674115006,2.480285061057574,2.4830562496189463,2.5121116466422895,2.5368648690326769,2.6009629492157234,2.6443225747097734,2.6725232673831472,2.6861538748620801,2.7098572440950588
0,0.91993208337740984,1.0227196852107086,1.0574011744976044,1.0865420408721742,1.1436942491668334,1.2569496687259416,1.3076512434698064,1.3179347421055554,1.3308868833963532,1.3391856361311303,1.4388279301548899,1.4886407395067824,1.5048243380616244,1.520902863866529
0,1.2651962296440802,1.4200947622985327,1.5328546971478971,1.6267671485935224,1.6825534964315978,1.6905236526651288,1.706689285376483,1.8614713413895521,1.8727549925026981,1.9156882502426311,1.940472940929683,2.1292413308583122,2.1630512546720184,2.1843040334992869
0,1.3196639167677049,1.6118194330102678,1.7203166740166711,1.7281966921118168,1.7735931929716031,1.792544199145464,1.9012951518891577,1.9238913824600579,1.9594217693693734,2.0260596029685782,2.0551900004333512,2.0780101713575596,2.093878436150868,2.1511862038575895
0,1.9620857805901839,1.9818353858077653,2.0780035547437956,2.1137481722478979,2.2059124767763794,2.2311118927010938,2.4162604185441436,2.4178179373876052,2.4379758349648495,2.4700050759461831,2.472766174216499,2.5143819959142624,2.5316741707856449,2.5361531705592553
0,1.4876668227548937,1.6371916516798093,1.6506940373342924,1.8545496831324932,1.9389409527249055,1.946464056504785,1.9488581053355163,1.952960354544296,1.9790812024016384,1.9873920979002342,2.0240149466271156,2.0294553442180425,2.0673109920499697,2.0719690946155778
0,1.6760756410915194,1.7968133957736188,2.2037240099040543,2.2710123012418593,2.2749973612185475,2.5319780255706337,2.5328807042205264,2.557428758091238,2.5605492935265444,2.567151685649264,2.5885703855335906,2.636580992960043,2.6388394365293242,2.6675594618373428
0,1.1537971392373889,1.6422539473231756,1.701135892690538,1.7662114170160219,1.7776981494596229,1.7937921307519773,1.7968787176720917,1.8050872951195271,1.8568019799778774,1.8687343217619985,1.9129676087179583,1.9249447093226144,1.9349458757314715,1.959488704773283
0,1.5588257257057321,1.5649475016908398,1.6905435337100347,1.7216707121307138,1.9199112338108208,1.947697200500401,1.971116233817044,2.0156442874581493,2.0730151566064627,2.1004479170311878,2.1093450781666254,2.1318825603120217,2.1633336521032693,2.1897615803043413
0,1.4845842542087284,1.7169002321818678,1.7530084759826188,1.7545615521432683,1.7670107117720195,1.7816985877964568,1.8156237156211192,1.8412060180459435,1.8575422868014242,1.870798559877646,1.8715626788335091,1.8827519610667884,1.901277425353509,2.016706818512092
0,1.2923922382015847,1.3577337218475858,1.5284859272655116,1.6118770345033993,1.7381227391990082,1.8056663945805584,1.8349752279040825,1.8530854246898769,1.8703680223222101,1.874215908046345,1.8789107505404989,1.9082891703065206,1.94309395546325,1.9466493849043467
0,1.9155176688079207,2.0095641485402229,2.0203804775809315,2.0866120793828422,2.1116671784306664,2.1897243885111193,2.2519795265400262,2.2794768587711109,2.3264417616778972,2.3322397004134987,2.3473841949865193,2.3591348186680134,2.379161745570892,2.4205607618802287
0,1.5102649285419574,1.5753750610152535,1.7829020126350577,1.7899886881328069,1.8865250344584352,1.8937340514491041,1.9128558052532614,2.0963979944989326,2.1099634035287265,2.1341906263752586,2.1702561827801348,2.2086066912320779,2.258833122471446,2.2829881004473203
0,1.3214285844397022,1.4920953472460781,1.6792265321443118,1.7901458752383943,1.8018257887457558,1.869456270067809,1.8727067664831014,1.9147174674859555,1.9331509577559138,1.9726479323114898,2.0684275808137333,2.1063512033811933,2.1285588865347771,2.1451020173580906
0,1.7339571191715426,1.9566828803355965,1.9570475373633454,1.9837142413149405,2.0874253644178316,2.2279554325800377,2.2468539997561545,2.2802902211179634,2.2856438998264195,2.3021124340813341,2.3078790065704706,2.3366554387755123,2.3759819402541584,2.3879745728175465
0,1.190355941882677,1.5284859272655116,1.547400749977178,1.6697189165174702,1.6765058666496835,1.6967580832725562,1.7042145451325073,1.8215502302351934,1.8700267386074054,1.8881342164894992,1.9181019934411609,1.9268370305768376,1.9270551067398143,1.9377024296458081
0,1.4301699790506521,1.6116176665065689,1.7386009595538583,1.8522978428267203,1.9103402174413189,1.9154343492126513,1.9917434990089509,2.009628913653517,2.0148007442887783,2.0750703936478634,2.0834688109785997,2.0966196631291001,2.170168263853975,2.1844706022777283
0,1.2247538638610982,1.7853352104061528,1.9904364295320125,2.0030197286088023,2.0400280997915567,2.052660404494671,2.106589534223207,2.1072713310863986,2.131149660302651,2.1429843135265929,2.1511862038575931,2.1650405335856364,2.2227038705884081,2.2685082065123692
0,1.4905992529198864,2.0767551692203914,2.2242907626158197,2.2356686765042286,2.2562773286990461,2.2769733265372394,2.3601760313868243,2.4193787787413252,2.4313312474481541,2.468337140359429,2.4845525744250105,2.4853149931453693,2.5110412307017986,2.542469392216312
0,1.9121259816891751,2.1144724431322826,2.3315924415933806,2.3881738552892742,2.4136154173736926,2.4350622901521248,2.4416761995506486,2.4711653752580118,2.591758120745125,2.623504044997794,2.6438891130894548,2.650250700464885,2.6620828710332649,2.6692608658015025
0,0.96503784871368425,1.4975108757126721,1.6595600277273717,1.7712680421674936,1.8381742388826501,1.9052579403227603,1.9808152980502383,2.0218437746868929,2.0875112544232119,2.103835210395014,2.1174456266249977,2.1224626318363282,2.1462675194847249,2.1516257876058238
0,1.6505987305857457,1.7289660271617908,1.8033653190309578,1.9635631416302644,2.0028576885667895,2.0505945381709121,2.1194579407704839,2.1608565178805588,2.1924248405377598,2.2121397740980897,2.2309048689315691,2.2855105319495164,2.3374038121444287,2.3556721261020535
0,1.6086957111164366,1.9091064880360407,1.9129676087179583,2.0147750644271172,2.0291116036263808,2.0347187244896174,2.063263277595401,2.2285647341089407,2.2415749635687794,2.3077961971315504,2.3995859490142601,2.4005590469090774,2.4028269415394865,2.4071776151662112
0,1.8127952830802558,2.0806591763954598,2.1450964773011676,2.3257238838153746,2.4370455574096903,2.4716863068481758,2.4860084281872536,2.5416009299172728,2.5644058074943068,2.5657767982904276,2.5715860712118448,2.5895926771494371,2.7970370541107181,2.8169626152653091
0,2.0225250850873784,2.1453527969526442,2.2016610543358204,2.2637155911557425,2.3299832493726989,2.3900029409898846,2.6111795618701361,2.6914855087076051,2.7085469664163622,2.7099402838276143,2.7281914337640978,2.7713131007581753,2.7832227799835163,2.7887429402205037
0,1.693502024472793,1.7985441554188166,2.1420345522255788,2.2284428123766862,2.3266253060126161,2.3495347230986705,2.3524259440901285,2.3594938834185863,2.3798076592634438,2.406351739821682,2.4336664663964633,2.4395797796781031,2.5007396412683276,2.5161948055389156
0,1.2321377387413692,1.4085615746522464,1.500107564845002,1.5814518673186024,1.6365386845254619,1.6816097209984082,1.7277865596195792,1.7554565556414599,1.7801624084361416,1.9070778744884391,1.9085926235680231,1.9678756683798309,1.9819182518083986,1.9993213217592916
0,1.3992174851369641,1.4718125811416254,1.4720757028022937,1.5032992442557278,1.5932623666953984,1.6244057646802861,1.6729009296536161,1.6742411824927834,1.6818421668381442,1.830623022590254,1.8364912941923128,1.8677140922723863,1.8928380615914837,1.9225644860977831
0,2.332472750537355,2.5586220258784547,2.6104014662586361,2.7315751605881973,2.7535073359443283,2.7863501688501331,2.7929948856663653,2.8137754214862833,2.8324933055920876,2.9414501840972656,2.9640242837860531,2.9782287544284012,3.0027736489427537,3.0078619382099996
0,1.6957210693930211,1.7343893942187862,2.0154342206758389,2.052660404494671,2.0810749789247849,2.1445445209083545,2.1788084844544842,2.1958837727410674,2.3500236528098224,2.3664017063984613,2.3965983455154101,2.404892465292273,2.4392274487713537,2.4458269997797175
0,1.6100517343329797,1.7383434674009091,1.7981776321675318,1.8133267395892274,1.853968767954931,1.9116115160122318,1.9205436132116129,1.9566952830579287,1.9752881815567016,1.9838452710650303,1.9838879715042161,2.0829130316829256,2.0896324574288476,2.1307189551359911
0,2.6059213075825185,2.7237813445264654,2.7801224446981072,2.8065245595990409,2.9509109958003803,3.1722906679583454,3.2035665126604758,3.2115745256209371,3.2131595832337831,3.2757178824121462,3.2892602774963002,3.3020328108322192,3.3095145036684146,3.3262587176968821
0,1.4258559540992566,1.6680336891699519,1.8187389379935905,1.9150578111557661,1.9566354859168236,1.9751452400076897,2.1252240251656596,2.1485409850658996,2.1488432704530225,2.1582117007048192,2.1715075434582105,2.1715848982239452,2.2866510020465589,2.3742598530446357
0,2.1332927618376565,2.6189170836813425,2.70947557169311,2.7394599152825565,2.7932433021340275,2.8513260171463752,2.8531352441287319,2.8606906491732289,2.8991421301690217,2.9014496865443018,2.941095186280466,2.9843025653266873,3.0715445011636473,3.0966576666669283
0,1.4232290815532489,1.4798909869561545,1.7988327145612018,1.8960540399027541,1.8981372555941671,2.0310495166569367,2.0726994481098742,2.0732522896657595,2.0742589493828261,2.0827464524282302,2.0839814932680647,2.1073539940736352,2.1099543609265745,2.1117791758896276
0,1.4673427669290744,1.6572372793447159,1.7376008993295118,1.7676418075148637,1.8265151728847671,1.9368448192920134,1.9373310483892343,1.9406304487809314,1.9637546410574078,1.9642807813362422,1.9695066311803671,1.9937613633928033,2.0085541853526263,2.034715921315247
0,1.3462194594766457,1.6229869975446047,1.7179882461029725,1.7868928714201748,1.9688132165462586,2.0224986221914847,2.0318256612931855,2.0363040818042313,2.1189955084081671,2.1608008129251308,2.1629288762890102,2.172630995964246,2.1818748292817185,2.2536021706181608
0,1.368707605281134,1.744734941157116,1.7734763672205607,1.9090716846749265,1.9749986028551814,2.0466887698323042,2.1628584941152664,2.2235081270027286,2.2392540458907333,2.264049456697093,2.2746028221904573,2.309643387782212,2.3616974885701936,2.3921091904668619
0,1.6988893246958483,1.7202862938191652,1.738331519829817,1.8257307907166629,1.8964192029127691,1.9082844905223146,1.9304273415806916,2.0007045565175345,2.0167499877109036,2.0214504806217226,2.1171646042036047,2.1234305076443514,2.1510143590417927,2.1576926766948716
0,1.3057870108714749,1.4687381581571763,1.5757537808166713,1.6011024096301041,1.6370393475097158,1.6726937060861626,1.7125409541484387,1.7729668219355816,1.8339850322425517,1.9218863926051881,1.9229168466883415,1.940462377807447,1.9568282300975135,1.9621926068101045
0,1.4396690045340168,1.5251521127486143,1.627588742614271,1.6554633290724272,1.6576818360097296,1.6973234789766347,1.7135422189478386,1.8092159060202917,1.8231283587018352,1.8585799566681169,1.9068296593049829,1.9112198524122153,1.9200015813746663,1.967720850425321
0,1.9033770515096262,2.0524622110558073,2.0551777340660475,2.1637871663809913,2.2541210118022925,2.2915096153930548,2.304079444609715,2.4124932753956623,2.4444914998169289,2.4618787175038812,2.4740942256354979,2.4914157491029978,2.5250145534233313,2.5298850018646131
0,1.9054826982380133,1.9555597535357256,2.1361042125474743,2.567860346574145,2.5916521490536235,2.6584987917183609,2.7466701991595728,2.7613923030432681,2.7953573447154967,2.8152152438920357,2.8181258530447675,2.8347677696794,2.8428003472413037,2.9074514537287142
0,1.8384731319937802,1.8490253862148127,1.9586009976141083,1.9850341940227698,1.9887107761133604,2.0451824838007129,2.0539824203194224,2.1049386065215092,2.2068165674037412,2.2195054945629824,2.2311560443466996,2.2705558228576743,2.3000613029195307,2.3152613047486552
0,1.945532006885732,1.9498933230866868,2.1799123738818666,2.8179341221763257,2.8423832278783476,2.8878576967721736,2.8982626724619842,2.9192852906203135,2.9628966148277347,3.0235710588366969,3.0334339313687937,3.0601290853004897,3.0931227610719572,3.1452705153057416
0,1.0096143716806381,1.3179347421055554,1.4002896838332899,1.4370637483167954,1.4450812167027376,1.4483640750644324,1.4799008915650183,1.5018484502499221,1.5373106567351895,1.5720862225670587,1.5809352916313975,1.5819891849050824,1.598333865404022,1.6633920986341419
0,2.0519009487217694,2.2285647341089407,2.384652676570552,2.4475694005291486,2.6768972248088798,2.6933884514848896,2.7555516311596238,2.7930156651578706,2.8389919835760202,2.8455652670810383,2.8670036966753214,2.8705759461074494,2.9343070972959961,2.9711228336392423
0,1.7252350365623019,1.9957355548401203,2.0361192949983904,2.1026448301009002,2.1073264283978248,2.1132867516118461,2.1204122464764419,2.1289530316630891,2.1510757103107436,2.163129671394834,2.1636022309736251,2.1926267187525634,2.2137520774982762,2.2554502346442655
0,1.6617832557331234,1.8866133783414378,1.9664758727106373,2.0265380219744311,2.0423912849261328,2.0598302133798687,2.083113555311868,2.1003078086136613,2.103116253763206,2.1088600864548983,2.1658819912926206,2.2106362233151735,2.2444435520691313,2.2486492275955809
0,1.3672216268475761,1.3792870121053371,1.7196334060187224,1.7647876620849827,1.8980038551324883,1.8988242320391706,2.0399692148002058,2.0408854308089523,2.0628650081233801,2.0752333356978778,2.1065286233509624,2.1088421621228122,2.1176846601018737,2.1485042344003364
0,1.5168269166298651,1.6003706185215478,1.7836719710492359,1.8051995351249432,1.8373782530208178,1.8448504382807667,1.8642738021808474,1.9386158400230569,1.9590722987228764,1.9872182590548473,2.01376455722558,2.0236020826424626,2.0486537430831606,2.0562287775254893
0,1.17441426919911,1.2109017590174822,1.3020537377491268,1.3213893410599886,1.4060058047219521,1.4660738194518343,1.5117651673034307,1.5573131321483065,1.6198995000709482,1.6354688976944867,1.6707827692735853,1.6778049375539623,1.6858224724990098,1.7074494642054006
0,1.605056004292194,1.7077488225851933,1.7221455705369564,1.768446605128543,1.8921758480423025,1.9762891237492197,2.0574228712561338,2.1426127089676261,2.150975822633137,2.1724390562973683,2.1852508784993243,2.1911694423967427,2.1958257529066234,2.2241457888534559
0,1.044748076081939,1.237852303536032,1.2673440437879528,1.3855839995360379,1.5110339553561063,1.6274345353517352,1.6350610942133668,1.6496727741622748,1.6642866353164463,1.69758206886928,1.7058132810679336,1.7255856832927348,1.7783175924009718,1.7906892270662282
0,1.7610509278031024,1.8091772688772765,1.9132511226681594,2.0085741779783923,2.0414659375574544,2.1089915668800936,2.3726165732234361,2.4350622901521248,2.4718500904890757,2.5205734986991271,2.6204384276499177,2.6444817519443133,2.6899889961083372,2.6910159529378443
0,2.8778103397906944,2.9442129472357093,3.0059274531221112,3.0587005618706664,3.1754204528283898,3.1781852126268295,3.2549159971135935,3.3402883827126435,3.4246757251362165,3.4250755590889552,3.4323371382957362,3.5090444025931684,3.5168083202149116,3.548746455278879
0,1.3124227086961004,1.7788050057518572,1.783991129006864,1.8747880575143159,1.9101068635002736,1.9374128143074758,1.95231066600674,2.008043525160832,2.0699170912568468,2.115965417482216,2.1214832544775519,2.1371531879785173,2.1543549551649108,2.1564896455086862
0,1.2701644717699228,1.6146412615143846,1.7028444433400216,1.7932918351676781,1.8230853889402518,1.8238524334867499,1.8676566992089643,1.8722458783888951,1.9085116868880014,1.9119402386700188,1.9267107776527552,1.9542070343026816,2.0129646141445243,2.0251428825467928
0,1.3494686599679113,1.443241616417219,1.7126586486262478,1.7310993645264114,1.843594086849093,1.8534547926663409,1.9017583803927685,1.9837681209333435,2.039411087163101,2.0475187202395677,2.0590586164899571,2.0839924320451693,2.1046643558686928,2.1157001987230202
0,1.4232290815532489,1.5368718725900314,1.5753750610152535,1.6419865618905991,1.841615296399848,1.9662054375541653,1.9890036526575765,2.0091005188477582,2.0580923907611468,2.0718923477331366,2.1074389011572081,2.1506543121557686,2.1723048631732906,2.2370495828041541
0,1.3114371087724872,1.405881534179118,1.459658191320987,1.5283729535486548,1.564300369337043,1.6089783137025235,1.6323702644530962,1.6724428251132508,1.7187619656034956,1.7311328398214627,1.7405671699417256,1.7998400088249165,1.8072160444441394,1.8383434979207081
0,1.8143857576285198,2.0603576410136633,2.0675391241030723,2.1563874923930424,2.2328726593025192,2.2412875990184062,2.2790287337419626,2.3316630457554299,2.4246037836153658,2.4299533933887565,2.4512381068847513,2.4800800722680085,2.5148391332445459,2.5259676686556545
0,2.2902473026125714,2.5006379289826559,2.5171213021144019,2.5486662490616654,2.6642991739020414,2.6729341939936511,2.710389865787183,2.7258877238892651,2.9367384491254236,2.952941034687885,2.9563867820834586,2.9588698843526497,2.9682078203846038,2.9911686368585371
0,1.5772197417121083,1.5923838337554346,1.7355505182286333,1.7405671699417256,1.7472757986750915,1.7693981455004377,1.7789300200208933,1.7984120299830797,1.8170489456604551,1.8506236417366524,1.8716338596739801,1.901949027346304,1.9061189828822458,1.9303293048923906
0,2.0810369242466509,2.1297832023719607,2.2923125715630128,2.4040146255816124,2.5468554132627053,2.5846928676300176,2.6157670079272495,2.6493678518633024,2.6588963085740636,2.6884331074171479,2.7051190127759477,2.7109339682562239,2.7784861785993056,2.7794824388216277
0,1.4311844137123364,1.5262573069934826,1.5455621103258597,1.5559098199080865,1.6343405087543212,1.7481414557300456,1.7645593200655145,1.7660881778917692,1.8018943114547359,2.0424996521214238,2.1589809083794775,2.217609349748165,2.2180418759846643,2.2375151935652573
0,1.8611925326097694,1.9657993259656732,2.1752003125004942,2.2587143043144717,2.2628639757288647,2.3462612560344565,2.6031953846864235,2.6407034617613738,2.6739987350432233,2.6791138445568854,2.7843005966315628,2.9178671931711828,2.9614397822065111,2.967767705501942
0,1.3047454857446821,1.3381639105625829,1.567461962867396,1.8725914699050517,1.9117661813108409,1.9386605998894486,2.0034628819223004,2.1343395449333933,2.1587831242692261,2.1604518156398194,2.1953421453905348,2.2284574084706024,2.2473458474984387,2.2583315323074205
0,1.6852935483665705,1.9130360184954336,2.0280938317101702,2.3143392207863056,2.3333310807852543,2.3987980860299212,2.4115146036398594,2.5698203122298056,2.6363526317312345,2.7217498230148136,2.7233948179884311,2.7531074765281232,2.7567426716210353,2.7836517864633858
0,1.1689339514630543,1.3554044487460024,1.434876994262855,1.7272026795569972,1.7727413577089879,1.8509052755558211,1.8919751128122968,1.9013365308796981,1.9027829829198384,1.9724050186865059,1.9762101716222324,2.046801784535869,2.052735303214984,2.0614695877748344
0,1.4533155699657823,1.4921052648767701,1.6500876378507721,1.7251458025089732,1.7543251159541806,1.771047185126865,1.7870148126778966,1.8611991639801957,1.8945579777458013,1.9038904662350562,1.9041116900261514,1.9266866394890179,1.9574960097912222,1.9607545963307804
0,0.99214558034474443,1.1494981668482289,1.318687037963344,1.3576425374811347,1.4193684533139495,1.4913831839695755,1.5262573069934826,1.6008157793612841,1.6219530535316906,1.6595600277273717,1.6647613223078821,1.6657474574151563,1.6698275274965928,1.6723877622862411
0,3.2697701981383922,3.5742823881817722,3.7472335481954406,3.7599236557005762,3.836521294398008,3.8932641369241119,3.9150108273808826,3.996497526032464,4.0049045710389137,4.0127771394357721,4.0179259466773551,4.0503757733003454,4.087178121804949,4.0932772871124872
0,1.3857216872285425,1.3886052736275851,1.58760599285042,1.627962711515258,1.6773754222040245,1.6888336481454984,1.7846688002374993,1.7971315295018699,1.8029162753263301,1.8075733324277976,1.9218234502101625,2.0018075008026606,2.0137190354616421,2.0180113204592285
0,1.8758543458727261,1.9017583803927685,1.9337606129712299,2.0057146233589562,2.1214077241603597,2.1682920416069362,2.1745216452400831,2.2235702260980594,2.2920574662515425,2.3005055742820386,2.3079513856416969,2.3110239147160465,2.3119835784643445,2.320379698131092
0,2.0127649554541596,2.1016904301205752,2.1681134227360017,2.2116605904691991,2.2299700430084579,2.2347503224762413,2.2607316754867735,2.2652898540577691,2.4164753126613006,2.4369837229249369,2.4622707588271493,2.4724397580008142,2.5534641748909994,2.5624231301377667
0,1.3829677903489754,1.5739998337391472,1.5856153284821644,1.616163416748466,1.6390713381909645,1.6397177573003729,1.6583662775324033,1.6913685008651651,1.7006238651185486,1.8767138234273042,1.9412028340274241,1.9479526495081263,1.9565905443925862,2.010483722408702
0,1.5758435041130101,1.8681502238008512,2.0431162887267824,2.0670518513339493,2.1024920122047295,2.1892153788217525,2.2024285418637866,2.3485087904403086,2.3763922885241988,2.3834518447273139,2.4208958906323659,2.4566031400742658,2.4724314657368835,2.4894497100413684
0,2.0776495678387579,2.1190456625964385,2.180617765157149,2.3257682666631192,2.401778344015455,2.4163047093451238,2.4368816664591457,2.5307931045521745,2.5975755493613901,2.6005620918970274,2.6459167976865232,2.6974751428585524,2.7004276309120723,2.7315751605881973
0,1.8926191140584325,1.9805286248697873,2.0769870064332019,2.0978533717598822,2.2598675495432206,2.3756612890209774,2.5029992419236047,2.5092028917851978,2.5381863919518914,2.5565054482587826,2.5666155495446112,2.596001694264892,2.6056408835405498,2.6267095535505463
0,1.390284229157331,1.5432044139707504,1.5798013177869228,1.6073412599481398,1.6321280863319383,1.6647743311854324,1.6708753103856708,1.6846529131974433,1.7683805017014114,1.8062193256595789,1.8866857199342455,1.9224394624495635,1.9638938310116534,2.051662779516866
0,1.6936754092685322,1.8583096687106904,1.9402806257859826,1.9531121007251286,2.0268397732008356,2.0617625177985168,2.1828914508534618,2.1974154844330571,2.2525649893175448,2.2873933404988027,2.3492312452985722,2.4571350559584344,2.457319812000637,2.4761546376501928
0,1.4510281990189999,1.5149334835439288,1.5478508607922672,1.5836484558404249,1.584175557156853,1.5902355467239744,1.6520197362533804,1.6647743311854324,1.6781147272354029,1.7412165156243491,1.7775294105403157,1.8736673689533507,1.933625821821384,1.9386333858052647
0,1.4247472533717838,1.7802495032535741,1.8478594335974072,1.9555597535357256,1.9566354859168236,1.959488704773283,1.9851715440693241,2.0238460542633732,2.0321600416168235,2.0338048939430702,2.0841942178360107,2.1040977464678119,2.1260517330706961,2.1301112547061312
0,0.80918845996842093,0.85976680552922768,1.1724834775979629,1.4069528780313483,1.6748887361782663,1.8121507400555388,1.8621836097288618,1.8651760796541463,1.878475852570046,1.9141397469743628,1.9557495370780564,1.9724812855679335,1.9952255393598799,2.0250850408380403
0,1.6846687852173152,2.1538346552059568,2.1599450888344118,2.3523159311470461,2.3817882188036106,2.4770309847214991,2.5851686836096772,2.6058936567593451,2.8013159165346027,2.8104178579064834,2.8423841346742686,2.8474517318263715,2.8656158280928432,2.8662056419520319
0,1.512941468736642,1.7281425620138766,1.7699462782849844,1.8178418575594577,1.8685122699312686,1.8945156109194403,1.9477628656272148,2.0168190503535386,2.0526843908076486,2.0769171797894761,2.1015528332051465,2.1400352859977936,2.1473902993296003,2.2186137929319485
0,2.4836093354745619,2.6885665851048621,2.7878280078375348,2.8010988342255558,2.9048165567287798,2.9333521329130217,3.0244849998166456,3.0873369389403678,3.1150222446077658,3.1180851890544772,3.1453138857723562,3.2022201374234016,3.2272149112660968,3.2327752579383775
0,1.1171728818625093,1.3693707527996311,1.4444488469217931,1.4824086498963422,1.6024707491878813,1.6621709396800182,1.6697344230703293,1.6995068891140013,1.7369034316996472,1.7472772815409221,1.7602949485389718,1.7636133959539937,1.7776981494596229,1.8049104418903739
0,1.3188157366086988,1.4079054056795626,1.5249006559368048,1.594032951489732,1.7530084759826188,1.7545207285077524,1.7626768420346355,1.8129258067245058,1.8360569394369957,1.8757694189012539,1.8895134772220394,1.9342461991668201,1.9613284077678932,2.0140127951807552
0,1.3840068274988551,1.8898684681574578,1.9827403772919174,2.01720202292679,2.0201594791059603,2.1336690682576958,2.1528339151502007,2.2269729608367346,2.2810741523196052,2.3198059195978953,2.367502824433239,2.3902976972225276,2.4145442874495089,2.4272257440284162
0,0.57797841660687299,1.4771975314382144,1.4895889947867282,1.6582502781969144,1.9495364822422083,1.965881504125,2.0369638378083446,2.0835177860724805,2.1313346696310913,2.1480453097989036,2.1688617408807778,2.1694206722064155,2.1854284969048927,2.2201626918706276
0,1.3361096999794675,1.569378482487968,1.8665817556130142,1.8942237998528231,1.910710897431684,2.057553050975041,2.0776803541527524,2.1164129745726079,2.1174456266249977,2.1198421726820276,2.1557263124714567,2.1828914508534618,2.2375648586661514,2.2436441082800131
0,1.3493070089048778,1.5635860386136062,1.6361828827538518,2.1149434171802342,2.1217737546252513,2.154580378875238,2.1797558531526797,2.2180693351736327,2.3465098464499019,2.3949449103648428,2.5313306579954813,2.5779497664127184,2.6236143480158494,2.6273319234038879
0,1.7875565969569607,1.7891442364970853,1.9841342967216029,1.9868143306398167,2.0782365851748827,2.0967472516159331,2.1189204466677962,2.1252889798927095,2.1438324935229587,2.1453552943429712,2.1936747300500978,2.2560942235057388,2.2793568452846373,2.3199485035839942
0,1.2690453754309099,1.7982767130056074,1.926123283254322,2.0152009499053416,2.1077154414607482,2.1232889667231216,2.1445241779674609,2.1730232553120672,2.2229426968281603,2.3072361195257263,2.3601178051239229,2.4231966563240759,2.4425025398797917,2.4482006457624492
0,1.866587258262858,2.0132357469811115,2.0194648067332275,2.0202965462430349,2.04523193091718,2.0650324703779099,2.1936795923502315,2.3054408944883469,2.3268324586944442,2.396625453672379,2.4122101614691984,2.4197965576594771,2.4324368350522372,2.4466680374160261
0,1.2923922382015847,1.5748085913691034,1.6259007230547939,1.6967580832725562,1.7045022494019648,1.7187058447242836,1.7796093979392507,1.8128585582256442,1.8194081669187823,1.8509052755558211,1.921763049873713,1.9632730574723827,1.9797221081999579,2.015577365663006
0,1.4085615746522464,1.5901771100112096,1.6581266411243074,1.7499773549977053,1.859348307179439,1.9037962937751305,2.047023035237141,2.0846839716827579,2.1326712524240112,2.1327230878959189,2.1675773710344428,2.1795753275813041,2.2424200729667088,2.2642120213459109
0,1.1795980792791263,1.539437129367061,2.0258430009146813,2.125816735532398,2.2039965996543862,2.2354166938316267,2.2570612419225826,2.2718709881546708,2.3676557034543295,2.4359689879839919,2.4385004736999365,2.4399467189880775,2.4667512146752735,2.4712403625475381
0,0.9895912551114453,1.2925437987377124,1.4674864350074683,1.5321065081414345,1.6496953891095361,1.6510507947056965,1.7078889616078259,1.7080135709908437,1.7081913392516594,1.7150626990458679,1.7485588811443029,1.7669608488946098,1.7695580610432644,1.8605612168412473
0,1.1724834775979629,1.2337178029957643,1.3969930529392731,1.9918007351169831,2.2759837639763294,2.290456111393687,2.3775638065325468,2.3813955787910301,2.3938754371024098,2.407468045472871,2.5247710686492257,2.5272832365628086,2.5332542614770062,2.5752728840022061
0,1.1841537645736033,1.2501646217657487,1.2840706579765204,1.5264528225946665,1.6536704942792699,1.7018263426117144,1.7893654481907837,1.8390085942579475,1.8397182187668466,1.8638263333334724,1.8859236104313875,1.9104757496180549,1.940616383457527,1.9527020141998594
0,2.2902296386829435,2.3160103708505084,2.3411681273892904,2.5000565491228333,2.5697747961972341,2.5751651239295517,2.6422836923482489,2.6546295231153167,2.683787474111536,2.7343330854020467,2.7832669201058113,2.789908502338625,2.8124070957240974,2.8147345360414713
0,1.6251569337911285,1.6877386797313949,1.7561945811598079,1.8235126118971081,1.8347225508046821,1.8567682158407512,1.8583170463011818,1.9244662363366229,1.9321569508283145,1.9391789947872784,1.9397570681877276,1.9649128620478626,1.9694359055495301,1.9699396111339031
0,1.2428345075529039,1.3935122438848992,1.4069741226903245,1.5385152332856666,1.6164703409150212,1.7556903574807952,1.7835980883065476,1.79146541593116,1.8061833746906006,1.8088568494218997,1.8351510916810223,1.8975176471767128,1.9390582564141448,1.9457532432541755
0,1.5176611841865879,1.9907414762209847,2.0346890331250962,2.1050651777439904,2.1098499904984584,2.1399910847677637,2.1556957823788068,2.179407821244189,2.1856446680908106,2.2198477432470942,2.2270557373509288,2.2459972307134732,2.2710351213475457,2.3088532922073761
0,0.83640162533566487,0.91204268534736155,1.0995113482067753,1.2571042836556676,1.4453745155592479,1.4934291560036954,1.5456773969077267,1.582999129268216,1.6009537045568576,1.6192159566173756,1.6730684103762314,1.7593813466199664,1.7694889785458019,1.8349766822408766
0,1.5479605005412618,1.7040057633982324,1.7493570222311716,1.7964664823689762,1.8282713061293701,1.9719092002434733,1.9886577344770551,1.9962321689716394,2.0605649328419142,2.0920223762680838,2.2315859804873464,2.245152397441291,2.2774573849049751,2.41133792487696
0,2.2207136558119087,2.359205851418646,2.3818198038278386,2.5074931935614924,2.5095287376685218,2.5125961136051722,2.5251343441398966,2.5689745016141075,2.5708839161384809,2.5879241696392534,2.5887450068629994,2.6059733406631382,2.6272381724013898,2.6406413170832876
0,1.4970992018878688,1.5352794612231795,1.7120504312278348,2.0512478455342031,2.1835844524907229,2.2094158124975212,2.2556884516809821,2.2746418100946371,2.2866394884959034,2.3101652734997722,2.3653824285098333,2.4159977762079277,2.4182150696646714,2.45446049539754
0,1.4919798933940955,1.6538264229682951,1.6713284102461872,1.7356436243394424,1.9051220290297004,1.9656325027554129,1.9825021317454219,2.0866722794512915,2.0888352059750233,2.145416300646918,2.1691330663715225,2.1873333708246911,2.2183628089660816,2.2303083817400489
0,1.7427645050066674,1.755663622723147,1.8338882231220079,2.0626188231905056,2.1629154798684707,2.2040534089467809,2.2172304830147165,2.2302603175507327,2.2425565002006929,2.2663306166019193,2.3200652625283129,2.3315419281960801,2.3330249147223459,2.3389489666908818
0,2.1199286416212852,2.1221840775825025,2.1778651106024345,2.1931655187449066,2.2126187760585907,2.228631653043756,2.2759538576773255,2.307598154295821,2.357861556579163,2.3647296973960907,2.3772866254312226,2.3857800139846153,2.4687014844033746,2.4806355721283042
0,1.5072915193089931,1.6508360313103139,1.6745003713022784,1.8124856171505657,1.8407992876370609,1.9070415617413861,1.9327114535641898,2.0630112120127997,2.1157401802000089,2.1214961029348811,2.1843141785937608,2.238691853727063,2.2968428968525516,2.3571203921290951
0,2.2759538576773255,2.4917694018997536,2.5437005393938468,2.5669621279723973,2.6051812884280929,2.6290289016380126,2.7124308918036144,2.7219008538511669,2.7472705583079717,2.7703607837372028,2.7792476793576659,2.7794824388216277,2.7899442065518518,2.8952339751134151
0,1.3638101419141935,1.4876668227548937,1.5146764974961948,1.5167066113472079,1.5211169331260146,1.5619673617751391,1.6092972382524908,1.6456996513024171,1.6464934828900515,1.6624396707401308,1.6812057937810503,1.743093758185237,1.8019367617320665,1.8264329626457563
0,1.5557381087456386,1.6071360440903901,1.6970392151173574,1.9596886734669061,1.9644828711944127,1.9963791372486126,2.0143217501509403,2.0265841366926263,2.1594779595678681,2.2487204467807635,2.2789186867134417,2.2949215360345629,2.3112684652545101,2.3613430169429086
0,1.0828030658002947,1.4921052648767701,1.6609124174820822,1.7443944495214607,1.7550749265212198,1.8416050060796056,1.8779878040934119,1.9362580719625506,1.9682929628612262,1.9722363586648115,1.9981225357208798,2.0190450707874117,2.1434203197457773,2.15617682110146
0,0.9895912551114453,1.2924909672185385,1.5670556300779994,1.618562754053267,1.6743062400779309,1.7620320251425636,1.7723653626939728,1.8399623328454395,1.8720605357418192,1.8806658326813426,1.9034589367268211,1.9328397924918401,1.9467616449232603,1.9526648011581531
0,1.1629290811233695,1.4599016748862919,1.9362006684175843,1.9981553281869759,2.0107683331221966,2.0455899249904452,2.0947429844071546,2.1242338474649749,2.182368020246455,2.1867682641736379,2.201169479225336,2.2290816877355417,2.2349351649608615,2.2898740306378622
0,0.98564355335548159,1.6132455613176822,1.7394745928586848,1.7566287390319502,1.8427701541749315,1.8472382520162756,1.8766476196024682,1.9456905953071841,2.0258544555857241,2.1055476821353065,2.1286841818479658,2.1397862233456793,2.1681004205148433,2.1834714329238216
0,1.1172336971001933,1.5642358512442371,1.5931610513186389,1.6436197001801782,1.6605712123524545,1.6838820698831285,1.8041781646941157,1.8311142433355612,1.8435852873968055,1.8500558780012004,1.909211161787236,1.9271846930973286,1.9425781258527453,2.0287531104947942
0,1.2385176223321339,1.4453745155592479,1.4936222224716036,1.5248691867739408,1.7127270178940772,1.8195723436664391,1.8922503338285537,1.9335635723130893,1.9810485975919856,2.0753575659399908,2.1074091770869665,2.1137943421122189,2.1334946511894382,2.1595925033101104
0,1.8456616876274261,1.9659917915031406,1.9767889456365968,2.093007744437152,2.1003251870809394,2.1595757265052109,2.1785996161378192,2.2004173760539092,2.2844943368284722,2.285615658286388,2.3282500086035953,2.3479638929144686,2.3837337985721763,2.5604723728558447
0,1.7781475876277486,2.4656911069954943,2.5212775799195168,2.6335929011677015,2.7081980417581786,2.7880724664334569,2.8128570043053176,2.831178440872447,2.8603116574542744,3.0080122077750029,3.0134110520222364,3.0222569876203349,3.0525708164232865,3.0547112194997905
0,1.2316489308398151,1.668018982005224,1.7982737161808175,1.9541441484309623,1.9665521595534492,1.9916057094295869,2.0734590897226202,2.0902992351402236,2.0995075968229147,2.0998584107158198,2.1303012351372876,2.2677232615107696,2.2753825930064684,2.2794710139901171
0,1.2575212597269609,1.534460626242387,1.5383221224024146,1.5930003296474371,1.6516103399902891,1.7483967335362285,1.7613709149980397,1.7714335272408155,1.7912654380826154,1.8507392430087295,1.8515205171129816,1.8654749088561491,1.9137759038939326,1.9257857455383649
0,1.0743887207082234,1.2023793948390862,1.3213893410599886,1.3478543916563952,1.3714702832756951,1.5146910350365896,1.6134859520807614,1.6140805628170514,1.6404532964886733,1.6467913424938421,1.7079029620958768,1.7394399972732997,1.7703682824005615,1.7911997421225399
0,1.7846798904918004,1.8054039086699214,1.9458191316555575,2.0163257756994266,2.0742197711296906,2.1260517330706961,2.1678886460372024,2.2583315323074205,2.3048510502209014,2.3376942258720379,2.3471725933927559,2.3799615964746654,2.3903180236874495,2.3907908269446301
0,2.1008765208412119,2.231382377895164,2.2446807597103899,2.3841680433566905,2.4548388696966721,2.4944422282264891,2.5388198827870228,2.5462985385304258,2.5919649737133375,2.6179572793468662,2.6259199180509598,2.6411688002086118,2.6489225793130626,2.6911560161914512
0,0.98564355335548159,1.108415599642532,1.2098968631064144,1.5490852143135667,1.5993087104796981,1.6138640507857362,1.7365290906605237,1.7718194890282835,1.8143253784816942,1.8923576707201466,1.9222849355600031,1.9352703570068857,1.9606326714879472,1.9825329693930469
0,1.7039007974255593,1.8787812735925418,1.940462377807447,2.0302237924869906,2.0663439702312898,2.1012603050992946,2.1096528056914519,2.11290972517271,2.2217462385570719,2.2233662829192902,2.2610420041203612,2.3041079856467355,2.33119870276811,2.3322782361012249
0,0.96814353469046277,1.0692584204355711,1.1028916319185447,1.4600610606418563,1.5454396544932907,1.5837996314668923,1.5859234804421691,1.612822305006949,1.6166894567757493,1.6422096445155379,1.6440958605902478,1.6933680122966366,1.7455588706053755,1.7473122622705819
0,1.1746267503679457,1.4301699790506521,1.4429465828347292,1.4687451653956092,1.5486928851805284,1.6421400540399047,1.6933128546814671,1.7513282044884426,1.8414707850011747,1.8761674534435808,1.9244517205235347,1.9260031527307717,1.9445749532032635,1.9825211828854663
0,2.4086309960357104,2.4919270176164638,2.5998857294070818,2.7549654754868942,2.8538608256483946,2.8926456643880716,2.9075552120322108,2.9665008565478796,3.0367101265872187,3.0528226026297651,3.0729295743013729,3.0997524370875182,3.1195938954136433,3.1219811134540523
0,1.2078444397321118,1.4352639010695523,1.5807416181709604,1.6546049923656809,1.6855198724744471,1.7019694237449543,1.7352700623716484,1.7426559289674992,1.7745296446850847,1.7771305634171808,1.858218700854676,1.8857392016972288,1.8864126024127277,1.9287903881667701
0,1.3246430760231664,1.5635860386136062,1.7892827189391534,1.7992893091277902,1.9968177218137442,2.0057707161256788,2.1021771070140072,2.2609708253619361,2.3058981576332629,2.3794208455117469,2.560224240366646,2.5604043116720598,2.6411954763737109,2.6430509750356772
0,1.3981337761390955,1.84938702953096,2.0186008558479811,2.0211822713789598,2.1839529110683755,2.2203286539256166,2.2519967334027053,2.2920026566996823,2.3813643045247859,2.4111189404205775,2.4418410170601428,2.4936919441563017,2.514900666770794,2.5455177484329878
0,1.3179182976203676,1.5142087522460956,1.7409186486665009,1.8820765299620941,1.9000478756747823,1.9170362940312886,2.0142367486103887,2.0547874250802809,2.0580770472817571,2.0622239267066655,2.0720501133622573,2.0970774183603429,2.1404564207490813,2.160075679070327
0,1.7550485541898693,1.8461827715778536,1.8550463104554857,2.246191594845206,2.3273347981407326,2.3390446630683739,2.3839802018607594,2.4090647268772152,2.4154397935443468,2.4458573064326146,2.4563460922557487,2.4823413395742251,2.5042865642471863,2.5274055131544304
0,1.5305288460240438,1.5661822744078213,1.6674818564938878,1.7074494642054006,1.8232097430809557,1.8298637086791467,1.8691455581347356,1.9079833187719173,1.9120010127666542,1.9525845386290159,1.9663465986960904,1.9713450357442472,1.9718493314598886,1.9914126288872425
0,0.96503784871368425,1.2394838940572319,1.3425264462336881,1.6268980728432119,1.8244916593073206,1.8942237998528231,1.9114476143886376,1.9613234329417979,2.0179195654656783,2.0276856086717947,2.0297660195796974,2.0474009214896083,2.1351250922525691,2.1583049393430196
0,1.6526236448081182,1.701781518374389,1.8002975033880881,1.8120224187997103,2.0333637010598133,2.1313975538914951,2.2305751520728991,2.2508260833214173,2.2551935862818318,2.3195912088849391,2.374354181729835,2.3980630450397258,2.4138973085766793,2.4216605048036208
0,1.5751293666378481,1.6142289611741347,1.6224263930366332,1.6538264229682951,1.6660965020658234,1.7564854732771948,1.8347902740413302,1.9193184030973656,1.9256178757464417,1.9503843371524254,1.9521625493980059,1.9657950203164205,2.0225313661641087,2.0266973081351178
0,1.3693707527996311,1.5219082677709319,1.5392679180008042,1.581280673109356,1.6475151417762104,1.701135892690538,1.7100463389833298,1.7442360694550982,1.7889195597387548,1.8283179965138903,1.8745243685809194,1.8749725091095566,1.882016908410302,1.9058313916982501
0,1.2757070367358312,1.3901003227747142,1.4883673217255615,1.5451935689857779,1.5877334390570683,1.6382622054536153,1.6444135900680765,1.6722752208206335,1.7549796680640222,1.8337199183348953,1.8530250627463982,1.8626820225936489,1.8701700405246924,1.8781116564197118
0,1.3670319278099485,1.5483077262634428,1.5546949559583483,1.6429722599749201,1.6477383088014654,1.7527636629192722,1.7947261318154626,1.7961000241920597,1.8000406800119713,1.8444782962345179,1.8674576074721405,1.8921347449601436,1.932192084877931,1.9613764024672031
0,1.266637405238499,1.5433241430594278,1.5683580923601734,1.5951661787863456,1.7028524983959661,1.7979523004512485,1.8788648589382724,1.9933760262872446,2.0021960910200214,2.0614637945970742,2.0810278759239398,2.086164564521678,2.096624958282205,2.112024618540894
0,1.465083067666316,1.6273976504326888,1.7781726521464474,2.0554826586084998,2.0893894710687273,2.098781623574689,2.127531206983674,2.1376981790050253,2.1583129293800289,2.1724390562973683,2.1759163371914485,2.1806941216672695,2.2065698364571431,2.2214954221304719
0,1.6208487453358102,1.9101000207182433,2.0913873695116876,2.1353379900703304,2.4073763440338696,2.4616944057451584,2.4629476651020399,2.659221312535748,2.7052278473737417,2.772938478219416,2.7964074598136839,2.7996869170351832,2.8481231220176046,2.8765350569319716
0,1.098784489968228,1.4394824710641405,1.6332387079599551,1.7214097076551067,1.8416958498844918,1.9318351081268776,1.9763351148417647,1.9824435638793927,2.0644440030938891,2.065993663512772,2.0722251986362066,2.1248810956980564,2.1418765546960348,2.157649044823124
0,1.9001699727690067,1.93107778826427,2.0209859462259745,2.2741841872676067,2.3052963711757233,2.423921320649419,2.4286030456611587,2.5777215720898528,2.5875484532561863,2.6292676701758202,2.6478506086933868,2.654169806139477,2.6788922515552858,2.7559796216656482
0,1.7161654948659923,1.8338070051322435,1.9521625493980059,2.0114623541686374,2.0462059193706144,2.0589359497178581,2.0838683298180856,2.188614395176308,2.2202775673743558,2.2439222439599429,2.2802624288242539,2.2927587629340702,2.347570758607727,2.3860645683316442
0,1.7678630820828303,1.877092190520198,2.0047715236675749,2.0348876256714905,2.0384190160967002,2.1400711351341513,2.1805456082042594,2.1966536481639265,2.2252596850721349,2.2449456258970599,2.2505142358613845,2.310294187026471,2.3164415410554495,2.3411135640772645
0,1.1667100033424154,1.5727513514189939,1.6160008240131503,1.6763469357501211,1.7423354420731414,2.0139047856409835,2.0262968081818249,2.0888336365674798,2.092711375965401,2.0977689868499976,2.1235165217693401,2.134914462795785,2.1736226787665296,2.2189396561976502
0,1.8374518062302236,1.850450189572602,1.871680882465512,1.9020461472809753,1.9327114535641898,1.9831356687517718,2.0335250182718769,2.0664974678653851,2.0703747475055474,2.0758687986996112,2.1108090622416493,2.1387805584758373,2.1583651420620895,2.1641172375264985
0,1.9659324891672831,1.9726886096340204,1.9984021235556917,2.0552394636512035,2.170393768529908,2.1871658185281952,2.2412892749307085,2.2582971691309432,2.2622021059224808,2.2669293072525427,2.2698080921077892,2.4048594391812541,2.4053960378129768,2.4227103118654885
0,1.1689242315506929,1.5675153971159355,1.5696805500121389,1.6659587028052745,1.692688362204263,1.8521273886330989,1.866101951627229,1.8683849212789645,2.0222118815450854,2.1922044640917808,2.1922138053899318,2.1933067568610407,2.2026728815491543,2.2485047951849579
0,1.1822495492874714,1.1841537645736033,1.2384859858469455,1.2875957356680996,1.3227099225833419,1.3332121961471701,1.4354736421384402,1.5333060535235867,1.5521421814382534,1.5758968424259954,1.627144089206199,1.6456347048720883,1.647048180240007,1.6593758666232976
0,2.0953857186324556,2.2013899894167852,2.2534169040300696,2.4200756576865095,2.429398038038233,2.4968180284703356,2.6556360621600494,2.6558707093238332,2.6680331158247634,2.6755308305919137,2.7358889818227006,2.7555470200665555,2.7653324762011016,2.7728188869893242
0,1.3668409336952212,1.3923358848321379,1.4066395100292208,1.4312076122232793,1.4444589751051127,1.4975203086395521,1.6027560040129913,1.660762089559257,1.6632252152934628,1.697938299479707,1.7623800770418061,1.7853175236347667,1.9017317337294015,1.9074583145681168
0,1.8052247588334891,1.8383188992155646,1.8672359805850518,1.9914128462293521,2.2331415818550702,2.2927857850989426,2.3128383163693758,2.408407412475928,2.4474751134310062,2.464317219997425,2.6485638703761873,2.6579784327411806,2.666747449059176,2.667229320803929
0,1.5684677719656657,1.7174719981111524,1.9972353852181357,2.0309525438151215,2.2356225511925945,2.2471071516394208,2.2570724521147976,2.2938053456324998,2.3000654512132668,2.308699988478216,2.3266292220927305,2.3333709822680468,2.3428621490963777,2.3526073691696752
0,1.6649668744606241,1.8708079823866619,2.0521002698228661,2.0912942147315663,2.1403822504018248,2.181001855644308,2.1815583098101174,2.2523341494663338,2.3355850387341803,2.4140385002946325,2.4576828286110204,2.547561169174323,2.6101371833021512,2.6195419134922009
0,1.2759253310382113,1.3084286885121175,1.3432856336118997,1.3589767605072571,1.4896241424022059,1.5817955329307296,1.5840315002934415,1.6029192721924723,1.6035738731995459,1.6043995045672224,1.6075179113937301,1.6180288442917625,1.6254683185930672,1.6601761867627656
0,1.7339571191715426,1.8172475451568688,2.0324402768165832,2.047974054645096,2.2101739235264146,2.2426267782142988,2.3478154537500582,2.3820526017771231,2.4953977174557513,2.5011988345595575,2.5440474223357654,2.5542021637361234,2.5685852621683343,2.5866956124316709
0,1.874959554964343,2.7298592480094652,2.7951963610875383,2.8175522682733596,2.8369567429739035,2.9039390271715968,2.9069982104016603,2.9225266186864878,2.9603165233643893,2.9819315360840326,3.0076320546072144,3.0099671549340079,3.049155974024091,3.0618635611635074
0,1.5557381087456386,1.594470306399919,1.7043645815253885,1.8371859944794651,1.86407527519508,1.948199600140341,1.965757589622779,1.9696970261436111,2.0310984182771934,2.1100131047161308,2.1255070500967341,2.252774871197313,2.2794805446312414,2.2886532764497547
0,1.2109231596210515,1.4853753565757932,1.5751293666378481,1.7059307229616334,1.7356436243394424,1.738448760531266,1.7497481384335563,1.7632454013174093,1.7744433705432894,1.8217157517075342,1.8322759422032713,1.8432948567824969,1.8959248779977127,1.9063674818526035
0,1.5075534878559143,1.746691166288328,1.7800139463745683,1.8148788472458246,1.8626363495926175,1.865981736164241,1.8793868735525099,1.909211161787236,1.9612030397379465,1.9674186590822247,1.9703823816158388,1.9889083248165349,1.999616445294619,2.0020053959575796
0,1.6226804728787894,1.9704191238230715,1.982811920386796,2.0522100960129928,2.0703131549936371,2.1247812740960361,2.1674131571708699,2.1798227585949679,2.1882328595739695,2.2751425564649592,2.2873539197290627,2.3775726357548308,2.3975452285931511,2.4182028882836892
0,1.7097103764533419,1.9026491050553476,1.9994372997089787,2.0471189509143191,2.074310289566641,2.0838524581900182,2.1783353460446659,2.206736140706393,2.2557923510079183,2.3163789912531851,2.339331948817267,2.3423396471399318,2.3763991051462119,2.3817534218349858
0,1.660807882262558,1.6834071725232644,1.7507846343752811,1.7961336707114621,1.866587258262858,1.8925649923542376,1.9411937305458526,1.9736686852331651,2.0130629097952348,2.0533565584071543,2.1067033347968209,2.109858387088916,2.1363066245797211,2.1584550772133944
0,1.4448196780324507,1.6961087472263121,1.7418153266137664,1.7950341434795167,1.9101068635002736,1.9144196241308313,1.9224110631017142,1.958011516485832,2.0001304096348198,2.0179270239135545,2.0845819084871948,2.1046372553675723,2.1074936243760893,2.1110493475321799
0,1.8783149969502577,2.3550842437073918,2.3721655443183551,2.4046739530306005,2.4921359864099419,2.4966786230769102,2.5191610853697797,2.5210706097269249,2.5498927964365432,2.6206040439109666,2.6239352548419883,2.631628719202574,2.653609348380749,2.6989802948370816
0,1.2853071920453527,1.4024962258571372,1.9198909674518507,1.9790235778621028,1.9895754997437254,2.1161170875176825,2.1230188787972653,2.1371019502833675,2.1798227585949679,2.2129922553598829,2.2208251286185305,2.254924782696111,2.3029346088870759,2.3776048576868796
0,1.0859746776005408,1.3187046869849217,1.3649732262186427,1.4059073034619569,1.468200248088956,1.5018484502499221,1.5359375248892626,1.5845896632487853,1.598190299477827,1.6341701437031864,1.6609124174820822,1.6864500867523475,1.6927223667113378,1.7428527518509176
0,1.7504089349777643,1.7630309767387704,1.8386254162044042,1.9258726491512488,1.9584323577124776,1.9950408852476835,2.1404831347362347,2.2474826567294532,2.284770930786546,2.2940494089258725,2.3006803332832271,2.3200078429595594,2.3562062863874158,2.3686713678058733
0,1.223387085049418,1.4061111388801841,1.4249143544172584,1.5556048747690305,1.6322601488098605,1.7263952784332732,1.8036372689390991,1.8350654654088261,1.8659455392689988,1.8818437717109942,1.8931007633850194,1.9160552416405525,1.9367178633898408,1.9512913668024527
0,2.2473486448354905,2.7105970763055121,2.7123680880533456,2.9248125288592766,2.9794557960394807,3.0384218903430935,3.1113827593020367,3.1613475427375368,3.2133241584469281,3.2264338940660275,3.2311695485951324,3.262999906031093,3.2713759722930318,3.307479607191063
0,1.3792870121053371,1.4311836569928857,1.4508753483122354,1.5776767325276826,1.8506321075514378,1.981924968109775,2.0382352823349343,2.117118578359908,2.1351250922525709,2.2808918125220576,2.3283418755981504,2.3383352966563931,2.3385281333695835,2.3459769602818565
0,1.3488485400270929,1.5251924059444451,1.6167819217685473,1.6608859943903396,1.7203166740166711,1.8819763271794108,1.9069813513520957,1.916447344294415,1.9795782712474477,2.0452260228810006,2.0808340900496201,2.0971206308780244,2.1659237516163814,2.2445555830000168
0,1.7596360281975061,2.0418329680901905,2.1440073777156634,2.2419388525584258,2.3125885365721879,2.4318839066567981,2.4370358684239943,2.4619796081500507,2.5659121355217858,2.5888229278024699,2.6547301285429867,2.6559310542091059,2.7123848845884484,2.7145665063227136
0,1.760018098971974,1.7678630820828345,1.8715538911690641,2.2007269389422799,2.2089937956103465,2.2236518965243297,2.2673075670398264,2.316698175566378,2.3311897721829551,2.3723853310976954,2.4315176899706095,2.463239745181145,2.4686147223019592,2.4750487118513007
0,1.1826584818932508,1.5610673375003801,1.5820196435722318,1.6052364047871659,1.6220534334845489,1.6845807585134265,1.7091231780688196,1.7115961686313304,1.7131710395294166,1.713330268266996,1.7169002321818678,1.7308199925505001,1.7366821274234137,1.7388405718065969
0,1.0631761273365328,1.1635342587539268,1.3528260067555946,1.5170019610806447,1.5336740112056992,1.5879069979699163,1.5955202274960822,1.6224263930366332,1.6433129597838301,1.6783347228573786,1.704709290412908,1.7061377522394876,1.7091231780688196,1.7540876817712334
0,2.1801334496757505,2.1870657609988764,2.2407161533621029,2.3740531967267637,2.4498634816409601,2.4743677363853855,2.4988767648040602,2.5445528347523094,2.5473582906892309,2.5719675436518008,2.5925471969532015,2.6337631828018115,2.6818404172099677,2.7685967888109575
0,1.6229869975446047,1.7020558444253577,1.7582978829980263,1.833575914659888,1.9199112338108208,1.9815695760566294,2.0111758217002387,2.0125867075366366,2.1430765100643523,2.2351212215676024,2.2359457908774103,2.2688184282154253,2.270545851139846,2.3494598020803146
0,1.4769708515774467,1.5745947667876574,1.6683501554401374,1.6870858307372918,1.8544597631503577,1.8985045713049804,1.9185615845794701,1.92896764097898,1.95503910952827,1.9836734378796756,2.0310598841952321,2.0381823812472444,2.0547758652687014,2.0947550734903722
0,1.6165926535994326,1.6439993560674946,1.6801491255196426,1.6936056948692182,1.9242056324776626,2.0551900004333512,2.0642261000952766,2.0660643138769883,2.0743685999096724,2.076081523523118,2.089513575399629,2.089879747800127,2.1040300182853922,2.1595047007941162
0,1.5165679450540168,1.9108041336105124,2.0870215268678258,2.1896876741700884,2.2801455622115485,2.3067022774696211,2.3107795234925925,2.4111987806405959,2.4597058660957982,2.518001086515401,2.5762907005972657,2.5911330428975221,2.5969583334845057,2.6012433770839447
0,1.3402158260370323,1.9699282742560653,2.0209688668199486,2.1785996161378192,2.1856227783303765,2.2029031261745389,2.2209956816335499,2.2871708605261745,2.2950642954991181,2.3172566068369114,2.353866371664068,2.3648813373737458,2.374494139694856,2.4085273686106836
0,1.7229177019222452,1.9602226444454494,2.0127468873124408,2.0249970995925484,2.0276256878686758,2.0533596105218646,2.1088569648486906,2.1250000151943662,2.136949750212187,2.2288714339618214,2.2311837336197966,2.2694753216862686,2.2785049297463962,2.287616691454919
0,2.2699126876302755,2.4139989229222425,2.427119289948485,2.4795382788678157,2.4801270946968388,2.5234372776998675,2.5769493039016282,2.6388944124683795,2.6565376159605276,2.7335106058243435,2.7525449633947399,2.7604201476119168,2.7996686930967924,2.8328820188078194
0,1.4200947622985327,2.0594411324946127,2.138694701832458,2.2445497997546959,2.2544043615712992,2.2627085575932968,2.3031223083025467,2.3071280980643247,2.3524433365981339,2.3922642237811624,2.4007520562404019,2.5157226417086975,2.6472875931205122,2.6797460748821207
0,1.0145899478512455,1.2476253654233933,1.3034752034852193,1.4003717569638343,1.4297319046817836,1.4725580567752252,1.5592138678839069,1.6142289611741347,1.6425426466518254,1.6476704857537543,1.6612477485595369,1.6762953234618312,1.704709290412908,1.7131710395294166
0,1.3307044370411849,1.7676323054671388,1.7994639924892892,1.8490741578008048,1.8828124472065944,1.8834825407310634,1.9142001987269934,1.924036687741717,2.0162914575177755,2.0625289172549328,2.0780462351068416,2.0796206252129203,2.0902453911045256,2.0951577691509295
