0,0,0
0,1633,1
0,1562,0.45924018911440329
0,131,0.42281980581337381
0,1648,0.39289555951814242
0,1375,0.28449429172029095
0,708,0.18443975681039482
0,1678,0.18300769793749855
0,1921,0.15645255787630807
0,1322,0.14418746006694277
0,1380,0.14297030794647894
0,420,0.1417458737478024
0,1505,0.13371451224814748
0,973,0.13241958473498922
0,135,0.12851174825936096
1,1,0
1,1526,1
1,1280,0.73260777678072053
1,479,0.49938728734049653
1,652,0.44107376185376751
1,491,0.21624407269471818
1,880,0.18210554796171072
1,40,0.16995187972035622
1,399,0.15647547451200097
1,206,0.11794570316164285
1,1275,0.083957140965194271
1,1873,0.080857739303708848
1,636,0.076787795326439701
1,1374,0.076365110454038251
1,123,0.073133100280615745
2,2,0
2,1700,1
2,1330,0.6617068088708844
2,1303,0.42969783017530072
2,1092,0.23152816627991052
2,568,0.22225598532353699
2,618,0.21650892562688648
2,62,0.20774119791272561
2,1651,0.17819480200870752
2,865,0.14924591354343392
2,1122,0.13566447938471721
2,982,0.13145839171537738
2,419,0.11804414036776324
2,838,0.11388320270190197
2,829,0.11095919043527622
3,3,0
3,1149,1
3,93,0.60569659193268832
3,226,0.41250361789887935
3,252,0.26392454983964259
3,288,0.25944269036524131
3,646,0.25716326403760031
3,1860,0.24785049024398365
3,711,0.17653049646766239
3,1451,0.15779005164574392
3,394,0.15272950010712294
3,1505,0.12073392277426204
3,1010,0.089820478965701431
3,63,0.088238430589360858
3,1593,0.074465132452574925
4,4,0
4,1356,1
4,1774,0.56734475967792763
4,1736,0.39138302976102729
4,992,0.26381184701794036
4,125,0.24209268459851929
4,622,0.21693049179481927
4,530,0.21682336212721096
4,455,0.19756476739343051
4,1081,0.17856505729612834
4,523,0.1524381962122591
4,651,0.13561687890787899
4,1827,0.12933942623002589
4,1548,0.12043963400641859
4,668,0.094534848012924957
5,5,0
5,303,1
5,196,0.97504644275032426
5,1683,0.53184166150719214
5,879,0.42037837422134683
5,1981,0.21844673459973968
5,758,0.16809235056787977
5,1782,0.15639957866406545
5,981,0.10628102821894926
5,1792,0.086281543366844446
5,1345,0.063966287750375384
5,916,0.063504596178719938
5,1227,0.049769057641300594
5,484,0.033534530340926301
5,306,0.033349000073962395
6,6,0
6,677,1
6,1186,0.46645916107327129
6,994,0.31590191434853659
6,549,0.24425877664956527
6,1374,0.2358026187123789
6,1275,0.22092918924313013
6,1076,0.2164019899637683
6,79,0.1999072547929226
6,1266,0.19989844815285882
6,491,0.19613792208965788
6,78,0.1744138632564087
6,399,0.16653013662329225
6,1526,0.1388232248915654
6,1194,0.13143255765209541
7,7,0
7,1656,1
7,448,0.591516439938086
7,338,0.45260750757807194
7,1054,0.38049308116551989
7,405,0.37044793996039005
7,250,0.23795686271305433
7,1403,0.18442602033746533
7,1309,0.17353063550043371
7,1957,0.12921350695117426
7,136,0.10817839889552544
7,1708,0.083159699471196974
7,1910,0.068141666227890973
7,1167,0.064520060494479586
7,354,0.062692080496844854
8,8,0
8,1559,1
8,1157,0.82181292622609792
8,1323,0.26802811107630442
8,1265,0.26395445846564058
8,148,0.24819005299374286
8,1399,0.16837872383911484
8,1510,0.16599847715985239
8,1823,0.16366223246730754
8,842,0.16072042757929406
8,722,0.15737576179110638
8,871,0.14433657207199299
8,1534,0.11868769069194222
8,483,0.11449812883205927
8,188,0.11125410415626411
9,9,0
9,1867,1
9,450,0.82961087264763711
9,1873,0.44866571362552682
9,1362,0.38405190898704777
9,485,0.3352216981592771
9,269,0.14453010479905548
9,772,0.14326492318738021
9,1541,0.11304160726812952
9,1191,0.1062931568412236
9,661,0.10075775909729794
9,479,0.09807385684904682
9,1669,0.071102221530877585
9,654,0.066263222319147067
9,652,0.066004432767207744
10,10,0
10,386,1
10,1343,0.48115864940993519
10,1039,0.27786569088943874
10,1697,0.25062250985646511
10,1849,0.24980022063093282
10,1784,0.22287584674602015
10,1054,0.21119564400559032
10,1656,0.20381365783233096
10,1924,0.18441158156017526
10,37,0.17173131928163726
10,1224,0.16934410889418214
10,1698,0.16608212051481913
10,1524,0.15911883061388815
10,1647,0.15887320211157729
11,11,0
11,1519,1
11,886,0.46370065089499385
11,1979,0.38573065747221352
11,1015,0.35821409756253492
11,770,0.28653390350119684
11,1575,0.24944960912417458
11,644,0.19984160838687887
11,1357,0.19584522748037589
11,552,0.13858280037400283
11,1915,0.13592905792796595
11,1946,0.12919702635368532
11,1745,0.12437772785248628
11,1170,0.1207825869946698
11,1939,0.11869604459661291
12,12,0
12,1743,1
12,922,0.37101616557270073
12,748,0.28577210719949969
12,643,0.2746887239729372
12,1493,0.23437754008032244
12,1517,0.23415928683998602
12,29,0.21210611269823981
12,765,0.19816037612813428
12,919,0.19764647141061745
12,1327,0.1956314249574268
12,1797,0.18509887974494177
12,1635,0.17375722599383761
12,731,0.17373236124919378
12,53,0.17074530029888771
13,13,0
13,141,1
13,142,0.72468314454759819
13,388,0.43601677297147678
13,721,0.43068477907552394
13,442,0.18838366104249649
13,623,0.18436116312027795
13,860,0.16502846917923697
13,1863,0.15129323764031191
13,1416,0.13462554905051541
13,1444,0.11348271763918535
13,333,0.11137811266687767
13,1445,0.099214122428062435
13,958,0.084246848094474788
13,476,0.083493513107559508
14,14,0
14,1918,1
14,109,0.52191980316309317
14,122,0.43925064584558599
14,90,0.36705150193829328
14,1220,0.35907541957805861
14,459,0.26401808971464341
14,779,0.17724449380335938
14,988,0.17357775658198826
14,1273,0.12082673791401824
14,720,0.11996746392264708
14,666,0.11283272531213659
14,180,0.094943636212439925
14,1936,0.07937032785231081
14,79,0.076806039334869639
15,15,0
15,1617,1
15,811,0.59827689850013932
15,425,0.36548315694217204
15,135,0.28955526118776592
15,1390,0.26622151405511585
15,1960,0.22852043413226389
15,1010,0.18731349337514319
15,201,0.1727609896252299
15,1699,0.15699175791637551
15,295,0.13953153479611699
15,1255,0.13041611295442387
15,646,0.12992397252353829
15,511,0.12107636272115721
15,1036,0.12082804492512557
16,16,0
16,186,1
16,496,0.47211831875845223
16,1574,0.37127148048352654
16,1638,0.247426128701563
16,490,0.23278938357379006
16,569,0.22642361168557981
16,425,0.22272633228677507
16,855,0.21793285244608079
16,646,0.20739844883370681
16,657,0.1959433963170997
16,582,0.1449682595548743
16,391,0.12914261407241118
16,711,0.12150636415604164
16,978,0.11724164467957153
17,17,0
17,783,1
17,896,0.4099288280872353
17,230,0.3279543330825137
17,1769,0.30716906743787775
17,190,0.3006854393741798
17,757,0.28746024571086726
17,786,0.28625452008557711
17,1357,0.23046567794932385
17,707,0.18415010711446236
17,644,0.15455727305859046
17,518,0.14840200322968633
17,594,0.099724005705649932
17,1878,0.085656865132973992
17,1601,0.084475506634645592
18,18,0
18,1418,1
18,118,0.73917608946555124
18,497,0.72347304422613856
18,1528,0.19658631387745631
18,549,0.16492535013263279
18,298,0.16101030039756356
18,535,0.15687271920387047
18,1295,0.13972878863496752
18,289,0.13874062791688838
18,380,0.12769662365694515
18,1030,0.10889034270488997
18,988,0.089605229451762261
18,865,0.086392066692511413
18,801,0.073793037614579851
19,19,0
19,1531,1
19,1921,0.43250060247390926
19,588,0.34505159432487326
19,1778,0.27757701799654472
19,1633,0.26759542846905915
19,1798,0.26622826460618215
19,1875,0.18906013713384315
19,1163,0.18732354847548024
19,306,0.18098844497692929
19,708,0.17041740948622081
19,441,0.17040196459975657
19,682,0.14479420101474136
19,1837,0.13780954558290304
19,1562,0.13714427698833087
20,20,0
20,846,1
20,1965,0.89372003246265186
20,1225,0.37763096656765416
20,1463,0.21384253279281901
20,1185,0.20936003910808659
20,1072,0.20283384444769528
20,877,0.17184618276654956
20,1465,0.13035116384345946
20,1882,0.12959610763164256
20,1320,0.12501588372510003
20,592,0.12054530671614262
20,1685,0.11430423505942924
20,472,0.11332659820047464
20,279,0.10451813510893562
21,21,0
21,921,1
21,1276,0.93671338910301394
21,1076,0.46182710766881335
21,195,0.26563244701921301
21,189,0.26048757305764358
21,270,0.23842018312279628
21,1186,0.19149329666534382
21,184,0.18125719730712381
21,1555,0.06809027823346521
21,78,0.06636328646462572
21,1200,0.064359494035591075
21,1012,0.061816637553805634
21,1992,0.058744753290070936
21,1819,0.051675142922827141
22,22,0
22,274,1
22,1949,0.55450993127225068
22,1194,0.47884425194407321
22,1076,0.42784273199573303
22,1636,0.24334391615806189
22,233,0.20948821037544899
22,835,0.19021257911393138
22,970,0.18218235715289524
22,690,0.14321822616843202
22,549,0.14156484550015547
22,1659,0.090346915983700204
22,1546,0.083172822023057327
22,298,0.083097919929754738
22,1767,0.079060972951522035
23,23,0
23,734,1
23,1316,0.33702042079020239
23,99,0.32569079082611507
23,81,0.27178623573644056
23,104,0.2421806009936264
23,575,0.23496549214726789
23,728,0.23435418716295808
23,1387,0.23273920768968639
23,1865,0.19407235798226802
23,1355,0.19256225890097983
23,556,0.16346227599714372
23,1406,0.16141045847655972
23,885,0.15889340229916882
23,1155,0.15775447101861514
24,24,0
24,695,1
24,1446,0.3732946770320919
24,1197,0.34379619443221687
24,335,0.29764105863940843
24,1008,0.24052602989344909
24,1364,0.23182941420561734
24,1672,0.22848953883128278
24,1542,0.18269760816770597
24,749,0.17946767093009522
24,1622,0.17855141061813204
24,985,0.17386887805545798
24,1180,0.16741715499682971
24,1791,0.15976126634498755
24,1778,0.14954912588199237
25,25,0
25,1381,1
25,538,0.63975400291669393
25,1093,0.54406578678595741
25,1024,0.47993199905210865
25,740,0.32087661620900587
25,1248,0.18323310087637604
25,849,0.17122622662811049
25,1930,0.10549262398803656
25,922,0.095432116164640174
25,1605,0.083690601099435852
25,531,0.081469211877071207
25,1608,0.071757088075396686
25,1919,0.067041196240750361
25,890,0.062914056049031483
26,26,0
26,277,1
26,1875,0.34519410467378109
26,27,0.31281895626205741
26,708,0.28558831110061561
26,665,0.28051785131493207
26,257,0.25246979779228468
26,1473,0.22879868290402003
26,796,0.22650495275076535
26,1358,0.19945167323620316
26,534,0.19395263052592962
26,441,0.17748989737722765
26,167,0.13700165983037943
26,205,0.13392308413480788
26,425,0.13317076877319653
27,27,0
27,662,1
27,26,0.47390195956417125
27,578,0.36199527976476964
27,257,0.29984173015771332
27,1177,0.26871684598487794
27,1599,0.2685510835649248
27,732,0.26694303341281667
27,277,0.22728438636388248
27,796,0.20616750642422788
27,1199,0.1186164056672839
27,1441,0.11296654796112984
27,325,0.11058394149818243
27,665,0.097608013704998928
27,167,0.093716604801483139
28,28,0
28,448,1
28,1998,0.82533886731349027
28,41,0.28389422317187291
28,1357,0.27443728526810646
28,354,0.25533835212531425
28,1261,0.24626874705991433
28,136,0.19781659239766558
28,553,0.15638537690624824
28,1054,0.12708549930767288
28,1291,0.11919367538869093
28,1395,0.1126475454313903
28,1708,0.11143639042230695
28,1459,0.10594511031747446
28,302,0.091099826907190679
29,29,0
29,748,1
29,1900,0.61214876454496503
29,1028,0.48287480720495168
29,782,0.32230335008294164
29,1828,0.28845481656334887
29,709,0.22831934843661375
29,967,0.16706417604423437
29,1123,0.1467607595422056
29,234,0.13957639696623822
29,1327,0.12372305993809606
29,1841,0.1105848421321637
29,1608,0.10694215800573427
29,742,0.095857563961802741
29,1625,0.082280244283878659
30,30,0
30,1065,1
30,1174,0.9564113931634679
30,889,0.29124653681577028
30,727,0.26138794373490171
30,1083,0.22191622084849666
30,1942,0.21584021115920302
30,1211,0.21529879029608032
30,1203,0.14254915673709548
30,978,0.11841100640601079
30,461,0.099943783355141799
30,1503,0.098748683596578013
30,1126,0.097913194383069099
30,774,0.094071421543859571
30,328,0.093148515331286028
31,31,0
31,1928,1
31,568,0.5783843002731005
31,1432,0.37986367852041647
31,1191,0.37222753802466318
31,1462,0.3634777731626963
31,1330,0.24984672686472228
31,255,0.23433888603604006
31,269,0.16298654856041989
31,232,0.12957442570192654
31,1581,0.10113442052902913
31,411,0.094989169425511416
31,2,0.085388910562008979
31,1845,0.082186184040440993
31,1067,0.072492744332131695
32,32,0
32,308,1
32,1931,0.4526469822622311
32,1751,0.26322717728684575
32,663,0.24650595583549278
32,669,0.23982192124400212
32,784,0.23126725541873452
32,384,0.22403340007556213
32,1731,0.217239035828239
32,43,0.19666025122447559
32,1733,0.19270489336307192
32,519,0.16531509355917925
32,486,0.16285869988774593
32,157,0.16102176430398599
32,643,0.15359125661414108
33,33,0
33,1886,1
33,1903,0.41568917173644843
33,423,0.37574635932737965
33,1747,0.23401964597476266
33,1307,0.23373544600225221
33,1363,0.22530018503542065
33,667,0.2125582673130533
33,918,0.20986581871243751
33,1506,0.19891942337198812
33,94,0.18244611661606447
33,1794,0.17409421769086553
33,1059,0.17132052636487002
33,522,0.1434922241999502
33,486,0.12970958300574387
34,34,0
34,1476,1
34,538,0.88211180163389347
34,36,0.43790579707210731
34,917,0.22736082945116318
34,1292,0.22474399703691669
34,726,0.1828247205246557
34,767,0.16610875427784427
34,930,0.12628163437175213
34,1024,0.12530071807721876
34,710,0.12251092238763377
34,721,0.11597984107072504
34,1438,0.11435558496473014
34,1114,0.10142205030622729
34,1408,0.079979566402151744
35,35,0
35,404,1
35,376,0.34571491838753038
35,1852,0.29474193162041684
35,909,0.29040952468663428
35,69,0.28548344898594846
35,1707,0.28113581103348062
35,1049,0.25221313848526455
35,328,0.2166468564778028
35,484,0.20967492237080446
35,1380,0.19756515425781074
35,790,0.14439152452154108
35,806,0.13699765212876536
35,1709,0.12800895552149716
35,724,0.12390873275187241
36,36,0
36,538,1
36,1476,0.76559988316626548
36,1059,0.3699859992617599
36,1919,0.33095161537726669
36,1381,0.28474473657356297
36,862,0.19813198880967126
36,1190,0.19648404696194122
36,1292,0.14944818220202102
36,1093,0.13454620789673785
36,1363,0.11284679249267487
36,1579,0.10413943986711666
36,769,0.090358241726869779
36,1024,0.087385643738201624
36,1886,0.082265185642488442
37,37,0
37,1170,1
37,95,0.96236479593870161
37,1520,0.69513011032176086
37,536,0.37083663078249562
37,1099,0.30452617616882427
37,1365,0.14361454119009454
37,304,0.077948946216501835
37,1924,0.076338377293844253
37,268,0.076146715225178505
37,1745,0.047122713943655831
37,398,0.044030947253357183
37,464,0.041024104801790036
37,1575,0.038120964476069372
37,1406,0.029686864210949283
38,38,0
38,1553,1
38,466,0.58585358207484184
38,844,0.44926028359042353
38,942,0.33704645581924786
38,525,0.19138324482663832
38,1283,0.18745828938497411
38,1147,0.18239622754845633
38,1684,0.18107190768888615
38,1728,0.17201571886894154
38,1936,0.15130954363205346
38,1604,0.14388072578999128
38,1273,0.11713963195158505
38,242,0.10710086403110594
38,954,0.10096917164966637
39,39,0
39,1241,1
39,1173,0.76829434820057818
39,229,0.42294601485334293
39,1361,0.34138914956824556
39,1689,0.24259746774687785
39,1018,0.18745560873291525
39,193,0.18613023396739506
39,410,0.18474917179305622
39,453,0.1566135910666816
39,619,0.089613457925895632
39,1458,0.085657770263280558
39,527,0.082949027186486529
39,551,0.080046914627473556
39,63,0.078449424512218632
40,40,0
40,1397,1
40,1187,0.69494237766522804
40,1545,0.31194821289659402
40,953,0.30760806218320375
40,1611,0.27675247492709193
40,1,0.24264373546980797
40,479,0.19141837497782535
40,1873,0.17008852678853509
40,469,0.14652419139091397
40,351,0.12759528969083175
40,183,0.12390010609541993
40,1822,0.10844728658064148
40,1280,0.10306740272543526
40,652,0.10194721694501652
41,41,0
41,1601,1
41,553,0.95695660437217378
41,28,0.5767050081407602
41,354,0.38851401992514295
41,1312,0.20498452861164024
41,1357,0.13015777458767991
41,414,0.10271816484988265
41,955,0.10120013561338399
41,448,0.09819105305752597
41,464,0.098133080642411982
41,1459,0.081593931097205058
41,302,0.066956587982474447
41,1706,0.05107112013938863
41,1048,0.049704268828798991
42,42,0
42,892,1
42,884,0.71580312112653888
42,1323,0.33620068808693016
42,703,0.2365637005137024
42,1510,0.21950224329505486
42,220,0.19102332578833156
42,161,0.1894683736421614
42,285,0.17497877863758143
42,1853,0.15813964284156576
42,744,0.15359851102983901
42,1859,0.14139362419232901
42,918,0.13609717266112678
42,1930,0.13112165270959159
42,94,0.1229899180684341
43,43,0
43,308,1
43,1258,0.78893924533534276
43,623,0.36774844305476989
43,32,0.34916926017235139
43,1115,0.27431394601961256
43,860,0.26354597322681395
43,1731,0.1896308529036661
43,1079,0.14067117769200568
43,423,0.11972091976760904
43,1991,0.1110947664372898
43,1274,0.091257395333196253
43,480,0.079283770960785899
43,852,0.068526729825687305
43,1391,0.062986066501380653
44,44,0
44,1535,1
44,517,0.49792646584911449
44,101,0.32261706052841671
44,250,0.26408621749151778
44,955,0.25390515319533291
44,1309,0.21114367178702464
44,1760,0.19572628252694094
44,1961,0.19453091977720466
44,1803,0.1852773119068083
44,1395,0.16691201328681665
44,1585,0.16083851789807965
44,354,0.16009704325540683
44,536,0.14882376672264172
44,338,0.14500821916258752
45,45,0
45,1803,1
45,1580,0.62029901886029493
45,101,0.59809164966546435
45,946,0.24200369297702407
45,815,0.22857023873486343
45,1847,0.18410913617281632
45,1603,0.17915631226266027
45,57,0.15330531566020944
45,536,0.14535420634859009
45,355,0.13320848642622621
45,1231,0.12759431428028378
45,1961,0.10590841168840835
45,1267,0.096948729901096667
45,1382,0.092334936472590584
46,46,0
46,1143,1
46,581,0.5712679656598082
46,308,0.29773551136012405
46,32,0.28890969107449355
46,1265,0.22833526530021478
46,1134,0.2063997914253099
46,643,0.20494651978848011
46,1332,0.1988333927576395
46,639,0.17938620314033987
46,748,0.15730876921441536
46,1934,0.15717761355441795
46,1123,0.15020089854615287
46,1183,0.13546114241762836
46,1327,0.13093724417667646
47,47,0
47,636,1
47,1626,0.60929989631139203
47,1749,0.55846725768595429
47,1124,0.30261548737540278
47,1135,0.29450750883410698
47,1310,0.22058322030475094
47,880,0.16039625805018276
47,1191,0.1400872797570489
47,1484,0.1390916186494979
47,1980,0.11129559816856198
47,1528,0.10805859031825135
47,1063,0.10540230225934927
47,1418,0.085145675501404283
47,971,0.071934005036802015
48,48,0
48,1325,1
48,1787,0.55172953277840542
48,278,0.39533052422851933
48,499,0.33282852879399832
48,766,0.23939986056563989
48,716,0.23420865460316737
48,1669,0.18052248114418853
48,1584,0.17230207450445661
48,903,0.15076477632501137
48,1720,0.14110633123353808
48,1006,0.13105066201682677
48,828,0.12827748396278493
48,301,0.12743384167158575
48,1557,0.12193163021913206
49,49,0
49,399,1
49,1526,0.44581183433255922
49,752,0.3517256085356989
49,664,0.300960363490481
49,194,0.27356963568760689
49,804,0.24587038379129683
49,803,0.19354672723794608
49,359,0.18366408107213189
49,956,0.18054042026157571
49,1135,0.17917101003107858
49,935,0.14647307294824291
49,501,0.14048740211760322
49,373,0.13522064669999084
49,1268,0.12984730063769187
50,50,0
50,366,1
50,391,0.77600116492158744
50,889,0.59346634818734045
50,1523,0.448862644764222
50,454,0.16272758909392462
50,490,0.13180294902159873
50,1326,0.11328215512340778
50,1932,0.10843332532918523
50,1211,0.10836703669602844
50,1960,0.10716085996014747
50,15,0.10453044847485593
50,295,0.097524857813117649
50,1390,0.085236244323878815
50,1499,0.069501557280257378
51,51,0
51,1172,1
51,894,0.38401097558019248
51,1222,0.36805910576356132
51,742,0.35912933320971102
51,842,0.29979961425577484
51,1140,0.20794973296643973
51,1943,0.1955576356057557
51,1435,0.18512982579667181
51,1349,0.17994047646573111
51,1238,0.15776589884092734
51,1265,0.15053698033886534
51,687,0.14983913520651371
51,1512,0.13866684223605233
51,1962,0.13049872128795689
52,52,0
52,341,1
52,1371,0.75249360234595675
52,1584,0.58346121859651101
52,318,0.19870265777968166
52,75,0.1737024639285078
52,1546,0.16409441312342724
52,505,0.15266277518688876
52,903,0.1482427963764785
52,1130,0.13871342312491969
52,348,0.13766503725675525
52,1333,0.13449412186830004
52,976,0.12399961051846721
52,350,0.10523942214461339
52,233,0.093425441908575754
53,53,0
53,220,1
53,379,0.51169284985536545
53,1743,0.32521653114584281
53,94,0.26258158413305993
53,1234,0.21961474533895023
53,1377,0.20237217123232548
53,922,0.19132908627497736
53,1853,0.19014562874015184
53,606,0.18843079128246654
53,285,0.17972046368220296
53,445,0.17168093847453764
53,1731,0.16147359624765195
53,528,0.15423146334756679
53,1935,0.14840162391897516
54,54,0
54,635,1
54,1577,0.59243164858156561
54,1907,0.52176485013437646
54,374,0.31239746805763507
54,1402,0.3046107623088089
54,1206,0.22287596242279623
54,1739,0.15153861660987961
54,1239,0.13325451609318553
54,868,0.13006494626109705
54,570,0.12155221015988041
54,1002,0.11789925666142433
54,430,0.11722568653062239
54,904,0.099417705251269584
54,699,0.081864682759800703
55,55,0
55,761,1
55,1881,0.60979068936821001
55,743,0.33621326118874328
55,815,0.27632134576983364
55,1025,0.2607374614717044
55,1810,0.2091224779962445
55,739,0.20411022590585851
55,235,0.16367626468686178
55,265,0.1624479152759539
55,1990,0.1590623476562516
55,714,0.1377181058466117
55,1477,0.13409758784926074
55,363,0.13383093114075142
55,1702,0.11975446167794736
56,56,0
56,716,1
56,233,0.61293836709600058
56,1556,0.22999021344120094
56,465,0.22722696892083402
56,1557,0.2120437888850415
56,1022,0.20713497784343229
56,1418,0.20268191132773733
56,970,0.19072879798045322
56,298,0.18589883347129169
56,880,0.18414196742012406
56,856,0.17244132880301735
56,1528,0.16396088157658065
56,62,0.16281067109106157
56,1432,0.15488371955738353
57,57,0
57,960,1
57,271,0.53718345829923564
57,1961,0.3619555267589652
57,45,0.27874662319470395
57,1585,0.26520026094687943
57,815,0.25170567263892535
57,1838,0.20537608052918238
57,1267,0.18588509482058427
57,1046,0.17280853369523216
57,494,0.15634060557022494
57,199,0.13376382881071155
57,1657,0.12257739837987588
57,354,0.12157148210725276
57,1904,0.11377405669761072
58,58,0
58,1470,1
58,1349,0.5322660854998118
58,1314,0.37160379043677144
58,1182,0.29406133946509605
58,1642,0.28113800777219683
58,762,0.24244272225701327
58,360,0.2034018686832802
58,200,0.18194605290859894
58,1674,0.17631998323351986
58,1478,0.15416689504781148
58,1285,0.14190767946966804
58,218,0.1275292348135357
58,871,0.11926911806532359
58,177,0.080828636144648677
59,59,0
59,1421,1
59,610,0.40854246063656235
59,574,0.32258022484923332
59,1480,0.27073495959181731
59,676,0.2535373416115147
59,1682,0.22988045104323412
59,619,0.22859972917583637
59,959,0.19864796825262732
59,193,0.19550762628512711
59,1415,0.17758368639063704
59,1836,0.16852197218172937
59,468,0.15325822904676858
59,1018,0.1531878546010928
59,1271,0.14631536752794894
60,60,0
60,234,1
60,531,0.67019907711475646
60,1157,0.44729647400631367
60,437,0.4061198820383688
60,547,0.40532372979748454
60,967,0.20726834641248826
60,188,0.13828938952443084
60,444,0.11822929983073532
60,600,0.1178526080920841
60,1248,0.10957870777662482
60,424,0.10111781836514933
60,922,0.06616649768484148
60,740,0.062347760298769532
60,1270,0.057091894595955199
61,61,0
61,1431,1
61,148,0.82511425991890075
61,871,0.54016975282641377
61,1938,0.40656941209671199
61,200,0.2506084153036558
61,1323,0.24919933665988675
61,878,0.11347001877385608
61,905,0.095042304743152922
61,858,0.092670517857642548
61,1559,0.076181161758350421
61,188,0.071708465377325697
61,600,0.071417799911502586
61,602,0.060757384289759443
61,8,0.053988489583646701
62,62,0
62,1651,1
62,1725,0.64361714413764171
62,1122,0.38731332432478299
62,523,0.2619039668483864
62,848,0.1959088482239858
62,1219,0.19397930089133511
62,1793,0.17992414608793522
62,415,0.17682093167724913
62,2,0.16982380249281581
62,340,0.16934824691283626
62,341,0.14090891894247587
62,1557,0.13414389054902764
62,56,0.1279386705085247
62,1546,0.12525333155555649
63,63,0
63,226,1
63,1876,0.48928800731029592
63,3,0.46718170844583223
63,362,0.42125661451405844
63,1950,0.26621135792064299
63,93,0.2450907254697467
63,1451,0.2127425686048082
63,1036,0.19777899335918872
63,1505,0.14793138755647811
63,1160,0.14135516276338084
63,1598,0.098267836424470553
63,394,0.081547389664383421
63,452,0.069698148689936693
63,1448,0.068537923061125272
64,64,0
64,1891,1
64,68,0.50465140821627597
64,190,0.4734486057042383
64,1176,0.32176143929457013
64,757,0.30401281864717722
64,412,0.22402443971932132
64,1812,0.19362484448835243
64,1329,0.1746110317165234
64,868,0.15905593420266276
64,896,0.14246382958449114
64,1121,0.13117010934944492
64,1878,0.10453146092762132
64,1483,0.088744358179881216
64,1914,0.084791117011851463
65,65,0
65,1812,1
65,1560,0.66698358611581066
65,1871,0.35381436297812374
65,725,0.27668755761562075
65,673,0.25739791126789474
65,896,0.22252966746404815
65,1042,0.20594901383379985
65,99,0.16982982685043477
65,1070,0.14452785821759909
65,1566,0.13240626261222829
65,1882,0.12907247151182444
65,592,0.12018717027213201
65,846,0.11842224839545956
65,1899,0.10908778263999805
66,66,0
66,1025,1
66,743,0.76883482424640615
66,1267,0.43429749116188715
66,363,0.31644976517645218
66,1401,0.30763166981795442
66,355,0.26615669682939286
66,1668,0.22080759774573358
66,1760,0.13969892249399207
66,815,0.10138821551848834
66,1015,0.0992641987541205
66,564,0.076529478911486717
66,331,0.063720463372212141
66,928,0.06018182831584229
66,57,0.051934750894702508
67,67,0
67,765,1
67,641,0.71298692014730181
67,919,0.61610620168705776
67,323,0.41502480834681355
67,1134,0.39081340650749585
67,445,0.19030570193998372
67,1605,0.16957626547660495
67,780,0.1308081932146439
67,297,0.075488467840663653
67,316,0.060537666241892246
67,1141,0.045521700050843987
67,1991,0.034319060890659052
67,25,0.0339456543801454
67,1567,0.031451192100653336
68,68,0
68,757,1
68,64,0.38116220089453751
68,1198,0.38056431457825529
68,1769,0.26008679057777423
68,1042,0.23627090670669987
68,88,0.23449860220617047
68,1988,0.22275068815491308
68,1121,0.19371266632610301
68,1387,0.19339188811027852
68,95,0.16685360277567141
68,738,0.1619885819032599
68,1417,0.15971998457963679
68,1309,0.15824820265360351
68,1395,0.15764189699396766
69,69,0
69,909,1
69,940,0.61883397655071282
69,404,0.4713075027084821
69,1272,0.23169679728111819
69,1027,0.21571183835426302
69,1380,0.21394400561508226
69,1255,0.17242363773130504
69,1126,0.17065731659778752
69,1019,0.16582435185639186
69,1897,0.16191329065933291
69,1159,0.13160235366423439
69,548,0.12484902077414305
69,1649,0.11758227089685543
69,1909,0.11053934718057497
70,70,0
70,1475,1
70,1437,0.71203428457630491
70,814,0.64156705792376745
70,452,0.43573613535127442
70,240,0.23712081649913611
70,532,0.15302076851055321
70,257,0.1250490986117094
70,867,0.12126186587259244
70,1005,0.093552696648888975
70,981,0.092393082432803225
70,260,0.083495479863357716
70,613,0.078713731144582397
70,1103,0.067668414758634679
70,170,0.065270502343040299
71,71,0
71,1038,1
71,1218,0.39737230508409421
71,377,0.30494055621288862
71,161,0.27012406606982475
71,1089,0.23785413497210736
71,1386,0.22581176527619878
71,764,0.21590741523211926
71,1997,0.21441777229318268
71,1804,0.1997021367125876
71,1667,0.19288465468941604
71,893,0.17949850286632493
71,1112,0.16615029976926726
71,393,0.15497109904011253
71,1754,0.14726187202289204
72,72,0
72,239,1
72,1672,0.95324169562705185
72,680,0.42375800653368856
72,1792,0.38299407228782123
72,303,0.27127334854873314
72,484,0.24750231667388148
72,855,0.13916470256713398
72,1726,0.12864628373235598
72,657,0.087243783087675289
72,1981,0.070609066068393317
72,35,0.069257799647169938
72,579,0.049324149704733436
72,251,0.048600495954102166
72,364,0.035275434885213661
73,73,0
73,713,1
73,1009,0.37820792055666125
73,1475,0.33656464327242624
73,1709,0.33424297737036973
73,1229,0.28620770734542844
73,1902,0.24275178733733591
73,306,0.20327016631790948
73,912,0.17568613962368188
73,1503,0.17444773995573906
73,198,0.17439796337911237
73,1678,0.16946117817801556
73,1005,0.14513395811822077
73,1049,0.14362516923551932
73,1542,0.14289132686576769
74,74,0
74,1961,1
74,747,0.50311596762923105
74,287,0.34297764556959776
74,1904,0.32492229926950522
74,998,0.27501618567169844
74,101,0.21716631471077213
74,112,0.21679917389546102
74,1706,0.20164455927190236
74,104,0.19519028263061985
74,955,0.16973300009682454
74,271,0.12876781752798272
74,537,0.11929205129565593
74,432,0.11516462475526905
74,728,0.097094128729516282
75,75,0
75,401,1
75,1714,0.51926337671684486
75,1219,0.48558547602752705
75,1413,0.43505701069894537
75,124,0.40886565867230629
75,1546,0.18614484721645763
75,359,0.14637352975628801
75,1333,0.13356440325702254
75,523,0.12413038637243923
75,1995,0.10722268002392769
75,52,0.10198383963738664
75,341,0.092616958733741928
75,1725,0.085261290696417483
75,976,0.080813994131517727
76,76,0
76,103,1
76,1815,0.62860553991306833
76,1930,0.52475181435740237
76,406,0.39438244969027281
76,1496,0.3017983563653785
76,842,0.23273368809098188
76,1264,0.18900395960948033
76,1381,0.12869875897631844
76,1140,0.12691470491317938
76,144,0.12595928501722187
76,1970,0.072868510199795455
76,862,0.06876362471364765
76,1093,0.057789129872002347
76,1349,0.054613287577223044
77,77,0
77,1612,1
77,830,0.71396222334047943
77,613,0.52490238283641844
77,1709,0.36964924724027848
77,1808,0.36048511073187045
77,1598,0.34897553382734198
77,1950,0.22071678955276119
77,532,0.10012395685527606
77,1049,0.089168460607618447
77,981,0.050549232360986414
77,1272,0.046354144418411319
77,912,0.037041389620455813
77,1001,0.025050261441396549
77,1539,0.01990766435540894
78,78,0
78,1374,1
78,1076,0.66610452315576074
78,880,0.26715147780011639
78,1186,0.25674445381132699
78,752,0.21413585392764714
78,841,0.19791424115957795
78,1631,0.19347021982293042
78,1956,0.18522881357554319
78,79,0.18149620791194307
78,1986,0.17487450010363184
78,195,0.16295449352063721
78,690,0.1526854483774234
78,1526,0.12911043687791332
78,1280,0.12502020122804655
79,79,0
79,491,1
79,109,0.58577705268986124
79,1012,0.39551738693989036
79,787,0.27195830282572259
79,459,0.24214281786428163
79,90,0.23502012807144868
79,195,0.179164695330296
79,1801,0.17718081936332741
79,1022,0.1707008931993062
79,298,0.16052859281611268
79,1374,0.13010880736337063
79,1280,0.12660888823322422
79,184,0.12035222287441742
79,1918,0.11183493159566958
80,80,0
80,150,1
80,1080,0.73489748082508854
80,648,0.32127037002010395
80,156,0.28180343150908438
80,626,0.24722127476161918
80,585,0.23243990638093251
80,1135,0.21437725970178426
80,972,0.14732572793621959
80,1611,0.14422713568959178
80,1122,0.14416267544050781
80,1889,0.12475899572579473
80,1095,0.11734101737612145
80,1124,0.10768552746020774
80,1502,0.089376484522874805
81,81,0
81,1392,1
81,1316,0.96324076834529049
81,474,0.27882502548015353
81,1279,0.23011426877610866
81,104,0.22327091777549377
81,99,0.21005526885865
81,23,0.20542376692061109
81,556,0.14449712304177864
81,754,0.11900582339166531
81,885,0.1171785491631038
81,1287,0.11688754044755968
81,1872,0.10454982961442386
81,1810,0.10445062417978788
81,1796,0.089398299151422153
82,82,0
82,1351,1
82,436,0.73634719980965746
82,645,0.59830208185034917
82,463,0.52274361190006757
82,291,0.19767261504201983
82,1896,0.16983985434391191
82,884,0.15029326347645255
82,161,0.12374211722630955
82,1746,0.12274841965491604
82,602,0.1076616589273781
82,1112,0.063759706316229861
82,1467,0.040100478404857837
82,878,0.038209519305458448
82,416,0.035469158710178451
83,83,0
83,1042,1
83,1899,0.93090593029362889
83,398,0.8435373442124442
83,1422,0.56989903097266126
83,1871,0.16167748065732496
83,1133,0.094682577047535771
83,975,0.079621931237313592
83,1675,0.063370933559589337
83,1098,0.059273846415204681
83,1387,0.030317354492881518
83,1309,0.022286716226336125
83,1410,0.018612756165389897
83,1812,0.016370307515610243
83,557,0.016325331102196989
84,84,0
84,133,1
84,1988,0.41677119476328017
84,1312,0.30580054418672231
84,1127,0.28521586603991628
84,899,0.2379606480669893
84,1198,0.21886115879969387
84,302,0.21404924528262301
84,1610,0.19836205198712711
84,1261,0.19325116894325356
84,1987,0.18111655401054952
84,1600,0.17851799445862315
84,1799,0.16799859956060928
84,460,0.15597847193569336
84,1564,0.15301148158097674
85,85,0
85,1382,1
85,1498,0.74260386809790258
85,1239,0.60309861044725077
85,1223,0.41296675128964744
85,1291,0.37839377517543887
85,1261,0.17194553485316988
85,1764,0.16875376210936899
85,1618,0.15661004770061285
85,1739,0.15399053853257008
85,629,0.042424637379470963
85,1144,0.034925331101718471
85,57,0.016806465887259869
85,1587,0.015015775543265523
85,1954,0.0093527277362086443
86,86,0
86,1645,1
86,1242,0.72652518472224881
86,534,0.71389351461826567
86,963,0.31782068047651379
86,708,0.20276488693154723
86,205,0.19768985186461996
86,1597,0.16092047026141576
86,511,0.1071950888267631
86,847,0.10523665611663481
86,1027,0.098246940155946566
86,320,0.093206621869507802
86,912,0.065680011307757441
86,1192,0.062591351146167207
86,1678,0.055116271776105133
87,87,0
87,1023,1
87,436,0.79260810436494478
87,1642,0.3722952062848407
87,602,0.31317646036225444
87,1529,0.29407520950038063
87,177,0.19006613296965516
87,1507,0.18052727689721745
87,999,0.1522639913305249
87,416,0.14728748398249644
87,697,0.11605171038292372
87,1579,0.10285987337021822
87,365,0.089800193434788247
87,327,0.077989289655500851
87,463,0.077896142797031179
88,88,0
88,1120,1
88,1520,0.67464291651854791
88,1769,0.41918920390226139
88,1939,0.39157644366801508
88,786,0.36950817166140859
88,757,0.21964152721149011
88,1979,0.14024598697703694
88,68,0.13628486325961264
88,653,0.1139308040464925
88,1575,0.092266909229932359
88,1224,0.091949856071151706
88,1632,0.086763173719395015
88,37,0.086110307372547795
88,1170,0.084779631833074076
89,89,0
89,179,1
89,832,0.44509532934945978
89,970,0.29048213539332568
89,1787,0.26661626848898368
89,1165,0.24937325216043399
89,1944,0.24744660802530102
89,1822,0.20289773473157319
89,1615,0.19969814690671459
89,1671,0.19551119483820001
89,741,0.18099527084627473
89,309,0.16395503893782923
89,114,0.16002693915459959
89,1901,0.15769885278743545
89,372,0.14708941785053323
90,90,0
90,689,1
90,1615,0.93150831352840158
90,212,0.54034137520766601
90,79,0.49502800617573878
90,491,0.25813695573551249
90,1679,0.20021715110720104
90,397,0.13991666453513305
90,459,0.092666122467947337
90,469,0.075852238527907012
90,109,0.052594431463919657
90,1397,0.051977286365610977
90,1681,0.027129338069415837
90,1012,0.022036800919726342
90,1022,0.019491472502831165
91,91,0
91,1549,1
91,1342,0.8324041932352243
91,1619,0.43165770179773416
91,476,0.21877416759276594
91,1751,0.17653454088213055
91,486,0.17512855788548973
91,1150,0.16912814291562256
91,370,0.14508131654681561
91,910,0.13302497839598684
91,1386,0.13090324155145691
91,623,0.12905851802589866
91,995,0.12825709860027704
91,157,0.12143836127640431
91,463,0.11550640297498591
92,92,0
92,651,1
92,1457,0.7941318968868788
92,145,0.72565845265064732
92,1967,0.36493273897345768
92,243,0.18251403271611688
92,1295,0.16847574855296824
92,1094,0.14258806254461889
92,1268,0.12047451619336001
92,856,0.1008678571454965
92,1184,0.075824063827850008
92,113,0.064876959935280268
92,1069,0.057813826828164799
92,340,0.056086514048282382
92,1548,0.052644778887378785
93,93,0
93,1505,1
93,1448,0.97129503051855426
93,1149,0.3630605658374047
93,1682,0.31078222244511855
93,1475,0.17646167693779258
93,732,0.16227059830251561
93,3,0.1596318999419308
93,981,0.12381315337491972
93,452,0.12195161866672886
93,532,0.1191684331648323
93,619,0.11331808439829329
93,252,0.10855633027907625
93,257,0.096861682664557094
93,605,0.079727701211457211
94,94,0
94,918,1
94,53,0.33212852337872262
94,744,0.31644135154063896
94,144,0.29045726554513479
94,1479,0.26270691078543823
94,667,0.24063797531761824
94,1269,0.22677711909385204
94,220,0.20725194280285258
94,1794,0.20196688479996322
94,1930,0.18139464583130502
94,528,0.16773009897314245
94,33,0.16074558629155278
94,1381,0.16042918363899966
94,1496,0.15822880143459764
95,95,0
95,1988,1
95,1406,0.7713734991697031
95,37,0.33813441989388654
95,1144,0.31575996689347635
95,1387,0.23767230107051188
95,1459,0.18667109059805001
95,536,0.17486156576890344
95,1732,0.15160966007791751
95,552,0.13759747961302649
95,1803,0.1309509258136676
95,1395,0.12155863888554393
95,1998,0.11714766648189452
95,101,0.11556221593275452
95,1224,0.10798311293362653
96,96,0
96,153,1
96,929,0.88347454879004628
96,1315,0.38751633770064642
96,122,0.30956119061349241
96,121,0.19832508715269295
96,1081,0.19219827256793773
96,529,0.15800194787016064
96,966,0.12839295295844325
96,666,0.12595937176166624
96,169,0.11955684204467568
96,92,0.10355851241646573
96,1807,0.1018462942855647
96,1918,0.09942365233713675
96,1184,0.0990736245231046
97,97,0
97,1032,1
97,1622,0.38079806897761037
97,814,0.25762387167112466
97,980,0.25455311790353663
97,1630,0.24855351741295198
97,1773,0.24714604515115421
97,702,0.2294027228301331
97,777,0.19532939532705113
97,1156,0.194626318946759
97,246,0.19171663190448249
97,1716,0.18310778870551309
97,1758,0.18195502806010513
97,1929,0.17961104382217002
97,625,0.16246865849943212
98,98,0
98,1124,1
98,683,0.94882242527344995
98,1513,0.38575687531405639
98,1122,0.25326732374211897
98,1906,0.18616887665609572
98,1135,0.18233776279847178
98,1980,0.15218778644560713
98,1378,0.13565191136063315
98,1095,0.12714718048060061
98,1790,0.12676137974069127
98,160,0.11214567001916753
98,503,0.10392503021510664
98,361,0.10125482027183028
98,618,0.091469337435180348
99,99,0
99,754,1
99,1387,0.68961092953495096
99,1871,0.51290853849039464
99,474,0.19986983418093143
99,1316,0.19973803327837122
99,354,0.19553186734727676
99,556,0.19177748592812
99,592,0.18347723092266852
99,520,0.15085430415896617
99,400,0.14851703390765494
99,1305,0.13436526607170204
99,1685,0.11067902987465084
99,1865,0.094869937972573148
99,1899,0.094691793624421913
100,100,0
100,1718,1
100,969,0.27002859839431287
100,1756,0.26205057504564583
100,1893,0.24554098489124757
100,607,0.2407874629579618
100,1938,0.24031076741307356
100,457,0.23224413233601338
100,285,0.22196178065118644
100,1234,0.20915722282137308
100,1467,0.2041123646757082
100,1609,0.20251650071184335
100,769,0.19767020132962265
100,379,0.1947652192784427
100,129,0.18575360884745698
101,101,0
101,1803,1
101,955,0.78783791680846915
101,517,0.70985161475088054
101,1961,0.25586482216300616
101,354,0.1949290677654745
101,1564,0.18146238204117068
101,45,0.15898738526366263
101,594,0.14949028882041215
101,1760,0.11665465556420659
101,1685,0.095589188426051019
101,44,0.082078352321959341
101,520,0.061859736932818793
101,1305,0.056657177798462952
101,536,0.055632211448570716
102,102,0
102,556,1
102,1727,0.71675434932703663
102,1543,0.58359242948419376
102,944,0.26874027834954373
102,755,0.20719171866762506
102,474,0.17226953196025857
102,1865,0.16086640322913265
102,414,0.14582306233160799
102,1685,0.13699700858980787
102,675,0.12252964693744796
102,104,0.11235532636505093
102,354,0.095842802954480028
102,400,0.092780007641789605
102,1780,0.091145688838952355
103,103,0
103,1930,1
103,1815,0.57559683537866191
103,740,0.37395362080965089
103,892,0.29408449507689133
103,1496,0.27433546472443027
103,884,0.22446767989684244
103,424,0.22183487882798184
103,849,0.14728458119326129
103,1093,0.14103539862898709
103,918,0.14088539624127638
103,1140,0.13484804869638095
103,1479,0.12801087272809566
103,1853,0.12695837216439193
103,1794,0.12358817518189343
104,104,0
104,728,1
104,1904,0.90884797841245346
104,1961,0.36994417279418801
104,1872,0.26638632466756806
104,324,0.23848230615953023
104,265,0.17867676437752286
104,271,0.16514262059251089
104,74,0.14003197614685187
104,102,0.13572980940908763
104,474,0.12046384753509497
104,998,0.11615210672112698
104,1279,0.10033842577291982
104,1428,0.088003202383356335
104,81,0.078681563276723682
105,105,0
105,1634,1
105,1774,0.37681676866267166
105,1280,0.30133647681788339
105,1825,0.27218022925874519
105,194,0.24199361429186145
105,1715,0.23756803277613142
105,1068,0.22361112526281685
105,184,0.20977989266915006
105,245,0.20537380780462544
105,1556,0.17899039693359131
105,1807,0.17182847999563447
105,1022,0.16447036475751153
105,1639,0.16444327949832213
105,359,0.15850308034190649
106,106,0
106,1557,1
106,970,0.58632441860753703
106,720,0.3576742913293629
106,415,0.32348205848537259
106,903,0.25713180749755504
106,800,0.22502324683792635
106,233,0.19885136099287473
106,56,0.16149261793571174
106,469,0.14793902501945941
106,848,0.13587267465893749
106,276,0.1312724183346744
106,845,0.1298593838177044
106,801,0.12873464315828365
106,1616,0.1232324323694359
107,107,0
107,157,1
107,1449,0.57188840425795406
107,1270,0.34660969116230717
107,1212,0.28129325318553527
107,639,0.21222517267444849
107,514,0.20604680692077249
107,1512,0.19311044339876857
107,1751,0.16394101225306948
107,539,0.15914554909248302
107,1692,0.15621625219114901
107,1328,0.15538111277823094
107,1666,0.15490005942894225
107,333,0.1539346817881016
107,1935,0.15219949006179914
108,108,0
108,1941,1
108,431,0.52240456684913739
108,1585,0.48631059830146356
108,1961,0.46618822774054386
108,287,0.27955626117042703
108,714,0.25971142063301594
108,1904,0.19439156170208285
108,265,0.16577772339856187
108,998,0.16271478029931935
108,647,0.10595991338646732
108,517,0.073595416144534298
108,1428,0.071433953320847898
108,44,0.061729877811382325
108,312,0.057124246898401461
109,109,0
109,79,1
109,491,0.55088003823550669
109,1801,0.3245982711246127
109,1918,0.31861377941188601
109,459,0.27081989288064112
109,122,0.20665581306603448
109,666,0.17167924217921796
109,90,0.16954464274451106
109,1374,0.16936781316704438
109,123,0.16849819281220338
109,1012,0.16390628412669836
109,880,0.13700737264429283
109,1022,0.1344058162048837
109,841,0.12092056146960443
110,110,0
110,1129,1
110,735,0.51487760164561258
110,1801,0.33290608258238402
110,1613,0.23268034036434174
110,1639,0.22102536233702233
110,942,0.21440651982675454
110,1147,0.2062042749790714
110,844,0.1866630758118811
110,459,0.18440721571736379
110,123,0.17939080610372815
110,789,0.17818881984900542
110,1356,0.15723114776780062
110,929,0.15225620236727838
110,122,0.14664481495652198
111,111,0
111,1706,1
111,768,0.70585641735854743
111,1368,0.3528711239588852
111,955,0.33586990438638059
111,1048,0.24715837763514281
111,74,0.244985351894556
111,1403,0.22551235618328205
111,464,0.17428807799815471
111,747,0.11897359513539309
111,112,0.11424691509263454
111,728,0.10751765977926353
111,1959,0.096998541406669789
111,914,0.092687017246714257
111,41,0.0899272740232685
112,112,0
112,914,1
112,747,0.33684658291037595
112,74,0.31171837031108574
112,354,0.25789529881086132
112,494,0.25021313381376348
112,1871,0.2497005868958895
112,1961,0.23171402660724855
112,287,0.20909183489021749
112,520,0.19156877142576123
112,99,0.18782182398741712
112,400,0.18775654068507985
112,250,0.1722239431998788
112,556,0.16080640157672027
112,102,0.15952741420805294
113,113,0
113,1295,1
113,92,0.65008415864899238
113,1378,0.49073591312809639
113,1457,0.32266686408432044
113,243,0.22396556603832787
113,361,0.21352232503465218
113,145,0.20856769977986928
113,988,0.14776690088417896
113,1303,0.13212045160250935
113,1315,0.12277523487012323
113,1696,0.11884389571146986
113,1125,0.11876581343680583
113,1069,0.081476624207614104
113,590,0.075593208339409412
114,114,0
114,276,1
114,970,0.41256919396352087
114,1901,0.39333881352931527
114,179,0.35969253472608881
114,106,0.26366372745736655
114,1944,0.21047696860413523
114,801,0.20924939641849477
114,89,0.19649508257926884
114,953,0.15947620609000646
114,1035,0.15723225336877431
114,1777,0.15324660381942126
114,1485,0.14620476811059907
114,479,0.12877720988167557
114,233,0.11646520195974591
115,115,0
115,455,1
115,1974,0.41535895859543442
115,1774,0.34731601176551274
115,1226,0.32772584107930203
115,1202,0.28393743629849583
115,835,0.26756899690399299
115,1715,0.20503717423891346
115,1256,0.17004630911166924
115,1573,0.16071613047592376
115,1995,0.15840343708133389
115,124,0.15073143649532914
115,1827,0.14921547079870223
115,1257,0.14004135432044285
115,1284,0.13078909195650107
116,116,0
116,167,1
116,1233,0.76239090619528249
116,1423,0.55420656366655974
116,428,0.23493181064759117
116,796,0.22120133388673111
116,248,0.21706183017381142
116,872,0.16886385965252362
116,1578,0.14058976300286175
116,949,0.13716197310904363
116,1766,0.10039783316902404
116,1499,0.09486835376607608
116,984,0.093078226933429292
116,1237,0.09177375760263605
116,625,0.09036429244040789
117,117,0
117,1683,1
117,227,0.86681270663128729
117,288,0.68175614009536811
117,1916,0.3163764158865256
117,1491,0.17999007386065385
117,812,0.16959007149337729
117,1958,0.15445225884066491
117,1617,0.13809268648499348
117,1160,0.072584345361266969
117,252,0.069518914785154068
117,646,0.068880721209989157
117,1951,0.068877604268764006
117,1678,0.06389216739177439
117,5,0.056073193552119656
118,118,0
118,1528,1
118,1418,0.74616500103815597
118,380,0.63710332080888399
118,880,0.63636362558783066
118,18,0.22188465184539413
118,857,0.10596662540658723
118,293,0.10091430468450124
118,1325,0.093044139541689455
118,636,0.08060230961633677
118,716,0.077578926328933456
118,56,0.074019910583654369
118,488,0.058343037125370471
118,1138,0.039569148834940573
118,841,0.035339084102401698
119,119,0
119,427,1
119,1321,0.52404995633148854
119,937,0.42105093111412117
119,1813,0.26255310992635211
119,1579,0.21044130590392651
119,1911,0.20943861435947009
119,253,0.20357862608111785
119,1968,0.18997522335937905
119,890,0.17039049594908881
119,821,0.16048594534333027
119,1608,0.15924289836769984
119,795,0.15795763948706312
119,685,0.14777111660151321
119,522,0.089962853914613589
120,120,0
120,1196,1
120,811,0.5286372735223025
120,1562,0.43912413347997609
120,435,0.30461872998901446
120,1010,0.28515948145446912
120,1960,0.22967767302018227
120,1458,0.19394715833088683
120,729,0.17426587304848945
120,1426,0.15492068754795829
120,610,0.14090364883259646
120,1789,0.13929420446850801
120,1898,0.10841611161906327
120,151,0.1043568677079586
120,569,0.10356082879935112
121,121,0
121,681,1
121,788,0.9933373108812672
121,396,0.38785125736565895
121,929,0.28194434239006377
121,861,0.17643915333376664
121,123,0.17582417066104478
121,1807,0.16296272861982369
121,525,0.12378837048964618
121,459,0.11563988832652915
121,624,0.10654489113599748
121,1568,0.10184128489161937
121,1681,0.10014969210061883
121,1665,0.094479407919782335
121,1069,0.086088452490625786
122,122,0
122,109,1
122,180,0.57301453083464149
122,153,0.31404533790050865
122,1807,0.26689381027253634
122,929,0.24422666333873283
122,1918,0.23919228058586972
122,14,0.23886090969083185
122,666,0.20470067365419081
122,96,0.16253124602408792
122,79,0.14963550099785203
122,1801,0.14496036628816164
122,459,0.13761397420056506
122,1081,0.1174468147268186
122,841,0.1137657813331493
123,123,0
123,966,1
123,459,0.62527377935086947
123,269,0.39230448821416297
123,1220,0.34681116641625509
123,1873,0.2830573862277877
123,681,0.24801444786602331
123,666,0.2445941641646569
123,1602,0.16818639005133879
123,109,0.13659013724580524
123,396,0.10064879329194876
123,661,0.096201562482458952
123,1918,0.093374539835360801
123,624,0.090848844746355559
123,450,0.080982659174787516
124,124,0
124,1413,1
124,75,0.3884591158516657
124,991,0.36318159314856541
124,1714,0.36280974163365726
124,835,0.33487546305894889
124,1855,0.30213284448544547
124,1546,0.22940853884366394
124,401,0.18392991726291286
124,694,0.16902336963004547
124,1219,0.15815944099154586
124,523,0.12520317719384749
124,1725,0.10254431190568029
124,1034,0.094196009007961629
124,976,0.092975842018818824
125,125,0
125,530,1
125,1736,0.49645796109780244
125,1546,0.28449485472389574
125,204,0.25184937758617265
125,1995,0.23345336919937731
125,348,0.2093933125865419
125,1219,0.20543157427992434
125,1556,0.19874650914659669
125,194,0.1967960368896928
125,1714,0.18215184559668002
125,1413,0.17988586097632611
125,1230,0.16626621200535249
125,62,0.15138132898009068
125,1460,0.15057355122386851
126,126,0
126,220,1
126,1259,0.72750507769012562
126,969,0.40080395417293591
126,462,0.33599504727999907
126,53,0.25806558745023211
126,379,0.20579625894746417
126,285,0.19572956077529424
126,1935,0.1798036593554283
126,1234,0.12871112278618063
126,1635,0.11402192851630061
126,1439,0.10751410804744016
126,1687,0.098983384474192054
126,437,0.081762964392335338
126,1695,0.072201492742141951
127,127,0
127,1520,1
127,895,0.75265639010254082
127,1176,0.37563176043987057
127,1832,0.33418061681714317
127,304,0.28681584450205061
127,1624,0.26738212468580425
127,1193,0.21856331188924805
127,412,0.14400338983448319
127,837,0.13101711067891311
127,244,0.11405200925119846
127,268,0.087005013095100669
127,37,0.08558204888596932
127,221,0.057506032327200987
127,630,0.052502647751003793
128,128,0
128,1000,1
128,294,0.8019023718255226
128,992,0.56672914378374872
128,651,0.26350781251919736
128,1094,0.25751988626227296
128,1825,0.21679579048773834
128,789,0.19024141165835901
128,1548,0.11777416036187636
128,1827,0.091694176326615903
128,451,0.083392744763847976
128,455,0.083361263880613989
128,1081,0.080777066887865165
128,92,0.077216774121636869
128,1774,0.075985556638325069
129,129,0
129,1487,1
129,1627,0.34347830983156502
129,365,0.2847166569439552
129,1890,0.27720406171216094
129,669,0.24669355568860726
129,1947,0.24217327819835491
129,769,0.21245237994631586
129,1756,0.21123888284754699
129,296,0.20257121146539991
129,871,0.20040726003888892
129,1100,0.17745042302477118
129,1304,0.17594766298309641
129,1718,0.17270839819023831
129,1399,0.15985748244572326
130,130,0
130,449,1
130,254,0.33694098153423568
130,1955,0.33557104875682653
130,1225,0.32459614155591326
130,279,0.24104655851234857
130,338,0.23904812292120198
130,1614,0.22401006929270426
130,589,0.21467530279873315
130,1368,0.18570114200371429
130,304,0.17623911364695136
130,1887,0.15980677906590188
130,1329,0.1572080541901924
130,877,0.1567916624992039
130,1543,0.15526146096614332
131,131,0
131,1633,1
131,1678,0.33608558493053586
131,1952,0.2978893085258279
131,0,0.28847015980598717
131,708,0.26791017272367107
131,1008,0.2240771472623076
131,420,0.22076447855089618
131,1902,0.20292715655159743
131,306,0.192433928644032
131,1649,0.18450221809290601
131,1921,0.18077008290761054
131,1005,0.17501506347681933
131,1027,0.16900066826527405
131,1791,0.16703602121856626
132,132,0
132,1383,1
132,944,0.48346831986715272
132,1670,0.4297881358919256
132,1158,0.33603817616727233
132,755,0.33226152770806755
132,1547,0.24534402992752019
132,1209,0.21267128541215677
132,822,0.17030724447516496
132,470,0.1548835728241886
132,760,0.13804295667589742
132,831,0.10907308108239161
132,102,0.10743950405789567
132,1368,0.097202002222359696
132,1971,0.090370352770855561
133,133,0
133,84,1
133,1127,0.41939312426176978
133,1198,0.33899565856758401
133,1261,0.27269586834686643
133,1988,0.27248932767925266
133,1600,0.20966595263633042
133,1739,0.19250073524350964
133,1312,0.19243885369286104
133,28,0.19009060245875961
133,302,0.18315755791274035
133,1610,0.18252893915081994
133,1987,0.15769331813282228
133,770,0.14797266918002366
133,1799,0.14725990307868828
134,134,0
134,1364,1
134,511,0.83305794851432091
134,277,0.76232386148727693
134,26,0.29814078489702139
134,154,0.21686154200490401
134,1247,0.18320255696680959
134,490,0.1216666865903627
134,708,0.11590185126023117
134,425,0.090389026906300532
134,756,0.067782625358651732
134,205,0.067231651764954506
134,847,0.054032822312647659
134,534,0.049637218452850726
134,1358,0.046661708188823155
135,135,0
135,201,1
135,1617,0.81519679973162484
135,15,0.50026016892472991
135,420,0.23204798874268431
135,1036,0.20284492608951865
135,708,0.14824248808537099
135,362,0.14577955117753413
135,534,0.14000930680247464
135,0,0.13993779614501031
135,1916,0.12277109219979633
135,1160,0.12139800437050466
135,912,0.12056987090856827
135,1505,0.11301599048824043
135,1539,0.10481184988496059
136,136,0
136,1957,1
136,290,0.85171548204925751
136,553,0.48600130013863485
136,839,0.37600602777812686
136,28,0.28644321904420617
136,448,0.22741306721105603
136,1472,0.095065928849067616
136,345,0.0926440202976727
136,1291,0.090066955647956901
136,1395,0.088655128530991764
136,230,0.088215447697285579
136,1403,0.076266404250185507
136,1357,0.074449794327167015
136,1770,0.073953572454282315
137,137,0
137,483,1
137,1182,0.88387824971615858
137,1809,0.61708362688882512
137,969,0.59082706323184975
137,1478,0.33325380688246048
137,1823,0.14549011627984285
137,1839,0.10746683184071695
137,951,0.052354590521633257
137,1885,0.034095828969197106
137,8,0.034091566065735705
137,898,0.030445430714464164
137,1938,0.02985029665221732
137,1731,0.026854248084760866
137,1559,0.021200574300576334
138,138,0
138,676,1
138,534,0.96911720645119404
138,551,0.77163425328127744
138,154,0.21157476174023848
138,205,0.20980231959535081
138,468,0.17304651574488641
138,1448,0.16442392185397461
138,181,0.14934749665992367
138,383,0.14686639641810631
138,847,0.031000563076764007
138,1001,0.022451476546792713
138,730,0.021981636523566932
138,996,0.018886194190644644
138,1798,0.016751198185671452
139,139,0
139,381,1
139,703,0.90661421368012518
139,1753,0.32483686772440218
139,638,0.24185610348083858
139,901,0.21373180950582796
139,371,0.19532693052957445
139,1249,0.18128742979278237
139,706,0.1633368807577513
139,1794,0.15333150270607884
139,632,0.14725516477118386
139,1730,0.12590895081585501
139,852,0.097953285666889794
139,162,0.079506322318665043
139,1115,0.075940118360114328
140,140,0
140,625,1
140,701,0.47917490200659585
140,1621,0.42749206562215941
140,496,0.27755326506556482
140,1978,0.23184588881416235
140,749,0.22839344051135874
140,1347,0.2248044575766654
140,984,0.21940254032414991
140,1623,0.20271161865732412
140,116,0.15153422047898737
140,1004,0.13668209699383588
140,872,0.13162915430583089
140,1161,0.098405733847559421
140,97,0.097264178767430501
141,141,0
141,860,1
141,1416,0.85570603203952855
141,13,0.74904586544817098
141,480,0.45914690912041212
141,623,0.32442185205899338
141,1445,0.084446912428408863
141,930,0.081131624058397647
141,1328,0.079233279752179142
141,643,0.066125975135909537
141,825,0.054071941456008799
141,1863,0.046991697443609516
141,333,0.046340941624091497
141,1024,0.030574387495692756
141,1536,0.029650471028246639
142,142,0
142,13,1
142,692,0.37438709112352281
142,141,0.29901302831897819
142,623,0.29612301437737293
142,388,0.28768210839684255
142,860,0.26075476812360615
142,1653,0.22390109698486793
142,476,0.21657986392415385
142,1444,0.20225995728605073
142,721,0.17059043295873644
142,333,0.15795442337693696
142,1863,0.15663945000819832
142,1079,0.13295110668184024
142,1536,0.12806084698431786
143,143,0
143,1854,1
143,1531,0.31988875194316468
143,198,0.26500555882924504
143,418,0.26041114492251027
143,151,0.23549720102054819
143,1062,0.23180268222352249
143,605,0.22809156228082747
143,773,0.2193085945346667
143,1798,0.20581229264949349
143,560,0.1967480855707143
143,217,0.19478816073490035
143,1773,0.18494173140457917
143,509,0.18254698520579199
143,225,0.18204100045353869
144,144,0
144,1496,1
144,1381,0.47526358380822403
144,1479,0.30987948078338962
144,94,0.30145927337968487
144,601,0.28561121721424865
144,332,0.23794224600077626
144,918,0.21844412990887691
144,1169,0.18677896432358337
144,103,0.17347453780355562
144,1641,0.15759692529912764
144,1930,0.14632456294203836
144,849,0.14048824198587953
144,166,0.14017612143411806
144,1314,0.13345122388026723
145,145,0
145,243,1
145,1303,0.89937057297528211
145,92,0.60498898800291301
145,1284,0.39553913902875543
145,982,0.18001589282384339
145,596,0.16965637167737341
145,1568,0.14530929118422156
145,1378,0.11134051860948345
145,1967,0.10578561771019022
145,1289,0.1053814403002843
145,1184,0.060002168364016367
145,1457,0.059460250900912656
145,1295,0.035353650808979752
145,1069,0.034679845748984917
146,146,0
146,712,1
146,214,0.88693632223426744
146,764,0.39864387710787347
146,416,0.33775417396930446
146,781,0.17005219760032922
146,1339,0.16703598332708192
146,1890,0.15310111917774843
146,769,0.1469979358212174
146,1476,0.14356506087832216
146,674,0.10596471591529566
146,878,0.1055528398849879
146,1093,0.099716787153327713
146,1292,0.097105846531301013
146,1963,0.094456700601583926
147,147,0
147,1474,1
147,654,0.40866803070481761
147,1318,0.29285801620211516
147,1344,0.25851425346363571
147,1077,0.24389947170798026
147,1586,0.21726725858942578
147,1940,0.21464135704889237
147,1006,0.20815201161609903
147,1845,0.20716147410378671
147,1330,0.20085987119484114
147,1162,0.19434180941559839
147,269,0.15582168380466282
147,189,0.15263063706735797
147,456,0.1520657320148151
148,148,0
148,1323,1
148,722,0.33145462053637503
148,188,0.28816264361330091
148,1399,0.25177278516667151
148,905,0.24552336713115672
148,516,0.24014429368893464
148,884,0.23628186541777463
148,1534,0.20662270525165427
148,61,0.20561353202024835
148,871,0.18919179065430003
148,892,0.18833821682065657
148,161,0.17814727694008189
148,878,0.17471088366459775
148,1136,0.17092458525822699
149,149,0
149,1517,1
149,691,0.71906795423565362
149,925,0.46100748022364507
149,413,0.30486038122670289
149,641,0.28383403814204655
149,1118,0.18001263196112161
149,775,0.15975953886254307
149,234,0.14881009925209787
149,547,0.13636531554432813
149,60,0.12038021792841251
149,678,0.11080037337363401
149,1905,0.10175597136160588
149,231,0.090743421678509573
149,709,0.089500681766360377
150,150,0
150,156,1
150,848,0.49447226611333733
150,558,0.48918369988879673
150,1767,0.33298174768747213
150,953,0.31307965174004942
150,1122,0.18604616595224874
150,1139,0.18573691600770953
150,546,0.16811838455657402
150,800,0.15513289237333849
150,1268,0.15001252752000327
150,972,0.12012470532289883
150,1067,0.11277842373252442
150,1080,0.10769589780267395
150,1219,0.091530080763029736
151,151,0
151,1622,1
151,1458,0.59719739107429815
151,1798,0.53775900576844116
151,1505,0.44977121511714607
151,1758,0.32688959997829264
151,1682,0.29934822688383977
151,425,0.26144931615809086
151,708,0.23061955187617036
151,257,0.15627505798467975
151,1773,0.013245343797398237
151,198,0.012887336153008451
151,676,0.0088930140600317759
151,1562,0.0069903490135928168
151,1854,0.0055656174318108476
152,152,0
152,475,1
152,192,0.78103710223376943
152,1524,0.287212352412895
152,1732,0.23691911468098381
152,1811,0.20464071881584034
152,1521,0.19294118334757041
152,1402,0.18974965293730983
152,635,0.18167599019311823
152,1694,0.17772652665579547
152,1454,0.17179511162090266
152,1987,0.12854366227250158
152,1620,0.11988523023191702
152,1583,0.11869533630587704
152,1198,0.11606454706603817
153,153,0
153,96,1
153,929,0.7477953479357603
153,122,0.34001427577580806
153,1315,0.28687828525672071
153,966,0.27629698416918808
153,169,0.16740042352719336
153,1918,0.15796916054442961
153,666,0.14880733310909169
153,942,0.14872387260816056
153,1696,0.14492094159258612
153,1220,0.13730987582462562
153,841,0.12576534705978229
153,1936,0.11664141844405093
153,466,0.10837379097391329
154,154,0
154,205,1
154,138,0.34821708942882956
154,277,0.34777677651120542
154,662,0.33061112642528062
154,534,0.30476528586040191
154,134,0.2693672544183241
154,1177,0.25255244331876203
154,1086,0.24708648596356383
154,847,0.21073989849085489
154,578,0.13113297432081575
154,295,0.12753127637231446
154,1247,0.12194342863765768
154,418,0.11465610963763476
154,26,0.10050877646959966
155,155,0
155,1284,1
155,369,0.34242317689292928
155,1295,0.31009035905995919
155,1094,0.30264884844401208
155,145,0.26632143801384006
155,1104,0.26569297276726828
155,660,0.1992087520031279
155,838,0.19425216676393331
155,1371,0.19226722232769697
155,1276,0.18977134579985802
155,1153,0.18323866415104462
155,1967,0.16819755401924155
155,1805,0.16201539462072642
155,1984,0.13076046049258383
156,156,0
156,150,1
156,1611,0.34180312742596103
156,953,0.31185752222892349
156,848,0.28562433785458091
156,671,0.27498813747716638
156,972,0.22683491844246276
156,558,0.22338997400287747
156,1139,0.21635543510478711
156,1714,0.20095074704159568
156,800,0.17833343699745294
156,1767,0.17023012977456922
156,530,0.16647847543375868
156,1793,0.16244869441602444
156,1035,0.14759807893169863
157,157,0
157,107,1
157,1339,0.61749315591551601
157,1751,0.53190471815131712
157,1449,0.28841545236234917
157,1218,0.28362018116273396
157,1352,0.21111463447588777
157,1512,0.19157167060371985
157,1890,0.13017202677440334
157,1328,0.1291681122595584
157,1692,0.12434342331602502
157,1619,0.10844398919602589
157,539,0.10543109680284729
157,1935,0.092624001809333001
157,1212,0.0925804872603532
158,158,0
158,1158,1
158,1771,0.59884956225035124
158,1670,0.49723989835305377
158,352,0.44588804728643344
158,1685,0.25396112456533809
158,822,0.22171416009229425
158,1066,0.21134987446374146
158,1644,0.15029804767719113
158,1760,0.11731540085364421
158,1908,0.11290933160943589
158,197,0.08724351748751373
158,408,0.084507300006872038
158,349,0.07580202185491243
158,759,0.049808645492209952
159,159,0
159,676,1
159,650,0.610136616932894
159,1421,0.4828488390059259
159,138,0.32436475530588349
159,610,0.2299776581180302
159,1087,0.19361781394016556
159,59,0.1913927802632002
159,1001,0.18206508263179924
159,1798,0.12727680622707602
159,973,0.12618997359141515
159,1322,0.11816992737565221
159,912,0.11331948711252329
159,0,0.10696281527222742
159,383,0.10057365041161931
160,160,0
160,1122,1
160,1135,0.6457128225115959
160,651,0.57295934712838315
160,1829,0.42901138999084176
160,935,0.23435283869187926
160,1268,0.18765564980546401
160,340,0.1725993171232682
160,92,0.16199122856958539
160,501,0.097464978155357956
160,976,0.091661239061200467
160,1570,0.081625548335376774
160,359,0.079511896849055907
160,1777,0.078855464229307601
160,585,0.073481785533286326
161,161,0
161,1112,1
161,884,0.41701211988480108
161,1963,0.37326685671294285
161,1323,0.32489498498308361
161,402,0.26431705077018292
161,892,0.23690619865698895
161,148,0.18980924405940719
161,918,0.1862457102286916
161,1089,0.17179278993307623
161,631,0.15881918405593906
161,602,0.15691492434633081
161,208,0.14341173682199998
161,740,0.14322774581802261
161,463,0.14027764136388346
162,162,0
162,1106,1
162,1115,0.52876099574848345
162,1582,0.36942876109550243
162,371,0.36852066967833291
162,1731,0.34151389884082861
162,1870,0.31548812780028457
162,139,0.18507083117650375
162,1567,0.16088237882405962
162,1753,0.13574241164943748
162,1411,0.12444077124053193
162,1274,0.10757967508434849
162,852,0.10132393504798787
162,1249,0.09042692005113831
162,1935,0.077718441995274223
163,163,0
163,1632,1
163,1309,0.34790851667784817
163,1702,0.32443672433798176
163,1354,0.29236632211265662
163,699,0.26294855157284008
163,1066,0.25290364729672077
163,518,0.21746941488507973
163,743,0.19350008431006116
163,1878,0.18861814770263954
163,1803,0.18604274734624479
163,409,0.17735630614597683
163,1267,0.17464584794817659
163,101,0.15114663519692625
163,1535,0.13754816121473462
164,164,0
164,1869,1
164,1486,0.55056947982268101
164,1360,0.43852748013174514
164,1797,0.28960779695861444
164,1692,0.26196668301868914
164,1743,0.25419537116075752
164,1853,0.2093864031971818
164,1468,0.15182457046883174
164,1943,0.14365111211515771
164,731,0.13383248360459404
164,1525,0.12328375301747507
164,371,0.12080891938541885
164,1666,0.11866543893495055
164,1493,0.11057600611766263
165,165,0
165,1243,1
165,1101,0.30408325408677978
165,840,0.29272514445087344
165,1600,0.27342019956673008
165,1752,0.26827856659122218
165,1564,0.23114777759307345
165,1308,0.22791285031111416
165,1948,0.2161290128257865
165,1459,0.21150443675219893
165,517,0.20102571142335041
165,203,0.19247774226093925
165,1547,0.16794730561476817
165,1799,0.16287883623798635
165,1148,0.15736882655523488
166,166,0
166,1341,1
166,1815,0.38604572988229358
166,1169,0.3665467310460791
166,1369,0.32889825475455592
166,767,0.2859550345660446
166,1496,0.26678668363464958
166,144,0.21760594656085855
166,927,0.20454226098688402
166,218,0.16807894965030576
166,762,0.14031584161854196
166,601,0.13969862645133069
166,1285,0.13718663650364771
166,924,0.13655304894372775
166,103,0.12868122446376098
167,167,0
167,116,1
167,796,0.71357309178051198
167,1233,0.33545248465865418
167,27,0.20432465192901469
167,26,0.20421655088704155
167,428,0.20204961578510811
167,1423,0.19398329794631386
167,241,0.17476288390933917
167,325,0.16968594738525775
167,732,0.15809446863081489
167,1425,0.15213217251742514
167,1682,0.1344796307378778
167,949,0.13412823129868398
167,277,0.13000124164782886
168,168,0
168,915,1
168,1682,0.59794812258196228
168,1011,0.55350151740560938
168,1550,0.30493509995281837
168,1716,0.2818907532333591
168,715,0.25617412298999115
168,1837,0.15900925634929372
168,1163,0.15400151850843929
168,588,0.1358627078714448
168,1578,0.12125274806579391
168,818,0.12058176555299703
168,796,0.083320884984572893
168,1740,0.071340709093015472
168,777,0.067070557853108032
169,169,0
169,1936,1
169,466,0.87885607056060855
169,153,0.56787428042778887
169,38,0.42938655583662788
169,1553,0.30644751971699136
169,1696,0.25303588033304042
169,1315,0.15927697869191171
169,929,0.078439403139416081
169,96,0.064494638897458295
169,1918,0.044565129144022053
169,1807,0.043873468177262641
169,686,0.036349457189390123
169,243,0.025488105725136906
169,1818,0.018805910171766103
170,170,0
170,461,1
170,1576,0.70379205962199587
170,70,0.49972958885107516
170,438,0.42096887167282154
170,1103,0.33908821880786705
170,1932,0.19919763135775259
170,1437,0.14245155956976047
170,1763,0.13200664340718593
170,938,0.11680822191074747
170,889,0.10965258037043912
170,1942,0.069339711699937523
170,814,0.061451742968096877
170,1522,0.056250460084777354
170,867,0.056150204763107933
171,171,0
171,1046,1
171,199,0.67016217387453025
171,1070,0.45773401611945014
171,1041,0.24812916546342353
171,409,0.22323997422076533
171,1657,0.21508891321723198
171,1585,0.18296077143716089
171,163,0.158663883889928
171,1544,0.14634063491149732
171,815,0.13411339778966019
171,1309,0.12423415221513637
171,112,0.11675212080019289
171,57,0.11543729266140935
171,45,0.11402747715494888
172,172,0
172,882,1
172,1547,0.38601421933153907
172,998,0.32183298540437427
172,517,0.31854893238770182
172,1760,0.23911067521444704
172,955,0.22391686963064017
172,1961,0.20748294422913244
172,1847,0.18466947477637749
172,1904,0.18353217974205069
172,1308,0.18054255188836288
172,101,0.17430203831298388
172,1888,0.17396862232272217
172,1101,0.1565150167599787
172,1564,0.15645110139273677
173,173,0
173,486,1
173,1886,0.4209340541922918
173,1363,0.41110435381000882
173,1393,0.35219877601950234
173,423,0.29282619803822219
173,1747,0.20743265006009162
173,33,0.19796315882713758
173,480,0.18117003914245236
173,1190,0.16567444292027364
173,299,0.15561855568743901
173,876,0.15004335848053543
173,1059,0.13078659029098511
173,249,0.12923563410226069
173,669,0.11190123240040362
174,174,0
174,1001,1
174,1597,0.58323059322959847
174,1020,0.54804525737275511
174,806,0.47536042018417829
174,1539,0.26978864750963788
174,1648,0.23996221799241527
174,792,0.15678025333385612
174,1036,0.13304627733399491
174,1380,0.095450283641613856
174,1322,0.087954990436414374
174,1481,0.086669096542326976
174,973,0.08627619674248839
174,1272,0.079032391096494056
174,912,0.065293821110137443
175,175,0
175,1637,1
175,465,0.3376950994314013
175,848,0.28789095365952921
175,233,0.28413826229087868
175,953,0.26795202030788162
175,800,0.25444103022001291
175,469,0.20918418190986585
175,276,0.20000661358209776
175,1450,0.19356276002267506
175,720,0.19233718327744906
175,1611,0.19217384181255065
175,1418,0.1750316474691315
175,298,0.15836765326126379
175,1528,0.15411704240159951
176,176,0
176,980,1
176,97,0.34717113583875037
176,1630,0.33375951944360238
176,1032,0.2900776359330654
176,1429,0.24187673302958299
176,1842,0.23193887727080392
176,702,0.22522159950429482
176,35,0.19797934671480685
176,1622,0.19306120781694339
176,187,0.17545918948476977
176,1836,0.17411763372518543
176,850,0.16909946764203834
176,1119,0.16891360453453746
176,964,0.15821544529975809
177,177,0
177,740,1
177,1024,0.5412770635437959
177,1093,0.3870565883992641
177,1529,0.33626091280634424
177,1642,0.29299213404871971
177,1248,0.24016740569611117
177,917,0.21422435106595417
177,1088,0.15462555159137986
177,1349,0.1513180133852276
177,878,0.14210943724635916
177,1605,0.11773829678655205
177,1140,0.1110051128592832
177,218,0.10934660790352886
177,849,0.10876461408096304
178,178,0
178,709,1
178,1238,0.7876901007335132
178,742,0.58893337076125218
178,1172,0.18074802999485456
178,177,0.16561774063798429
178,1265,0.15375098920037714
178,967,0.15314917962876057
178,1529,0.15172040744770779
178,1349,0.14570812979027475
178,1007,0.13825099967840804
178,1828,0.12309539635480987
178,1332,0.11517482647315129
178,748,0.10453828993556007
178,1435,0.098512957928583722
179,179,0
179,89,1
179,1944,0.34434379968763368
179,832,0.34332009142013292
179,970,0.305514001751441
179,1787,0.25224369211110675
179,114,0.24235074175597909
179,1822,0.22032717199031751
179,1901,0.19507525297234307
179,309,0.18483185906471861
179,1035,0.1804948552379198
179,1181,0.16318998365910675
179,1671,0.16316711381379853
179,741,0.156113983894241
179,505,0.15591454484137221
180,180,0
180,122,1
180,14,0.44373469209784405
180,1801,0.35004948452231716
180,778,0.30996603058403061
180,109,0.24429307200481445
180,153,0.22386269680012519
180,841,0.21334508146828043
180,466,0.17335599887432179
180,779,0.17294030469990934
180,1273,0.16924975513696613
180,79,0.16586889628978713
180,487,0.15356848211252588
180,90,0.15128193100819362
180,1918,0.13537700716152595
181,181,0
181,676,1
181,730,0.39733859504334518
181,1087,0.36040817946272063
181,1154,0.3426822732828218
181,307,0.34249354674863486
181,138,0.30488598889702556
181,1898,0.24741372192555389
181,1929,0.18482459514487212
181,1798,0.14336775545993066
181,796,0.14227931403486863
181,534,0.12745404534833796
181,1550,0.11867134705026224
181,154,0.10074871229390034
181,1458,0.094325145825760431
182,182,0
182,57,1
182,1585,0.43870262013793165
182,1025,0.2654356796002289
182,533,0.25552464583876161
182,256,0.24179921817033986
182,1620,0.21697875019159266
182,960,0.21636437430450836
182,1524,0.20883692279498528
182,85,0.20573474132957614
182,1046,0.19792729370858791
182,1657,0.18995577246485376
182,271,0.16907096885786754
182,1424,0.15469554561302665
182,199,0.14587138262402874
183,183,0
183,1450,1
183,976,0.41140789530269961
183,351,0.34059162869622789
183,1397,0.29597992870530498
183,1413,0.23329083348778706
183,469,0.21522860141479497
183,1546,0.21480513527988471
183,671,0.20023653290085677
183,1855,0.18901699490461643
183,1130,0.17244208781125328
183,953,0.1723600285303499
183,340,0.16811321039424962
183,1714,0.15718542140964165
183,1725,0.13623336153764085
184,184,0
184,1012,1
184,195,0.48088158388584562
184,664,0.32876817258546687
184,835,0.31256172718420044
184,1396,0.26828872064775766
184,1639,0.20208993826431232
184,1280,0.17941041835907023
184,455,0.17798110379631371
184,856,0.16516853921735017
184,1548,0.16394106210613824
184,459,0.16169961123087054
184,1276,0.16085217661720341
184,245,0.16019955511282996
184,921,0.14504613738783195
185,185,0
185,458,1
185,1964,0.66880626581461033
185,1299,0.36539409689477043
185,1598,0.34205248385220521
185,1686,0.28845639994440575
185,1448,0.2107855049719522
185,867,0.17845979921313054
185,1358,0.1498039541484214
185,70,0.14354774712032001
185,1473,0.13062806666467872
185,879,0.11608975593553199
185,421,0.10602382099646174
185,1599,0.10443656316904609
185,830,0.10239814191173105
186,186,0
186,657,1
186,16,0.48250329150910304
186,441,0.38380853444705215
186,874,0.31331774373212923
186,1638,0.2133936417333625
186,325,0.20952242538084556
186,1840,0.18767711089171449
186,818,0.18389731568240125
186,490,0.17503570269576413
186,425,0.159079724989519
186,391,0.15311074241040049
186,756,0.15113610286366316
186,277,0.14809417205228037
186,496,0.14632079717709293
187,187,0
187,875,1
187,1925,0.7333678454576964
187,1018,0.33249319157033697
187,383,0.32085293765090528
187,980,0.27139329075393459
187,1650,0.21796501454666956
187,1447,0.1703698636820026
187,949,0.16179489448296391
187,1205,0.13851427635129943
187,1836,0.12875988903674515
187,1909,0.11929437577332401
187,587,0.11637106469247152
187,1281,0.098544570428347675
187,1192,0.097175114839407981
188,188,0
188,437,1
188,148,0.54945161678692767
188,1399,0.31456024416396394
188,722,0.30206331497506528
188,238,0.27042353989291623
188,905,0.21804055275067363
188,945,0.20188883383973272
188,540,0.19646890423392704
188,1853,0.18570149679058029
188,687,0.18382201989504859
188,1534,0.13631471146424259
188,1323,0.12646478627229052
188,1797,0.11330122807578652
188,1943,0.10838407584475461
189,189,0
189,1200,1
189,1276,0.663497495201813
189,1586,0.48837025078948826
189,1819,0.30023755329306973
189,293,0.26350266455592597
189,1669,0.23414945387997921
189,1318,0.23334622575184147
189,737,0.20059399057329577
189,654,0.1681671474218023
189,21,0.096900652263855802
189,1555,0.070895005610325745
189,294,0.069438359618979775
189,1006,0.062692278596978179
189,690,0.055091703610908413
190,190,0
190,1878,1
190,64,0.51426655013279277
190,868,0.31984721097916796
190,481,0.30622340796484976
190,1518,0.2938043454364524
190,783,0.2783034553529431
190,653,0.19816205208775078
190,1329,0.1921678937176729
190,412,0.18295147296312236
190,1002,0.16642719682150453
190,883,0.11854917788623265
190,17,0.11809980066577506
190,705,0.11183338476349901
190,1914,0.10625254984843809
191,191,0
191,604,1
191,1780,0.79759521660382282
191,310,0.67771890921903899
191,224,0.32029316559854976
191,1543,0.16646140047005592
191,820,0.15148795628642844
191,1610,0.14764132662268539
191,675,0.11374010978341492
191,414,0.11034941467612995
191,1865,0.10005786965714183
191,783,0.084990955119337408
191,521,0.081173706466542955
191,1329,0.080510037926919312
191,1862,0.074866084178899533
192,192,0
192,152,1
192,475,0.4793713157223175
192,1987,0.30434890317298863
192,1583,0.28547947004093155
192,1524,0.26913096072835901
192,1521,0.2480555788263733
192,899,0.23789863186659371
192,378,0.20869862194432356
192,210,0.16176200645158317
192,1454,0.15979566807281029
192,1600,0.15410230273846459
192,1694,0.14485065687408127
192,1838,0.1293792204327272
192,1732,0.12400954877577954
193,193,0
193,959,1
193,619,0.75565779894616125
193,59,0.33978911156579311
193,1361,0.2492558308632408
193,1173,0.20838994001319894
193,1415,0.18813408057193418
193,574,0.18462958105527794
193,509,0.17364537503013866
193,39,0.16633136305367494
193,1491,0.15575623514992459
193,325,0.13660114392380329
193,662,0.12813302190347886
193,732,0.11546136010957195
193,498,0.1051062822728798
194,194,0
194,359,1
194,401,0.44420970542149563
194,590,0.3525438605247983
194,1556,0.25584204957655871
194,49,0.22097770865710539
194,1526,0.21399683844522535
194,1715,0.21168333641102952
194,298,0.20624749147360791
194,1022,0.18161182822448194
194,1528,0.17772328696553449
194,1696,0.16734277144232013
194,752,0.16334682208635756
194,1000,0.15659417516322244
194,125,0.15477116320348638
195,195,0
195,184,1
195,1012,0.82003053164276585
195,1275,0.610367278847468
195,1280,0.18373646885531653
195,856,0.17867521005910719
195,491,0.17292185526411152
195,921,0.16485678518212871
195,690,0.16092864021503375
195,79,0.13809321909345235
195,1276,0.12031723542938398
195,970,0.096597922964617305
195,459,0.088645772070932896
195,1186,0.085912853949162815
195,994,0.085804060477527991
196,196,0
196,5,1
196,1981,0.50355286912822628
196,1086,0.46621112103860124
196,662,0.41301794223197469
196,306,0.20138513189431934
196,303,0.1773054146427866
196,1589,0.16832078490094052
196,963,0.16446945926022472
196,916,0.15954264036191165
196,1227,0.1547641262574995
196,1782,0.12771169920082195
196,758,0.12683738786127241
196,509,0.12474881775940458
196,574,0.11902055909999704
197,197,0
197,203,1
197,1204,0.47327464388294543
197,759,0.46266882692238986
197,1908,0.32423080899682494
197,280,0.22030736922417543
197,158,0.20086744462803047
197,1148,0.18896414663579847
197,1760,0.17733587312905205
197,1245,0.17186063974215079
197,1948,0.16935599830832523
197,1752,0.14217539993871711
197,1072,0.13643514511891103
197,517,0.12052358589489401
197,840,0.1188885216548887
198,198,0
198,151,1
198,73,0.49827830759950675
198,1789,0.45907328388525315
198,1052,0.27463634484025429
198,1758,0.25396960781192779
198,1154,0.22426752799913002
198,1505,0.17321943893448682
198,1458,0.1713424378322439
198,1854,0.16510257925736221
198,913,0.16082609192481112
198,1009,0.16050817573504442
198,1503,0.13744971236857662
198,979,0.12078493936736086
198,1921,0.10742769074185934
199,199,0
199,171,1
199,1070,0.64023557802558306
199,1046,0.4856207727398108
199,1309,0.38476452071656381
199,1267,0.34141749328149662
199,57,0.2808337092308586
199,960,0.14364385696347848
199,1041,0.14219109173079114
199,409,0.136506169655849
199,494,0.12135485232536772
199,1892,0.075832605207870205
199,1417,0.059994187084648092
199,688,0.05418004742518355
199,1620,0.040310284456782586
200,200,0
200,1809,1
200,871,0.40078748257251923
200,58,0.31535467596869243
200,1033,0.24790710013709752
200,1431,0.23545627024821664
200,1751,0.21487609457585585
200,1559,0.20522509052306756
200,565,0.201980000431845
200,1352,0.19824499966255971
200,444,0.19760836986232805
200,1182,0.18969538357328394
200,1277,0.18544709258027695
200,148,0.1602603905715364
200,1449,0.15404670046284874
201,201,0
201,1052,1
201,135,0.95815851218839232
201,1617,0.28672624554111659
201,15,0.27762890893986436
201,226,0.2057887013601124
201,1010,0.20527258888114858
201,1505,0.2019183670363712
201,1837,0.15112175403709607
201,1522,0.12810628189822354
201,1699,0.10157301854540368
201,362,0.099328211859475962
201,1154,0.099182557561232912
201,1036,0.097601392599864945
201,1458,0.094485497562420473
202,202,0
202,1859,1
202,600,0.89725185686775211
202,1856,0.79158257386078457
202,547,0.2552783376877738
202,1118,0.24984938748943167
202,1753,0.1765385826226695
202,1350,0.10879360679896048
202,902,0.10462075829912759
202,642,0.099479240745862355
202,1444,0.060397689410392134
202,1078,0.05137430348684148
202,1885,0.03893041600594023
202,1274,0.037249669555407566
202,462,0.035546614053946782
203,203,0
203,1245,1
203,517,0.67173256795919145
203,877,0.36049984061204815
203,1752,0.34703760520078591
203,1760,0.268208909853485
203,1972,0.19515457540312076
203,165,0.16936249439963372
203,1948,0.16758278601752791
203,1600,0.15010539123764899
203,1647,0.13530002681585965
203,197,0.12860759302722846
203,1564,0.11835456372474869
203,1924,0.11252619029581114
203,580,0.082414973884833584
204,204,0
204,125,1
204,326,0.69870946030082404
204,1735,0.43786203627433135
204,1230,0.39119989526092591
204,1460,0.36731125959096184
204,1581,0.21610988054430036
204,1188,0.21487531190865769
204,1130,0.11601002879554398
204,1107,0.1154319066004066
204,206,0.092768497687246751
204,1462,0.087875259256527852
204,1999,0.061736262448720221
204,1546,0.059198675879167773
204,957,0.047802436232793746
205,205,0
205,534,1
205,1645,0.31028006476650682
205,277,0.2976454526177183
205,1412,0.29504068378217696
205,154,0.25408408801105725
205,996,0.25035916159109972
205,86,0.24804603046907436
205,468,0.21515108048958381
205,662,0.21019482774474152
205,847,0.18448175252354485
205,574,0.16896606462020988
205,708,0.16895302222681155
205,26,0.16520701100507007
205,665,0.13848544496463394
206,206,0
206,1280,1
206,880,0.63863195619851476
206,1188,0.49891863022474575
206,1462,0.3556659241997811
206,326,0.30639048052213047
206,1556,0.23474679748243563
206,1581,0.1823929151548524
206,1,0.17731757830760661
206,636,0.15521251291699598
206,935,0.079897698245307444
206,195,0.078599344633497714
206,204,0.074289407330331708
206,1187,0.062694343728990645
206,1191,0.06214229476418151
207,207,0
207,286,1
207,1659,0.60212428152345887
207,994,0.4391440448905819
207,787,0.42858424791621236
207,931,0.23230798275662556
207,1883,0.17724967306626585
207,1759,0.16076210526325593
207,779,0.14635259600815975
207,22,0.13842940058947092
207,1894,0.13151236050073029
207,274,0.13055290015883611
207,1050,0.12198218274764908
207,911,0.103272656978253
207,487,0.094621145543059226
208,208,0
208,1093,1
208,910,0.57925551790186747
208,1321,0.34032773266549127
208,393,0.33927776119509923
208,402,0.25759380297187473
208,1772,0.23289477992774574
208,377,0.20251802952066358
208,740,0.17996170037966808
208,1339,0.17883194001637903
208,1003,0.14663754006972518
208,316,0.12067504926358547
208,631,0.11656002254168567
208,1024,0.1108870757116988
208,764,0.10147048045245383
209,209,0
209,572,1
209,829,0.51618479370015879
209,1690,0.37467986734919778
209,838,0.32442948357596535
209,1922,0.20007008377694407
209,1474,0.19806475460482401
209,1586,0.19516139665085708
209,1532,0.18564041304028669
209,525,0.16568385613260064
209,223,0.16422653925160735
209,957,0.1530682521850936
209,1855,0.15156951446892189
209,382,0.14352713272384546
209,1092,0.13458352878654081
210,210,0
210,1732,1
210,1811,0.58165878540437455
210,635,0.33704844013307028
210,1245,0.26549414931209353
210,877,0.23204751892665332
210,1406,0.21276372968577112
210,1924,0.19975746027452529
210,1454,0.18338798464024633
210,265,0.18190981417280014
210,885,0.17861007478906768
210,322,0.17794618888017455
210,1697,0.13362044861601274
210,693,0.11190266288529152
210,1987,0.11074376048226901
211,211,0
211,853,1
211,51,0.62282413761630939
211,1222,0.33894749536203905
211,103,0.26587133334222013
211,1927,0.24311182850689361
211,1962,0.22738991806332925
211,1172,0.19963571275671324
211,1730,0.19492396611592572
211,762,0.17446809421587123
211,1435,0.1595075129024934
211,1815,0.14598059020181248
211,550,0.11484998054915628
211,382,0.11124436079438058
211,1768,0.10813229566410386
212,212,0
212,1967,1
212,450,0.86726659936458528
212,1873,0.53683201309816486
212,1569,0.37247378052264285
212,397,0.30205213421978272
212,90,0.20820211545488046
212,459,0.20577617857339464
212,546,0.12477860540219497
212,624,0.091167552151907513
212,1615,0.052697820166693256
212,471,0.049673819184134833
212,1557,0.041527160165854629
212,681,0.027365895870956034
212,689,0.027076531680915672
213,213,0
213,1309,1
213,1910,0.58574430567913816
213,405,0.35064582987858439
213,44,0.33785807261529877
213,1402,0.31818006858239012
213,1039,0.20823701967225414
213,319,0.16526736716181714
213,1535,0.15422532731196742
213,163,0.14954701125768996
213,705,0.14360480591523375
213,1656,0.13675460050068408
213,290,0.13583542979003407
213,1013,0.11391415081276257
213,338,0.10706970033837507
214,214,0
214,146,1
214,712,0.94825446005529279
214,329,0.35464255812411954
214,764,0.22483803346664066
214,346,0.17718336525378459
214,285,0.15355823303389202
214,1853,0.14560970435801607
214,611,0.14380379240621138
214,406,0.14250919867570724
214,1850,0.12990081163480929
214,878,0.12891580433526037
214,1890,0.1220928920533568
214,781,0.12029891293587515
214,1339,0.11528753863124641
215,215,0
215,1006,1
215,499,0.84622453199807124
215,1330,0.58808428846675498
215,723,0.38713652495592837
215,1077,0.301619727322397
215,1090,0.133795534513234
215,1344,0.11342386681910419
215,255,0.1062698481474513
215,717,0.087163713931595305
215,1252,0.082158848479091232
215,456,0.066537079685299011
215,1297,0.066380220771719303
215,232,0.065912657155333496
215,2,0.062193533799740471
216,216,0
216,1862,1
216,400,0.89266840333761333
216,754,0.32256815307369574
216,1251,0.28651820926473487
216,1041,0.26778935882778904
216,1072,0.26135038310426184
216,1398,0.20101491709685143
216,1316,0.1660263555126342
216,1566,0.13336587285379298
216,592,0.10198602281825331
216,675,0.096545797120334328
216,1305,0.065023912185803723
216,1066,0.058531732110703442
216,99,0.053496176953264897
217,217,0
217,1854,1
217,593,0.87212105129741269
217,773,0.52269638872283397
217,566,0.51516323103527051
217,979,0.2613096031818587
217,913,0.21151367524826567
217,932,0.13157114995602825
217,1951,0.10990950175975729
217,756,0.087032995466324717
217,511,0.043589192567733061
217,1981,0.041919062893987606
217,151,0.03887327119896606
217,605,0.038079378069882708
217,509,0.033102746745629089
218,218,0
218,1470,1
218,927,0.48108365865436459
218,360,0.37666194470440489
218,1527,0.32280520090181181
218,177,0.30182852156001233
218,58,0.27051611219047739
218,1536,0.20513468806812404
218,967,0.18719499668985679
218,762,0.16077414341907942
218,849,0.14944777227949382
218,1642,0.12811917690458477
218,1674,0.11597963432563348
218,1141,0.11469235864132783
218,1529,0.092656762911319426
219,219,0
219,699,1
219,1518,0.53348180519715493
219,1878,0.41353570916681298
219,1882,0.40751751331382707
219,513,0.38390155032316364
219,1632,0.2386432725885495
219,1366,0.17037824974069121
219,518,0.15999359282857248
219,477,0.12881212195822506
219,1305,0.1186518127727251
219,1354,0.096752167259987462
219,506,0.09055469064744931
219,190,0.082874049629182059
219,310,0.08180248931546219
220,220,0
220,53,1
220,922,0.32586272327333815
220,285,0.30775414493202541
220,1853,0.29799588455249454
220,1635,0.27759942064693499
220,1935,0.2516522219384113
220,379,0.24306232671200692
220,539,0.22074306700196075
220,1479,0.19373153511609242
220,1731,0.18576347084080311
220,731,0.16878171790775809
220,1234,0.15257291650067967
220,1641,0.14438853077013716
220,1743,0.13698810715209303
221,221,0
221,1420,1
221,1913,0.52842454301017783
221,1946,0.4031725065305129
221,1357,0.32106508625891628
221,1387,0.26869271990968957
221,398,0.25702303539327376
221,1971,0.19960027421471607
221,1215,0.18020262705789186
221,656,0.15363052237255401
221,757,0.14735863466811569
221,630,0.13930106392858491
221,1048,0.12991632497537225
221,786,0.10410265908310064
221,1483,0.074396469895966946
222,222,0
222,1775,1
222,1858,0.49966945537896945
222,1976,0.45120316423456824
222,191,0.41867196173535293
222,1610,0.31348683146357642
222,1127,0.31305850901936288
222,1600,0.13648146847070583
222,1538,0.13437725323201449
222,840,0.11909019472403425
222,1668,0.11798265322457939
222,1148,0.11062464438500683
222,521,0.10659046557185785
222,604,0.10215054024197333
222,1752,0.083496571986571344
223,223,0
223,368,1
223,572,0.44188040877048929
223,274,0.34833690405639606
223,844,0.33443603973949804
223,1162,0.26275939027008433
223,1117,0.23202785116801597
223,655,0.22914834169005377
223,1532,0.22248729391305741
223,733,0.2176926788513695
223,1759,0.1791540123900684
223,487,0.13070468311206992
223,242,0.11098413153800629
223,1253,0.10540804539637594
223,1200,0.091877877577805467
224,224,0
224,345,1
224,1305,0.53598514990808754
224,1862,0.35327380660189273
224,354,0.34351801285574995
224,1543,0.30675773482623059
224,414,0.18375043365764618
224,448,0.17657244301719643
224,1865,0.17526230522257999
224,400,0.17303135790484411
224,883,0.17265511579928836
224,1357,0.14070977093453041
224,1780,0.14049754850094059
224,592,0.10902003144461632
224,1329,0.095855062964604734
225,225,0
225,257,1
225,1591,0.53436931034264423
225,715,0.3962275330835266
225,797,0.32843804023715995
225,509,0.32716699286023748
225,662,0.30733896844547909
225,1441,0.28251647759040033
225,27,0.24855834083342784
225,578,0.10776642758077314
225,1773,0.090002178070413205
225,1680,0.08184696324168389
225,625,0.07468419839086686
225,560,0.071741731678480816
225,777,0.056228400329687317
226,226,0
226,3,1
226,727,0.74529291677262255
226,1010,0.50834837030811175
226,63,0.48422979638978508
226,1505,0.26206725377528078
226,201,0.22488385785543705
226,362,0.20066316240417431
226,1036,0.096969740227903015
226,646,0.075827312904513083
226,394,0.073625690115220604
226,1689,0.068265419552084095
226,1458,0.063429766959645584
226,1052,0.052379152625697444
226,15,0.050912104267065626
227,227,0
227,117,1
227,1951,0.70652012489375215
227,1469,0.31052284317717654
227,1678,0.25992210493458673
227,1683,0.25211693039341676
227,1916,0.23684094323872348
227,566,0.21559179449012589
227,756,0.21331211516939769
227,916,0.16594760412874759
227,1086,0.12192691945572091
227,196,0.10929945150281556
227,306,0.10807769085325272
227,963,0.10669320475326577
227,1950,0.1001198193278164
228,228,0
228,1954,1
228,629,0.86641402355668662
228,725,0.49940896822372299
228,1723,0.26577372829208806
228,1764,0.18241807546399147
228,707,0.17697638701774929
228,1560,0.17001204367033729
228,1500,0.16205831214467653
228,1298,0.13405789137343291
228,816,0.11050769317484707
228,570,0.10419874199342509
228,1926,0.091928657941341405
228,1878,0.074955194453720814
228,64,0.06817907842215451
229,229,0
229,39,1
229,1606,0.62134157798070577
229,1173,0.55672055179279911
229,498,0.43917381488378737
229,1241,0.19714705702225752
229,1925,0.17707732388455125
229,453,0.17268929626907095
229,875,0.16446385304851924
229,1950,0.13520293747890524
229,1909,0.12895213862859287
229,1018,0.085872008614611639
229,1255,0.083812298668855298
229,59,0.074311858462091235
229,410,0.070125682729282726
230,230,0
230,1769,1
230,553,0.84408088206649701
230,1357,0.47415625458728161
230,28,0.25726691986305167
230,41,0.2465129328960966
230,1261,0.21233778390664604
230,644,0.15662821554232312
230,1915,0.12686448632123448
230,1291,0.12385694536136556
230,136,0.11440157548360159
230,17,0.10972693932693701
230,946,0.10290369211881592
230,272,0.071736102551387224
230,1601,0.066414218792071364
231,231,0
231,510,1
231,1765,0.73085040401140899
231,1461,0.35755478091980392
231,1172,0.30624712557404188
231,1264,0.2799205008837235
231,413,0.27691911819837128
231,1820,0.26793895135507717
231,687,0.1976901903188544
231,637,0.11017840957074224
231,571,0.10554197153896923
231,641,0.084722604594445208
231,765,0.080267384235976763
231,259,0.073322115486782469
231,1270,0.035744709924651043
232,232,0
232,1090,1
232,1432,0.77440962521023493
232,499,0.73985389005704461
232,829,0.26311466732305316
232,1532,0.25947958934427623
232,1138,0.23303745059440834
232,31,0.15077614902141528
232,1604,0.10894087072710458
232,1006,0.10106592813313001
232,717,0.077342918014340956
232,1330,0.072005554624810716
232,1252,0.045631449979965009
232,1781,0.041656984743264208
232,1273,0.03957890953351139
233,233,0
233,56,1
233,716,0.57354640609393615
233,970,0.33248882642177785
233,953,0.28989348519755809
233,1949,0.22744636793201906
233,350,0.21332792014113416
233,848,0.19416859874960313
233,1181,0.17305849125695744
233,22,0.17176405234127676
233,976,0.16764912495528117
233,690,0.16321862772857421
233,298,0.14000303238173689
233,465,0.13048046844799679
233,62,0.12985421164518263
234,234,0
234,60,1
234,967,0.83224976922457994
234,1028,0.35893998555924367
234,925,0.29811381283001648
234,29,0.24716652907204781
234,462,0.2000127349718373
234,547,0.1554809214078598
234,1605,0.14163358469813159
234,1470,0.12852330893398733
234,1841,0.12612024052667611
234,1157,0.12498330452160271
234,740,0.11512337199227088
234,360,0.095181638458464835
234,381,0.083368957446626576
235,235,0
235,1702,1
235,389,0.69868652213715188
235,163,0.35589562884299109
235,1343,0.33895121203981504
235,743,0.26957235272625496
235,1224,0.20910467557110712
235,1465,0.19221773380924598
235,1120,0.16179906393920659
235,1392,0.12901454952623675
235,55,0.12672497456375556
235,552,0.12236211637006719
235,928,0.12071083335393251
235,968,0.093925250096205573
235,1025,0.087932390104005428
236,236,0
236,190,1
236,783,0.77840593054515606
236,1518,0.66238656589329781
236,562,0.35325277654023746
236,1198,0.29790852904029058
236,254,0.29313743983099205
236,1002,0.23536913847033272
236,1739,0.075817068907961624
236,1717,0.059068292334380691
236,1887,0.041363322210122261
236,1239,0.039349498766901123
236,883,0.033071755906084431
236,133,0.019850168990618096
236,68,0.017912137101905753
237,237,0
237,1314,1
237,1619,0.91378722889206376
237,674,0.88277001903462926
237,1783,0.33699879276091377
237,1674,0.24142474748541198
237,1352,0.14619869389416834
237,1319,0.14522466055719191
237,1512,0.088082040373833742
237,1549,0.077354932334994811
237,781,0.024200832781560513
237,1880,0.015927039292053358
237,1747,0.013299297713042654
237,601,0.011735180402275103
237,762,0.0098942026213401715
238,238,0
238,516,1
238,1534,0.75299948705861774
238,188,0.7421648991279296
238,771,0.43717141260686621
238,148,0.35185503879323843
238,722,0.3418272321350026
238,685,0.066563937968530731
238,1427,0.064285894715622349
238,1399,0.035861281458844138
238,8,0.028964627132427003
238,608,0.02426775397876571
238,1323,0.021792690779222895
238,1238,0.021407798804923935
238,1431,0.017731546770269259
239,239,0
239,303,1
239,855,0.74953871255938964
239,680,0.45309529561759626
239,1981,0.32469731809799673
239,5,0.28717274192902276
239,72,0.19179547646019715
239,1877,0.14081125429750579
239,1792,0.13165222093334888
239,1126,0.12226519058497072
239,1324,0.12198883244337409
239,1973,0.10915622138411389
239,404,0.10290865466800432
239,579,0.087600518446310865
239,328,0.084207307701049977
240,240,0
240,70,1
240,1473,0.91098287578639903
240,507,0.49245744876895653
240,1791,0.40754872061235797
240,1680,0.31787175449772836
240,1875,0.25521918950879247
240,682,0.19606492354415797
240,257,0.097945879333937017
240,777,0.076032003772121881
240,1425,0.051556847695592725
240,814,0.032709723469140348
240,246,0.026836952084885051
240,579,0.020994403310973259
240,1358,0.020677365293522498
241,241,0
241,1237,1
241,548,0.39613733115030308
241,658,0.39051013484365749
241,1842,0.36860850278956897
241,1425,0.27814586551495396
241,167,0.2360743298660129
241,711,0.19202898789589479
241,582,0.17514029661081343
241,1840,0.16415441185678634
241,512,0.15725393671995122
241,1836,0.14565879651640587
241,940,0.14239131303690794
241,387,0.13067279959760708
241,325,0.13011998909649025
242,242,0
242,1283,1
242,1767,0.33850630386691755
242,1219,0.29382495708721684
242,1092,0.29303317278301116
242,274,0.27663897528384107
242,844,0.24485659366382484
242,1273,0.23375138645417406
242,1260,0.20748633542256881
242,1681,0.19709024399479524
242,1030,0.1829228876018214
242,243,0.1627981952848698
242,572,0.16104117504928331
242,1573,0.15872556920960304
242,972,0.15621492274906593
243,243,0
243,596,1
243,1457,0.37247332111525377
243,525,0.36120675769369098
243,1069,0.28833466375908839
243,1568,0.26079885765260269
243,1681,0.23754180215555007
243,861,0.23685317697414196
243,1378,0.22135379621118162
243,145,0.19156419201727951
243,1967,0.16058908937070332
243,568,0.14755023889708135
243,1092,0.14666468585565323
243,1604,0.1415693893090201
243,717,0.14039185792156528
244,244,0
244,1370,1
244,763,0.44764122570967702
244,1933,0.32936342018376619
244,1176,0.28250391199098823
244,1244,0.21035318139561804
244,313,0.20488389123511341
244,1624,0.20334663287047741
244,1580,0.20269639241622037
244,322,0.19426221618843598
244,412,0.17865020222451092
244,983,0.17831268606508269
244,1832,0.17221144264562177
244,1603,0.15325791251561013
244,1195,0.14941064280067476
245,245,0
245,274,1
245,835,0.64359401786794423
245,184,0.59825095233032077
245,1076,0.36880503388713348
245,689,0.24978365953776918
245,1012,0.23458742496059926
245,1194,0.20145092993379993
245,79,0.16879320689683946
245,487,0.12951984112866341
245,22,0.1026187748888641
245,1256,0.072847348696152531
245,1634,0.050029845433718918
245,1759,0.046239041196920801
245,195,0.040377454263611647
246,246,0
246,814,1
246,1975,0.52954755657802088
246,1716,0.36522114872259037
246,1766,0.23840037106686685
246,915,0.2244747138197461
246,240,0.22095486715342477
246,1837,0.19737024975054729
246,1578,0.18970428826997776
246,1929,0.17955038325817693
246,97,0.16635711372515302
246,1791,0.15346328948196034
246,1622,0.14970347672013604
246,452,0.14614543977722663
246,454,0.14599157705204996
247,247,0
247,1951,1
247,227,0.91501321600705876
247,135,0.46308028261243034
247,1469,0.40384494813518629
247,511,0.38383734399957542
247,1160,0.23911041969339408
247,201,0.13772271090229324
247,1617,0.092501540302290561
247,1854,0.068361039884068636
247,1678,0.064857006458691399
247,418,0.049928130422388972
247,1916,0.034221937475011448
247,117,0.033861030444355136
247,566,0.020551472447290723
248,248,0
248,1689,1
248,1578,0.72714085382773919
248,1437,0.57021213396726578
248,746,0.22466873184543468
248,1942,0.20951342034130691
248,452,0.20708123542270804
248,116,0.16586242830076003
248,796,0.16284670297840184
248,1766,0.13978678082149718
248,1458,0.13766841187458131
248,1522,0.13209353916957725
248,1199,0.086707811621116737
248,1018,0.083060377281771597
248,949,0.060251057945160842
249,249,0
249,1393,1
249,1900,0.3509217623161312
249,299,0.28012393382014344
249,1783,0.24701624475987416
249,876,0.24468504860060825
249,1747,0.24401871880671241
249,1342,0.23025019273081018
249,173,0.22347302772476793
249,1506,0.20668951710658079
249,178,0.19181808108868961
249,1828,0.18551225129522228
249,1190,0.17483458294024123
249,849,0.17167970895354648
249,218,0.15586520979754157
250,250,0
250,44,1
250,1309,0.65055664642718591
250,1454,0.59129849086327035
250,914,0.53964959571986315
250,960,0.45093011448961484
250,354,0.26600988357093885
250,1456,0.095382319511328278
250,1961,0.077508198815679136
250,338,0.072570160812827286
250,1948,0.036474592149445054
250,1392,0.035204362964960677
250,1585,0.032268420677440339
250,494,0.031577950513700763
250,448,0.027465053796812165
251,251,0
251,909,1
251,69,0.43747188460034026
251,657,0.39687598974187305
251,1019,0.29766492158727792
251,548,0.29074349007400363
251,484,0.23306952798115038
251,1649,0.19072735320996681
251,364,0.18328425027999798
251,582,0.17870854368975739
251,1380,0.17527321506512877
251,1051,0.14185479896916064
251,940,0.14134790897888277
251,1672,0.12205743817004483
251,435,0.11780174746766597
252,252,0
252,605,1
252,1149,0.95461886663936379
252,532,0.51083516713864985
252,93,0.4664546172314491
252,394,0.32537646606124637
252,3,0.25712066844604564
252,745,0.097171656134360476
252,1083,0.095256006711998534
252,1475,0.057252179137943358
252,1367,0.047504065989088594
252,288,0.027049937723279738
252,418,0.025200982066304299
252,713,0.023097659543296751
252,1860,0.019948521381960467
253,253,0
253,1321,1
253,643,0.34144083151542054
253,663,0.28394369877574965
253,1588,0.25702640626021145
253,393,0.25626395807626551
253,1404,0.25427873835561254
253,1433,0.21034991186545773
253,445,0.20872218848869833
253,623,0.20245839551165246
253,370,0.19433066654864201
253,1733,0.18884756487267801
253,784,0.18221336011295994
253,208,0.17406345259666614
253,922,0.15295261000323745
254,254,0
254,883,1
254,1329,0.99408261977561674
254,1887,0.52804061527467938
254,477,0.2813819659586822
254,449,0.16737852968077241
254,783,0.14944896322442178
254,430,0.1280748621835377
254,1193,0.12551255950751841
254,224,0.12259967207452606
254,345,0.10305012947945602
254,412,0.10132831158382659
254,831,0.075078935137754543
254,506,0.069313681622350645
254,589,0.061598158002414548
255,255,0
255,1318,1
255,1720,0.95323852142844812
255,1581,0.80438288296029903
255,1191,0.49423966080682874
255,1330,0.18545939631541242
255,1586,0.11954496331789585
255,568,0.08332618452001915
255,294,0.057460605112782906
255,31,0.050489575378838192
255,269,0.033251603710307949
255,1432,0.032914911268549285
255,1077,0.032282755812628322
255,716,0.032073561599743249
255,856,0.028228265379896905
256,256,0
256,1424,1
256,315,0.52053020367540614
256,66,0.47944733156805119
256,182,0.42266113716090747
256,1401,0.2843026869224462
256,57,0.20344773724259319
256,1846,0.19624137206859538
256,355,0.15051407388756341
256,1025,0.14227205747237737
256,1990,0.13672046615977879
256,533,0.10537535077051664
256,271,0.094506543586773531
256,882,0.086794348933773982
256,1668,0.084083260602146007
257,257,0
257,1682,1
257,1425,0.82631316739161542
257,981,0.63481041942992955
257,796,0.17866859743863323
257,151,0.17727078362396881
257,26,0.16214946959032706
257,27,0.15482840583333018
257,1929,0.1525577580448135
257,277,0.14262843244782908
257,732,0.11184870152825149
257,1149,0.11083625459797115
257,662,0.10897270167851193
257,1622,0.073493895862102754
257,777,0.072506901730593931
258,258,0
258,1494,1
258,1355,0.62506663527147877
258,104,0.55035150980730052
258,728,0.43959207993814148
258,102,0.26331618429584291
258,1904,0.23084878305746798
258,537,0.12796659233552216
258,755,0.11400775347367799
258,1872,0.10841190083375887
258,74,0.1065465939147794
258,1601,0.097935382814537966
258,474,0.089472863846056822
258,944,0.07828576662796366
258,899,0.075090233673582196
259,259,0
259,1765,1
259,478,0.34954823122127804
259,1816,0.2497791336706732
259,1666,0.24913975555513274
259,571,0.24085575225066999
259,407,0.23927262937768254
259,894,0.23563385867909792
259,1143,0.2157318991502899
259,1172,0.19692396458392492
259,687,0.19538055286415909
259,371,0.18807274624104761
259,107,0.18465002485075172
259,231,0.18209793228422305
259,1449,0.17981151520569488
260,260,0
260,70,1
260,627,0.91677474809243065
260,869,0.34569649194708102
260,730,0.28600692272411532
260,1388,0.27050149687164771
260,1437,0.20511016622903203
260,1475,0.15571106888155015
260,93,0.13121096646066649
260,1448,0.11000110713200029
260,1964,0.1061966833455877
260,532,0.10145971750484988
260,605,0.096140009827322709
260,418,0.091075379974384515
260,578,0.090998319857610907
261,261,0
261,1514,1
261,1440,0.91683319556571641
261,704,0.54266945737207684
261,346,0.26517262131036529
261,1093,0.21163577206254333
261,25,0.14213295881896298
261,323,0.14099006746955289
261,1641,0.12939832947330243
261,1663,0.11984402791061752
261,798,0.096743096204590401
261,1674,0.096299592792134681
261,539,0.090452931886256721
261,1512,0.080693575112664506
261,1169,0.074026656739300201
262,262,0
262,1814,1
262,1490,0.44420283757643347
262,996,0.43025661734535059
262,1929,0.39208431389493437
262,383,0.29439420637387154
262,1242,0.21204941062007604
262,1192,0.17676937219364969
262,515,0.15735258167177693
262,777,0.15425194151985086
262,468,0.14536400512200645
262,187,0.14040108592952114
262,1119,0.13203731033646207
262,1156,0.12169340211430502
262,949,0.10604312720412884
263,263,0
263,1217,1
263,336,0.52099325850661682
263,779,0.38940228665010296
263,465,0.35164138386329674
263,1552,0.29963906366280108
263,720,0.29540291221346987
263,908,0.29019825624898216
263,1471,0.17995685038829345
263,845,0.14977206970231186
263,986,0.11525762093105237
263,1616,0.092489182781438695
263,466,0.079688180959237201
263,1418,0.073235303312480765
263,14,0.069208016554298146
264,264,0
264,451,1
264,411,0.79468825360492368
264,1077,0.31950661958466908
264,568,0.26120725732446698
264,1482,0.188683194540857
264,843,0.18202357789981316
264,356,0.17453319868882192
264,1330,0.16413567410685526
264,1253,0.16055288943117371
264,1720,0.14490781263491345
264,497,0.1389817874559999
264,289,0.13411189043394767
264,255,0.12249086671381346
264,1700,0.12107498260993001
265,265,0
265,324,1
265,714,0.70988364519239155
265,1810,0.53172438307081182
265,1209,0.39097031913954927
265,1961,0.3250856031251449
265,104,0.16137430345641979
265,1904,0.14394294260996049
265,885,0.13859835726248659
265,877,0.1354041668554084
265,517,0.098703363968255395
265,203,0.091815128102749902
265,1941,0.0851084989963804
265,470,0.057420759578814047
265,1245,0.036857817746359642
266,266,0
266,1683,1
266,1345,0.59528661688235007
266,1778,0.40581167510658567
266,239,0.30287680601279782
266,5,0.23621775924842803
266,303,0.21878444552781257
266,306,0.21012887271108821
266,1709,0.20101291430997617
266,1792,0.16492067004616834
266,72,0.14767207883654196
266,566,0.11938681462116955
266,1108,0.10345166707165293
266,1678,0.10183203497117162
266,879,0.099511020362429106
267,267,0
267,1628,1
267,931,0.9317013008782673
267,1545,0.53266373353220808
267,848,0.25983419314888406
267,1673,0.25027453068073813
267,684,0.16415080091973544
267,1432,0.15938547501600733
267,1067,0.13277717403469513
267,419,0.10720559625633509
267,1767,0.080705333119726705
267,1999,0.078906725206662656
267,1502,0.077487200917888591
267,1651,0.076306399772204894
267,1462,0.055482774303280719
268,268,0
268,1923,1
268,1933,0.9951786766502102
268,536,0.59095145786136216
268,1575,0.37942068066483076
268,895,0.24256775848328424
268,1520,0.2056681479249382
268,37,0.18157766059908634
268,464,0.087280403971580683
268,304,0.076804680296915187
268,768,0.059409306330153691
268,1979,0.029036477686038845
268,1972,0.021689054295870237
268,1675,0.020649718870155404
268,763,0.016650589557704175
269,269,0
269,1484,1
269,123,0.36132636864045359
269,450,0.34923209717674419
269,255,0.3198329738857949
269,31,0.29161256043500772
269,654,0.27174091587692423
269,966,0.26455212335560524
269,1220,0.1801916741173559
269,1432,0.17028096225649808
269,1344,0.16030885749098309
269,1191,0.15098483356777959
269,1581,0.14824946712690071
269,1462,0.12043827659593483
269,568,0.11813431084672411
270,270,0
270,1986,1
270,195,0.55519418082035688
270,1801,0.34791532152384819
270,690,0.336383461590754
270,1076,0.25121662877713435
270,921,0.25025295319351998
270,21,0.23964762048792682
270,184,0.20656851305093299
270,1200,0.19562860338557128
270,1555,0.16256344747994786
270,1949,0.12121103652105143
270,505,0.091262923208446575
270,78,0.087971115825261084
270,1276,0.061071818676445969
271,271,0
271,494,1
271,57,0.59862080402877815
271,1961,0.54390199603451683
271,533,0.25775484142731397
271,1279,0.25308862359155343
271,1872,0.22104998060173009
271,104,0.17918900048765191
271,815,0.15756161037092542
271,960,0.14190099097197595
271,1046,0.12284238626204672
271,324,0.12205479357846213
271,1025,0.10888851159743647
271,1904,0.1001923903956885
271,1585,0.099836596445957521
272,272,0
272,808,1
272,1784,0.98679701317148349
272,934,0.72181667662579496
272,1151,0.59728458717261945
272,1799,0.096908078115271065
272,591,0.074863823620405626
272,1698,0.07309149320955724
272,1216,0.067148941117951555
272,1770,0.062925745373002495
272,1382,0.061536721100234906
272,1888,0.051893688976294566
272,1170,0.038793447648877738
272,1395,0.038454846011457711
272,785,0.035366626295244799
273,273,0
273,524,1
273,1983,0.90504638907270751
273,997,0.5501620175161076
273,1460,0.19899697108069603
273,1851,0.18461501343348344
273,1546,0.18166828826926815
273,671,0.17814983855826944
273,1767,0.17395482303468551
273,1639,0.10207358862881549
273,835,0.10168814007973741
273,972,0.091308549469943309
273,1181,0.087672807159975913
273,1230,0.079918562196397425
273,1652,0.071639564309178685
274,274,0
274,22,1
274,1194,0.65930958569936471
274,835,0.33042160600287979
274,245,0.29795047512694117
274,242,0.26141826826755177
274,1767,0.18746415846214537
274,1050,0.18387546759205958
274,487,0.15763623141597391
274,1759,0.1454721507414013
274,397,0.14163067242645327
274,1030,0.14080497677430454
274,223,0.13635288885175481
274,1076,0.13398817382896819
274,1659,0.13056785122010109
275,275,0
275,815,1
275,998,0.84003526802246953
275,45,0.44344849411531218
275,1231,0.30715720966626903
275,1904,0.28017248398710742
275,104,0.20443123166322122
275,1346,0.16021523812779501
275,1872,0.13436951713202702
275,1580,0.13296454228142635
275,1796,0.10207159398833304
275,1428,0.077268390092239889
275,864,0.076298689321289082
275,355,0.074812489786444392
275,536,0.073644570446803934
276,276,0
276,114,1
276,970,0.57623801406327224
276,953,0.57281328487571848
276,106,0.44545318767514269
276,233,0.19193823024412346
276,1737,0.15258921809223319
276,679,0.14614161471730455
276,175,0.14288277050709741
276,801,0.13767123598015138
276,1035,0.13499489296444739
276,1615,0.12477436208526038
276,800,0.097926992590695053
276,848,0.094733884390154996
276,1128,0.088725321143013097
277,277,0
277,26,1
277,425,0.54369041396075668
277,708,0.42417303440052273
277,818,0.29920662806577736
277,796,0.26800675891040154
277,441,0.25490557408060455
277,534,0.24921420545180684
277,205,0.15849581222984913
277,257,0.15618280777862081
277,27,0.13576511951476122
277,662,0.10760277610001152
277,325,0.10667788572278337
277,1682,0.10256692191396742
277,1617,0.10040346172866203
278,278,0
278,415,1
278,1669,0.78745041881577782
278,48,0.55376241157801742
278,766,0.42513591683735952
278,1762,0.3277526851407962
278,1325,0.18236213215465694
278,1777,0.12395533965204979
278,1602,0.12089113751338404
278,828,0.11614387779457513
278,1906,0.077072154185534064
278,340,0.067341833495204728
278,1967,0.06060940260508027
278,1097,0.035732932918062191
278,1665,0.028676596251377959
279,279,0
279,877,1
279,526,0.94141266201666651
279,1245,0.32328699101480451
279,1614,0.31869935659794874
279,130,0.27075113470105228
279,20,0.23390256381811569
279,1955,0.1806427769785009
279,1320,0.15467247733989306
279,1225,0.1195176416359041
279,304,0.10346638918858943
279,449,0.07241118079126263
279,1158,0.068294069409796737
279,1972,0.061807565664896001
279,1965,0.058018508632279593
280,280,0
280,1972,1
280,197,0.87775044315378736
280,203,0.66675972503341363
280,840,0.23747349650519906
280,1752,0.19015166027575248
280,928,0.18585831585581425
280,1204,0.12921158609228214
280,1300,0.11197955205620459
280,1976,0.09746767835126742
280,1538,0.096332088183132908
280,968,0.087694932263153738
280,158,0.078704398756570565
280,1810,0.077555353141305641
280,349,0.069951157639013828
281,281,0
281,1530,1
281,1511,0.41503744772294221
281,1416,0.29510908219726179
281,925,0.26973834669741592
281,1663,0.237599777763492
281,442,0.22011903116206161
281,967,0.21949028297505344
281,1007,0.20053503082438653
281,1536,0.1994894425297184
281,1408,0.19183669285130239
281,141,0.16945523602806103
281,678,0.16854800788685717
281,1509,0.16053469449484103
281,1635,0.159391732857255
282,282,0
282,1817,1
282,1812,0.62808017851278863
282,1193,0.44015121031284188
282,673,0.31406715150056586
282,896,0.24855192738560719
282,1329,0.22548553399966506
282,1914,0.20732998536777372
282,1176,0.19421784383956017
282,477,0.16731891761845777
282,64,0.12717722913562934
282,310,0.097005561670297766
282,506,0.08759481527753156
282,1891,0.085444856872539998
282,254,0.084467459738837125
283,283,0
283,446,1
283,330,0.62290177022283144
283,1337,0.43287088438739679
283,1370,0.35128378002118499
283,1933,0.33879793380621304
283,1745,0.32158394933726808
283,763,0.23898354209225589
283,1796,0.23847042404199484
283,1979,0.12010999747297478
283,739,0.06826648088119068
283,275,0.052145504232568522
283,1231,0.049472165366042146
283,873,0.037599167592270527
283,1120,0.034403345636131351
284,284,0
284,502,1
284,196,0.7031993441255977
284,1589,0.66725293765920057
284,383,0.313531380099833
284,509,0.17841954563325027
284,1701,0.17754156312056141
284,959,0.1608287357197456
284,1205,0.15135813582885135
284,410,0.12015062873451407
284,498,0.10400607954825888
284,1826,0.090311494366791131
284,1302,0.082437957917208579
284,1981,0.080227984418006951
284,1504,0.077628733127832805
285,285,0
285,969,1
285,1234,0.68704401418599748
285,220,0.55741847291316149
285,1853,0.34074021392887632
285,1938,0.26163964597627326
285,606,0.19733481963335978
285,878,0.14284332876912531
285,1439,0.14025121635522933
285,1695,0.11999852695537604
285,214,0.10867006166151799
285,858,0.096858853504280321
285,731,0.09457150488563236
285,1399,0.087682850801631004
285,1515,0.071843606610362237
286,286,0
286,207,1
286,1659,0.55396983998733462
286,1759,0.48753085925929612
286,620,0.3145053064588319
286,368,0.21569641863923467
286,931,0.1849971075891059
286,994,0.17920785465403807
286,524,0.1586423496752957
286,1162,0.1575634269548753
286,1795,0.13437111258453721
286,1628,0.13358655898481731
286,274,0.1324358894063892
286,737,0.13132020834074551
286,1194,0.1230644065068805
287,287,0
287,1961,1
287,74,0.96577592355916697
287,1368,0.34648107122587296
287,1543,0.20135611505284803
287,338,0.18806217907773989
287,1585,0.17713166700772329
287,112,0.15341874565937158
287,250,0.14617220924331753
287,1904,0.14450347317879988
287,378,0.13326319694853903
287,354,0.12198800704491618
287,517,0.11798157174036587
287,102,0.10934824939100747
287,431,0.1014016557267613
288,288,0
288,646,1
288,117,0.95893483608590691
288,1860,0.85754026679138573
288,1617,0.65663764674329661
288,619,0.17575377338953246
288,1491,0.096411321619462129
288,3,0.069448984555661161
288,1149,0.02641015943347897
288,732,0.018574206347464397
288,1699,0.012856930543172135
288,93,0.011444353548315212
288,1010,0.010853084623152679
288,582,0.0065387621678697824
288,1683,0.0054871393782744849
289,289,0
289,488,1
289,451,0.77626840361343985
289,380,0.72049444959885089
289,293,0.2103251659929572
289,1131,0.18304015291977088
289,718,0.16724246255404426
289,411,0.16212773655200222
289,18,0.1482165492444032
289,866,0.13484381465441259
289,497,0.10757390967038569
289,118,0.0869830573337982
289,1482,0.073192668195142294
289,1992,0.070363866250825927
289,737,0.066225283936052801
290,290,0
290,136,1
290,1167,0.39295669984009712
290,553,0.27881831718543737
290,1770,0.25425991110046159
290,1957,0.24180753933404756
290,213,0.23059974720869506
290,44,0.22874908076139511
290,28,0.22667904788306589
290,1054,0.18964695558293329
290,934,0.18776263655185227
290,1535,0.1826331387565388
290,1403,0.17960091231429273
290,448,0.15874377806219636
290,1998,0.15464062389647229
291,291,0
291,565,1
291,1207,0.48272122807323847
291,82,0.38739950013327756
291,1507,0.36640357361805492
291,463,0.25916899175982921
291,1724,0.23282123604220004
291,600,0.19979518836393195
291,1351,0.18170686324149724
291,902,0.17232044097602445
291,781,0.13027417920612722
291,1859,0.12676016426436751
291,1619,0.12484003004307159
291,1529,0.12233688207968839
291,218,0.12033831479349821
292,292,0
292,1415,1
292,1599,0.75149757683543084
292,619,0.7472065899627115
292,321,0.23761022930481943
292,288,0.23022545844319872
292,732,0.22755903496900226
292,193,0.16943139769110069
292,1945,0.15289988512943994
292,551,0.095288106678928244
292,959,0.089777936734964509
292,578,0.067277457582614539
292,1491,0.050196665459938575
292,1448,0.048027026476422797
292,574,0.039899041177016994
293,293,0
293,1819,1
293,380,0.39187544709112804
293,488,0.32319340998672891
293,118,0.24579865005163823
293,189,0.24459672390692414
293,289,0.22631963970970206
293,1276,0.20351998738260799
293,459,0.20188460911928482
293,880,0.20031824725304667
293,718,0.19910948990657074
293,1344,0.18277345080536603
293,841,0.16961472739835998
293,856,0.16839670302999454
293,301,0.14948328835447053
294,294,0
294,654,1
294,1318,0.47355359206484637
294,856,0.3994178128447029
294,1094,0.33187478217456806
294,1581,0.32454486670964261
294,1586,0.23698032500899174
294,1669,0.20046945708780636
294,255,0.19137013689263582
294,1276,0.18922481284349182
294,1474,0.14072068181176869
294,1548,0.13653947564815444
294,1191,0.12004650107073382
294,550,0.090560087297234387
294,1713,0.071595560126602176
295,295,0
295,847,1
295,15,0.39918532600046625
295,366,0.36897175991699288
295,391,0.34632403869091338
295,277,0.3025472920817634
295,1263,0.29204053958745063
295,1617,0.24316771918640831
295,534,0.23580348409833027
295,511,0.14610903783911541
295,1334,0.12539279064336784
295,154,0.11932526901797084
295,916,0.11470114900754624
295,26,0.11269368940696992
295,796,0.10063072954553869
296,296,0
296,1695,1
296,878,0.51710223666348176
296,858,0.44942283990078563
296,1114,0.40301968568704238
296,969,0.31836901860685313
296,1947,0.30467391788831549
296,1084,0.15816724289918749
296,1890,0.15004736246225342
296,1136,0.12631656074864778
296,1809,0.11467499253153104
296,1938,0.1112634811808033
296,1058,0.10496125474837478
296,342,0.082948020336935976
296,444,0.065920455500796685
297,297,0
297,1141,1
297,1841,0.54274310618309984
297,1605,0.51462841680490912
297,667,0.41997580070559837
297,1506,0.40342372789288083
297,1794,0.23922895916764539
297,849,0.19640701110894754
297,445,0.13819104179782632
297,1934,0.11728531934862386
297,1776,0.10213170271266855
297,1479,0.075982246326263547
297,1078,0.056163980991274801
297,67,0.055441535686823584
297,1249,0.045292245911589347
298,298,0
298,590,1
298,465,0.7304569937239298
298,1528,0.6845688892441959
298,988,0.32077536066123891
298,1022,0.23002622414886681
298,491,0.22842491422670771
298,359,0.21199982275827256
298,1418,0.19351983087918201
298,56,0.098143887755417811
298,1556,0.058580602285420759
298,79,0.046063457189780853
298,720,0.042096024069368708
298,233,0.035523193735190396
298,469,0.026709621264879083
299,299,0
299,1393,1
299,876,0.51241401411814391
299,999,0.48844320852710954
299,1747,0.41846121768491445
299,1372,0.25455522917655632
299,1024,0.19903167214792539
299,1642,0.18658009914690543
299,218,0.17583878849431178
299,177,0.15984865058347122
299,1141,0.13484295230055113
299,862,0.11679972307937501
299,898,0.096922592207579109
299,1579,0.08344766862665591
299,849,0.079707892281237758
300,300,0
300,1428,1
300,714,0.58900959518944285
300,1788,0.46325569585375642
300,1346,0.30325744402997318
300,1603,0.29384227237428628
300,1231,0.24560589495736918
300,1732,0.17580468039179936
300,1144,0.14570676774351643
300,1223,0.14498193343392701
300,1580,0.13673873553419688
300,45,0.12053044133835497
300,635,0.10538819709124882
300,1406,0.097678039068222505
300,1803,0.085092715697997298
301,301,0
301,801,1
301,1325,0.69747710066207225
301,309,0.36408169952446684
301,1569,0.31881702055293532
301,1805,0.20609025951433291
301,212,0.18485831543726217
301,988,0.18077938891223841
301,1819,0.17955037892566292
301,970,0.16832312494396348
301,293,0.16283693189862453
301,720,0.13499182636663171
301,471,0.11604340548394224
301,48,0.097943307340234681
301,1901,0.095102891101920842
302,302,0
302,1312,1
302,1459,0.43638201263670462
302,1988,0.3964962375659542
302,1144,0.24621005416107222
302,84,0.24204334230296276
302,41,0.20913141596086274
302,28,0.20073563032088712
302,1698,0.19879523941688751
302,95,0.18949176035847784
302,1216,0.17349955816006765
302,1998,0.16669314632342372
302,1406,0.16316438873549036
302,133,0.15106455276603711
302,728,0.13318374144630285
303,303,0
303,1792,1
303,5,0.84826754741833466
303,1981,0.74884456355262674
303,1027,0.29437392948532026
303,1782,0.24964089131596739
303,1197,0.19829405192933169
303,1324,0.11201139024948004
303,981,0.085896741360470624
303,756,0.080518302927850408
303,306,0.078152238329719154
303,239,0.075431548672151447
303,680,0.063008206070451586
303,855,0.039188403988986389
303,196,0.033267455178875249
304,304,0
304,412,1
304,705,0.82412761127454359
304,1998,0.24020658595730562
304,877,0.22232809289871808
304,1368,0.1950547356096381
304,1520,0.18198067530779014
304,808,0.17103461173267642
304,322,0.15873047925200415
304,1329,0.15825256598288337
304,1395,0.15625951363167817
304,883,0.15576998729914623
304,338,0.15546140901615799
304,1193,0.14783845864684569
304,449,0.13983758278190825
305,305,0
305,686,1
305,1568,0.83625914713498772
305,717,0.33757448119634675
305,1080,0.29333838171791971
305,1110,0.28284107369377637
305,243,0.23932208604703453
305,419,0.17719769149648523
305,1681,0.17413056564808665
305,1092,0.13340575346026007
305,1457,0.1094612690999562
305,1660,0.10750973711213037
305,525,0.087863118933654033
305,788,0.070794673384052653
305,618,0.057184793736793638
306,306,0
306,1005,1
306,1475,0.86729573743944344
306,1678,0.65925262229446835
306,981,0.2805473546778906
306,1792,0.2196881988945191
306,1782,0.17340584194655911
306,613,0.11459451814723881
306,1192,0.1010109005396576
306,713,0.098467614016444036
306,708,0.093796647391296062
306,303,0.090019103502613565
306,1709,0.080642026704434766
306,1633,0.064785234280408568
306,1902,0.063390266483429603
307,307,0
307,181,1
307,730,0.41709313859665553
307,138,0.30149196991308952
307,1898,0.25523047827914142
307,1247,0.2527242101346221
307,154,0.2445559867615836
307,676,0.20194357615294367
307,796,0.19517613986154922
307,578,0.19027078768993222
307,1271,0.18480989042071297
307,1550,0.17201042828623189
307,1087,0.17057680043475412
307,1578,0.16191197608831887
307,295,0.15909204465585872
308,308,0
308,32,1
308,1731,0.49753430778884034
308,1931,0.35550772429919564
308,1751,0.29486463793465983
308,1733,0.25602822555587101
308,1258,0.24821012147168706
308,43,0.23178630599805902
308,1844,0.19022330102807017
308,1274,0.16953837862178295
308,1183,0.16509906494620696
308,1588,0.13592700986110337
308,157,0.1249120196645908
308,643,0.120090680537375
308,784,0.11716479706200247
309,309,0
309,1901,1
309,1616,0.98162073937920091
309,471,0.32692690837166882
309,670,0.27025737954641665
309,301,0.24509198310954453
309,1557,0.14865814418860565
309,970,0.14620386567917842
309,720,0.12621576108228452
309,56,0.12410913324205107
309,723,0.12155998948406059
309,1325,0.11657039052420809
309,1252,0.11262031424922131
309,212,0.09772505067574401
309,232,0.089327172209080569
310,310,0
310,1914,1
310,820,0.97199498626472014
310,191,0.39367719336716139
310,1780,0.32506862421475297
310,1329,0.29471526495665606
310,562,0.18290987463784228
310,408,0.13888513280935783
310,783,0.13209183429992505
310,430,0.10832478230973074
310,219,0.1040282290443003
310,604,0.079292432154905348
310,1543,0.075859507270688062
310,1610,0.050721184430883332
310,1305,0.049320356955884825
311,311,0
311,946,1
311,1580,0.70603667585442376
311,1370,0.34377632623799781
311,939,0.32703403755093441
311,594,0.28788848997085259
311,983,0.20110856418067918
311,1624,0.15897750007577882
311,614,0.15740572785857584
311,45,0.15017836385252795
311,1603,0.14140426447367219
311,1422,0.11966749184387389
311,557,0.11581503529584378
311,1048,0.10606066631301131
311,464,0.091545051018616166
312,312,0
312,1771,1
312,1941,0.74032506686787325
312,570,0.61880232057915197
312,987,0.56191628444121366
312,352,0.14673087744142821
312,1585,0.13192401770933712
312,1300,0.11364865043004507
312,1908,0.10514834393655759
312,172,0.10314077724884135
312,1994,0.095965875875182349
312,1340,0.083434889622223035
312,1537,0.075565163754834283
312,517,0.065760056486397364
312,1881,0.064534146833168077
313,313,0
313,983,1
313,1603,0.55986351089658015
313,1803,0.50722984615463829
313,1580,0.3249997772564156
313,1770,0.32367314299515149
313,101,0.20504740558590573
313,1370,0.14432321967456974
313,955,0.14159102174527927
313,594,0.13870966130349222
313,517,0.12439252155549002
313,1723,0.11894308827886152
313,536,0.11877140572688115
313,1933,0.10300069444233305
313,1923,0.096343510088977388
314,314,0
314,118,1
314,1254,0.48012528824960987
314,380,0.37376979717206943
314,1131,0.35312723228389087
314,659,0.31671051408102041
314,1528,0.29704988975446595
314,18,0.22725295263437151
314,1418,0.20821868411298239
314,986,0.14886337769292737
314,289,0.11346011852834699
314,636,0.10611845118881433
314,1631,0.10248524592689179
314,426,0.092909016606626968
314,488,0.086793788632001476
315,315,0
315,1424,1
315,1261,0.30419011152785602
315,1846,0.30056116764498492
315,1382,0.27496480640635818
315,1216,0.24047579199273481
315,355,0.23448298244738702
315,302,0.22908979909477833
315,882,0.22411501498560438
315,1312,0.19530736426082254
315,272,0.1842947325542727
315,864,0.18414017209309422
315,1267,0.18360308206272788
315,567,0.18055735632903391
315,1127,0.17110649867668234
316,316,0
316,393,1
316,638,0.64780093185999521
316,381,0.54930084163044668
316,910,0.48487485959042209
316,377,0.40020871909571076
316,208,0.27442015233061806
316,1772,0.14508204673011169
316,919,0.13667176989354249
316,1794,0.096615886786313915
316,1667,0.065019070267275644
316,1222,0.053315384382757909
316,445,0.02044134021541499
316,1493,0.017440341789190954
316,740,0.015700082248625895
317,317,0
317,899,1
317,84,0.60848749928856527
317,589,0.35702597921638662
317,1779,0.25109525964064072
317,133,0.23270793667104633
317,755,0.22005517238880581
317,191,0.19438999489929989
317,783,0.18919452939682804
317,1312,0.17137455281252925
317,802,0.16409258386584613
317,1987,0.13478489064606183
317,1215,0.13436610134489518
317,1355,0.12972845958933121
317,1101,0.11959126828110253
318,318,0
318,1851,1
318,350,0.79800398920598825
318,1181,0.39339995249075727
318,505,0.32463231955634098
318,233,0.28969082730071533
318,1983,0.23938579408351543
318,1949,0.17252669126286119
318,52,0.1575363635050584
318,1546,0.11734786657784764
318,558,0.10012275845725695
318,22,0.091792691903695253
318,1371,0.086053568481886569
318,348,0.072875357004755337
318,976,0.063525228797381525
319,319,0
319,591,1
319,705,0.87503141987680377
319,580,0.45191652905491525
319,1395,0.32629029886919669
319,1402,0.27026983577353753
319,934,0.25098785541383806
319,883,0.15865203677277742
319,1770,0.12103437000314463
319,412,0.11981512849217102
319,1723,0.10616443836418689
319,449,0.059956053656486812
319,477,0.058112519323483228
319,1647,0.056699793181148532
319,1013,0.051956450653889756
320,320,0
320,1499,1
320,1742,0.53505994076905838
320,86,0.51621241550447716
320,1334,0.42594961481382754
320,1597,0.20533811722106451
320,511,0.19748745859808761
320,949,0.18948316298712256
320,534,0.16290022145782546
320,1960,0.12403637234763951
320,1645,0.11894569474604504
320,15,0.1178402147850149
320,1281,0.10661319525513412
320,847,0.10496327838905366
320,1326,0.10205844782471679
321,321,0
321,394,1
321,1367,0.60737642401902359
321,3,0.58531536842997434
321,252,0.35009095015448094
321,93,0.34587067708574581
321,745,0.2944563644624808
321,63,0.12638047257665982
321,732,0.10531060737738036
321,288,0.10368558255800969
321,619,0.099715053053081856
321,292,0.09771608695804633
321,1448,0.07566175264345118
321,418,0.073016506534784448
321,527,0.042302227900190593
322,322,0
322,1811,1
322,412,0.51718376358560947
322,1099,0.49574504307429346
322,1891,0.33420196766152521
322,304,0.32739982183251637
322,244,0.22352620209830279
322,319,0.16581179357288547
322,1924,0.16578412831424788
322,635,0.15840045613340276
322,1785,0.12315005750613357
322,1395,0.12032313569662723
322,1723,0.10610462963412576
322,1647,0.095451201231223221
322,210,0.073814649428347923
323,323,0
323,1567,1
323,1991,0.52314461903751586
323,514,0.44683113793777995
323,798,0.28470403746673012
323,704,0.22448160448434243
323,445,0.20322140178204195
323,67,0.18948623747734106
323,539,0.18274506092798801
323,208,0.16220723716104588
323,780,0.1583501510693357
323,1391,0.13940548349875226
323,333,0.13707101732273227
323,1003,0.13236517109392074
323,107,0.12288202285147315
324,324,0
324,265,1
324,1279,0.61505669055256484
324,104,0.36890189995177103
324,1810,0.357449060930361
324,1990,0.26836056797857694
324,761,0.24692093107078167
324,1838,0.2377807783116955
324,1904,0.19015713753376967
324,1961,0.13947354122148065
324,271,0.13757498846139932
324,1025,0.12542132313305926
324,1948,0.089030072912093999
324,470,0.075818160532625592
324,815,0.054950768415778561
325,325,0
325,662,1
325,619,0.87516672518079608
325,574,0.48319806550490019
325,277,0.29669666469695677
325,732,0.24537129212910919
325,27,0.17326274983436635
325,569,0.17005430276377168
325,715,0.11495038030411737
325,874,0.099750104679975068
325,425,0.098789814550943114
325,496,0.093539204322288433
325,657,0.091058999003229335
325,167,0.086699090275082741
325,186,0.078362313726628927
326,326,0
326,1956,1
326,206,0.84251712717030713
326,204,0.64693406129769004
326,1721,0.43749337960776336
326,1188,0.2313939670746607
326,1986,0.17895245113043604
326,1254,0.1765630066082777
326,1556,0.1135623275521848
326,1735,0.086527184490778508
326,880,0.055752685727785876
326,1581,0.053548553784616225
326,1462,0.029986837119014405
326,1280,0.028021625248824986
326,1022,0.025635525581680418
327,327,0
327,1058,1
327,1642,0.34691032328008736
327,999,0.3137687507537904
327,697,0.2551001481661041
327,360,0.25173707670784373
327,1724,0.25013534582174896
327,871,0.23611419775045733
327,1947,0.2266127815719553
327,200,0.19363752184986627
327,1470,0.18048165392938939
327,1559,0.17086471516269552
327,87,0.16616346069002372
327,1809,0.15944402120996634
327,1182,0.1559211369973332
328,328,0
328,1981,1
328,1709,0.33770605197098613
328,713,0.33271537455270211
328,1897,0.33228398026988726
328,1561,0.26032570722396015
328,573,0.25375345456637904
328,404,0.21379567725531784
328,1750,0.21248003841548069
328,1950,0.18758106242577477
328,1178,0.16858685642263729
328,1792,0.16227342086234692
328,582,0.15224953811358596
328,1049,0.14702750335307485
328,855,0.1461198526795898
329,329,0
329,214,1
329,1890,0.38162714837072803
329,346,0.37390000646838684
329,1525,0.30399496521105429
329,1468,0.28859950912499188
329,1466,0.26556043406444402
329,1486,0.20751091413861689
329,1692,0.18984857646661021
329,157,0.17585398110828201
329,1328,0.16974162142612167
329,1476,0.14750164205511127
329,1809,0.14356697223733661
329,1381,0.13983749368590984
329,531,0.11934516621793755
330,330,0
330,1365,1
330,283,0.87193447019954051
330,1121,0.31078769717130317
330,1231,0.2603996143534012
330,575,0.20251132856131454
330,1099,0.19033636655520289
330,868,0.15412789685733466
330,88,0.13968374947322468
330,1370,0.13866135928552475
330,1120,0.13764804638161732
330,653,0.13584030243045239
330,1145,0.13340577939643261
330,37,0.12839039774950212
330,1796,0.10315376165065877
331,331,0
331,882,1
331,1401,0.37132563754650422
331,675,0.34861701166936709
331,1760,0.2850487560254984
331,1872,0.27744878060167055
331,1601,0.23298063297493229
331,520,0.22068439240028895
331,644,0.19782392485809472
331,414,0.19467679982120928
331,66,0.17713403752836884
331,1920,0.17146381368023011
331,955,0.16220052780184441
331,172,0.13414363112533398
331,41,0.13334481198119699
332,332,0
332,1314,1
332,1839,0.45076196138297669
332,1977,0.35370171052817717
332,144,0.31154107465864667
332,1496,0.30377804998803482
332,58,0.26908682691200331
332,1478,0.24054455347141396
332,1352,0.20027185082513416
332,406,0.1963684417743537
332,871,0.13791653021777123
332,601,0.13119785128652051
332,1512,0.10946990917851666
332,918,0.10444771864624261
332,390,0.097804979544845211
333,333,0
333,1935,1
333,514,0.4356893533437905
333,1635,0.39967964677068402
333,1567,0.32803216454830636
333,776,0.32557285539547676
333,692,0.23141306268851905
333,860,0.21195281748701841
333,922,0.19796993577310579
333,1411,0.1720695060693688
333,1663,0.15467300264908593
333,107,0.14285744132827216
333,539,0.10938445127655587
333,731,0.10013176776566557
333,1328,0.097468459045695677
334,334,0
334,436,1
334,1084,0.57933960259947492
334,463,0.30307393755826306
334,1088,0.29411965333783807
334,416,0.24723225021829107
334,878,0.22466844605687658
334,1114,0.22349003499861317
334,1653,0.20419815472754321
334,1444,0.15905669993757671
334,1136,0.14850855027355386
334,1467,0.13952650585667944
334,897,0.13920122756435357
334,1529,0.12491815913932892
334,726,0.11955330662574054
335,335,0
335,793,1
335,1649,0.6133097257244301
335,1027,0.45195232669593871
335,1763,0.26839326940401742
335,1542,0.25310347166670177
335,1791,0.22262803900957509
335,404,0.21959406651318322
335,417,0.15161683887144564
335,69,0.13897882413582166
335,1197,0.13657832904800657
335,1877,0.13632402242336505
335,1126,0.12169571899966786
335,1272,0.10305362280026029
335,695,0.089661873767690664
336,336,0
336,779,1
336,14,0.38203457139424918
336,720,0.32991628465052325
336,1050,0.32617154297401579
336,911,0.27994735533860726
336,465,0.27090012016728632
336,1883,0.21661119442666046
336,263,0.20179374450240367
336,549,0.1816628946045396
336,986,0.18069705516786827
336,787,0.15669481947616121
336,1502,0.13388124669894821
336,988,0.12558130539505227
336,1918,0.12100281372973169
337,337,0
337,1200,1
337,1555,0.37639028719250611
337,1276,0.36948749879075915
337,737,0.35757202928297133
337,189,0.2627028159934654
337,550,0.22177663495452096
337,1759,0.20008574997900913
337,1992,0.19768799145215787
337,1586,0.1788560650076774
337,1318,0.17517087268025408
337,21,0.16638184274812104
337,1655,0.14855797315815353
337,1162,0.14216151745960295
337,1851,0.11005613038204649
338,338,0
338,673,1
338,1309,0.91171858984858489
338,705,0.66509227923071146
338,1395,0.31752369452326334
338,592,0.26440619800340076
338,448,0.17920733148554724
338,1403,0.1211905492529342
338,477,0.097336723398801034
338,354,0.093133615552454557
338,1305,0.069328529434500685
338,304,0.057454560534387258
338,345,0.056223741654543649
338,44,0.046777161701033673
338,1812,0.027503361408486873
339,339,0
339,1923,1
339,1675,0.4307312479768089
339,163,0.37885776509307417
339,268,0.37131213573051647
339,714,0.30272484355027096
339,1908,0.22015961208105911
339,846,0.20866534176217488
339,1933,0.17089544482913785
339,1535,0.16929098734774822
339,739,0.16846449824326185
339,1702,0.13669821327511497
339,1320,0.13308145623582932
339,1244,0.11230497073869372
339,44,0.10371132168051377
340,340,0
340,1777,1
340,976,0.72093955134609367
340,1548,0.34848646182768317
340,1725,0.32284544221947248
340,856,0.27487169885780055
340,415,0.19555630698570492
340,1829,0.19061716575417331
340,62,0.14249717026597511
340,921,0.13433618427782898
340,766,0.12486874603060152
340,523,0.12412171814039587
340,1022,0.1227819754264171
340,1546,0.10922488860801662
340,1669,0.095746936476151887
341,341,0
341,1584,1
341,52,0.45744171988389004
341,1130,0.45022967330609381
341,62,0.35145178423995888
341,1107,0.31649808087912473
341,1371,0.26345164168052826
341,1651,0.19917627347226127
341,1684,0.19070379904699039
341,1725,0.17399187694917057
341,1720,0.12116639024223105
341,1546,0.11906398677769892
341,340,0.092429504705986085
341,523,0.088805172227611001
341,348,0.08247279840048849
342,342,0
342,1467,1
342,1338,0.97985859024383803
342,1136,0.82926679517592661
342,1687,0.43636497664466328
342,794,0.16447111169114312
342,878,0.11262063894135066
342,1534,0.098069828167098042
342,722,0.080530133259838529
342,775,0.049628792128808663
342,1711,0.045877720992751211
342,1695,0.036981365819508553
342,1404,0.027398007799388668
342,296,0.024484275185769889
342,1947,0.021341881454120557
343,343,0
343,963,1
343,1242,0.48349993947572473
343,1005,0.42387367036692231
343,1469,0.38970172208829407
343,847,0.38868178600025438
343,86,0.21652192762118988
343,1958,0.19702362360337378
343,1227,0.1783794115955096
343,1086,0.11453203434907767
343,134,0.11050121542816881
343,306,0.10482613866784471
343,1263,0.10472536328125284
343,708,0.10025331228017748
343,131,0.094363003730128472
344,344,0
344,1003,1
344,1386,0.39334554801508403
344,476,0.37313041867873908
344,726,0.33692768841534976
344,1748,0.27355652030077293
344,704,0.21243626393427356
344,208,0.20213507563835179
344,910,0.18908707136891459
344,1653,0.18544732236947939
344,1863,0.1599347864260573
344,323,0.15651401342047552
344,1088,0.14881522221109755
344,1269,0.14425362953998269
344,402,0.1313122400435261
345,345,0
345,1305,1
345,224,0.40721294992720258
345,354,0.38725645885494647
345,1543,0.2889148041108327
345,1291,0.27958466726774772
345,408,0.23509814736444926
345,1685,0.19126973237724801
345,414,0.17053410368823599
345,883,0.16511326178765731
345,1884,0.16227812006519568
345,1780,0.16017532637627124
345,448,0.1593609425380812
345,1472,0.15056617998019609
345,1862,0.14953509747198271
346,346,0
346,539,1
346,1512,0.82409217352594055
346,1641,0.65492111212283599
346,1440,0.22274943599921337
346,107,0.15880044670444557
346,1692,0.1488301623871624
346,1525,0.12145034652742301
346,329,0.11996960455771202
346,214,0.11817864871573555
346,424,0.11711746111648411
346,1943,0.10993813041437471
346,1853,0.10661564234984085
346,157,0.10629103318054184
346,894,0.097946087379771035
347,347,0
347,515,1
347,980,0.69576919748958621
347,1156,0.57002877585580114
347,1009,0.51732295201002521
347,869,0.44651885045422329
347,1032,0.20929060382176023
347,1229,0.16867670604762647
347,1192,0.068087976756878749
347,1640,0.056815117404629176
347,1542,0.049732688439051972
347,1758,0.033111506076073764
347,774,0.031880643719762299
347,1178,0.031834454548620987
347,1049,0.027823177911819499
348,348,0
348,1546,1
348,1548,0.42569919096812375
348,1371,0.3453670809538576
348,976,0.33300881583618769
348,341,0.26760932238270135
348,1829,0.26257811665164199
348,856,0.22046784775650224
348,125,0.18115884314994415
348,1786,0.17863993394651997
348,1995,0.16872967343364048
348,1992,0.14251017875488159
348,1413,0.13374084236623093
348,340,0.123762157797077
348,52,0.12362466379686411
349,349,0
349,481,1
349,1847,0.73172221083626998
349,1979,0.35643080058955551
349,1760,0.2790474521464395
349,1151,0.2692213392341688
349,1308,0.19783930197556696
349,873,0.16711334564289676
349,1803,0.15825347419019964
349,1564,0.13349953731218928
349,886,0.13157445351226396
349,1644,0.12516334039681989
349,1770,0.12125713510885668
349,1907,0.11863056438506622
349,408,0.11712860708088714
350,350,0
350,318,1
350,716,0.96701860502580894
350,505,0.84670088023766343
350,233,0.47740279684209391
350,1720,0.11406523101963967
350,56,0.11101506089828289
350,1181,0.10226344640500165
350,1371,0.079316317048730156
350,1555,0.060416420690751288
350,1546,0.039695963096108206
350,1851,0.038740025498425874
350,690,0.028757112399845245
350,1949,0.022346695772543876
350,52,0.019149090994067499
351,351,0
351,1855,1
351,469,0.66883200772965579
351,1056,0.61627657789249435
351,1397,0.28132359851790351
351,1671,0.25528983308021347
351,183,0.23306505330415614
351,903,0.18036512291015921
351,1725,0.14193461549215192
351,1665,0.10699046186652782
351,1651,0.103937507975216
351,415,0.08229792293012872
351,1546,0.081611763951617247
351,1735,0.07797224626334244
351,62,0.077003710053363053
352,352,0
352,1594,1
352,408,0.44956013757989766
352,1537,0.38213737695170635
352,158,0.34303830184507073
352,1780,0.26791520303599847
352,1727,0.26715392312008934
352,1771,0.20090177152081165
352,1668,0.19037477857392646
352,820,0.16759090074541702
352,312,0.15672186518935691
352,1884,0.13133988920427528
352,1383,0.12001809728654698
352,1994,0.11518756299952132
352,1670,0.1149466122960997
353,353,0
353,1138,1
353,1252,0.40493147839372196
353,1818,0.38739194418744688
353,1936,0.38563064092816662
353,911,0.27110289603880117
353,986,0.26614071428627528
353,488,0.21727287741962578
353,670,0.20636178750413034
353,1996,0.1601813409801611
353,471,0.14656273506108583
353,866,0.12146739278041155
353,1260,0.12056371887546434
353,301,0.11466413490830749
353,1883,0.10461630521630982
354,354,0
354,448,1
354,1305,0.63065876681886623
354,101,0.50514255340976755
354,345,0.47358268854994501
354,1387,0.34934316354358408
354,1998,0.16441252643057516
354,1685,0.1421196361768701
354,400,0.14201078196827388
354,99,0.099228372495793804
354,224,0.088886853726220183
354,1357,0.083490011937928904
354,1309,0.079149853454444585
354,754,0.074933642956305169
354,1708,0.073927267816433426
355,355,0
355,1267,1
355,807,0.57355015320238167
355,815,0.46272171308750676
355,946,0.28202311404449415
355,45,0.28150288536009455
355,1382,0.21516074354005904
355,66,0.19828688945642639
355,363,0.18011492999555076
355,57,0.15205162242642936
355,743,0.13499720998111869
355,536,0.10975430009151932
355,864,0.10681553645713128
355,1803,0.10609818207311217
355,882,0.10380598541217737
356,356,0
356,559,1
356,411,0.57608594386021783
356,451,0.3262960298386558
356,843,0.28084656459377877
356,1313,0.25748255376223683
356,1228,0.2509022995355436
356,1077,0.19756378498557661
356,737,0.19137556800940581
356,956,0.17583264600631965
356,1795,0.15468751784323423
356,1992,0.15238764693170009
356,1851,0.13845474657956794
356,1318,0.10537170217896528
356,264,0.099604176298872429
357,357,0
357,884,1
357,631,0.82583963647662106
357,377,0.51370888542142201
357,161,0.3821320092388184
357,316,0.23663292893411406
357,892,0.22110002610961893
357,740,0.12386965305813268
357,1815,0.11707029389648864
357,103,0.11008665938825922
357,1112,0.087506600698581155
357,208,0.084450453205412737
357,945,0.082536086117037083
357,1930,0.062661942128034415
357,1269,0.059301753408881851
358,358,0
358,1734,1
358,1623,0.72222797902626057
358,428,0.37433339625991485
358,872,0.22781026611577421
358,1326,0.22430673545203317
358,167,0.18908894156817196
358,366,0.18105489754347162
358,1233,0.1765345143275317
358,1761,0.16708044290024213
358,116,0.14897997694442061
358,1840,0.12638235542220461
358,1423,0.12598224425169682
358,665,0.12286690854477374
358,1989,0.12023442129505633
359,359,0
359,401,1
359,194,0.56959282288737934
359,298,0.33993495214444674
359,590,0.33348008512896754
359,1413,0.32642387119303806
359,1022,0.22850983974636588
359,1526,0.19412117498284312
359,1012,0.14729792088923149
359,1548,0.14482710321725073
359,935,0.1370544369372339
359,1219,0.12587623702919737
359,1556,0.12065135117768729
359,1081,0.11977149945188589
359,75,0.11935209213940595
360,360,0
360,1470,1
360,967,0.32731808105571814
360,1408,0.32461380905286935
360,999,0.30440080765272731
360,58,0.27628054283836817
360,218,0.26693282831919812
360,1642,0.25299702686203052
360,1527,0.21948807229946579
360,927,0.18673613316080134
360,531,0.16944375236718207
360,1248,0.16858155210962184
360,177,0.15393501657552847
360,1478,0.13185552315906751
360,898,0.12430656420901537
361,361,0
361,720,1
361,1790,0.60795328616731048
361,1418,0.36483228534609113
361,988,0.29602752916261299
361,1637,0.29487137468943669
361,1325,0.23894879015196768
361,113,0.22861935603295491
361,800,0.17645644041343592
361,590,0.15849753019964608
361,1457,0.15656528448201668
361,1315,0.12023135786011518
361,801,0.097760875297448896
361,298,0.083426853869903755
361,465,0.082698686492522405
362,362,0
362,1950,1
362,1522,0.784861719649395
362,912,0.4064175607964316
362,1083,0.35134889540727249
362,1272,0.35044527606132919
362,226,0.28252093597646477
362,63,0.14536035170273895
362,135,0.13710494161120121
362,1709,0.1220903136837177
362,1036,0.11248490273710129
362,201,0.061985659862191962
362,1199,0.052257323201896376
362,73,0.050107779565853272
362,1503,0.049909303436607377
363,363,0
363,743,1
363,1760,0.35252809431856208
363,66,0.31609004744476132
363,815,0.28668165452579336
363,355,0.28480969008217466
363,1267,0.25125680874606288
363,1025,0.23509273810893141
363,1337,0.19527963854138955
363,536,0.1780595544185955
363,1279,0.1751767137451109
363,331,0.16375574802134366
363,1872,0.16282880491910892
363,882,0.1604204904131768
363,1948,0.14491197220332772
364,364,0
364,729,1
364,1630,0.48208979310153877
364,582,0.30881099479985208
364,1051,0.3031239223050799
364,588,0.29273763773569977
364,711,0.19655449478154963
364,1488,0.18430356951392093
364,1902,0.17782380811851806
364,1180,0.17454184649500548
364,1649,0.17088461914098774
364,435,0.16294013443708624
364,1240,0.15602175669498608
364,1852,0.14861053982000597
364,1773,0.14844682493971545
365,365,0
365,602,1
365,516,0.7889860479188936
365,1304,0.31641812627483201
365,871,0.24829905229291743
365,1136,0.22316085619229353
365,1031,0.20660298783491968
365,129,0.16590124937056658
365,1431,0.15468132600095155
365,148,0.15405472674211326
365,370,0.15378404005391225
365,1409,0.14237393418030395
365,87,0.12604595325883927
365,1277,0.11580434924375911
365,1804,0.11078023786064919
366,366,0
366,391,1
366,295,0.87041214738902684
366,50,0.42843397070688921
366,428,0.31311318156033863
366,26,0.19883603603222652
366,889,0.1728186412617411
366,847,0.17253609193262193
366,1623,0.13137243088408976
366,1021,0.13123410608050862
366,27,0.12648103390300203
366,1326,0.10754999669638513
366,665,0.10162669024186889
366,277,0.078091469065505292
366,1177,0.074384621679320403
367,367,0
367,575,1
367,693,0.94147808937832456
367,1913,0.40177737873271474
367,1329,0.27946985244731509
367,1121,0.15849963297132963
367,1355,0.15345733315127094
367,1811,0.15058231229674096
367,1971,0.14953680180868656
367,1055,0.13661365393007099
367,1697,0.13614507126744976
367,210,0.11972125899689855
367,885,0.098095738946710559
367,472,0.093713373179604473
367,1946,0.087794636456166184
368,368,0
368,844,1
368,223,0.60550693129255961
368,1162,0.59764852916036315
368,1759,0.31211507204601724
368,620,0.26856745582290864
368,1117,0.23530728505518436
368,1818,0.15178774766781744
368,1283,0.13864151937319685
368,274,0.1366407698634875
368,242,0.11869191250799233
368,1532,0.10757402740652741
368,1795,0.099959810497009374
368,487,0.070774610588542786
368,1273,0.06367470572767224
369,369,0
369,550,1
369,1250,0.41841322519505475
369,1967,0.32128548447931304
369,456,0.28438608978511598
369,654,0.24103297777666313
369,1092,0.22291117197786048
369,1094,0.21562852383698528
369,1568,0.21366090509330721
369,865,0.20467595321878118
369,1226,0.18688393476529599
369,838,0.16928704419804019
369,450,0.15978781686294855
369,1318,0.14509946599150686
369,861,0.12384557941001673
370,370,0
370,1100,1
370,1804,0.38454299986890078
370,1031,0.30084599594539962
370,1386,0.25633133429860522
370,1304,0.2541577745446717
370,402,0.23794361461674515
370,1754,0.22208638602454692
370,486,0.2185765334840169
370,1751,0.20736382392800298
370,1321,0.20534439303843546
370,1733,0.18097599191734093
370,253,0.15180736527922484
370,1136,0.14418567142571495
370,1890,0.1427298292193297
371,371,0
371,539,1
371,1635,0.73218107772761776
371,107,0.53436414623770345
371,922,0.35011705484200201
371,445,0.27048153619692222
371,1935,0.26711345083752491
371,1731,0.22080686740848385
371,1270,0.18591736831054281
371,381,0.069470574519133077
371,424,0.064480836937869337
371,514,0.062205457417864443
371,220,0.054080792923487386
371,1567,0.053453261141282751
371,1468,0.042214528301424331
372,372,0
372,439,1
372,1165,0.85242696539546015
372,970,0.65575357723474104
372,1615,0.33846778735974409
372,609,0.25170022138129655
372,1679,0.18547620082467453
372,801,0.12873790419634334
372,690,0.10617359032098191
372,89,0.085919061360625146
372,1984,0.074123648221739585
372,1214,0.070155382488441748
372,903,0.067896970468661555
372,1076,0.04572860140891865
372,1194,0.044331660626146852
373,373,0
373,399,1
373,1310,0.63320412367804724
373,1057,0.3767079848665148
373,1528,0.36757352391657588
373,1135,0.33703850537858743
373,1374,0.22521796550149908
373,718,0.22362112707617318
373,752,0.17014712966388554
373,49,0.16529077258175551
373,47,0.15292828392871335
373,866,0.0773034021785102
373,1696,0.074191025561161666
373,1526,0.057658124368190622
373,636,0.046005143831261044
374,374,0
374,1907,1
374,799,0.32091009318360442
374,868,0.31972871161776528
374,1610,0.31702551710164445
374,1745,0.29639500038665767
374,1972,0.27515569890760272
374,446,0.22937398658577665
374,968,0.20209444905555154
374,1847,0.19488235464528272
374,873,0.17723654130464087
374,1647,0.15968650467994944
374,54,0.1442199315785746
374,1799,0.13887682625729839
374,1206,0.13131080594128045
375,375,0
375,672,1
375,1283,0.52044958421837506
375,972,0.45126306885912443
375,954,0.29799628131104988
375,1502,0.24770243091295094
375,242,0.23418490943809003
375,1260,0.23392588640897749
375,1219,0.18265993655658416
375,267,0.14213095235064438
375,848,0.12684112143288256
375,1067,0.12677811241222867
375,1700,0.11823152680041235
375,1080,0.11448500077401125
375,1068,0.11024668857104987
376,376,0
376,1852,1
376,1429,0.76236855910330092
376,806,0.34914649177970403
376,86,0.27453881796767621
376,1678,0.21103095562642604
376,909,0.20135361684783804
376,1380,0.19696878522310002
376,973,0.14208089558192338
376,1597,0.13585968726393838
376,912,0.13455322824559632
376,1633,0.12882652960842814
376,1645,0.12453432524223178
376,576,0.12412548378320491
376,1027,0.12150340532086359
377,377,0
377,208,1
377,316,0.69162823410358032
377,1201,0.37421320013954773
377,393,0.35853980920308076
377,1667,0.27205301544251287
377,1772,0.26175474284441214
377,910,0.23431991658853771
377,1222,0.18192447230355888
377,894,0.12341464808507061
377,357,0.12339260478206782
377,638,0.10160681179358338
377,1339,0.081897697498767436
377,1003,0.05396854487055662
377,161,0.048175709706292258
378,378,0
378,1987,1
378,165,0.34494789353368926
378,899,0.25858398861375909
378,1600,0.25350182423084844
378,1543,0.24039427147909151
378,287,0.21920000045907659
378,1101,0.21843656650715873
378,1585,0.21726041043618061
378,1245,0.21311818948805442
378,1948,0.20647759809429495
378,1752,0.19072768229707654
378,1312,0.18735137257265994
378,517,0.18608816439657178
378,877,0.17080949225564257
379,379,0
379,53,1
379,1588,0.72493508048553057
379,220,0.46776253161024212
379,1823,0.39228057287562595
379,1234,0.38635632041182966
379,1377,0.17183329638693715
379,522,0.13793822297499375
379,94,0.12097761702771327
379,1399,0.095474530667768315
379,918,0.090507619187063446
379,1743,0.0877607698757394
379,1248,0.084532475066199278
379,1731,0.077015657486073419
379,784,0.06951559052492895
380,380,0
380,488,1
380,118,0.60758208665452162
380,289,0.57526931353718791
380,293,0.45051794326886069
380,18,0.20396509550938061
380,841,0.14298482262532494
380,426,0.13771468143412569
380,1819,0.13608237174129428
380,1138,0.13383967448620224
380,1344,0.13306925463831135
380,1936,0.11142161952654567
380,1131,0.1010017872538248
380,1252,0.092656612177447528
380,866,0.08078261435535318
381,381,0
381,919,1
381,316,0.98421052935119502
381,139,0.53644990586209518
381,638,0.40205343936385035
381,765,0.40100715975288381
381,1794,0.11464159050293009
381,445,0.1101000254827247
381,424,0.064355899266379135
381,740,0.064291962251388404
381,922,0.061868345819255086
381,371,0.059357728492583708
381,1270,0.056088577929389129
381,1743,0.026346963827301551
381,632,0.026108845665258666
382,382,0
382,661,1
382,1665,0.56728935443314576
382,550,0.41973324233674963
382,1250,0.33363356770426272
382,1460,0.31306588030403026
382,1405,0.22285183029280861
382,396,0.19803170565099931
382,523,0.17399015304620416
382,1592,0.15076205059180658
382,829,0.13019100412103385
382,1855,0.1062995915919427
382,1822,0.10453178817007504
382,1639,0.093903587620046608
382,1873,0.092613842852933059
383,383,0
383,468,1
383,578,0.75142463729138442
383,509,0.53472054532746582
383,551,0.49955962454096953
383,138,0.45664974042536954
383,959,0.26675058138143626
383,205,0.19803645243792431
383,1205,0.13918484862253491
383,996,0.018287753596549657
383,187,0.017934890531626477
383,676,0.010162746022896576
383,534,0.0060866892905371587
383,262,0.0051253146453514292
383,1814,0.0029616923936983826
384,384,0
384,32,1
384,1931,0.74601102075664738
384,308,0.53888061455555814
384,483,0.43802505244512002
384,784,0.22296113926350219
384,1588,0.21679518976045986
384,669,0.18370945958948545
384,771,0.14289185440689678
384,1869,0.077026421347583529
384,663,0.072620891337303234
384,1265,0.069543522588664045
384,1809,0.068829934447393465
384,1179,0.06529458751526708
384,486,0.064303026385237022
385,385,0
385,964,1
385,1975,0.67467032593031939
385,1622,0.31012979867304352
385,777,0.29300925248054782
385,1861,0.28621317500612892
385,1758,0.23709981971401964
385,1814,0.20230145054896237
385,1446,0.18263580152238471
385,1852,0.16440904143266677
385,850,0.136205766356952
385,1542,0.13053499039656546
385,658,0.1003309571485515
385,1929,0.09699392699553562
385,1633,0.09236605805004082
386,386,0
386,10,1
386,1575,0.43630419690893052
386,1784,0.41053912977621909
386,1976,0.36144841316979942
386,1343,0.29224925113630812
386,1224,0.253645649673092
386,11,0.23891091982449994
386,947,0.18217008583799768
386,1151,0.12899121537896496
386,1946,0.12450887284905029
386,1519,0.12429690831686049
386,552,0.12283022163873798
386,886,0.11803970795981079
386,1697,0.11294869616767664
387,387,0
387,1909,1
387,1027,0.42340262845985754
387,1255,0.325074992390819
387,949,0.25039001606010819
387,613,0.2380788888686288
387,1447,0.22187512973387222
387,1645,0.21118011847734361
387,1597,0.19984217056667417
387,1503,0.18265729490351429
387,981,0.17916865336701385
387,1237,0.17242359875485042
387,964,0.1709408227144871
387,1539,0.17021542933244588
387,792,0.16163672245108546
388,388,0
388,1834,1
388,442,0.69759283385711723
388,13,0.39771867088441182
388,775,0.32824172262516998
388,444,0.2272708014957818
388,107,0.20932602772764847
388,1416,0.1612281906738208
388,1666,0.15937399422765861
388,1449,0.15570330588607753
388,1332,0.12915684978442338
388,333,0.11992422443796509
388,721,0.11934312603735961
388,1328,0.10435521855255946
388,860,0.09765076215026218
389,389,0
389,235,1
389,1316,0.40843554202817833
389,81,0.32856702860758141
389,1392,0.32136930869130914
389,1465,0.28238326668620584
389,216,0.2458331783108984
389,163,0.19355244636470753
389,1066,0.18568842632376198
389,1072,0.17191838048440319
389,1862,0.16680793380609041
389,1702,0.16227555056861764
389,1566,0.15450268973294212
389,846,0.14468720313114689
389,1398,0.14087242994370777
390,390,0
390,1411,1
390,1249,0.73716893489312318
390,1391,0.48152066331158894
390,1115,0.47290335260311911
390,852,0.27785356748880746
390,706,0.24063896341079896
390,1258,0.19677809217478104
390,157,0.09538062782325879
390,1212,0.088253827551850475
390,539,0.073881015443618456
390,1731,0.072298772206556283
390,1314,0.061268860393925387
390,107,0.054702360025846324
390,1479,0.05424395493545181
391,391,0
391,490,1
391,756,0.56359071390436655
391,511,0.29105759000726927
391,366,0.27336982910091606
391,916,0.26036319405253966
391,425,0.25765245498589295
391,889,0.21192653481681761
391,295,0.21066603165336345
391,277,0.20617208653397268
391,496,0.19867747530373364
391,15,0.12570264648269799
391,1126,0.1111101985133417
391,26,0.10695016070551537
391,186,0.089659732312853527
392,392,0
392,1796,1
392,738,0.6898453295071828
392,1872,0.2527473517094222
392,57,0.18843649377758762
392,824,0.18735779212123499
392,1601,0.18654665524855638
392,1920,0.18627786376811173
392,939,0.1848970741608047
392,537,0.18078422052364942
392,45,0.17690020726148836
392,1155,0.17514364491162623
392,275,0.17330736834923699
392,1800,0.1626733915865084
392,1046,0.16196886996258669
393,393,0
393,638,1
393,910,0.67006256986010637
393,208,0.54441552527882064
393,316,0.37676935471452261
393,1321,0.3287904986815075
393,1667,0.16320297008919202
393,253,0.14898558142295015
393,445,0.14151826926854641
393,377,0.13326298020906863
393,402,0.11404340171136355
393,918,0.076984006086209769
393,1218,0.072658382824329945
393,427,0.068631925939977786
393,1794,0.067567773882511187
394,394,0
394,418,1
394,745,0.75900801268476015
394,252,0.51574128758066462
394,93,0.3587572682227303
394,3,0.29416293283579908
394,627,0.17188419812803474
394,226,0.16347876733513544
394,321,0.15280325487094795
394,605,0.11571569718158541
394,1951,0.10477922000752597
394,1505,0.093088855067977205
394,1160,0.060296340649405547
394,1010,0.059327972754281914
394,1574,0.057849544226036137
395,395,0
395,601,1
395,1674,0.42777345689484603
395,1169,0.42232775117510674
395,218,0.35543991219292076
395,1314,0.32471589770360348
395,1536,0.24020605411228543
395,237,0.19610322884187034
395,1776,0.14556446847055157
395,1150,0.14085222085951338
395,166,0.14028488847286621
395,1783,0.13722285375032345
395,1619,0.1327859096243349
395,927,0.12622663174571505
395,1369,0.11738763366434776
396,396,0
396,661,1
396,1665,0.72586382539783489
396,649,0.33944617965309654
396,529,0.25335931019875962
396,121,0.23341357206487764
396,1879,0.18751393134493191
396,788,0.16934913356276968
396,123,0.16858973342702019
396,1906,0.15102281781817581
396,1673,0.14784824222186024
396,681,0.14534272124657294
396,966,0.1394343801458667
396,1735,0.12676736274803946
396,1873,0.11894207479803864
397,397,0
397,1615,1
397,1894,0.41341931974547169
397,1767,0.34905575634948793
397,212,0.29716450823345286
397,1050,0.28316380755763304
397,689,0.25291530329902412
397,1139,0.23136516625960793
397,970,0.18718271803619527
397,90,0.1829056430470529
397,835,0.16682943077105078
397,546,0.14572813515255395
397,274,0.13553328319532509
397,1681,0.13269438449163642
397,1092,0.1289253590490308
398,398,0
398,1387,1
398,1133,0.5437561768493796
398,1899,0.42865586560117186
398,1520,0.33919982646348018
398,95,0.26707854607278442
398,1422,0.20493319448474723
398,1042,0.18050756997036241
398,1167,0.17557443475778606
398,1357,0.16169776178200176
398,594,0.15549673351305912
398,757,0.15429909920122781
398,1769,0.10792451833660165
398,37,0.094847804766029081
398,1170,0.092926707433780176
399,399,0
399,1526,1
399,49,0.61754801380809488
399,664,0.35291929922493637
399,1135,0.30012426317772101
399,752,0.25066450602195856
399,956,0.20505412387363592
399,585,0.17292440152571914
399,804,0.17130525456532414
399,1275,0.15339105844041831
399,491,0.14372039950381205
399,1280,0.14090674998356417
399,1,0.14067475023477943
399,373,0.13026566267316506
399,1067,0.12738362054164884
400,400,0
400,754,1
400,675,0.7767911089979771
400,1305,0.29735501313070656
400,1685,0.2924517079893818
400,1862,0.26854971057859561
400,354,0.22813506021099683
400,414,0.16872691680777743
400,556,0.16443669416994983
400,1072,0.16033792024416979
400,99,0.13362635777233745
400,1780,0.12329836560795632
400,216,0.11345583252650672
400,1401,0.09058605997984101
400,224,0.08913919439054202
401,401,0
401,359,1
401,1219,0.96954260399411996
401,1413,0.44486156396414755
401,75,0.41193694101603612
401,1714,0.26628966516278424
401,194,0.13339260938970829
401,1022,0.11086786574253442
401,1715,0.1089176859032471
401,523,0.10277191121380032
401,590,0.10179306329948112
401,1546,0.070622427376287766
401,124,0.066458011592091457
401,298,0.06259856441026021
401,1681,0.056835711636626408
402,402,0
402,918,1
402,208,0.85932358118184049
402,161,0.26472598724487345
402,1386,0.1968458021722127
402,1619,0.19346204203545858
402,1024,0.19146132649688918
402,370,0.18710693216059374
402,726,0.17985895221262732
402,910,0.17248322893424534
402,1100,0.14570605001608669
402,393,0.13993990156388852
402,1218,0.13617961823808392
402,1093,0.12438046023645044
402,1963,0.11542178271702085
403,403,0
403,1745,1
403,563,0.42318576858533918
403,873,0.36407752243393077
403,1580,0.34111179124343488
403,545,0.24857159120226305
403,536,0.24558566905214907
403,1216,0.21306836747398628
403,464,0.20778563255610594
403,1603,0.19805069739083336
403,1847,0.17823283943433268
403,886,0.17183508209476214
403,1799,0.11174373621482701
403,1979,0.10646973292128241
403,1170,0.097170874108138336
404,404,0
404,1897,1
404,69,0.56367625512165376
404,1049,0.51387177458800148
404,909,0.27269792051995384
404,1027,0.21659803408019523
404,1709,0.21029025447286465
404,35,0.20597657185163731
404,1126,0.16937983080357508
404,1595,0.15069501156906431
404,328,0.14559381181473302
404,335,0.141893389534056
404,1981,0.11881644577078039
404,303,0.1030112224261118
404,1909,0.094385838516823098
405,405,0
405,1910,1
405,1309,0.59619242324515775
405,213,0.50009162596571177
405,7,0.36600080107353733
405,338,0.22524277578833304
405,688,0.19557801449184856
405,409,0.18688257000352718
405,1656,0.1767048932669889
405,1041,0.14962610568492316
405,592,0.13088835779420646
405,518,0.10453678408460149
405,1587,0.10228394394707575
405,1892,0.086930207954720645
405,199,0.085925301896324496
406,406,0
406,1496,1
406,769,0.49280640652205632
406,1399,0.29258433617207136
406,1323,0.25581521078530528
406,214,0.25095207327250169
406,892,0.22275772977525077
406,712,0.21841584780058829
406,1756,0.19962136578222608
406,1930,0.19784406021163181
406,842,0.15970265582303639
406,1938,0.15932472036552156
406,1853,0.15494623035868602
406,332,0.15142270998195934
406,918,0.15069781225587597
407,407,0
407,1384,1
407,1991,0.35668189435404757
407,1816,0.33262716572435702
407,819,0.28260064797360784
407,926,0.24930898093535717
407,259,0.2271296755138254
407,795,0.21796395701320995
407,1666,0.19762291896528419
407,1692,0.19335110914376941
407,1449,0.18992898725963284
407,1143,0.18581543405467543
407,1134,0.1630070935950183
407,1328,0.16266666988156692
407,1968,0.14819121545168995
408,408,0
408,820,1
408,1780,0.7934065517766864
408,1564,0.58430039182895999
408,1305,0.31345916157450293
408,345,0.18588403123487163
408,1291,0.18348199655987965
408,1668,0.16843110649310389
408,1884,0.14644094711896749
408,1847,0.12593792279005425
408,101,0.11110352925231638
408,1543,0.088458059073623307
408,352,0.071700680897127722
408,1537,0.068582528542528276
408,1685,0.065712847041782194
409,409,0
409,1041,1
409,1620,0.59135143510170807
409,1402,0.35490775467306673
409,1884,0.30060899626288229
409,1587,0.19387535014729793
409,1309,0.19242688243914363
409,345,0.19074958997712163
409,1305,0.18928001428320146
409,518,0.1640466659346218
409,1291,0.15423869726071437
409,1495,0.15272213296816903
409,1910,0.14820231511869708
409,1239,0.13949032265942568
409,408,0.13498168999631627
410,410,0
410,1925,1
410,1689,0.40131793996397275
410,1361,0.38057260739125975
410,1347,0.3402455960919023
410,1701,0.31452815143914836
410,1178,0.25244876531581589
410,1458,0.22909283570428499
410,1199,0.2027588348329154
410,1009,0.1998282422198335
410,773,0.15763818235569746
410,1173,0.1310939843011272
410,1909,0.12047151961762344
410,509,0.088592447433765334
410,1750,0.088299761438936822
411,411,0
411,451,1
411,568,0.38960775727985836
411,264,0.38725510559411319
411,1077,0.26234406846011959
411,356,0.24813155258915301
411,1330,0.23961437960018031
411,1700,0.23046360056041559
411,982,0.2026278685264857
411,31,0.18178531237957743
411,559,0.17287164423951401
411,1191,0.1539626221036309
411,2,0.15140504141041927
411,289,0.14533756027503658
411,1253,0.14148281280272287
412,412,0
412,304,1
412,831,0.58283976655200898
412,705,0.44680521627606967
412,1483,0.44487408694149772
412,1891,0.40037773569582291
412,1329,0.28650962814354647
412,589,0.11620816406446816
412,983,0.11347389514136379
412,322,0.10908567582182649
412,449,0.095469236308062214
412,319,0.094542448810166865
412,1395,0.075450128842363018
412,1176,0.070904631967288523
412,808,0.070344797830115394
413,413,0
413,1088,1
413,691,0.36969422533646645
413,1529,0.29860153256799382
413,631,0.28848164545983485
413,1820,0.25257255721990257
413,231,0.2484860648665447
413,1172,0.20220692518706448
413,645,0.1994311594168712
413,637,0.18427135882976695
413,1238,0.17865526843252605
413,1966,0.17859316115838034
413,1772,0.1761699918373274
413,1444,0.1657645151389226
413,1605,0.16396157346649515
414,414,0
414,675,1
414,1685,0.79626867254244849
414,1780,0.46298873545782537
414,400,0.24989958949965416
414,520,0.19382507824928691
414,1305,0.18939840822038681
414,354,0.16599450885175882
414,755,0.14636910408328796
414,604,0.13718817508032499
414,345,0.13537672860409913
414,1357,0.13024970702346636
414,754,0.12529369582900682
414,224,0.091648467599593927
414,944,0.082397060474847891
415,415,0
415,1557,1
415,1665,0.48699023309966882
415,1405,0.43086206858803894
415,661,0.3243331909669912
415,1725,0.31616347530657152
415,340,0.29415190259860918
415,62,0.21258906560377105
415,1777,0.17061956970997677
415,1906,0.1379044048482799
415,1669,0.13300407037122575
415,278,0.10586471464768597
415,1116,0.10159198479978769
415,56,0.097417687659052093
415,1651,0.095408147865546786
416,416,0
416,878,1
416,146,0.68572311322188362
416,463,0.46243908030277681
416,1756,0.46055816327631577
416,769,0.34860617104288621
416,602,0.24293691464176545
416,1890,0.20505878384550885
416,1088,0.093867402798381003
416,1084,0.089596947023163329
416,927,0.08418265634191148
416,1963,0.068076408396427396
416,897,0.06223454666760117
416,1938,0.054182973941857122
416,436,0.049427449046614752
417,417,0
417,1840,1
417,1649,0.71413698258469682
417,1051,0.54229335630502884
417,749,0.42724399748386921
417,335,0.25100570817395235
417,364,0.20755623149564237
417,1423,0.15782254893689365
417,454,0.12625721309163596
417,1877,0.12244638105531941
417,1791,0.10132812033729731
417,1716,0.089834046460016553
417,1630,0.063803569353248393
417,1488,0.055572157922902057
417,1180,0.04758768619919769
418,418,0
418,394,1
418,1854,0.63921555310088074
418,605,0.35078729556613403
418,662,0.3460135143134993
418,93,0.34033306727661294
418,773,0.28652439629568793
418,1951,0.26583183322612264
418,1361,0.16609183311144102
418,1458,0.13603082820281068
418,257,0.085461862303378877
418,1689,0.079691285020878327
418,252,0.079083047671664353
418,509,0.067167132427603055
418,745,0.064664658891758708
419,419,0
419,1673,1
419,1092,0.94357574716221237
419,2,0.44039747593606093
419,267,0.27543399941481989
419,618,0.23567636919354434
419,848,0.18401362447462402
419,626,0.15411719257617992
419,1080,0.12881089183152383
419,1110,0.1276102964335471
419,546,0.11201725034456606
419,1628,0.095309790024035543
419,1557,0.074850768126861561
419,1767,0.072931760034441226
419,1651,0.062154959543228451
420,420,0
420,135,1
420,131,0.67702531983778402
420,1617,0.63498957880570328
420,1678,0.50445212810052475
420,973,0.22386548071995246
420,1648,0.20512713279559341
420,0,0.17864029909734844
420,1958,0.16865259105522629
420,1380,0.083784649499238736
420,1633,0.066050681548008819
420,1952,0.062363225342524038
420,1036,0.060830642315567424
420,1469,0.028322932468502492
420,1272,0.012782823146141039
421,421,0
421,1299,1
421,1808,0.40819501803645586
421,906,0.35942807610193683
421,996,0.27379339312946005
421,1612,0.25715381396184062
421,468,0.22347802873538736
421,964,0.22149626604940759
421,1814,0.20626208295052958
421,262,0.17816626865387111
421,613,0.16834688045617688
421,1108,0.16117258067938375
421,185,0.15076229019047518
421,1782,0.15004631400662122
421,507,0.14859601923982807
422,422,0
422,1026,1
422,1868,0.47245256966585913
422,598,0.36624661877529902
422,809,0.31989632896302878
422,352,0.22550278520156056
422,1223,0.20436454298747841
422,760,0.19009706206204569
422,1657,0.18558955202800675
422,1383,0.17920326229153674
422,1806,0.17756928564540941
422,1407,0.1743324621879562
422,820,0.17086528404915635
422,1727,0.12446042021359438
422,1594,0.11631961786296621
423,423,0
423,1886,1
423,1903,0.50148828626415731
423,1363,0.40578474662236491
423,33,0.32746546824581124
423,480,0.29196854176465042
423,825,0.24946055412250256
423,784,0.20735360144852855
423,445,0.18080530178289586
423,486,0.16598068013260525
423,623,0.14689440115084007
423,1588,0.10939304254735661
423,669,0.10912595092607805
423,173,0.10671908988629462
423,253,0.10445535095674041
424,424,0
424,1270,1
424,740,0.3443975995210532
424,922,0.327375018514176
424,687,0.31456089314410129
424,1663,0.23489127826321674
424,1943,0.21905384225740143
424,884,0.20932552216089531
424,539,0.20070209072526399
424,765,0.19048124057759636
424,1853,0.18105316878238242
424,1930,0.17942210800732331
424,107,0.1725398096402429
424,531,0.17087194953786089
424,444,0.16221830484419186
425,425,0
425,277,1
425,708,0.50627488990161762
425,811,0.43915095937895909
425,15,0.36364710472744122
425,490,0.32526120285902904
425,818,0.27792803317314679
425,1617,0.21419065313276517
425,151,0.2118733909951187
425,511,0.19136837798674605
425,1699,0.15321543817049216
425,796,0.084386347219227054
425,391,0.047052559353175802
425,534,0.046767586354492754
425,26,0.045774096430812677
426,426,0
426,380,1
426,488,0.41149074412865821
426,118,0.38774168345228704
426,1266,0.30246930390465726
426,18,0.2640703869406934
426,1290,0.24297543077308417
426,1186,0.20383352382164438
426,314,0.19941704370478167
426,289,0.19327647397029588
426,6,0.18274304793071058
426,1819,0.1438479846085714
426,841,0.12870424100843025
426,78,0.1282006009369859
426,293,0.11811533458554001
427,427,0
427,685,1
427,522,0.76805549017941077
427,1608,0.71487014527210568
427,393,0.28978954982386806
427,1772,0.18481607529618932
427,1579,0.17689668669453157
427,1321,0.16210391270750807
427,862,0.14849848835163401
427,890,0.084108560327230547
427,784,0.083547067730035743
427,1105,0.077995800705481025
427,1588,0.07533701010835285
427,1363,0.072534870161641563
427,918,0.068341285322428405
428,428,0
428,1326,1
428,167,0.67920977915631786
428,116,0.64831674865044686
428,1481,0.32178434842401327
428,1233,0.26757668911455512
428,1742,0.24758338359719176
428,1334,0.20143454314954679
428,597,0.19477726715225205
428,949,0.12392987667212785
428,792,0.086176952253735742
428,366,0.049966884241605662
428,1021,0.031881146196689615
428,358,0.031302586265097215
428,1423,0.022947912704363541
429,429,0
429,1486,1
429,1797,0.70339454280187841
429,731,0.64494831724449608
429,764,0.50074981645691585
429,1850,0.15322696420424503
429,531,0.14579900188251252
429,1704,0.13569429217129517
429,214,0.12048195858511923
429,457,0.10711908320567184
429,1695,0.087831308563987895
429,329,0.080967889795000331
429,1248,0.079296881014931167
429,1084,0.075417380340594128
429,1399,0.07196969892394546
430,430,0
430,477,1
430,1891,0.52583192739151696
430,1811,0.49087589532597925
430,1329,0.40730235718517777
430,254,0.21505734248803882
430,1884,0.18616284689703355
430,883,0.1721108955439794
430,831,0.15561047274527928
430,635,0.14838435570111019
430,589,0.13704460138420319
430,1543,0.12550580312102111
430,449,0.12079792247669974
430,673,0.1167845850426918
430,310,0.10542094336207795
431,431,0
431,470,1
431,1209,0.73149107100755684
431,517,0.32388601411320417
431,998,0.26422647795046089
431,1904,0.23103769383554551
431,1101,0.22438662318460378
431,287,0.20494218000529749
431,1961,0.16284949046592284
431,1547,0.15938569021100862
431,1359,0.13818052246990306
431,1596,0.12295843977282614
431,108,0.12122306475118073
431,877,0.11122456150209607
431,941,0.11110838122303783
432,432,0
432,448,1
432,74,0.38466163912674461
432,41,0.37673265579369886
432,1957,0.29029734320521228
432,553,0.26820840260522122
432,287,0.24863757321328292
432,354,0.24848530617763603
432,28,0.20702499718013112
432,136,0.20215719501248144
432,1075,0.17856873738650292
432,1926,0.17221681671226302
432,1708,0.11466836360255123
432,1395,0.11321876144627416
432,1961,0.10201491446092982
433,433,0
433,1338,1
433,342,0.76178453869544227
433,1467,0.61419933287292694
433,1516,0.29289434388050944
433,1711,0.2815633180746373
433,1687,0.22918143142285474
433,334,0.14583353937721649
433,1896,0.13199323470108398
433,547,0.10671199621130885
433,958,0.077309079902659672
433,1905,0.074158212461608086
433,794,0.073083630471917752
433,1439,0.059465467691710461
433,1653,0.058709510940835423
434,434,0
434,1995,1
434,4,0.44984392686868196
434,1096,0.37775625472772395
434,1107,0.26241815401276158
434,1736,0.24802463385689935
434,1356,0.22704156283845847
434,1230,0.21112608980169356
434,204,0.19771014186781277
434,125,0.19624547690180075
434,1827,0.19139270433023731
434,128,0.14276718443677816
434,992,0.13773977358798448
434,1000,0.13427596366230896
434,1721,0.13054912583761819
435,435,0
435,729,1
435,1232,0.46759180338397521
435,364,0.2804859961194891
435,979,0.27537733157316779
435,1699,0.25368523889435995
435,1672,0.23628431809133121
435,1180,0.23506614363275535
435,1562,0.22673591614733463
435,425,0.2082990963799719
435,1240,0.18853661213753642
435,1852,0.15957175853565903
435,610,0.15809518349694293
435,1010,0.11002589172344288
435,151,0.10713713455707544
436,436,0
436,645,1
436,463,0.73449815149111131
436,1529,0.46262454569058964
436,82,0.30314982808605556
436,87,0.27269443298663443
436,602,0.17520117721623396
436,1207,0.16851104989512786
436,334,0.16294681734950794
436,1023,0.13610250808647409
436,1088,0.11589327336215823
436,416,0.11585370492027697
436,1136,0.095189189351779904
436,878,0.08711916233363555
436,726,0.077106596331631971
437,437,0
437,945,1
437,188,0.73742461074430743
437,1853,0.35732356208663052
437,60,0.25187670068502882
437,1930,0.20525198647880119
437,220,0.18627512038224756
437,1399,0.17382781530228703
437,1943,0.16604453358276122
437,424,0.15219723011581099
437,1157,0.14967798351657513
437,1016,0.1416173104821655
437,531,0.14049431739267179
437,922,0.13790220920638344
437,540,0.10698525281132941
438,438,0
438,170,1
438,70,0.91282708340603624
438,867,0.89154325065260931
438,1103,0.36107999286360609
438,1358,0.17527825158860402
438,814,0.10063591884167397
438,26,0.097474958844075005
438,366,0.068030727516597986
438,889,0.065043251203737051
438,1932,0.063753637399571003
438,1576,0.047475849306012119
438,1199,0.045212373001887927
438,461,0.045008173720861445
438,1437,0.033525904837522685
439,439,0
439,1165,1
439,372,0.88356404147541812
439,1569,0.34307041021780543
439,1679,0.3056672435546538
439,212,0.28374254147838718
439,301,0.19475212005216855
439,1615,0.15796707845627503
439,970,0.1436955196002189
439,801,0.11966953840265569
439,1805,0.1121063250833738
439,1967,0.10792240432183595
439,397,0.10607181145850877
439,1984,0.083862453555621247
439,1787,0.064800370682831052
440,440,0
440,1200,1
440,1613,0.36792604925930789
440,189,0.36490830226038445
440,735,0.33912096284214738
440,1801,0.30707345243515533
440,1276,0.29396920836588158
440,1256,0.18074551722232521
440,21,0.17834053933876567
440,1940,0.17483262688215709
440,487,0.16892894957350607
440,778,0.15489281076839312
440,270,0.13790182306820431
440,1165,0.13383844216119592
440,1452,0.10440571236100528
441,441,0
441,818,1
441,277,0.68725102085103329
441,1875,0.679696216649051
441,186,0.36291524748734227
441,657,0.24330947634212471
441,715,0.19814475122335606
441,26,0.17093489236646622
441,1740,0.13639481097693756
441,874,0.13054446304021444
441,1473,0.10429951076593354
441,425,0.07189448598557717
441,1782,0.045310542494950659
441,507,0.039197920660913918
441,325,0.036999217790270322
442,442,0
442,388,1
442,948,0.48936355639929441
442,1442,0.40083618762320616
442,444,0.36273857695541262
442,721,0.32690855873287872
442,1693,0.255499781353897
442,1332,0.21685358145047454
442,13,0.20324380102427647
442,1416,0.1343516275759444
442,775,0.11213181378480012
442,1947,0.10738025097151965
442,1834,0.10629664304148356
442,1828,0.10150051494761879
442,1530,0.089795657743581836
443,443,0
443,512,1
443,1205,0.58732885746450236
443,1240,0.43841484818416482
443,574,0.36048488606729545
443,1836,0.20749857519824977
443,1429,0.18579442650655753
443,1650,0.18574513204008719
443,1159,0.16918656946800298
443,1909,0.15993454132896417
443,509,0.13377843787281435
443,498,0.13195832741483762
443,1595,0.12130771331262513
443,325,0.11972412982265089
443,205,0.10572888879336551
444,444,0
444,531,1
444,1270,0.64351037080176443
444,1935,0.33028761688745967
444,1695,0.27062175503031854
444,722,0.26556954644912789
444,1635,0.25894741496059276
444,922,0.24822298954606392
444,678,0.23337875215211767
444,878,0.1585514436500513
444,1663,0.12634785561335091
444,600,0.12117260501008022
444,1947,0.084026253388655048
444,107,0.083292497350638137
444,1534,0.082961676782912802
445,445,0
445,1991,1
445,1134,0.45404743529711894
445,1841,0.38100943301115425
445,393,0.29746815377579305
445,922,0.24924987737362922
445,643,0.23007218310621444
445,371,0.19787826645457085
445,208,0.18395687453620879
445,528,0.17228202917817848
445,253,0.16188427217174547
445,423,0.15479068903811061
445,910,0.14951129210620884
445,480,0.13901987322741985
445,765,0.13572826257038031
446,446,0
446,1745,1
446,1810,0.83673492914453762
446,1231,0.31301974618842687
446,799,0.27143677251664844
446,1564,0.24940610554451947
446,763,0.20704318905276298
446,604,0.17569608951835083
446,1847,0.14606306264136376
446,1370,0.14528295035199185
446,693,0.14192605066006983
446,283,0.12494374735051285
446,873,0.10655314080561863
446,822,0.097235805119176219
446,886,0.091557101519212827
447,447,0
447,1638,1
447,1699,0.37411097013897554
447,16,0.32698180520977377
447,1010,0.27059715516382166
447,186,0.260729124866659
447,657,0.20790427424213204
447,729,0.20708209581112275
447,1649,0.19787455930434919
447,1180,0.18633146955815935
447,435,0.18604765956719233
447,364,0.18575874138240597
447,1051,0.17688814900083882
447,288,0.16762630343833526
447,1590,0.15895275403795195
448,448,0
448,354,1
448,1998,0.64118720888318426
448,28,0.62771639310205773
448,1357,0.20601294222415273
448,1957,0.1850617391544738
448,338,0.17642745392700804
448,1387,0.16001176902575395
448,345,0.1455833092681757
448,553,0.14121577229451154
448,1395,0.13697826341216165
448,1708,0.12948667468218147
448,224,0.12456662082802687
448,432,0.12090283201684797
448,136,0.11174583528673421
449,449,0
449,589,1
449,412,0.53549946860766362
449,304,0.35172103595706128
449,319,0.34371850020432682
449,831,0.30864693469294296
449,130,0.29989033706406543
449,254,0.20924297463283301
449,883,0.19830316929169364
449,705,0.16284097124659386
449,322,0.10761977896349122
449,1158,0.099507426449534878
449,430,0.098876245343522781
449,1329,0.09667058929853603
449,1785,0.094360066100420525
450,450,0
450,654,1
450,1967,0.70100400030599996
450,212,0.6939187978814777
450,1873,0.32161507252792071
450,1362,0.24633191416214442
450,624,0.19241093457416328
450,9,0.17152358072177179
450,269,0.15265184462584774
450,1569,0.12300467540989932
450,1669,0.11628318948339487
450,1867,0.070982753343995272
450,550,0.044749909048535541
450,1318,0.042674649534478887
450,369,0.029739713146335688
451,451,0
451,411,1
451,264,0.54945226386942247
451,289,0.38227378539270707
451,568,0.27618388861914067
451,356,0.23782792691718302
451,559,0.22724817880977069
451,1131,0.19468047698841293
451,1077,0.17882851115816883
451,497,0.15520274664620057
451,843,0.14970540346200018
451,1482,0.14825811837960207
451,1253,0.14258350087799432
451,1228,0.13357490809194936
451,982,0.13107648154590862
452,452,0
452,1578,1
452,613,0.62528129742853544
452,1505,0.5203888648840278
452,1682,0.47997581214291646
452,1475,0.23949807768437478
452,93,0.22734789515167977
452,1837,0.1668231615162272
452,1458,0.13098030928522156
452,981,0.09964405568445156
452,814,0.090823789871912766
452,1929,0.089583365678061994
452,248,0.083491678339712327
452,796,0.080520709817246683
452,1716,0.072528301273881796
453,453,0
453,582,1
453,646,0.57324776211944473
453,1255,0.43893419631562619
453,1480,0.39978293448904167
453,1909,0.28375984230465406
453,711,0.2752745951858877
453,619,0.17810844697105335
453,1447,0.15299458630315788
453,548,0.14388654388615635
453,1018,0.12171311152942658
453,1237,0.10529794362045454
453,387,0.093837751789497159
453,811,0.070081296778243124
453,1390,0.069972046798116652
454,454,0
454,792,1
454,695,0.62650338548016959
454,1203,0.62501309161943885
454,1763,0.56774748874643965
454,1211,0.51648611313307891
454,1837,0.11404893255069799
454,1522,0.10806154463051139
454,1503,0.10021186097129164
454,1027,0.079126936933374123
454,889,0.060002794399882493
454,708,0.037648350566120814
454,1766,0.035383680998033268
454,814,0.020981537406707395
454,1542,0.015677715879705487
455,455,0
455,1774,1
455,1094,0.68864921446323946
455,1639,0.68102396905044627
455,1396,0.52550502561678658
455,184,0.23840668314197686
455,115,0.14766297365219311
455,664,0.14421817970764622
455,835,0.092627255685077098
455,1827,0.087137476742959144
455,681,0.071049211080695646
455,550,0.067147668721249526
455,523,0.067130259714195645
455,861,0.059298559158563385
455,856,0.037041577073396684
456,456,0
456,1297,1
456,1317,0.89027102858437801
456,369,0.51489806132713223
456,1348,0.3829607861915218
456,865,0.16120808334249037
456,1092,0.12488513726778271
456,1330,0.12420890159644186
456,450,0.12077904874237823
456,1569,0.11758428021528902
456,1557,0.10529286171287962
456,1532,0.10514086774132168
456,215,0.10476908073083105
456,2,0.084363302618097866
456,615,0.070523809555351438
457,457,0
457,1893,1
457,1756,0.43498126862160869
457,1399,0.30470201891936805
457,1248,0.22235203964815389
457,1439,0.22063494360132729
457,945,0.21072167593504579
457,1930,0.20624085126265967
457,188,0.20620253433460486
457,429,0.19645554053690797
457,1963,0.19185756904411316
457,1853,0.18699264594126377
457,437,0.18466788191435282
457,631,0.17131739367318016
457,531,0.16977226163955808
458,458,0
458,1778,1
458,185,0.40356969385837638
458,1358,0.37902598159676709
458,1108,0.32703582745517418
458,879,0.290335544418235
458,1964,0.2553887277755309
458,1473,0.2447554619948033
458,1722,0.20273328056144482
458,1686,0.17913416314787906
458,906,0.17513301362588213
458,1782,0.16350159068638329
458,306,0.10016414654097938
458,1005,0.097498532820963102
458,343,0.088610640967875534
459,459,0
459,491,1
459,666,0.79481947752905202
459,1022,0.26996536302398449
459,681,0.22298119176433662
459,1012,0.20064681698372655
459,123,0.19938049458338156
459,1273,0.19824855600326138
459,79,0.17097637776397256
459,212,0.16961389719909334
459,1918,0.15095753393690625
459,861,0.14709737460070479
459,624,0.14391672113062814
459,1556,0.12490750593366194
459,1067,0.11337024334512179
460,460,0
460,1872,1
460,886,0.80328078832527805
460,1646,0.42349887658453006
460,728,0.34861202832546345
460,1538,0.2286068477964005
460,84,0.20683986480006669
460,1312,0.20505185708096921
460,1519,0.19040712010547539
460,302,0.14923598930620022
460,1745,0.094348495921258643
460,1459,0.087443438705089069
460,1988,0.075934224078106669
460,1920,0.053726101341114864
460,1946,0.039906164986083868
461,461,0
461,170,1
461,1437,0.38988249693537275
461,889,0.3588781002756315
461,1522,0.32892079345638525
461,1211,0.25720352131840468
461,1203,0.23756711910178241
461,1942,0.2209115673709322
461,1576,0.18183707114112865
461,938,0.17592766896525036
461,1174,0.15521020841324357
461,1763,0.15312403458781557
461,30,0.15020419217083555
461,70,0.1501028367190976
461,774,0.14711484387883828
462,462,0
462,1527,1
462,1078,0.49706170195972849
462,924,0.45454095527895971
462,1408,0.26713843399754789
462,898,0.2657066185029005
462,1259,0.1887521061489047
462,60,0.18152195944160351
462,1536,0.1807096634347487
462,600,0.1735613705415372
462,234,0.15845521902862217
462,1444,0.15071174986929725
462,1859,0.13438341402449008
462,360,0.12836984330086698
462,126,0.12597142457994859
463,463,0
463,436,1
463,1619,0.47117697268068903
463,1207,0.34257934641931781
463,416,0.32989810645301887
463,726,0.29736333968671125
463,82,0.26153458190892126
463,645,0.24306208409339661
463,402,0.16547559178436
463,878,0.15480665017384887
463,1088,0.15357042682020708
463,1529,0.13864277579592013
463,674,0.12300966740659956
463,161,0.11792800444496274
463,1100,0.10783998641530783
464,464,0
464,955,1
464,1459,0.43878372282888012
464,536,0.3427280635538798
464,1979,0.3184127804651169
464,101,0.30003002677860363
464,1520,0.20676324706107638
464,1803,0.1889846106653498
464,403,0.18675041438672693
464,1170,0.17001356057162215
464,1580,0.15843211303462859
464,763,0.15791517279378231
464,1519,0.14980269489905595
464,1706,0.14746266970442123
464,1048,0.14081344842348251
465,465,0
465,720,1
465,469,0.73302835245465003
465,298,0.56655933694993754
465,1418,0.56584779190644741
465,1502,0.21518573230224308
465,56,0.19879865146343273
465,1637,0.10485327391932535
465,779,0.091501698003959298
465,1918,0.08348569843930527
465,1528,0.082041535483420511
465,590,0.076248826066234787
465,848,0.072127838009489284
465,1556,0.066441278602157691
465,1022,0.05077441973810605
466,466,0
466,38,1
466,791,0.46238710420187729
466,243,0.38946411909724415
466,1273,0.33757176753438434
466,596,0.33142624046464048
466,525,0.28704564532738319
466,942,0.20473635703879495
466,1471,0.1763935896725046
466,1684,0.17420763175969073
466,1604,0.12555505845135709
466,1936,0.11178086482051164
466,1378,0.10371273549634064
466,1184,0.10312393404551828
466,169,0.0994820213858751
467,467,0
467,1656,1
467,1054,0.72851324254940708
467,7,0.29336436031533747
467,1910,0.20035344415238593
467,947,0.18896704570532658
467,1955,0.18779154460570879
467,1998,0.18404745198350242
467,28,0.18311871447243758
467,475,0.17789159336468605
467,1976,0.16086669686814464
467,165,0.15899411884173173
467,1524,0.15021275384673724
467,883,0.14684574523092886
467,1600,0.14592924036915375
468,468,0
468,996,1
468,534,0.93155848489659165
468,1645,0.28984181848593993
468,205,0.26627939958651803
468,1448,0.2624732950843181
468,1539,0.22192791995328076
468,1682,0.18691177464065506
468,574,0.1407398419156933
468,981,0.13628788157922503
468,1814,0.13265865646994351
468,949,0.095950267490476096
468,613,0.084797625992336159
468,708,0.079904149594522036
468,551,0.077558995068781098
469,469,0
469,351,1
469,465,0.88769470244806137
469,848,0.44505665750653084
469,1056,0.39002023942571939
469,1397,0.3149610264076485
469,720,0.13306503990291954
469,1681,0.12557597118547617
469,1671,0.11443613640335877
469,1022,0.10506516781667065
469,1767,0.091566271427171941
469,1651,0.084258984073646445
469,56,0.080146301342267814
469,183,0.077786634613034464
469,298,0.057260789576895128
470,470,0
470,1209,1
470,1547,0.44967772223063862
470,431,0.34694682322307591
470,755,0.27398658149859362
470,265,0.22086982762899496
470,1596,0.20693659665786829
470,1158,0.19170090814179389
470,877,0.19164456864613172
470,1904,0.19061247251955996
470,324,0.18506041332315268
470,1101,0.18251735706055724
470,1810,0.16953179044926969
470,728,0.15393798799006422
470,172,0.14346561745950201
471,471,0
471,670,1
471,309,0.50183780460521976
471,212,0.43013153444918251
471,624,0.31584104549822517
471,1616,0.24917496157551966
471,1252,0.2020021488426938
471,1138,0.19228484496356588
471,450,0.18280948991842325
471,1569,0.17398619056870285
471,269,0.15168149131340905
471,1901,0.13119948381975882
471,683,0.12614360625127999
471,301,0.12560453419709944
471,1557,0.12419378723709606
472,472,0
472,1862,1
472,592,0.65654668261949611
472,1694,0.42182764571237963
472,1329,0.2573969872109047
472,846,0.24787006521037361
472,477,0.23284880954563605
472,1965,0.20995190766721034
472,1865,0.19835074529361846
472,1305,0.13357980539243391
472,1884,0.13182707987342049
472,1543,0.1177935802837235
472,1811,0.11184493157844012
472,1521,0.094770908657277927
472,475,0.092277350711396602
473,473,0
473,571,1
473,1943,0.63530375995070365
473,687,0.29701365890925702
473,1765,0.25355094436153941
473,510,0.23249345360472976
473,1016,0.23055958893314332
473,424,0.19543344050529099
473,346,0.19192832572567214
473,611,0.18813079870465924
473,905,0.1577459502977501
473,51,0.15725367824064537
473,1662,0.13038309333569206
473,1768,0.12843067526979529
473,1172,0.10866317686899266
474,474,0
474,822,1
474,99,0.6457817599775626
474,556,0.6040715669369775
474,754,0.42771934775219184
474,1971,0.23471241423447878
474,102,0.21007203958240592
474,1685,0.20647460350856453
474,1872,0.10542516292929413
474,763,0.098273460214571201
474,104,0.09240344143798393
474,520,0.081928762992298551
474,414,0.068454650808097567
474,81,0.067833473770636643
474,755,0.063742259798922812
475,475,0
475,1600,1
475,152,0.78093289232173746
475,1987,0.49471388696760543
475,883,0.39270043726519133
475,1198,0.36234644295046969
475,1521,0.35203229841720596
475,1739,0.18665585937824436
475,1402,0.068462091805780723
475,1587,0.060287100475556771
475,192,0.060052073854390361
475,1395,0.054230400200339708
475,1811,0.038456131753206863
475,1495,0.02860023199946388
475,1610,0.027419381184846651
476,476,0
476,623,1
476,1003,0.58617316382547502
476,721,0.43910817501538874
476,91,0.39075364562248155
476,794,0.25792254854878904
476,1386,0.23019326625940489
476,1292,0.16303076624139529
476,726,0.1351837637986314
476,13,0.13372162952965985
476,1304,0.12915280503559903
476,1804,0.12233949215180254
476,370,0.11870484918685548
476,1296,0.10041871995275641
476,1342,0.10018894675733443
477,477,0
477,673,1
477,430,0.34158014345945431
477,883,0.326147531317658
477,705,0.30165509302569044
477,1884,0.287995265740149
477,1329,0.27716264349567171
477,338,0.25312133400815157
477,319,0.19368024298776526
477,254,0.18350932595551339
477,1402,0.16648166171116371
477,1811,0.160135138943024
477,1305,0.14384077013390056
477,1891,0.14047498291069777
477,345,0.13109804380521295
478,478,0
478,1183,1
478,1666,0.57924452814361904
478,371,0.30849388712957299
478,1016,0.3078326409703746
478,722,0.25064221667371889
478,678,0.2279237554743212
478,259,0.20590707633981067
478,1765,0.18237369343488818
478,905,0.15927188193537675
478,687,0.15821026636193963
478,1335,0.14865015662209616
478,1270,0.1349248095998192
478,164,0.12963059963392368
478,1106,0.11377956963972714
479,479,0
479,1541,1
479,1873,0.93529966369507433
479,546,0.32575664811258209
479,1867,0.30975121766795427
479,1777,0.21055756146952101
479,1,0.20332573049377797
479,681,0.17381759691578078
479,1208,0.1427089356537653
479,1526,0.12382486391342214
479,953,0.12311078943794189
479,1396,0.10696420430274892
479,491,0.088684235071327083
479,652,0.085722736274959896
479,585,0.077367046841560497
480,480,0
480,860,1
480,1328,0.88251699449501642
480,825,0.53300066184371908
480,423,0.2888672618604427
480,643,0.26140775649144354
480,141,0.23641799017731432
480,1416,0.1754036099019663
480,623,0.12512937343171765
480,930,0.12492377007469045
480,1506,0.11416947543407281
480,1886,0.081025529648524164
480,1393,0.036400567360164476
480,445,0.02668097736509625
480,1327,0.020937090586285817
481,481,0
481,349,1
481,1847,0.32031570051858749
481,1151,0.26492501456184359
481,1803,0.26461192395864486
481,1239,0.25460836339996323
481,1878,0.23703613140444749
481,1979,0.23107094219296026
481,1907,0.22266614357688364
481,1784,0.2092096161231895
481,968,0.18870021664430178
481,1760,0.18319614333889508
481,644,0.18160219335632433
481,591,0.17700407845363686
481,705,0.17194375713124957
482,482,0
482,1945,1
482,758,0.52336491072111424
482,1989,0.35071932237831777
482,5,0.30666684010797651
482,940,0.27013006371462295
482,1599,0.2501193628567539
482,1108,0.18774125270707948
482,1761,0.18080558374728151
482,657,0.17054155207867949
482,1782,0.1621922966176384
482,859,0.14704345780255618
482,241,0.13023986723743058
482,544,0.11389866856981266
482,879,0.11342741803098214
483,483,0
483,137,1
483,1823,0.98409989957030908
483,8,0.31408513777104263
483,969,0.30085857098811747
483,1839,0.17262079790122256
483,1809,0.16902271894933038
483,1931,0.15674224709743664
483,871,0.1413274383128244
483,1478,0.14050167238095784
483,1588,0.13740826484847674
483,1869,0.12088494635057587
483,1731,0.095992812843715927
483,1399,0.094666321525685757
483,384,0.078681324403126876
484,484,0
484,1062,1
484,1842,0.53870317279222002
484,1792,0.46587645239049275
484,574,0.28399685117146717
484,1782,0.23360186491986426
484,758,0.21676612279947602
484,981,0.19900371829280267
484,711,0.16776968073574272
484,5,0.15236310496359232
484,1682,0.14400928634264989
484,1345,0.14316777896133806
484,1425,0.13625776372392867
484,582,0.11290895736269309
484,512,0.11246600098455201
485,485,0
485,9,1
485,1362,0.5609496675668818
485,772,0.4122243610910612
485,1436,0.30855137348425671
485,269,0.21518599531046048
485,603,0.19923691671697097
485,1484,0.17961380303429514
485,1822,0.17628947785217025
485,255,0.16618583961222874
485,1586,0.15805207653113845
485,450,0.15105119290396413
485,1669,0.14025975565287943
485,1607,0.11972760441676274
485,1602,0.11955897665166423
486,486,0
486,1363,1
486,669,0.64067772922093957
486,173,0.56325151375400406
486,370,0.28459538850314703
486,995,0.25757872414272287
486,1100,0.2470003090931015
486,423,0.17080591431657491
486,1886,0.15169580375591629
486,1352,0.14612148760007443
486,1747,0.12650074692874316
486,784,0.094224904970908546
486,1890,0.086802704337986328
486,1751,0.072894807198100001
486,1342,0.064741287358964658
487,487,0
487,1273,1
487,1050,0.66745660656469752
487,1194,0.47041305794879601
487,274,0.25310663477805029
487,655,0.24739345970813595
487,779,0.21846742522505003
487,1659,0.19856860728755418
487,1759,0.156666375025658
487,1471,0.14304277990131992
487,245,0.12735751199503267
487,690,0.11658921991418338
487,1936,0.10843608096137103
487,1200,0.10153316033531394
487,615,0.097867878564225658
488,488,0
488,380,1
488,289,0.72234504544863232
488,293,0.39392362282389537
488,118,0.2471365081643726
488,1138,0.20903265682123473
488,880,0.20881804254258615
488,1936,0.19595848386764797
488,737,0.17758160550300187
488,841,0.13834981408316507
488,459,0.12552378766243588
488,866,0.12541933137988456
488,942,0.12511924937647337
488,1759,0.1211870668323083
488,1252,0.11649955166387652
489,489,0
489,370,1
489,1100,0.46805491728911303
489,1031,0.46336589027804315
489,486,0.37147783495261721
489,1754,0.20513030649661029
489,623,0.19433778020119605
489,423,0.19304557029297123
489,1386,0.17170152945338166
489,1733,0.15278344416376941
489,1886,0.14994325644771281
489,402,0.13677582587255604
489,379,0.13651873365639247
489,33,0.13354505199092184
489,893,0.13020225965892973
490,490,0
490,425,1
490,391,0.73289822495187407
490,511,0.50310861863130618
490,756,0.29381760222655368
490,1364,0.19749231728078015
490,277,0.16507442692739507
490,16,0.15274336526164503
490,186,0.13748961357859976
490,1469,0.13297364065385733
490,15,0.1269152403837194
490,1678,0.12319177929870795
490,708,0.12292725032440795
490,1617,0.1091575182730702
490,1649,0.10910920739950566
491,491,0
491,79,1
491,459,0.54491291522257912
491,1012,0.50746509470209133
491,1022,0.27011124211565019
491,109,0.23853798104046833
491,988,0.21939937034563564
491,298,0.20974935558415064
491,1526,0.20283993214138601
491,1556,0.14011242046679759
491,666,0.12484237544649376
491,195,0.12430355584858957
491,90,0.11251206578826076
491,1918,0.10820717005430311
491,1280,0.10389177017906512
492,492,0
492,698,1
492,1708,0.65327320345886264
492,1948,0.24358788916223095
492,914,0.22504489170968064
492,1456,0.20247371638423328
492,759,0.20083045988450365
492,1041,0.19916019850711347
492,494,0.19095266547986084
492,290,0.1808018738454843
492,44,0.17024806606808549
492,400,0.16441797860906096
492,1401,0.16359731253220686
492,354,0.15949795882019074
492,112,0.15299665405974064
493,493,0
493,1934,1
493,836,0.9851162157119312
493,1753,0.88180146519616465
493,1563,0.24386764602918651
493,1856,0.21068811692375494
493,1118,0.19920456796953973
493,202,0.088945873117671423
493,178,0.057087675500715813
493,902,0.051034627896498902
493,639,0.047535779795054453
493,925,0.040886534425878099
493,500,0.034322754257487334
493,709,0.033744127862024395
493,1844,0.032647960433965027
494,494,0
494,271,1
494,960,0.42199468707024124
494,1708,0.41789207296745151
494,1046,0.26854007447289546
494,57,0.25550305277692548
494,1279,0.21178091140582411
494,112,0.20403291288376826
494,914,0.19089886505947223
494,400,0.17727064510510773
494,250,0.17417291518876332
494,354,0.16959086667991202
494,199,0.14777098342666969
494,1959,0.14060395121852728
494,1961,0.12683361764399873
495,495,0
495,1869,1
495,516,0.72060594656119126
495,771,0.29175334985743906
495,905,0.23478294639519634
495,1824,0.20320875696102614
495,1431,0.20152117027414229
495,1666,0.2008393426922449
495,965,0.17863885661985535
495,238,0.1689080513776865
495,1183,0.1677908119607448
495,1301,0.15668293273957423
495,722,0.13513297838088839
495,148,0.12630413240330793
495,608,0.12072262060115144
496,496,0
496,978,1
496,16,0.46235054294417682
496,701,0.36470956715047492
496,569,0.30129959247983207
496,325,0.28029789869120669
496,391,0.26778954608675781
496,27,0.24346753230468918
496,425,0.18130808517284805
496,916,0.1684985207325535
496,662,0.16717998418725438
496,186,0.14148300416573076
496,756,0.12934324583070095
496,1574,0.099906788004743022
496,1840,0.099257299210458186
497,497,0
497,535,1
497,18,0.42000603031035699
497,1992,0.41048320144291073
497,1077,0.36141934677059351
497,1153,0.27318521801348206
497,865,0.23526105942500664
497,1805,0.21763782755216993
497,1253,0.16054066538864295
497,1030,0.15751687777129192
497,289,0.15702706819677406
497,1152,0.14293416292374242
497,451,0.13082835816795196
497,1295,0.12365462129640953
497,411,0.11639660832160278
498,498,0
498,512,1
498,959,0.74897975103507053
498,574,0.38983105186756145
498,229,0.34319395220716448
498,484,0.27838200359960935
498,443,0.18424578438483907
498,509,0.1763039654144401
498,59,0.15418257812026301
498,410,0.14960743598518192
498,619,0.13456605947037983
498,875,0.10716216340971184
498,1240,0.094631677189636623
498,711,0.077351728487187604
498,453,0.068446265975439638
499,499,0
499,717,1
499,1006,0.56057363627116708
499,232,0.46429000364963985
499,215,0.3096019978632783
499,1330,0.27761873194893077
499,1604,0.25788729683959971
499,1557,0.2030166803929605
499,1720,0.1807405165568837
499,1152,0.14059681622201436
499,1090,0.12133044258514922
499,48,0.10286749875742141
499,1787,0.098815770293685851
499,615,0.09552909023286503
499,838,0.094032016088551357
500,500,0
500,902,1
500,1856,0.53050918043986461
500,1821,0.31168970235660243
500,218,0.30672189478333761
500,967,0.21847602461702731
500,1470,0.20878390863405952
500,600,0.19320908204975842
500,1536,0.18260552911667019
500,762,0.18150168262496155
500,1663,0.17722811823309945
500,281,0.16309420834625241
500,853,0.15219021481705511
500,202,0.14324411569185277
500,1530,0.13762826412522375
501,501,0
501,1057,1
501,803,0.69512321138114941
501,804,0.40564107210744749
501,651,0.35129949121829929
501,1268,0.2837471742695914
501,49,0.24804632940884852
501,664,0.22719598961124801
501,160,0.19488978663374565
501,399,0.17447474370342875
501,1526,0.094838030719671743
501,1208,0.066175990438409257
501,1485,0.059908285936914656
501,585,0.054312852052356413
501,92,0.051235702270940597
502,502,0
502,773,1
502,1504,0.53239069424890029
502,217,0.31664060872447231
502,284,0.30317251455570404
502,1701,0.28422795232398024
502,196,0.23320806389552085
502,1981,0.23233427907976864
502,1951,0.17840892348318665
502,1086,0.17107843181391552
502,605,0.14190666358290427
502,560,0.13958999249083118
502,932,0.13953403509711024
502,1561,0.12010594952633474
502,1178,0.11428474136423283
503,503,0
503,62,1
503,1906,0.76749212419281365
503,1793,0.38973483076936516
503,1720,0.37803443395752373
503,1651,0.32215733604557201
503,1405,0.26984095663610785
503,1107,0.18286429516889724
503,1122,0.14877248803186782
503,415,0.14489486556190184
503,1725,0.10955819991494195
503,341,0.069983154557600832
503,1513,0.05776884166897564
503,1303,0.03337621108450637
503,2,0.032410972510838992
504,504,0
504,1066,1
504,1644,0.81930610860952779
504,1632,0.61487662155682887
504,1366,0.35497331654870901
504,754,0.21401406959744218
504,822,0.18375468157325919
504,1566,0.14640192610380218
504,1185,0.14023508666304943
504,1685,0.095966096880879426
504,520,0.092482731950579114
504,1168,0.077609375537563571
504,1193,0.075740772865149547
504,1305,0.04649738278437722
504,592,0.045027971222878875
505,505,0
505,1371,1
505,1802,0.94776517785545
505,350,0.69677295780167725
505,903,0.33900153216267476
505,318,0.14940155782969852
505,1690,0.11939407370980214
505,1949,0.11123258009042516
505,690,0.10486654683723813
505,1546,0.10298315713555314
505,1555,0.10007207112552775
505,1855,0.076648434990261832
505,716,0.06182133869125666
505,1787,0.056549460931881866
505,233,0.040391289685841811
506,506,0
506,1193,1
506,518,0.73281638328730347
506,705,0.4746787404661269
506,1817,0.38837191327849807
506,896,0.22467374610314028
506,345,0.18060144560639144
506,594,0.14441628704417447
506,592,0.14097196571789899
506,1305,0.13175154397481054
506,1878,0.11275926129725167
506,673,0.09594783829901965
506,1366,0.094637900765665264
506,477,0.093218892063683098
506,1472,0.092049734855663173
507,507,0
507,658,1
507,1473,0.39903581894256329
507,1425,0.3897491390342428
507,964,0.30347239476120852
507,1791,0.30065683000568122
507,777,0.23982368552086133
507,1875,0.20004868044746746
507,715,0.17728403391773462
507,1782,0.16748974033158628
507,981,0.16016431462143801
507,1716,0.14927047055032328
507,1740,0.14404683173472899
507,613,0.13977964350834746
507,1682,0.13607031147840454
508,508,0
508,1412,1
508,1650,0.54101968768371056
508,1293,0.38116848896812261
508,1973,0.36779380279176638
508,1227,0.30686947200139392
508,1447,0.23981615492484337
508,758,0.19761186552652485
508,1925,0.17845886146886653
508,1159,0.17175206480258173
508,963,0.11270354005870115
508,196,0.10362948334533771
508,1589,0.10317419092009252
508,940,0.10172737504542334
508,574,0.10117371124095752
509,509,0
509,959,1
509,662,0.97058835028142132
509,1205,0.41549613202816871
509,1701,0.16936147266014862
509,1062,0.16860812301796466
509,257,0.16765066228705047
509,196,0.1532844797864954
509,1441,0.14868806993357192
509,225,0.13200700474293747
509,383,0.12743826392950777
509,205,0.1210184881179885
509,619,0.11814746092521722
509,325,0.11669775548980575
509,574,0.097897789281419526
510,510,0
510,1264,1
510,1970,0.68102509866369787
510,1172,0.54120738077318853
510,1461,0.51578086496133124
510,781,0.23279131017084684
510,687,0.18532454804019832
510,473,0.15785780020958431
510,1850,0.15471770943037225
510,231,0.096792970032153772
510,1662,0.095062440927078051
510,346,0.092524485869465253
510,608,0.056309537126296424
510,51,0.053612342857378974
510,1943,0.043888004271937411
511,511,0
511,425,1
511,756,0.68090202704572289
511,490,0.60635888237542868
511,134,0.31415791929329889
511,86,0.225322928712065
511,391,0.22142002810743505
511,277,0.17881340363722711
511,15,0.1274255472367663
511,1678,0.11186459003540884
511,847,0.099427744984490932
511,1364,0.091557256884603158
511,534,0.088581872949415871
511,708,0.086755489105977093
511,1617,0.074304695456987882
512,512,0
512,1240,1
512,443,0.71880694842895709
512,574,0.32859424588040709
512,548,0.32164089355754483
512,1836,0.30230365012022292
512,498,0.21531868944633445
512,484,0.17003345911251541
512,1650,0.16416380378796466
512,241,0.15060876732599618
512,325,0.13316372924297648
512,1842,0.12100852152844553
512,1205,0.10006321880113855
512,758,0.092543186163427868
512,909,0.088649142039861156
513,513,0
513,219,1
513,1882,0.98583035536968111
513,1366,0.57792746623054703
513,1632,0.40908669130380521
513,1806,0.27055629466397102
513,699,0.20515797553835805
513,1066,0.10598233556648355
513,1354,0.09553962556186528
513,1566,0.05398422408002574
513,1878,0.051033553271543228
513,1644,0.040578117205526031
513,504,0.039094101274547675
513,1677,0.036941485919674506
513,1533,0.035178889662379371
514,514,0
514,1567,1
514,333,0.89508191472914611
514,539,0.333036303120465
514,107,0.29759586078170919
514,1663,0.28777015219039953
514,1270,0.23840973445913455
514,323,0.2027773633563397
514,1335,0.13931516517951373
514,1935,0.12238576730838385
514,776,0.089180985260969486
514,1635,0.0809266778452091
514,922,0.074397546713586546
514,424,0.073590751162882162
514,1572,0.072416098417788344
515,515,0
515,1156,1
515,347,0.72369029083309122
515,1640,0.35090859298930316
515,1009,0.24960330615099871
515,1229,0.21380547374555989
515,980,0.20002456385051148
515,1032,0.19115237441286956
515,1192,0.1714915438661391
515,1929,0.14563422151932318
515,1242,0.14054825167899723
515,814,0.13480295095565317
515,1925,0.13205604298242887
515,1758,0.12848424801304711
515,869,0.12468587466192742
516,516,0
516,365,1
516,148,0.71151588468322857
516,238,0.68066501540243229
516,1238,0.57143854499811164
516,602,0.20132710103777648
516,1431,0.18340706205137242
516,1534,0.1097677269629668
516,722,0.1018509698245402
516,608,0.082878027174101185
516,834,0.068620588860905427
516,1136,0.057125635054725767
516,1323,0.052697534970389565
516,1265,0.044746154094886074
516,1409,0.040852692760853918
517,517,0
517,101,1
517,1760,0.58598221375877335
517,44,0.36338789759114737
517,203,0.34224977317998762
517,1564,0.33056259381329595
517,955,0.28139264017460064
517,1961,0.18818143529112613
517,1459,0.18193277695594842
517,1803,0.1734176263600585
517,1948,0.13472212083372964
517,1535,0.099433810743685874
517,1685,0.078196839552224645
517,1243,0.075355304130626785
517,1101,0.072079408005777681
518,518,0
518,1878,1
518,1892,0.99501195666514286
518,506,0.55571948944325855
518,1632,0.20706879197475125
518,1251,0.19899144486172377
518,594,0.17886514049159502
518,1354,0.14171631402120172
518,409,0.13884819790903594
518,481,0.11333988272060654
518,705,0.098002364844695489
518,163,0.07721451687576307
518,1305,0.075100614313835606
518,219,0.065353484866587749
518,1366,0.061660278630582509
519,519,0
519,1301,1
519,1212,0.68741454121543522
519,639,0.29574810236631477
519,107,0.25389835296160096
519,1435,0.20707318080284937
519,1183,0.20260568174983115
519,157,0.20097839506275503
519,1751,0.18208746160243086
519,1449,0.15770317426293798
519,1352,0.15427317349735212
519,950,0.15131565182042306
519,1931,0.14403022481407152
519,308,0.14240674669231121
519,32,0.12735778569813122
520,520,0
520,1644,1
520,754,0.36562389588700656
520,955,0.3012009651899874
520,101,0.28973100346461567
520,1366,0.28640301052705885
520,1685,0.27569492419711594
520,1305,0.21251905974274155
520,1066,0.18986679408250612
520,414,0.1857506216980474
520,594,0.18166546943260897
520,99,0.17364945100354565
520,553,0.16368658523164645
520,1953,0.16156379075225227
520,354,0.11953857532825185
521,521,0
521,604,1
521,1538,0.40316388152185489
521,1610,0.34485810564169617
521,446,0.27014501804016633
521,693,0.26735319951855036
521,653,0.24837812383568725
521,822,0.18828619947217698
521,1913,0.18047296882316263
521,1965,0.17896761926299454
521,349,0.17295080486861955
521,1972,0.16539842849378653
521,1976,0.16403976465362377
521,1224,0.16199589747547996
521,1646,0.16088121408780212
522,522,0
522,1588,1
522,784,0.67918928989270522
522,427,0.41299034800301038
522,1363,0.27753379689497865
522,1608,0.27151091649164366
522,1625,0.19359837043759495
522,379,0.18893760447392138
522,918,0.17186375652541036
522,33,0.1308177217364985
522,393,0.12470474090736752
522,876,0.12454614661549079
522,253,0.12098697363690752
522,1043,0.10757143957771369
522,423,0.10263848056799868
523,523,0
523,1725,1
523,62,0.4846795981804769
523,1219,0.47110557004561926
523,1829,0.27118212591142044
523,1681,0.26047853461634507
523,1651,0.2072187721864808
523,340,0.19736771093897471
523,1660,0.17559210638005349
523,1122,0.17213925723828108
523,1096,0.15318093886989373
523,401,0.14113770052255584
523,1665,0.13325451523163626
523,243,0.12634759284464181
523,1855,0.1132061472641184
524,524,0
524,273,1
524,1983,0.65763399827232583
524,1035,0.62984696380621741
524,997,0.54956200397152788
524,1944,0.21466818893999062
524,1652,0.20396564152554
524,1628,0.13921814186057949
524,1181,0.10145796286497254
524,671,0.087536105593486777
524,1851,0.087220772837362653
524,1894,0.062036188523829618
524,931,0.058961676449178338
524,1767,0.058771959357669774
524,1460,0.056016501988532759
525,525,0
525,1660,1
525,243,0.86862185358516064
525,596,0.30634977282271209
525,1096,0.26174884785945846
525,788,0.24224946449383652
525,1974,0.16049082171582207
525,686,0.14728791055835247
525,1069,0.14431452415821627
525,523,0.13907363845389495
525,38,0.13540032597122947
525,466,0.13245139268535069
525,1283,0.1262678466607744
525,861,0.1236927332650113
525,242,0.11893162558360625
526,526,0
526,877,1
526,279,0.47430881558513899
526,1245,0.40862042610214522
526,1596,0.3112768421336769
526,1955,0.23409307073817964
526,431,0.23041800122670894
526,1392,0.21628875741180587
526,1710,0.17427036627794892
526,1459,0.15585693815455107
526,470,0.14781878900993278
526,250,0.14558103942727482
526,268,0.13746614751572664
526,914,0.13619810924210857
526,1279,0.134695113763935
527,527,0
527,746,1
527,711,0.31511877751208861
527,3,0.31339009790943162
527,1004,0.26854222753461021
527,1347,0.26161977704425582
527,1458,0.22978414458629068
527,569,0.22406124010656331
527,1993,0.20131872628711198
527,1682,0.19679687999004336
527,732,0.18996352799224472
527,93,0.18670056078448818
527,453,0.17929785506459339
527,619,0.17620447754848353
527,1018,0.16409277910914447
528,528,0
528,445,1
528,1641,0.54699401724841923
528,94,0.52455460509231244
528,53,0.26851805255998457
528,1493,0.25767052208627228
528,539,0.23275899929814578
528,798,0.19386596674665257
528,1743,0.18544016089052134
528,220,0.13863515497760837
528,1479,0.12281842741430411
528,316,0.12134662661279821
528,371,0.10856880975250137
528,919,0.10409812672497284
528,1794,0.10162048725859178
529,529,0
529,1097,1
529,649,0.56496946307459095
529,396,0.44802829835147084
529,1184,0.34359920085712425
529,966,0.34143369391691941
529,1047,0.2060169792743177
529,1906,0.19863691397440014
529,828,0.13203107312328136
529,555,0.12902856253251505
529,1107,0.12566134998414913
529,1602,0.11495432900716854
529,1684,0.10173466751199711
529,1665,0.10133382144563649
529,1378,0.099469602037128971
530,530,0
530,125,1
530,1714,0.53065929817025581
530,1413,0.49451733333562542
530,671,0.35662162324446411
530,1736,0.27739099071612572
530,1546,0.21560000945756846
530,183,0.17802466639505962
530,1611,0.17424518740395861
530,401,0.13086189886957006
530,976,0.11892452350380379
530,1187,0.11505479263758317
530,953,0.10846819399499177
530,1219,0.10646836203906232
530,1526,0.10004488836700996
531,531,0
531,1248,1
531,444,0.4080245275974182
531,1704,0.39690132551430507
531,1695,0.33039229685787486
531,1399,0.27962623729733305
531,922,0.25288113850538818
531,1635,0.21443386848786763
531,1408,0.20181647349378831
531,731,0.16287357272779826
531,1938,0.14667891084275431
531,424,0.14125939595549314
531,878,0.13567208368202263
531,60,0.1215889779191919
531,917,0.11473367178058833
532,532,0
532,1149,1
532,981,0.94381593311035883
532,1475,0.60367566951318907
532,830,0.28038182468130035
532,93,0.20175440515146212
532,252,0.19012519709185524
532,613,0.18908652691866243
532,1451,0.1426558744119403
532,875,0.11811814643111827
532,713,0.083565510216423722
532,1709,0.041989427653921205
532,70,0.040746790688800195
532,1792,0.035757968316143973
532,452,0.035216276726005913
533,533,0
533,271,1
533,1109,0.74850473311606713
533,324,0.33866623256689105
533,1904,0.32815620204312423
533,1961,0.21850518923921541
533,57,0.21577622441190986
533,172,0.19578077483393733
533,104,0.17681048818829187
533,998,0.17285467451205705
533,1838,0.11780465840312096
533,1990,0.10882819002067479
533,882,0.10035842822335049
533,1585,0.094810553557201596
533,1872,0.090028536159427755
534,534,0
534,205,1
534,708,0.55973122564348343
534,1645,0.47683540797046392
534,86,0.34420226118110986
534,277,0.27464121812188186
534,468,0.1956595811713237
534,847,0.17193895547534196
534,949,0.16448485633877724
534,963,0.12356758882548419
534,1255,0.122445014243137
534,138,0.1220543497030746
534,1199,0.12081224957422583
534,26,0.11793475738434467
534,676,0.11258524143548161
535,535,0
535,1153,1
535,497,0.45532536457977985
535,1030,0.32770235119190444
535,1912,0.32366521642732432
535,1104,0.30994673723240274
535,1992,0.27351378473570342
535,865,0.22163098582938201
535,1805,0.19760792510473374
535,1636,0.15805402402176502
535,1984,0.14701103224433354
535,1295,0.14607101347666088
535,18,0.14178313881241084
535,1851,0.11383585660407543
535,1333,0.090741259469318644
536,536,0
536,1803,1
536,1603,0.33158159510141333
536,464,0.2962979550580449
536,101,0.26931730166434642
536,37,0.22319967235980809
536,1933,0.21789416248574162
536,95,0.2176151315868918
536,1580,0.21095513342624789
536,517,0.1967722032876924
536,1979,0.19661148590438204
536,1847,0.18894242037230061
536,1535,0.18807974342906644
536,1760,0.18559373975389917
536,403,0.18402223152670125
537,537,0
537,1953,1
537,1410,0.33935258903852344
537,1601,0.30415248212952156
537,616,0.26916344723253605
537,520,0.24963830890243105
537,99,0.23339613026381359
537,41,0.23324068107149518
537,1070,0.22876108695122985
537,102,0.18895218130922273
537,74,0.18715544007961857
537,1865,0.18438468173714648
537,354,0.16840781882764611
537,946,0.16099958097938963
537,1872,0.1592846963880242
538,538,0
538,25,1
538,1919,0.42325600349615256
538,1024,0.40845376336827399
538,36,0.40539508430240806
538,1381,0.37526859334377849
538,1093,0.22857935463517332
538,930,0.19415820854010671
538,825,0.18634405090021208
538,1393,0.15918850103141868
538,890,0.13959645140498583
538,849,0.10675150113564584
538,881,0.10130880040304126
538,1292,0.091261930002270342
538,862,0.087323465495698041
539,539,0
539,1641,1
539,346,0.36576156149048294
539,1853,0.2589802274066248
539,514,0.23749288106184488
539,731,0.23502007371287911
539,1635,0.22566199768062256
539,922,0.22324993361271103
539,1468,0.2128691182971254
539,424,0.20770901613269244
539,371,0.207229293344976
539,1567,0.20057938449637203
539,107,0.18894427528423094
539,220,0.18299005056781578
539,1270,0.16040193581248324
540,540,0
540,188,1
540,842,0.61438506165006956
540,1853,0.5479102954815962
540,1943,0.46502772701195294
540,1399,0.28581026605752408
540,892,0.24884463388618741
540,1323,0.16412284628827428
540,437,0.15133635047555163
540,945,0.13315200794179924
540,148,0.086927563375112121
540,406,0.058088600084988319
540,1930,0.057130484402383636
540,8,0.055032332054912016
540,1486,0.039113608112053007
541,541,0
541,1744,1
541,1969,0.75363956754759576
541,1662,0.38823052597294028
541,1311,0.2752352352643419
541,1704,0.24377991841574687
541,429,0.20780052425401552
541,329,0.16784941469015988
541,1486,0.16490520011562057
541,842,0.13819360141428952
541,1943,0.12502236894295729
541,1627,0.12072074013909756
541,346,0.11891528061012756
541,1487,0.1127078290630131
541,965,0.089886700046708706
542,542,0
542,1561,1
542,328,0.67539395197684726
542,5,0.47625549162306224
542,1981,0.24994871389970955
542,239,0.2182306958197511
542,573,0.20717908698437526
542,252,0.17871579351868541
542,1576,0.17260990446999502
542,1897,0.16132239886624289
542,855,0.1389112915727157
542,859,0.13632448470258443
542,1683,0.11045246199660626
542,1103,0.10959006613131177
542,1709,0.071952901279776285
543,543,0
543,764,1
543,794,0.40582656371773751
543,771,0.39942477301907675
543,1136,0.31870498293997784
543,342,0.30628495353581264
543,1486,0.27210757966108812
543,238,0.26948771394508886
543,905,0.16980823296177525
543,1733,0.14773863650713401
543,1804,0.13183403344978847
543,148,0.13082480061060819
543,611,0.12392299366991028
543,1304,0.11655075504783305
543,602,0.11436794093924252
544,544,0
544,657,1
544,507,0.43132693124715399
544,874,0.36024203870259947
544,186,0.30219114635419148
544,1877,0.25356047032383705
544,1860,0.22480362675823873
544,1051,0.20207253664817584
544,711,0.20133441863436494
544,1149,0.17999377281194559
544,1425,0.16627068368554804
544,682,0.15986481594632393
544,1488,0.15199015447013822
544,1473,0.13778261834355734
544,441,0.13545435842686473
545,545,0
545,403,1
545,563,0.61597680937076604
545,1745,0.36783709365339995
545,873,0.2680298948996625
545,1382,0.26630254237169498
545,1365,0.25946551210941454
545,1216,0.25204593299602135
545,824,0.15574047151903794
545,1895,0.15322623590965018
545,1170,0.14931811339667198
545,785,0.14207758155856975
545,1603,0.10380992652516417
545,886,0.090565639699999007
545,272,0.082500034405496719
546,546,0
546,1873,1
546,1568,0.76742584908505262
546,681,0.55422551031789169
546,1681,0.36025856523680749
546,1457,0.23281320840462363
546,1122,0.14511441260747379
546,1067,0.1386753057736051
546,212,0.12048360469748645
546,1092,0.11189267579531201
546,1767,0.11037625800468731
546,479,0.10853836228274939
546,861,0.094842958901938335
546,1967,0.086072823310315141
546,1080,0.076178125188893844
547,547,0
547,60,1
547,1467,0.91588487370834371
547,600,0.40966571258692919
547,1270,0.35366526687011751
547,1444,0.26408300452439509
547,1859,0.19892955190154521
547,202,0.17480306828717163
547,424,0.12903787731429051
547,922,0.10147827540856026
547,1896,0.10045009711314545
547,1338,0.095360727623582373
547,645,0.055961152425228304
547,740,0.05443311985555823
547,381,0.053145055794669986
548,548,0
548,940,1
548,241,0.79547212417282143
548,512,0.35795753714639017
548,1237,0.29256247753733194
548,909,0.28838412160957666
548,790,0.22841663494328815
548,1235,0.201513423417535
548,453,0.14198032714444811
548,1480,0.12733447199281919
548,69,0.11964679761745997
548,1842,0.10367322421206475
548,582,0.094093796319017362
548,719,0.085093490166559801
548,387,0.070764030511630049
549,549,0
549,1194,1
549,22,0.79550527240635149
549,18,0.43584039618018267
549,274,0.32955523051200108
549,590,0.28135911218511361
549,298,0.26494489551336053
549,988,0.17339765464889623
549,779,0.10734320547171274
549,1076,0.095916879582062159
549,1636,0.090030000756347581
549,1030,0.089076860917982503
549,1333,0.087615254472448861
549,1050,0.0785701584606949
549,194,0.077730275430322904
550,550,0
550,369,1
550,1250,0.48857474713667398
550,654,0.31197344021088003
550,1094,0.31016817900391536
550,294,0.2250199396796364
550,1967,0.20766436641297603
550,1592,0.20594119390661253
550,450,0.19666445752861911
550,455,0.19312769125603246
550,382,0.17360531190004302
550,1318,0.16491989313244965
550,1396,0.15091608952846833
550,1586,0.14645705548551521
550,1669,0.13185061434364359
551,551,0
551,138,1
551,468,0.53528233416963744
551,383,0.42067816454137896
551,534,0.29689085851320374
551,1001,0.24754247202504415
551,1271,0.24306741810137378
551,578,0.19144993400874408
551,949,0.16058260980445119
551,1448,0.15362197645892195
551,1925,0.14587280965786709
551,1173,0.13934836314256355
551,730,0.13424148905044292
551,1481,0.12537152306715554
551,676,0.11293300055418161
552,552,0
552,1224,1
552,95,0.39397006030664627
552,1571,0.28654887316079064
552,1387,0.2430694468847982
552,1988,0.23851214910417087
552,1155,0.23594967337044917
552,1392,0.22766880862004188
552,1946,0.21861473332964912
552,1120,0.20204800683842808
552,1732,0.18263870806675253
552,757,0.18129646591304696
552,1575,0.16815088420562352
552,770,0.16474315220099101
552,960,0.16368494398424627
553,553,0
553,1048,1
553,136,0.64056596307797953
553,1357,0.48909898352422554
553,41,0.4052032843812387
553,1957,0.24956887056832913
553,594,0.21496158042220548
553,520,0.15658621466584591
553,955,0.15426709548864739
553,230,0.14262650719256956
553,1770,0.11421159242714689
553,1291,0.10977643730682375
553,448,0.090184831626931777
553,1953,0.073230073894452699
553,28,0.066605863978126664
554,554,0
554,700,1
554,1326,0.70797585689883669
554,1426,0.62865089124020501
554,1975,0.27529603047918938
554,1960,0.27424106641600271
554,1423,0.25927934672867348
554,428,0.20045444799313697
554,1233,0.1596661345591367
554,792,0.088717530409798212
554,1446,0.075248932171467969
554,454,0.074085269788977046
554,1008,0.057710609295163702
554,1742,0.054194669142305703
554,1898,0.051361587439581344
555,555,0
555,1879,1
555,396,0.42308541919750225
555,529,0.38085613366476961
555,649,0.29954070852054854
555,1096,0.2806177812044644
555,1356,0.22944954988573715
555,1999,0.19831863340455533
555,1147,0.1820344594035721
555,1665,0.16703218160677202
555,661,0.15751817915713276
555,1735,0.15116235494480043
555,1107,0.14662840493520507
555,121,0.14586060940761311
555,1660,0.14477755090196798
556,556,0
556,102,1
556,754,0.49658665271430513
556,474,0.41526839187989312
556,99,0.41289291742239481
556,400,0.37898577411438999
556,1316,0.25828257418232309
556,675,0.16113227676449354
556,1685,0.13427531941475326
556,1865,0.12788586451234535
556,414,0.11832411933159488
556,1727,0.11500639157690218
556,1543,0.10558261757539238
556,914,0.092873596136208894
556,1871,0.089801710176327709
557,557,0
557,1098,1
557,1422,0.73372291116426847
557,939,0.64871139746590767
557,1769,0.3501502158613744
557,311,0.27485288920131301
557,738,0.22678858155141121
557,1410,0.10413460823106142
557,757,0.10257808174455936
557,1133,0.083589632103565459
557,1042,0.078198847525700249
557,946,0.077781468343454396
557,594,0.077204063776128345
557,1899,0.075214063692864971
557,707,0.0739614164106875
558,558,0
558,1983,1
558,1767,0.53007238509013266
558,150,0.48735336636836246
558,848,0.38257711401410044
558,1851,0.36232754093295078
558,800,0.26716001507332393
558,1092,0.17833348697721804
558,1700,0.13061548821820831
558,1636,0.12409994651980594
558,1725,0.096345824981047143
558,397,0.09455572322835798
558,1104,0.091314131988359984
558,1737,0.086788766735624481
558,62,0.075341099781608134
559,559,0
559,356,1
559,1228,0.56733667766816931
559,411,0.43773864437495874
559,451,0.42103314736940711
559,1313,0.35960259667276634
559,1257,0.1652387842140299
559,289,0.16283723897517483
559,1191,0.15185787879372856
559,956,0.14121225697130813
559,664,0.11106864596354224
559,982,0.10938473280423161
559,737,0.098674499079086264
559,399,0.092617799965955275
559,49,0.088291440214799358
560,560,0
560,1680,1
560,1086,0.74729045530587512
560,1531,0.42112307459035925
560,306,0.28268169830926621
560,1062,0.2658951255946258
560,579,0.21895150234133182
560,225,0.19714328681632279
560,1854,0.18298801454507146
560,605,0.16816047224665481
560,257,0.12999812862456295
560,879,0.11381838660281969
560,196,0.063150805654411071
560,1504,0.061689585042100641
560,1686,0.054008072747992825
561,561,0
561,1570,1
561,348,0.42376632944089676
561,530,0.36230750551668667
561,976,0.3381173142972721
561,1485,0.28713688674400595
561,1450,0.22440140070218514
561,1181,0.2116877133623587
561,935,0.18679164459247344
561,160,0.15725668209830024
561,183,0.15160442762712145
561,1949,0.15027523649572569
561,1413,0.14645296476368452
561,1793,0.1371180678357872
561,1937,0.12997957255279552
562,562,0
562,1239,1
562,310,0.52324843527434961
562,1518,0.37498203260512258
562,1500,0.27250669513489412
562,190,0.19988754127127212
562,1002,0.19011183676198332
562,584,0.18692161639063087
562,408,0.18681310838370502
562,219,0.1693664698691075
562,783,0.16736018411941411
562,820,0.16708283299242194
562,1739,0.1616624177405549
562,831,0.15894938777389761
562,1878,0.14800452941462106
563,563,0
563,403,1
563,1603,0.78853370788768262
563,545,0.42167173327121349
563,873,0.282226045002412
563,785,0.23982648453812019
563,1580,0.20973767700432172
563,1745,0.19028966940853098
563,536,0.18380032214472189
563,313,0.11533283726027448
563,1370,0.11388552147602811
563,244,0.10703281803106313
563,1933,0.10212286100147555
563,1803,0.0941417777085818
563,37,0.058282814758735479
564,564,0
564,1920,1
564,1847,0.50169765157148127
564,1026,0.45651448535662403
564,824,0.45637779797370598
564,66,0.39024466321582646
564,1337,0.24511646748467739
564,349,0.23916482394575406
564,331,0.12408059936790435
564,1354,0.10474858390375527
564,1015,0.09847408290629911
564,1979,0.090744678312309202
564,1806,0.084185520057035848
564,408,0.065449501971345789
564,45,0.05008726971690082
565,565,0
565,291,1
565,200,0.56927534656936085
565,1314,0.50567620211769915
565,1859,0.50132276334596726
565,600,0.26422212722299138
565,1352,0.20361868772592573
565,1938,0.17464135560885327
565,878,0.12007459084297589
565,58,0.11531319937338101
565,1809,0.098264750856554242
565,1207,0.094630763422003814
565,1724,0.09160574944273972
565,781,0.084177770973864308
565,1821,0.084059976157723815
566,566,0
566,1678,1
566,227,0.4076062178321927
566,306,0.39074005373284942
566,217,0.36848935012790884
566,1981,0.31754502602728168
566,196,0.25983585374560159
566,1229,0.25326054687999827
566,73,0.19379706835981342
566,593,0.14459186532520779
566,756,0.12589263441060566
566,303,0.11851953799048973
566,713,0.11836137116581437
566,1951,0.10991848215537378
566,912,0.09833456873899428
567,567,0
567,1537,1
567,584,0.66824765796625651
567,882,0.61537708638176858
567,1888,0.37363755024378548
567,1308,0.31556526780645433
567,1994,0.15551076957341142
567,1382,0.12964034576897693
567,1540,0.12510177216860952
567,1498,0.11514912622625735
567,1770,0.10826047265668438
567,172,0.096214556131225246
567,1847,0.079995158842137426
567,1291,0.06387391064011573
567,331,0.060312103062012838
568,568,0
568,1330,1
568,31,0.45639696503322275
568,411,0.43725150079633601
568,1684,0.34793703765237149
568,2,0.27590283073423771
568,255,0.24291236354754556
568,1191,0.19890999727276182
568,1604,0.19736699315212727
568,1303,0.17317837573372449
568,982,0.14062004171667203
568,243,0.13706159756333683
568,451,0.10033218612355871
568,1581,0.099576167428123738
568,1378,0.099452207838499757
569,569,0
569,1993,1
569,325,0.42117426788613099
569,711,0.39281312264413798
569,1004,0.35864792224961189
569,496,0.335515407471143
569,746,0.31044130773482159
569,16,0.20665423163748994
569,811,0.20151664726409063
569,1240,0.15309797824940796
569,582,0.12253927313882816
569,796,0.10331470389949335
569,527,0.10222001678066994
569,732,0.10034264423495749
569,619,0.098612511823305049
570,570,0
570,1723,1
570,312,0.81360021725005338
570,1771,0.55292698459921663
570,1402,0.25736637346608571
570,635,0.25592465439864337
570,1941,0.19587538853308742
570,1223,0.15433921627853098
570,1340,0.14466233348006238
570,591,0.1219789732396885
570,1603,0.10898516848332904
570,629,0.090390698098835501
570,1884,0.075231546489888668
570,313,0.071000612802202198
570,319,0.064615509628607418
571,571,0
571,473,1
571,1016,0.42440486024716656
571,687,0.31452878854957078
571,1765,0.28466734953265005
571,424,0.26877466233095315
571,611,0.24327303330215544
571,1768,0.23702269941586748
571,1270,0.20641236013424
571,905,0.18253491329257873
571,1172,0.17218880379219986
571,1943,0.16915745944701024
571,259,0.14019049301279679
571,1118,0.1356927485325207
571,884,0.12803868058339357
572,572,0
572,1092,1
572,209,0.89935339559209426
572,1690,0.45372213706405762
572,223,0.32429829283555212
572,829,0.2437797630693061
572,1532,0.23370747395772545
572,1855,0.22073251697072788
572,242,0.12061518812963277
572,838,0.10730720066211308
572,1767,0.094347492696221877
572,369,0.067244431472209334
572,550,0.055620543134769752
572,274,0.044273262041984285
572,1250,0.041891909727695284
573,573,0
573,875,1
573,328,0.55905499437464856
573,1978,0.39220486067093369
573,1447,0.329399984933398
573,1237,0.32500275758655628
573,532,0.30069209732763219
573,981,0.29752861966221522
573,1842,0.27495989456093156
573,1750,0.14134510913185566
573,830,0.12958896183297314
573,1981,0.056369514351310601
573,1792,0.047036638729785148
573,711,0.030760831155971578
573,1425,0.022954934024571848
574,574,0
574,1255,1
574,619,0.57567131578366204
574,1159,0.42294801533321202
574,758,0.38374691934886862
574,959,0.3056174197580111
574,325,0.26606516017597837
574,1480,0.15398201483198995
574,1909,0.12048886646509291
574,512,0.12004019893488396
574,468,0.11416861551124899
574,973,0.11391002356317631
574,1415,0.11114805041600088
574,205,0.1104165628616412
574,916,0.10868695666578926
575,575,0
575,1121,1
575,693,0.68839459697196903
575,885,0.44683529157897878
575,1913,0.35553789896036631
575,757,0.32842023544919308
575,1387,0.26957458469200124
575,367,0.17648023171864854
575,1406,0.14912813530690219
575,1231,0.098939337817622569
575,95,0.097221523341830762
575,734,0.080005651719360318
575,1287,0.074749216748109415
575,1812,0.073801590526960406
575,1946,0.067801272075471736
576,576,0
576,758,1
576,1159,0.70418336874794385
576,574,0.5043742248526365
576,1814,0.28744108898404996
576,1589,0.25565462225086422
576,1650,0.2356392924692608
576,909,0.22158491010468237
576,376,0.18273085950709911
576,973,0.13951487685881661
576,468,0.083098109556750996
576,443,0.075137782887631996
576,1429,0.074010048499128275
576,1645,0.0723203383028308
576,1861,0.071199251117323684
577,577,0
577,1128,1
577,956,0.48290261175248406
577,723,0.4071387329942357
577,865,0.36013952442890318
577,1275,0.28664096975804126
577,1781,0.24836760507319494
577,997,0.22716948156761055
577,356,0.21134078024816844
577,535,0.14477584506101576
577,843,0.12096334990023021
577,1035,0.11125104761699134
577,1067,0.11044926074072638
577,737,0.10122893793558711
577,1805,0.094513131297689665
578,578,0
578,27,1
578,1177,0.44985029915205976
578,662,0.31837342204379698
578,383,0.29145250545784862
578,732,0.23168575797951318
578,257,0.22516011967982782
578,1599,0.21906461047370396
578,1686,0.19353169807864995
578,796,0.18119904243014948
578,468,0.17968262517473871
578,205,0.17159447425356197
578,26,0.14934331616470226
578,509,0.14916124931968416
578,154,0.14678711858170171
579,579,0
579,1680,1
579,1792,0.87306484106743698
579,1978,0.55739891685667897
579,1324,0.54293667465235551
579,303,0.15373029616759801
579,1981,0.13720854242757219
579,605,0.12846039847950644
579,257,0.11361728466016092
579,1425,0.093360247211824329
579,306,0.069727176188755985
579,981,0.069367709062390454
579,1561,0.058698213474729088
579,1686,0.057114303731317248
579,879,0.052197725552967492
580,580,0
580,1013,1
580,1204,0.51932133237453104
580,319,0.40772243733804681
580,591,0.25045555793326946
580,1340,0.22368218257209824
580,934,0.21763972349777416
580,203,0.19533178626034767
580,1308,0.18886546652336786
580,1647,0.18738654789851317
580,1972,0.18299014016509016
580,1402,0.14279812319753152
580,481,0.13370620228550772
580,1771,0.12977909759932071
580,1535,0.12721491315742317
581,581,0
581,46,1
581,1332,0.41380551784067565
581,32,0.39014712177123029
581,1693,0.22877069672807557
581,1416,0.22535081747985677
581,308,0.214684747462565
581,817,0.2078714110746463
581,480,0.20052099106893007
581,995,0.18704762379715778
581,860,0.18026832234298126
581,1931,0.17828273570235331
581,1327,0.16170379236085941
581,1828,0.16048532816371447
581,1143,0.15794313164161641
582,582,0
582,711,1
582,646,0.78388818339049926
582,1255,0.76412858501016467
582,453,0.23778481281519731
582,1909,0.20700872967455486
582,1149,0.1273156745237212
582,1272,0.11912223311629351
582,364,0.11816647622405016
582,981,0.11403895611725755
582,1649,0.094379418531873899
582,387,0.093899225267540284
582,1027,0.090272497654865655
582,811,0.07989876521773534
582,619,0.076986120556833321
583,583,0
583,1175,1
583,1353,0.65622674798292113
583,842,0.33683257415073525
583,1478,0.25107943144054562
583,871,0.23031737638375216
583,8,0.21861097561990436
583,1625,0.2149377370548301
583,1157,0.17862215578228699
583,1559,0.1768778277133683
583,1642,0.17680993043621868
583,1839,0.13309517098876103
583,1813,0.11528062982713053
583,1105,0.10993072178699735
583,1427,0.10827534258288847
584,584,0
584,1888,1
584,567,0.72337642656021606
584,1291,0.65419168908527958
584,1498,0.39657902209000895
584,1308,0.30545776112706274
584,1537,0.16216420875238327
584,1239,0.12784658324407319
584,408,0.10146264934340413
584,1770,0.10044202946811581
584,1847,0.098439918870164927
584,1243,0.088082186705797053
584,591,0.05505367797212072
584,1382,0.051988861175406818
584,1564,0.041802345631033626
585,585,0
585,1268,1
585,1135,0.75868975076902156
585,1457,0.40559098983329778
585,1067,0.23748694412344987
585,1069,0.21916656510581045
585,861,0.18504075663667499
585,681,0.16957216800834768
585,546,0.15914160341187977
585,666,0.1518600131252508
585,1980,0.1488143374718717
585,399,0.12872406039080994
585,804,0.12614678454988235
585,866,0.10904543704350098
585,1260,0.10761413032095168
586,586,0
586,1836,1
586,850,0.3970532695360422
586,59,0.33640261567415369
586,715,0.27385248711091276
586,1421,0.26089275590798694
586,1861,0.20586132368108229
586,777,0.20056513824662542
586,964,0.19908798920989215
586,797,0.19158257906890899
586,1761,0.18717420908943716
586,790,0.17364716118127355
586,1682,0.16255399182422794
586,512,0.16112033289795996
586,1740,0.15710621490174914
587,587,0
587,875,1
587,573,0.54930753777177632
587,187,0.38872375832478584
587,77,0.38089672708758532
587,1612,0.2200148129744624
587,830,0.20908988462790004
587,1925,0.18319597565961226
587,1049,0.17311105203588306
587,532,0.15272935571795601
587,347,0.14346194603972867
587,1447,0.14247554292255549
587,869,0.12784681657209221
587,508,0.12672172942465915
587,1192,0.10931457828308823
588,588,0
588,682,1
588,1921,0.54165770080827291
588,1163,0.4494292670926886
588,729,0.24941421254390345
588,1902,0.21685783480312498
588,1682,0.21285106334922019
588,1505,0.20725962455430713
588,1773,0.20165129356889863
588,1149,0.19597040592159154
588,364,0.16808768207513708
588,1791,0.13081089317712508
588,1425,0.1148847410544831
588,507,0.11313505165885954
588,1475,0.10487657870491895
589,589,0
589,449,1
589,1101,0.82064020334714372
589,412,0.49740101953976773
589,1779,0.30497877241315563
589,1799,0.29581290079151962
589,1785,0.2135704049178411
589,831,0.14391332939018736
589,1483,0.13051969804046434
589,1891,0.10675483988788473
589,947,0.10211050690589164
589,1243,0.088980067261631324
589,1329,0.071682148483207447
589,755,0.066899029289682083
589,808,0.063626799740089987
590,590,0
590,298,1
590,988,0.443965353449428
590,1696,0.44057345433141298
590,359,0.41793428803484572
590,1807,0.23172608991820254
590,401,0.21132000618678118
590,1418,0.20284764813709899
590,465,0.19926893128485734
590,194,0.19715925790490971
590,491,0.13628627935989077
590,1528,0.1281577578693858
590,1502,0.11732615995269849
590,1918,0.090967819326791613
590,1022,0.089358209571630667
591,591,0
591,319,1
591,1723,0.38197370256382895
591,934,0.37266196297519155
591,580,0.3412827645184946
591,1013,0.30850662223684039
591,1239,0.25714730687406367
591,481,0.24279762832664292
591,1770,0.23199030863606895
591,1151,0.16733439456392341
591,1784,0.12921003434093004
591,1803,0.1245262836103081
591,1764,0.12007388888785799
591,1878,0.11919277974550672
591,272,0.11019369630737766
592,592,0
592,1566,1
592,754,0.43560122110529614
592,1305,0.43030573218535106
592,1387,0.3770637812730514
592,99,0.32070378078517192
592,1862,0.27339622952484788
592,338,0.23969595850031972
592,1185,0.21225742435549788
592,1225,0.17468672537661278
592,1309,0.12796033798817213
592,1193,0.10666923370764037
592,1871,0.091631966691279987
592,472,0.069181266361265426
592,846,0.047731324356083953
593,593,0
593,913,1
593,1229,0.53651984149206033
593,217,0.38293218870211543
593,151,0.2745841261937047
593,1009,0.23508509421186996
593,1854,0.1923455516086279
593,1680,0.18543634076385118
593,1503,0.1767748538263168
593,1981,0.17470943403285036
593,756,0.15827370464286286
593,566,0.15661853653186511
593,1622,0.15237251783370936
593,773,0.14410328746302017
593,73,0.13713639471287478
594,594,0
594,983,1
594,101,0.39491582413722237
594,705,0.38293994929126818
594,1803,0.37077727106732999
594,1520,0.32822518936952944
594,1395,0.22072755550805492
594,1770,0.204230390704393
594,553,0.164512624315166
594,520,0.16138148555811921
594,1370,0.15072891906039934
594,1580,0.14386775528662835
594,313,0.14003569847363267
594,955,0.12670368976222074
594,1042,0.11784716586068748
595,595,0
595,706,1
595,42,0.84068133098332098
595,1112,0.44659332821793046
595,357,0.37090120158467232
595,884,0.29165520678532425
595,161,0.24182566350232665
595,1043,0.22784877498871703
595,1269,0.18497024510878576
595,892,0.15230423772657983
595,1089,0.052185890989196466
595,82,0.044591786887759825
595,402,0.025882147780654952
595,918,0.014336542837149052
595,744,0.013123203025774381
596,596,0
596,243,1
596,1967,0.33773374752873786
596,1284,0.29216632279682775
596,525,0.2836931329828889
596,1604,0.28251516605782895
596,145,0.22760817880581083
596,838,0.20777103669922453
596,717,0.20105565577138867
596,1295,0.19878089909934943
596,1273,0.19421361333686796
596,466,0.18261886667983548
596,1092,0.17038057524803918
596,686,0.16574297347550362
596,1457,0.16260254121481979
597,597,0
597,1334,1
597,428,0.73914307563352322
597,1021,0.46993263365626892
597,1326,0.43566953191964097
597,116,0.18064051152786861
597,949,0.17810367746363115
597,1499,0.17092600937122659
597,248,0.15102965690829256
597,1742,0.11926705513749147
597,366,0.11315071935874634
597,295,0.091327293367328782
597,1689,0.089611171432229214
597,1898,0.086857773844558672
597,1578,0.081228556477471528
598,598,0
598,1810,1
598,1990,0.49100483841050135
598,446,0.41260416838051917
598,987,0.26943700579641899
598,809,0.21501848187375927
598,275,0.20221675902966033
598,1464,0.19957269197887773
598,1337,0.19716378373555252
598,1231,0.1705115275304965
598,1847,0.16475978294385718
598,1904,0.16028252867082785
598,1209,0.14607770440762138
598,820,0.14161187120375029
598,1872,0.13662554996743576
599,599,0
599,1607,1
599,1922,0.51600955937358717
599,1436,0.31417974706734825
599,1602,0.28722375003270217
599,828,0.27134190698195709
599,1801,0.22761887972440342
599,1671,0.1906008573333694
599,766,0.17147614246145745
599,690,0.16276715955896581
599,735,0.15722229617368602
599,716,0.15512830694249818
599,966,0.15384202018025767
599,351,0.1510687574095638
599,1022,0.14840905375881425
600,600,0
600,1859,1
600,1529,0.50622439540252362
600,444,0.40304236177872416
600,1444,0.29036844266919037
600,202,0.27899039856780539
600,878,0.25373098250739579
600,1856,0.22382508233968901
600,1467,0.17373441747608323
600,547,0.16181276259969579
600,60,0.12695837996325879
600,200,0.12549795226357144
600,565,0.12249044253374403
600,1270,0.1202705992814785
600,1885,0.11994728209904484
601,601,0
601,1314,1
601,1674,0.8950027561513233
601,395,0.31404375972237913
601,1890,0.2300472872004693
601,144,0.19546584197595654
601,1619,0.18387018091074708
601,1024,0.17753507000557953
601,1536,0.16401928073723698
601,704,0.14168087495416384
601,1169,0.13940974928715885
601,1747,0.12656346716077391
601,218,0.12169055328717959
601,1100,0.1111220032599281
601,1476,0.10644113594560019
602,602,0
602,365,1
602,416,0.4185040187092503
602,436,0.31838171472039256
602,148,0.31643676280720229
602,161,0.25679149980576832
602,1112,0.22596815185301783
602,516,0.21876465632976794
602,87,0.21325771773600555
602,1136,0.20699165435002728
602,1323,0.15733876750843151
602,1304,0.15416626304366104
602,463,0.15365296636372142
602,878,0.13361098824878026
602,82,0.13302729080858747
603,603,0
603,1436,1
603,1607,0.48837144001811583
603,1901,0.29745891794415841
603,599,0.29631917237821542
603,485,0.29505065150446258
603,857,0.24422800521137297
603,1671,0.18950307849706502
603,1602,0.18308604126418493
603,309,0.17565710380312949
603,1142,0.15433278264926997
603,1616,0.15209453165158734
603,179,0.14699856990849314
603,1922,0.14341481119978641
603,716,0.14037394389955035
604,604,0
604,521,1
604,1780,0.56624207640745361
604,414,0.37412348594303563
604,1610,0.32054899496425421
604,822,0.27290720084569714
604,1971,0.24485383146343048
604,1564,0.19803284742901617
604,191,0.19391753669993997
604,755,0.17731043524674583
604,446,0.14862342819485497
604,1685,0.13539741040567224
604,408,0.1048912179706402
604,675,0.086889671741821009
604,820,0.083156391575687535
605,605,0
605,252,1
605,1178,0.67410668089795522
605,257,0.35867803324153713
605,1149,0.35549374869692579
605,1475,0.25551464045115285
605,713,0.24101100500905726
605,93,0.2339012057696794
605,418,0.22525605724237269
605,682,0.18970207664599212
605,1441,0.16037780256327083
605,306,0.056450615997835407
605,1854,0.055972296909162736
605,1792,0.054501366488911497
605,579,0.045921775252284511
606,606,0
606,1234,1
606,285,0.67480539672986828
606,53,0.3833372147890956
606,712,0.23953419346814683
606,1439,0.22704633105194605
606,220,0.22486632504530327
606,1853,0.20165518102559549
606,945,0.17854073678516141
606,1609,0.15405361713290444
606,731,0.14182348448043874
606,1269,0.12941390805084152
606,457,0.11859094985687445
606,379,0.117867271748654
606,1486,0.11534755982439172
607,607,0
607,1113,1
607,1718,0.53219597766433135
607,100,0.40098818743945247
607,1467,0.28177029422720024
607,969,0.22723773041321255
607,1136,0.202530618401771
607,1938,0.20019780820698152
607,871,0.16345645360111027
607,327,0.15504008301387451
607,1114,0.15471862961080746
607,878,0.15004869531234255
607,1427,0.14789024958466179
607,600,0.14769904353041038
607,697,0.14312629791364664
608,608,0
608,687,1
608,905,0.757661183181631
608,1238,0.45861596589062942
608,1666,0.2960197817072428
608,722,0.26748407398615542
608,1431,0.25205718126279109
608,1534,0.1985815006528302
608,1449,0.17089223883070928
608,678,0.097024966624087799
608,742,0.093731613089303251
608,516,0.092083167254334991
608,188,0.088386576219994628
608,148,0.069559687997730213
608,51,0.064799982832162539
609,609,0
609,1450,1
609,1661,0.85735433678482587
609,1636,0.51683368098998761
609,1777,0.37199595385162604
609,803,0.33350460992484871
609,976,0.28424534392850803
609,921,0.13859513377000585
609,1413,0.088228014279887593
609,1012,0.087120902128044395
609,359,0.07583545713678623
609,694,0.058590884800377573
609,340,0.044804462014114678
609,835,0.025880128386432891
609,298,0.023909470146704616
610,610,0
610,59,1
610,1421,0.45670435003342436
610,1236,0.3472106087439677
610,435,0.28523550880074278
610,676,0.2445663899227152
610,574,0.22536377974660293
610,973,0.21475005231218627
610,443,0.19250670688262075
610,1429,0.19098849524582104
610,1852,0.16468728931005891
610,1798,0.15768586148425245
610,959,0.14836405182262255
610,159,0.14089307446769003
610,376,0.13793892085553161
611,611,0
611,1335,1
611,905,0.48914266297282821
611,687,0.33026317793559756
611,214,0.24593684560969445
611,1666,0.24026922546974813
611,1572,0.2181616585671545
611,1853,0.18932542799694485
611,1850,0.18598481272600767
611,1896,0.1785852788699388
611,571,0.17593188962875861
611,858,0.17056008197269096
611,1270,0.16427734255620746
611,1797,0.16039180117424021
611,1486,0.15805241180914392
612,612,0
612,1384,1
612,1328,0.59388404151374086
612,429,0.56246530569030329
612,881,0.42171870047597004
612,819,0.26462844225253979
612,13,0.25622200963257086
612,1306,0.16577018275599453
612,329,0.14607557893187587
612,1627,0.10675550432519328
612,825,0.10213378946781808
612,1834,0.090118308260153213
612,296,0.079073134311018214
612,388,0.059530970781618189
612,795,0.058510348113393902
613,613,0
613,981,1
613,1475,0.3532667782248522
613,1542,0.3362575728397556
613,1791,0.32514598675797179
613,1612,0.29110197144012029
613,452,0.23880511415282424
613,830,0.20018217945797881
613,1005,0.20007835951750208
613,387,0.19329521311239581
613,1027,0.17762077454066899
613,1633,0.15402474293218138
613,964,0.15340335554183221
613,532,0.14421574614320098
613,306,0.13948876028939985
614,614,0
614,1624,1
614,594,0.41990341539213144
614,311,0.30244667191462649
614,520,0.30162826553322197
614,1410,0.26737177581769894
614,1899,0.24487840910231573
614,1422,0.21448576061115024
614,1048,0.20238735073870473
614,983,0.18250978016224897
614,1370,0.16125582418330761
614,895,0.15673398006816189
614,955,0.1538620257882912
614,946,0.15102719589221258
614,768,0.14840632463883127
615,615,0
615,640,1
615,1348,0.8382724668681476
615,1532,0.40899319221817132
615,1787,0.25504573732814068
615,499,0.23584026384176168
615,1050,0.21936544070063629
615,1317,0.16801169630403884
615,1092,0.14680281288841776
615,717,0.13596947278525034
615,487,0.11650515764832631
615,232,0.11236384519582553
615,1557,0.10973131590561926
615,1659,0.086267267098955172
615,456,0.073721037951023305
616,616,0
616,1953,1
616,537,0.46398942262513199
616,1291,0.34873848951609349
616,707,0.32629871866904486
616,1498,0.2915674939852167
616,1926,0.2664514327409947
616,1865,0.18998989234966057
616,820,0.18792080459667232
616,1601,0.17803460495769272
616,1472,0.14254910765658935
616,408,0.13386159571292322
616,839,0.12754975896957332
616,1070,0.12551696729334894
616,1560,0.12442651323238987
617,617,0
617,954,1
617,1845,0.51440322854344833
617,31,0.41503675225681075
617,1928,0.40904049463164704
617,1553,0.25731138171688445
617,788,0.21631654802542163
617,974,0.17387646631013609
617,375,0.15674115897740412
617,1652,0.13666856118655188
617,844,0.13510787485686429
617,686,0.1279723630563652
617,1147,0.12570621022300388
617,1283,0.12167570691772601
617,624,0.11703275466428516
618,618,0
618,2,1
618,1303,0.71478276112394457
618,1700,0.43739103307028487
618,419,0.35787283885006999
618,1513,0.20409710291573413
618,1330,0.14754833791562236
618,1095,0.14516551179727394
618,1457,0.13731460893472225
618,1737,0.13453885169282614
618,717,0.13204308599138559
618,1260,0.12752297562106776
618,683,0.12715417526166742
618,1122,0.12522026866077091
618,1568,0.11624628192011348
619,619,0
619,732,1
619,574,0.36385253269386303
619,325,0.29614929286000591
619,662,0.2777566545774578
619,711,0.25709693496928282
619,959,0.2358630422203524
619,288,0.22444380120441848
619,93,0.21755427605198685
619,646,0.20460237595717426
619,1441,0.17889018687132263
619,193,0.17765575051878127
619,1415,0.16869446991746839
619,1682,0.15956075460388369
619,1255,0.14476993557879447
620,620,0
620,368,1
620,1162,0.42274150141036587
620,232,0.39367249943572069
620,1117,0.36028450947427154
620,1759,0.34994370772727867
620,1532,0.25105913055050799
620,1795,0.19289954608686743
620,350,0.16685698317553077
620,931,0.15011273583326584
620,286,0.14947646374144427
620,1628,0.14737480874532063
620,223,0.13575908985759139
620,844,0.1018311128013094
620,1845,0.084883261212636826
621,621,0
621,1235,1
621,790,0.62346030734452418
621,1688,0.35677748411584981
621,964,0.24732003470394548
621,1237,0.24064970494781218
621,1539,0.22865802907435559
621,387,0.19810310065860817
621,1766,0.19035267316206123
621,1480,0.17998166798469503
621,806,0.13644625677935876
621,548,0.12994453804260162
621,1322,0.12994016048427087
621,1842,0.12277391952143867
621,1376,0.12248011379022582
622,622,0
622,1774,1
622,455,0.55551397318308549
622,1453,0.33277983481156631
622,1825,0.26858719541723247
622,1639,0.25680702376543352
622,1827,0.25463959661919255
622,1257,0.22392413033960062
622,1713,0.21181134676179628
622,4,0.20113789600790338
622,1396,0.15093604718270029
622,1736,0.12588099225044938
622,664,0.12582621143909414
622,681,0.10046301739520236
622,184,0.098578016778590793
623,623,0
623,860,1
623,480,0.4721696547849405
623,141,0.46336487801085985
623,476,0.31010781362919665
623,643,0.28462256958957388
623,825,0.24384571760695578
623,253,0.23823880567516559
623,1991,0.15821386042703489
623,423,0.15790105202192731
623,1935,0.15688052778694975
623,1024,0.1090185227049937
623,13,0.10754703737298738
623,445,0.10404768713476314
623,1321,0.10092479260314602
624,624,0
624,681,1
624,861,0.6390333574756033
624,1873,0.53995572347398235
624,1067,0.36336314537557873
624,459,0.25123915581154299
624,450,0.24562975520281385
624,212,0.20009902976006086
624,546,0.15706264653552232
624,1867,0.12596677525821515
624,471,0.10450077945121942
624,1568,0.10344953161479031
624,123,0.067470249061972881
624,788,0.057323494066670401
624,269,0.051794391796974662
625,625,0
625,777,1
625,1622,0.78750647203649027
625,257,0.53537204950828632
625,1425,0.2627840683812056
625,1929,0.25091409680314802
625,1197,0.22394061574200272
625,1324,0.21436410481200782
625,984,0.17368418649945527
625,665,0.11940201090622432
625,1680,0.11035163013871278
625,26,0.081112705363138984
625,27,0.05694664238944764
625,850,0.046788647831056497
625,1233,0.043722851793482648
626,626,0
626,1110,1
626,1502,0.33959803152329837
626,1067,0.25751593763575248
626,1545,0.24540543550850405
626,1080,0.2432542770091641
626,1767,0.23734937199881365
626,1260,0.22274431568579531
626,546,0.22221992068605431
626,419,0.2126878661682092
626,1883,0.20178635818254459
626,848,0.19013237039516137
626,681,0.18197654204991001
626,624,0.1762722618491642
626,972,0.17593938725705074
627,627,0
627,1163,1
627,1475,0.47250153013412372
627,394,0.29922536410631018
627,93,0.29059711386040732
627,452,0.26296704462345838
627,260,0.25706642364493176
627,1505,0.21012846301062874
627,1437,0.2089946527482901
627,70,0.20722691423890163
627,938,0.19535669822874283
627,682,0.19203279987759478
627,915,0.10586046374681152
627,1388,0.10508431506545803
627,532,0.099850659477451822
628,628,0
628,1037,1
628,620,0.53825336757671949
628,1074,0.4461374717128046
628,1628,0.40625305676595597
628,209,0.27485385891172104
628,1532,0.2188996874564646
628,350,0.18934001131160133
628,829,0.14508883520386132
628,1460,0.14178468014996096
628,952,0.12870342147772382
628,1117,0.11999690986713538
628,1317,0.11344559744407087
628,505,0.096573525044236164
628,1845,0.087559425197963767
629,629,0
629,1223,1
629,1954,0.72603281110236217
629,1788,0.4206222284323643
629,300,0.28118405727525358
629,570,0.24953643160936761
629,1926,0.24724413980449067
629,228,0.20664651949118301
629,1723,0.18942202380274487
629,85,0.16350363689819636
629,171,0.10816474333383801
629,725,0.090519468404154396
629,1298,0.078535244983815797
629,1291,0.077752290456149967
629,1884,0.067729216679602106
630,630,0
630,1215,1
630,1832,0.64040479571190279
630,221,0.33817845788475681
630,1048,0.28591736156471581
630,1624,0.26827085758508795
630,763,0.23665805599370343
630,1971,0.18974675316102568
630,822,0.16294974691703557
630,1176,0.1467928112635003
630,1483,0.14504414930327927
630,1368,0.13452933384301041
630,1370,0.12549020637411148
630,1501,0.11792483988276969
630,127,0.11497758918195033
631,631,0
631,740,1
631,1093,0.86479642788819766
631,1963,0.51144690274067184
631,208,0.25132522146889463
631,917,0.17878984086774444
631,1088,0.15833362615839569
631,1264,0.1540545162730835
631,1772,0.14887427595212022
631,357,0.12697854186618687
631,177,0.12611406631268376
631,424,0.10355436101280294
631,1930,0.1031527004423483
631,161,0.10285702554078287
631,1815,0.076613563821785191
632,632,0
632,638,1
632,393,0.37430135540904341
632,703,0.31003652613298538
632,381,0.30317472831210096
632,1794,0.29900133321306249
632,402,0.24754119342387307
632,316,0.22653879829468634
632,161,0.21817668701762022
632,139,0.19483508717091499
632,1433,0.18450602788890882
632,901,0.16344365829391658
632,1748,0.13608048796888927
632,1043,0.13270263708355592
632,1269,0.11654898153088675
633,633,0
633,866,1
633,1131,0.45974723092272357
633,1069,0.4437620796995328
633,1980,0.28210712805968879
633,451,0.23682377764636381
633,568,0.23200235473461028
633,982,0.2262027968829067
633,411,0.21987726535128169
633,1696,0.18040770101100501
633,1344,0.12836448799988845
633,1818,0.12828439175627879
633,861,0.12623829070588263
633,113,0.12237212518485401
633,289,0.1207083727489795
634,634,0
634,1888,1
634,1048,0.90756320954149428
634,41,0.66348815718165099
634,826,0.42554176835071178
634,1547,0.2443658209044304
634,414,0.21244934330243981
634,755,0.19126259722072159
634,464,0.064015193301320564
634,944,0.044154661581522606
634,553,0.041572509867731901
634,1917,0.0336001615560622
634,1601,0.029260762532589021
634,955,0.025652183744166522
634,1459,0.02396059866046386
635,635,0
635,1402,1
635,1811,0.39278429946569066
635,1941,0.26696341980942395
635,210,0.26094279384773722
635,54,0.25783619091819998
635,322,0.25267628608760717
635,1884,0.25093304206801659
635,1463,0.20154743590527405
635,300,0.18210222284418778
635,570,0.17712337839936287
635,152,0.1751819520358657
635,1647,0.170169095696693
635,430,0.16141153307199588
635,203,0.1572096639849743
636,636,0
636,47,1
636,880,0.85410837009114227
636,1310,0.32554537304799391
636,1528,0.29303976029393308
636,118,0.20422231503715005
636,1626,0.17697921946991571
636,1484,0.16627372527585593
636,1749,0.14544602989358477
636,1918,0.13774875750063098
636,1374,0.13585174441034448
636,1418,0.12394606757221557
636,206,0.11914794647453868
636,752,0.11449682576641548
636,966,0.11008328705983686
637,637,0
637,1820,1
637,1201,0.38956287728035732
637,1172,0.36106139000896664
637,413,0.24843164411810909
637,231,0.23090503667335699
637,1140,0.21403844079377476
637,377,0.1996177343262229
637,1772,0.19263273148282062
637,1319,0.18751455434624295
637,950,0.18415540161650104
637,1970,0.18398836547253422
637,894,0.17847091399803336
637,1088,0.17536527033160937
637,510,0.16114214664940799
638,638,0
638,393,1
638,632,0.62560027041825361
638,316,0.52289354153416978
638,381,0.3739044151591554
638,377,0.18490049764700758
638,910,0.18309912340903364
638,1794,0.16886528861558656
638,139,0.13532013906809282
638,445,0.13366378650902266
638,253,0.13106159708551882
638,208,0.13039264913663173
638,1321,0.11884950982891508
638,1433,0.10384944412846032
638,402,0.094495070940236958
639,639,0
639,1212,1
639,107,0.82247785506139282
639,1449,0.32681943327649027
639,1033,0.25182661882329527
639,1768,0.23642562955037819
639,200,0.19470512230702944
639,1821,0.15648188981276326
639,519,0.14809127665355998
639,1274,0.14137078258552851
639,1692,0.13209504585339515
639,388,0.12839716881419588
639,444,0.12610781371483626
639,1512,0.1215627719591508
639,950,0.12053351806131528
640,640,0
640,615,1
640,1152,0.40812258226072479
640,1532,0.30797981913119649
640,1348,0.30579010394916467
640,1787,0.27283981975253324
640,1659,0.25721981434720564
640,499,0.21695650334293481
640,487,0.19840828627785814
640,1317,0.18436185785882861
640,232,0.18188981881887897
640,1050,0.16337433965913356
640,845,0.13789000313964825
640,911,0.13758267152176482
640,309,0.13447375850709206
641,641,0
641,919,1
641,765,0.74386564255448984
641,67,0.45709333173439726
641,1605,0.23322667743903297
641,1493,0.16086653967861234
641,740,0.15796994748525903
641,1028,0.15770112226939162
641,1264,0.15657722475259828
641,381,0.15468043336274873
641,231,0.14614152303112751
641,1270,0.13897931665475857
641,1772,0.13433699238159816
641,25,0.13342140633127239
641,316,0.132039596799397
642,642,0
642,1118,1
642,202,0.79487716307168577
642,547,0.78343043331908957
642,1859,0.17506599707688161
642,1856,0.1631446341667509
642,424,0.12935774381820742
642,1270,0.11661580997193731
642,1748,0.11522197281492713
642,1730,0.11519640833944772
642,765,0.11101827915526996
642,1016,0.10347197825288107
642,234,0.103173629395322
642,1753,0.10031288250650147
642,853,0.096007767282201992
643,643,0
643,1328,1
643,748,0.70923379029882438
643,1327,0.45643047943681758
643,253,0.31435636901309261
643,480,0.27627240179764301
643,1935,0.19932925747934102
643,1416,0.17260774761238756
643,445,0.12915008192610722
643,1828,0.12539689926413633
643,860,0.12239136923394522
643,623,0.11371778015563627
643,1134,0.11327045155099642
643,922,0.10022480308543005
643,1635,0.074510060077312257
644,644,0
644,1251,1
644,1357,0.46988466022080244
644,1401,0.45992721136527831
644,481,0.3429021449385351
644,414,0.2488467837946956
644,1015,0.18917250156295792
644,1780,0.18310892897298117
644,345,0.17936146459991698
644,770,0.17043318604888258
644,349,0.16059841692733265
644,675,0.13888739615462981
644,331,0.12708398347892402
644,1434,0.12347194315253252
644,1858,0.11321134923281095
645,645,0
645,436,1
645,1529,0.76995168848755446
645,1746,0.45516154689295368
645,1966,0.30194736417972001
645,82,0.29229702408004149
645,463,0.25368483032058825
645,1444,0.21511746757014027
645,1088,0.10412225078176995
645,600,0.10335882484380444
645,1207,0.093221986752306044
645,1023,0.09102718493204856
645,1136,0.07895998800897866
645,547,0.075435039907317258
645,1282,0.072600389860752568
646,646,0
646,582,1
646,288,0.63295979841130345
646,711,0.33133780217765529
646,916,0.31276619454440374
646,619,0.27244460820212624
646,453,0.23684488100289908
646,3,0.20995114299264872
646,1255,0.1613958209433802
646,1149,0.1449539770788083
646,15,0.13984997722184717
646,1860,0.13434733322585718
646,1617,0.13253371003162678
646,811,0.11151757801766521
646,1390,0.085988772945107289
647,647,0
647,747,1
647,1843,0.45860593260955568
647,1443,0.3141253610646455
647,907,0.2364572817533859
647,313,0.22778756206669984
647,74,0.22478836855522935
647,287,0.21185565608089604
647,955,0.21070027944278444
647,1585,0.19432687111912741
647,108,0.16975986509257038
647,112,0.16769549067336201
647,1994,0.16644015272153739
647,1961,0.1654325405295145
647,517,0.15891896586225318
648,648,0
648,1715,1
648,105,0.59328424719923256
648,80,0.49450755796981172
648,972,0.30514697268948576
648,1774,0.30302101972592699
648,1736,0.28631325410147351
648,1219,0.17562454806713754
648,1714,0.12260884838170275
648,1000,0.11719867872692193
648,125,0.10544273686164959
648,1995,0.1040136627323289
648,1825,0.10379812891791523
648,1573,0.10024553930304322
648,375,0.09568414594038159
649,649,0
649,966,1
649,1684,0.61944097870868309
649,396,0.37029675949630747
649,1022,0.33542892429992138
649,529,0.30680939984958111
649,1556,0.21644249817577313
649,1432,0.21418233478633389
649,1735,0.19952440812959624
649,1184,0.12281935852918117
649,1056,0.11889951191596874
649,1918,0.11441026209394506
649,469,0.10824000977889481
649,1651,0.092327203211850853
649,1999,0.088063508702641291
650,650,0
650,159,1
650,1814,0.81655111368012046
650,1001,0.49825403154444342
650,806,0.24367405685283283
650,262,0.20665490772172981
650,468,0.17330056455225312
650,1808,0.16092518952709028
650,174,0.13307752023308272
650,1648,0.12443626280618143
650,576,0.1226026599460821
650,870,0.11445779430871819
650,1087,0.11404177314908806
650,385,0.1042476957840906
650,1539,0.094673807264171905
651,651,0
651,1762,1
651,92,0.92674524350857046
651,935,0.65500809014931682
651,1548,0.62571304976233599
651,160,0.1347805515094441
651,856,0.11593847698201298
651,340,0.1068253746990977
651,1094,0.073912694479750934
651,1777,0.06622045328101743
651,668,0.047265279144739179
651,992,0.043147402779253344
651,1526,0.041574703147631648
651,921,0.036010917046420468
651,501,0.03375058512737409
652,652,0
652,1,1
652,1063,0.71079276423193993
652,479,0.44937228711899202
652,1749,0.31825807656496286
652,40,0.19419070134903746
652,1867,0.18828328722057291
652,9,0.14622753518555032
652,1187,0.13938057341628182
652,1124,0.13778545780875001
652,1873,0.13655775027532302
652,1497,0.1363989781341669
652,1135,0.11981692839446048
652,1906,0.11862085769910866
652,47,0.11120419676600513
653,653,0
653,1120,1
653,1224,0.33730106450175201
653,868,0.30818848446773001
653,190,0.25015603887316795
653,1907,0.24114742011890355
653,693,0.23144420133627183
653,968,0.22840175955397304
653,88,0.21362863550248701
653,1979,0.20202905307114194
653,521,0.19864442114294167
653,1632,0.18858835749773975
653,1343,0.17971193672547303
653,481,0.16437029878302417
653,1745,0.16327035382712388
654,654,0
654,294,1
654,1474,0.55475540906809007
654,1318,0.52174708720046337
654,450,0.49180564111564556
654,1586,0.26894230388621898
654,1669,0.19058238483859904
654,1967,0.15023437610761109
654,1094,0.14966548746851605
654,550,0.13665965300651747
654,269,0.1059401611945682
654,1276,0.097428123367640271
654,369,0.094240613200787055
654,861,0.075831840931790975
654,856,0.069050932548721883
655,655,0
655,487,1
655,1471,0.8715119564682815
655,1936,0.758349135227255
655,1273,0.62134242976388421
655,844,0.32561029055736274
655,1728,0.13826459289049367
655,223,0.062837100958401462
655,1194,0.041384768726041486
655,596,0.028171971291374009
655,274,0.026870191445038022
655,1818,0.011421380708815466
655,1295,0.011013252285343798
655,242,0.0063983995819412616
655,1050,0.0037238318572738079
656,656,0
656,1215,1
656,1170,0.95978520578968851
656,221,0.43631749420315935
656,302,0.36777561809958914
656,1946,0.21165688949443312
656,1698,0.19051220256812823
656,1988,0.18895151623919176
656,1832,0.093361522020253288
656,1459,0.090415645359073024
656,1483,0.090332053011697055
656,11,0.082513157491565209
656,1357,0.069898861852438848
656,464,0.066283305272968815
656,41,0.059087260728243746
657,657,0
657,186,1
657,441,0.38742232788494679
657,874,0.33169101102536092
657,1840,0.32473092581048801
657,325,0.26966134037377965
657,16,0.21264484410061871
657,680,0.20133753355582873
657,544,0.19306715612093683
657,582,0.17876017507217731
657,303,0.17139368974888414
657,1672,0.17124974850428973
657,1740,0.1602218439691864
657,818,0.15533983261128434
657,425,0.14936472312277937
658,658,0
658,507,1
658,964,0.59701718927042968
658,1861,0.29601524208918506
658,1425,0.27142161966243888
658,241,0.25758962174541927
658,1842,0.20037275176476485
658,981,0.18746933585591674
658,1473,0.17665715499705131
658,613,0.17649412129685513
658,1782,0.16798078153466098
658,1237,0.16732940488813855
658,1791,0.14482511757799407
658,777,0.13643396170209579
658,1027,0.12728186525843468
659,659,0
659,194,1
659,1528,0.58571971405585521
659,1956,0.3736016227534788
659,298,0.30059338698686972
659,590,0.26937300241591189
659,1217,0.25999825784466585
659,314,0.25519377030688217
659,359,0.19542397391506838
659,1374,0.18654987242740648
659,549,0.1283980936698465
659,78,0.11655964870263991
659,752,0.092978191916871525
659,841,0.077091673346254011
659,18,0.065409223360261948
660,660,0
660,1829,1
660,1094,0.58860832124655849
660,155,0.3823859242308692
660,1827,0.3795768327767941
660,1284,0.3192829920677247
660,1570,0.25718057206568018
660,145,0.16925210439994048
660,989,0.15814899306225258
660,1213,0.12822548962488389
660,523,0.12322122855738263
660,991,0.11025356769429645
660,340,0.1015649126103354
660,651,0.097218163800522048
660,1669,0.091965049512339705
661,661,0
661,1665,1
661,396,0.55063780937526285
661,415,0.35609669326564231
661,1405,0.27328883963048906
661,382,0.23384082710635365
661,1873,0.21726522412008534
661,1362,0.20822215942266498
661,1906,0.16717121259328321
661,828,0.1661553113929134
661,1557,0.15837855343480728
661,829,0.14929892292646302
661,1607,0.14770220094351549
661,123,0.14408025239861305
661,1725,0.13475365040950715
662,662,0
662,509,1
662,27,0.94994214507995867
662,1441,0.3505323455511018
662,325,0.26012294697451005
662,916,0.24060621559912365
662,619,0.20363547987908842
662,959,0.17276487834529783
662,257,0.14999600610991176
662,196,0.14272454330816964
662,277,0.097223342814536692
662,756,0.09159012174861017
662,732,0.091436397505804151
662,205,0.085492105256846404
662,418,0.070826007981390285
663,663,0
663,253,1
663,771,0.7604022939405527
663,784,0.32250754191783848
663,1377,0.29806826805671727
663,1588,0.25123187613458714
663,669,0.22072707647667059
663,1968,0.21311770811738126
663,643,0.18646204411499995
663,32,0.13006867953475329
663,1328,0.12194957340178256
663,1733,0.12048670084139715
663,825,0.11014797176489373
663,1321,0.094620404565344554
663,1296,0.077098918103550157
664,664,0
664,184,1
664,1012,0.4858957494110277
664,399,0.48234223275059929
664,1526,0.40057258445810395
664,856,0.37777689003138754
664,1268,0.2591616657464394
664,455,0.15353341177330121
664,1276,0.14974627851147806
664,1208,0.13496018597046228
664,1548,0.10281567836450201
664,1094,0.093648754793824493
664,861,0.090846530918916146
664,835,0.088739307984139162
664,49,0.086847138559207726
665,665,0
665,26,1
665,27,0.41596039906855314
665,205,0.3145052718319461
665,906,0.28633576690450424
665,625,0.24816044884154639
665,1875,0.21695591542736292
665,1782,0.21146852850599465
665,1412,0.19251236289067944
665,996,0.18925298945205352
665,1177,0.17764943336401134
665,1324,0.17603582679431459
665,277,0.17358319238892311
665,1645,0.16792562664408864
665,1686,0.1365487418816986
666,666,0
666,459,1
666,1918,0.63238138447020953
666,1696,0.38837693770191622
666,491,0.32347635106432182
666,123,0.23497631275672112
666,585,0.16922553794572331
666,1068,0.16680434881305978
666,681,0.1658441745874572
666,109,0.16489785166369145
666,1081,0.1395903686271332
666,1067,0.13454932021859489
666,861,0.13153406719244437
666,1936,0.12991789979567581
666,988,0.12531143315485904
667,667,0
667,1794,1
667,297,0.53586397009483289
667,33,0.44814896603129811
667,94,0.42990836859444392
667,1141,0.24086877841318283
667,1307,0.2104214928029435
667,1506,0.16091354483280465
667,1479,0.15786483005027926
667,849,0.13748976771371216
667,1249,0.13183887579186551
667,1747,0.11678681060506235
667,1776,0.11348827394487729
667,1886,0.1122114080189478
667,918,0.11108213845471133
668,668,0
668,1082,1
668,921,0.5364891892395961
668,1548,0.50263814647331584
668,651,0.49874370958673991
668,1356,0.30192714369851709
668,989,0.18175414835847475
668,340,0.17133915709761235
668,1762,0.14833926415329424
668,766,0.11761005809214468
668,1777,0.10267855636869339
668,1396,0.10267671240181127
668,1012,0.10209991853608812
668,1094,0.082490530681252575
668,609,0.058100954934651061
669,669,0
669,784,1
669,486,0.68375717703600269
669,1363,0.60174518643181174
669,1588,0.24830041721073043
669,1328,0.24182079799963277
669,157,0.17428594494582023
669,1947,0.17059605684285539
669,1890,0.15649643163787474
669,480,0.12831215843320171
669,1751,0.12132969452265745
669,370,0.099978818479651954
669,1692,0.098546687547719558
669,1449,0.098441762348610407
669,1339,0.083288533847053564
670,670,0
670,471,1
670,1252,0.51711556408927151
670,309,0.40112204776591787
670,1138,0.38804487260836601
670,1616,0.29016216893654617
670,986,0.21472560085851075
670,1418,0.18710225302586334
670,683,0.18426143696790956
670,1901,0.17732117583027657
670,720,0.14863515298663074
670,1095,0.12697918355766941
670,1502,0.10500276342651105
670,723,0.0907732146397804
670,931,0.075639671255248425
671,671,0
671,1413,1
671,530,0.85222618580745435
671,1714,0.47133817829718289
671,183,0.41179670690648223
671,1546,0.30360039190558091
671,953,0.24347450334747731
671,1450,0.24013923708033763
671,273,0.11702973782243664
671,1949,0.097310305810168488
671,1611,0.073925984354440658
671,124,0.033936702628616262
671,1767,0.023692490499822569
671,976,0.022786065864384832
671,22,0.015634433973688418
672,672,0
672,375,1
672,1552,0.41008046998035858
672,1502,0.39311565332168646
672,1999,0.28568646883086052
672,1219,0.23345618582191299
672,1684,0.20803879069765838
672,972,0.19948046198450026
672,465,0.19742382487339691
672,1080,0.17362487406276669
672,1283,0.17300640631640921
672,194,0.16064377236447575
672,848,0.15939956957648388
672,590,0.15804667768224323
672,1807,0.1548879014379429
673,673,0
673,477,1
673,1812,0.52654887168354014
673,338,0.4211226716094183
673,1884,0.38745049503503726
673,705,0.29451087396496906
673,1817,0.28222685220974975
673,846,0.18508454929659454
673,594,0.15293761439336634
673,1305,0.13460081177357847
673,1882,0.1205066697663873
673,1193,0.11503555820622495
673,1811,0.097452583139749194
673,1395,0.096699134589548708
673,983,0.092716514093907146
674,674,0
674,1277,1
674,1045,0.31334301586917523
674,237,0.28465211403386081
674,781,0.2804733265334704
674,463,0.26129747133996784
674,1619,0.2579771706778281
674,1319,0.23625784762331414
674,950,0.23434848058466706
674,146,0.20962078967955516
674,1549,0.20921788668261146
674,1880,0.19548210250271589
674,1890,0.16005641370806609
674,1352,0.13437252912884792
674,416,0.12978502894143276
675,675,0
675,400,1
675,1401,0.73099288192358702
675,1780,0.65866981292276261
675,414,0.51703582708646967
675,331,0.15694502495325693
675,1685,0.13306837711774905
675,754,0.11239656080091058
675,102,0.1077727500395735
675,556,0.10020556024822996
675,644,0.087151932313683039
675,1305,0.08646835529172274
675,408,0.079281968473236347
675,354,0.072692742452169001
675,1959,0.064215424746799477
676,676,0
676,1798,1
676,181,0.58032261762404924
676,138,0.31904301871015323
676,534,0.28884523856464689
676,1505,0.27608611992475551
676,1682,0.22500370323128754
676,1087,0.22218337737507499
676,151,0.21927265879961377
676,1154,0.16105912337280581
676,1448,0.15026719116576917
676,468,0.12431153895115798
676,708,0.12051284028004927
676,59,0.1126953765710136
676,1458,0.10728912927551933
677,677,0
677,6,1
677,1128,0.59150321924835891
677,679,0.49172194029580585
677,801,0.27728266134922874
677,1266,0.22791134985640263
677,804,0.17836123934161355
677,549,0.17706335876818277
677,1984,0.14810901355439901
677,1186,0.14704931016208925
677,18,0.13815524189889358
677,1194,0.13799365200956107
677,988,0.13596826672534681
677,1057,0.12936948530067868
677,1636,0.12640894072608891
678,678,0
678,687,1
678,444,0.83107824418191578
678,1270,0.42318657527296782
678,1666,0.34583103629510153
678,1704,0.33728922652390958
678,775,0.20918051532537246
678,531,0.14612536053934763
678,722,0.13504913107614724
678,424,0.10350074906863291
678,1511,0.10015453973110984
678,1517,0.079024522169631267
678,905,0.069600596640540566
678,925,0.064395269232691635
678,1635,0.062477725793384072
679,679,0
679,1128,1
679,801,0.81867386360518957
679,677,0.70408812452033942
679,1984,0.61913841092020838
679,276,0.18354091971499922
679,1636,0.17882997826286512
679,1057,0.11697523966508588
679,1805,0.070509188366162712
679,970,0.042779142852135597
679,953,0.039930598691286685
679,609,0.039421445653112272
679,1104,0.033848177033899134
679,988,0.030286288192944388
679,501,0.028876462118817486
680,680,0
680,1672,1
680,303,0.49771336296379998
680,1840,0.369033224183408
680,1126,0.30366694181677584
680,239,0.22799955958991264
680,855,0.21486895453665339
680,657,0.20060911290639097
680,1595,0.19197442151092037
680,1197,0.18695642955379524
680,985,0.1736676508809272
680,490,0.16677530545997396
680,1649,0.14524770434367518
680,909,0.12058117831040406
680,1877,0.10779102260999586
681,681,0
681,1873,1
681,624,0.54267984993411988
681,861,0.50353407887059876
681,546,0.40804104255724571
681,788,0.24881860278254209
681,459,0.2144360410021926
681,121,0.21019583021786112
681,1067,0.20018782613376196
681,1568,0.16001759328752763
681,123,0.10166032057697631
681,1022,0.081266158677302441
681,212,0.081129316000450563
681,585,0.077801803410864123
681,479,0.077118745339505509
682,682,0
682,588,1
682,1149,0.64017828482247252
682,1163,0.33917416785487475
682,1475,0.28622846627947734
682,1791,0.21744026614392573
682,605,0.21166324631010813
682,1473,0.20411824187778019
682,257,0.16394947725599052
682,1902,0.15626604263169311
682,1921,0.14808220499169275
682,1425,0.14779415209216412
682,93,0.13646238338153391
682,981,0.13124762166619541
682,1505,0.12428697244955528
683,683,0
683,1906,1
683,1124,0.95659335622366692
683,1502,0.4099901665439491
683,1457,0.24862613619721458
683,1095,0.24411089830783864
683,98,0.2310848454173289
683,684,0.1291642631267188
683,670,0.11831319825356559
683,1545,0.11591091659754212
683,1418,0.11098620633423627
683,649,0.091632436688972446
683,465,0.087324344481812213
683,720,0.08430242690447072
683,1432,0.078845897184902536
684,684,0
684,1432,1
684,1090,0.94668572513816407
684,1735,0.66976227103443908
684,267,0.49964719989691075
684,1906,0.16137115326842141
684,683,0.11987788822962857
684,1124,0.11344981242710118
684,1056,0.10233121743051607
684,56,0.099950411323448271
684,1462,0.080641287298362688
684,1545,0.039566983375306779
684,1651,0.028361005690062356
684,1928,0.022740049797120184
684,62,0.022499612785417199
685,685,0
685,427,1
685,1105,0.89638030579414574
685,1579,0.41842264626831488
685,1112,0.18322399561890648
685,161,0.18088658703355392
685,842,0.17141162576201963
685,238,0.17066906735980442
685,1399,0.16280964895173622
685,1608,0.16039462565895657
685,1772,0.15024510800652449
685,1963,0.12283139287155921
685,1323,0.12207856749089517
685,1756,0.08694632240773173
685,148,0.080585656646492518
686,686,0
686,243,1
686,861,0.77111981655125084
686,1568,0.63076920607574538
686,1069,0.58646553018446657
686,525,0.40987849205332721
686,596,0.2726976629976518
686,1818,0.0920416775492328
686,788,0.077999026235761854
686,1757,0.019817984906843372
686,1604,0.013168303225154868
686,1457,0.012598330076153439
686,624,0.0097569944545784267
686,305,0.0064255959109537197
686,145,0.0041567165872147495
687,687,0
687,905,1
687,1270,0.45251666689471082
687,1666,0.39947738889167728
687,424,0.37659322688866509
687,608,0.28945855963926914
687,678,0.26051362414006207
687,722,0.23691727166659454
687,1943,0.15872684180646535
687,1449,0.14492961737030435
687,444,0.13657627417015297
687,611,0.12940315734063412
687,188,0.1154150166359947
687,107,0.10358903877637679
687,1172,0.10277144763381857
688,688,0
688,1910,1
688,1521,0.64296582578954331
688,1620,0.62324848517091369
688,405,0.320105749903141
688,199,0.31834938542139612
688,960,0.17646808478155473
688,152,0.14590241444417326
688,409,0.14578512687722411
688,1041,0.13392367303401401
688,1309,0.12744415726698888
688,1495,0.097552709472317714
688,1046,0.074597479796344318
688,1585,0.059704851898991058
688,475,0.040841547176851352
689,689,0
689,90,1
689,397,0.62511464183242971
689,1034,0.35109630943134951
689,459,0.32434470402975379
689,212,0.24762836279242256
689,1012,0.19454909891113153
689,1050,0.18660076379698304
689,1681,0.18616380319031142
689,1615,0.17497889519034518
689,245,0.15599803918072214
689,491,0.14860839401323597
689,1967,0.12259456597199499
689,835,0.095169946999088456
689,79,0.094047514832377971
690,690,0
690,716,1
690,970,0.6743445799412644
690,195,0.32952691773878401
690,1949,0.28966192131942076
690,56,0.25487636010341352
690,233,0.24627744068286955
690,1076,0.24508137587838791
690,921,0.19454163805813568
690,22,0.15746865338652125
690,505,0.13561081688086862
690,1186,0.11466088460309529
690,880,0.089285142449553406
690,298,0.088640871464254797
690,1555,0.086916738513604028
691,691,0
691,413,1
691,1023,0.47608914686408105
691,1529,0.36773509653042485
691,967,0.32882195647556711
691,1238,0.30990512061192182
691,709,0.28609184257154863
691,1966,0.24030118730303954
691,178,0.20533428080544075
691,1288,0.1255035279377161
691,1088,0.11909451396075056
691,60,0.11694958433334797
691,1058,0.11432016139199239
691,234,0.10993743847740511
691,1372,0.10680434378474621
692,692,0
692,333,1
692,1653,0.35848964411584622
692,1411,0.29161696104818396
692,1935,0.27060642771792837
692,1115,0.26901986605261635
692,1073,0.22854980879796938
692,1567,0.20956786233643515
692,1729,0.20955383305322503
692,142,0.20109964844791389
692,514,0.19230025498093459
692,1274,0.17258286406895684
692,860,0.17114171770324013
692,776,0.17113535150056716
692,1079,0.16122165023631013
693,693,0
693,1121,1
693,1913,0.66508439095776895
693,1329,0.56318031942546543
693,575,0.54421238587647958
693,799,0.30251478973156237
693,1697,0.26274167168895002
693,1224,0.17098177906444972
693,367,0.11099522984078662
693,446,0.067466041344771605
693,1610,0.058830170604941404
693,1971,0.048653547578626936
693,1946,0.043449786614607015
693,1914,0.036173336830009353
693,1287,0.032606353740791988
694,694,0
694,991,1
694,124,0.39346276319539747
694,976,0.34806681936795963
694,835,0.2781262494581403
694,1829,0.27161721418859797
694,1413,0.21473684853743982
694,609,0.20906307136110125
694,1777,0.1886207366058554
694,1636,0.17696692519562812
694,1615,0.17113074189324515
694,1725,0.16993353186172883
694,1855,0.16576554095151885
694,1139,0.15991303583200578
694,1116,0.15948987067328776
695,695,0
695,1197,1
695,454,0.5574770329139811
695,1763,0.30358740075621676
695,749,0.29984076164235213
695,1027,0.23662236167603987
695,1622,0.23548549469919516
695,1542,0.22997470829988287
695,1203,0.22607999730633535
695,24,0.15836530573094099
695,1645,0.14817801322941296
695,1758,0.14108314426540619
695,1503,0.13009894477656633
695,1242,0.12141446102091234
695,625,0.11868480529502663
696,696,0
696,1489,1
696,417,0.84058677402735438
696,793,0.45151761648412053
696,1942,0.40823269286942759
696,1766,0.21603170776983768
696,454,0.20060720693058409
696,1876,0.1451568174091592
696,1272,0.12399854503092729
696,1763,0.11170541690161109
696,1051,0.098394151490425477
696,700,0.090756142226634806
696,335,0.089388770001154874
696,1211,0.068264057301569037
696,1649,0.062245683323270275
697,697,0
697,927,1
697,1114,0.96143688751228984
697,1527,0.39708089126907709
697,1207,0.37360616247070799
697,1529,0.25934889665913075
697,1947,0.22485323111973851
697,1890,0.12911745696750568
697,999,0.12507904125137681
697,218,0.12006420830402199
697,1444,0.11568734707471882
697,327,0.064250625525211782
697,299,0.051659639956842092
697,878,0.045707629443705856
697,721,0.038996947481776748
698,698,0
698,492,1
698,759,0.43620215774377757
698,1948,0.26531578481313023
698,914,0.23573570269915367
698,1204,0.23191934571408745
698,1760,0.22098210650870884
698,1708,0.2097698186731741
698,1308,0.20834235549992122
698,44,0.19811814761674232
698,1148,0.1917548625044975
698,1585,0.18033576490595113
698,345,0.17957382447148365
698,517,0.17839875549438111
698,1535,0.17045157437390115
699,699,0
699,219,1
699,1577,0.54390913245888284
699,1882,0.32902779578953861
699,1878,0.32228683886321935
699,1518,0.29916703700653824
699,1632,0.2759094165564579
699,1907,0.18912565486209482
699,163,0.17133825974863742
699,1354,0.16719086461708221
699,481,0.13958694943984543
699,904,0.13159498539881415
699,409,0.12078238438318914
699,513,0.10876124669670692
699,1862,0.10820568681842303
700,700,0
700,1960,1
700,1326,0.48440817785238516
700,1499,0.356221131001763
700,1423,0.27469755683969238
700,811,0.26898583724752362
700,792,0.22699050873011753
700,1196,0.22340113927856675
700,554,0.2158556178469167
700,454,0.20638409610960182
700,116,0.14463675618295557
700,1766,0.13128951766042454
700,1211,0.12959432693396891
700,749,0.12562870932005388
700,417,0.11879890056089498
701,701,0
701,978,1
701,496,0.70633314734189101
701,1174,0.35321393399172213
701,1629,0.2588665702088101
701,1504,0.23964148327068716
701,1932,0.1953752108518487
701,1623,0.18210183964997273
701,391,0.17391165502451716
701,140,0.15875941357158307
701,916,0.13683195669142217
701,593,0.1345125212203388
701,756,0.1299110688856584
701,855,0.11992252744081185
701,27,0.11750121850161448
702,702,0
702,1004,1
702,1425,0.76130298485646597
702,1630,0.52820509264573889
702,1842,0.48106579324519039
702,1773,0.24720366771646254
702,1750,0.17451581993162135
702,746,0.14141228946660134
702,1716,0.10418068947773494
702,1347,0.09019898695335149
702,1792,0.08537534114541688
702,711,0.084257701713730565
702,97,0.081861232576243476
702,980,0.066708137192852526
702,257,0.060600654632483687
703,703,0
703,139,1
703,1730,0.4605364553485235
703,632,0.43417411319584814
703,381,0.36740553596943848
703,42,0.29706242654980453
703,53,0.20594787568506065
703,884,0.18733731160847103
703,220,0.18491517222697573
703,892,0.17152748080388686
703,638,0.14668716098071882
703,103,0.12285057095283647
703,1794,0.11574564262441515
703,357,0.1068546226541352
703,919,0.10585050351366486
704,704,0
704,1729,1
704,1653,0.58820933558158262
704,767,0.49107358111379695
704,1663,0.37410289919699885
704,1024,0.24422055981596061
704,261,0.2331565864860661
704,1536,0.18971794403922726
704,1391,0.14919250871956588
704,1776,0.14765759998307446
704,333,0.14082703397014365
704,323,0.10786290596552972
704,601,0.10019897311538015
704,514,0.084066256610599313
704,917,0.056598191150940523
705,705,0
705,304,1
705,594,0.96454413621986057
705,319,0.86128689265963609
705,1770,0.53844533317149834
705,412,0.20799149216775278
705,1193,0.101437176943242
705,1395,0.07900357381312724
705,983,0.070808328716938221
705,338,0.048676731459414313
705,673,0.017691279642284344
705,883,0.0071575416813007163
705,506,0.0040432397340968446
705,477,0.0033335734162183829
705,1520,0.0024802304630379413
706,706,0
706,1249,1
706,852,0.58420281881586589
706,390,0.34329850262365413
706,1043,0.27750837506723969
706,1794,0.21722617371040492
706,1115,0.21569510860820995
706,139,0.20233481028879463
706,1768,0.15886647368202933
706,1307,0.15580167484764351
706,1619,0.15243605498755156
706,892,0.15130788818396915
706,1479,0.15091147813082595
706,1977,0.14908349647041089
706,1352,0.14822509889352425
707,707,0
707,1677,1
707,616,0.55811390623409241
707,1953,0.41762892507156324
707,896,0.32663766749720974
707,1926,0.29539127220226452
707,594,0.21975623360744206
707,725,0.19067351942985178
707,17,0.18776149370912751
707,1560,0.14449091377177509
707,983,0.13607122077381886
707,518,0.12062765083470436
707,553,0.11292862190187442
707,557,0.10010363197949491
707,1291,0.096701655236315368
708,708,0
708,1633,1
708,534,0.68690928641134796
708,277,0.58750575608147537
708,425,0.4235657345517499
708,1645,0.2400404119555106
708,1837,0.1643527018930474
708,26,0.16175079022550812
708,151,0.15594327908582326
708,1678,0.12119553678954471
708,1027,0.082044257985640329
708,86,0.078233701438109426
708,1617,0.074192458789523089
708,1242,0.068151705403354357
708,613,0.063008069857044297
709,709,0
709,748,1
709,178,0.72998596916593916
709,1372,0.52300385941177963
709,1828,0.51670382385952474
709,1529,0.23118923662593799
709,1238,0.17103197146635507
709,1444,0.10877011831809411
709,967,0.10238394006052685
709,29,0.094192263259985087
709,1605,0.092312905735788681
709,643,0.091486224117306794
709,444,0.086075145110485973
709,1023,0.083159772620982703
709,1900,0.076589100382516304
710,710,0
710,795,1
710,721,0.37495290162747635
710,821,0.31913062617437277
710,538,0.29593483632229667
710,890,0.28941181549707018
710,13,0.27247746831143821
710,1292,0.22353182564048388
710,1445,0.1838815853345441
710,881,0.17613315433753982
710,825,0.16064964390991607
710,1919,0.1583450418607058
710,930,0.15181018613692718
710,1404,0.15043508860664717
710,1820,0.15019242014886658
711,711,0
711,582,1
711,1149,0.64438552953495054
711,1425,0.35348056005791961
711,732,0.31446257933364646
711,619,0.26429100345203099
711,1004,0.24596123425331384
711,1441,0.23097783267969368
711,646,0.23093141981127929
711,746,0.14854281565197092
711,981,0.11318824322464899
711,569,0.11249860932360255
711,3,0.099727701079164205
711,453,0.081565915530278754
711,1750,0.0668776684679422
712,712,0
712,146,1
712,214,0.88309145517764953
712,764,0.23716403553020413
712,769,0.22006080607386638
712,406,0.21528999064742294
712,285,0.18923198463931493
712,1100,0.16490833859124793
712,1218,0.15832249155918873
712,606,0.1471046107072162
712,416,0.14548556407779833
712,1476,0.14055620091967086
712,1234,0.13933789072574937
712,1496,0.13540512414377345
712,1339,0.13093282563459399
713,713,0
713,73,1
713,1709,0.47424468748927173
713,1475,0.4550462948974523
713,1902,0.2879979078355992
713,306,0.21657558195766394
713,605,0.19918574266469546
713,1981,0.19477154214223277
713,1009,0.17234141611561996
713,532,0.1705197176504025
713,328,0.16876115675218128
713,1792,0.1512331387708726
713,1083,0.14457662889499595
713,981,0.13643190815789533
713,1149,0.13520704525257063
714,714,0
714,885,1
714,265,0.97101109519455131
714,300,0.48435664842171783
714,1428,0.44013678635518089
714,1961,0.20389883654677154
714,815,0.18848153791772013
714,846,0.13177297735479532
714,1732,0.10591915144833682
714,635,0.078841099534730313
714,250,0.065891686026669907
714,101,0.065166898368064524
714,339,0.059139586758315918
714,163,0.056453065190976225
714,44,0.055816893982890074
715,715,0
715,1740,1
715,777,0.95686636667120395
715,1682,0.73407300403112519
715,1875,0.23138361568991597
715,441,0.20575543915079511
715,257,0.12651361815513107
715,818,0.11723734474615211
715,507,0.10563096016572775
715,1798,0.095269992523794172
715,996,0.087988092253059744
715,1119,0.074886699637540924
715,325,0.065404980970191318
715,1773,0.053628710808988671
715,277,0.052259383458166962
716,716,0
716,56,1
716,233,0.42965866624052101
716,1720,0.31812534787490349
716,690,0.30622856530767384
716,350,0.27029489979620624
716,856,0.20582819044671483
716,1581,0.19616878378570801
716,255,0.18693026187191902
716,880,0.18615849979189622
716,766,0.17912263999845163
716,1371,0.16565056796512032
716,1786,0.16014952458121506
716,970,0.15201738410720617
716,1607,0.1505548266382474
717,717,0
717,499,1
717,1557,0.51925200074525191
717,243,0.30008198269488789
717,1303,0.26661510900131707
717,1092,0.25706068463311432
717,2,0.21097211936629373
717,829,0.20655365967492079
717,1330,0.19291183105913939
717,1378,0.19148948781250696
717,1297,0.18078176587056158
717,232,0.17590789108231339
717,596,0.15869201420645887
717,1457,0.12549006689426792
717,415,0.12108177328715272
718,718,0
718,935,1
718,880,0.92593524202143962
718,293,0.48887664367943168
718,289,0.45619509925139068
718,752,0.28486420968751575
718,1819,0.17678328584602701
718,1992,0.13279013060195521
718,118,0.1179786494827938
718,1336,0.072892576954355165
718,956,0.062467034594105665
718,399,0.05274226736341131
718,1528,0.048438679269990376
718,373,0.044004192629089944
718,47,0.042917005699724925
719,719,0
719,548,1
719,1196,0.74355005463941704
719,1840,0.6224693809805939
719,241,0.25743758348238888
719,1235,0.23382575607074568
719,1836,0.22939075689965799
719,1861,0.18985193655440663
719,790,0.15754441956975343
719,1423,0.10196715188895973
719,658,0.098816842399325255
719,512,0.081344035979967699
719,1240,0.078027428081119454
719,909,0.073572890904823676
719,1237,0.039091005601023632
720,720,0
720,465,1
720,1418,0.38926693683967484
720,988,0.36904985762478548
720,469,0.32810090843139217
720,298,0.25467151118239639
720,106,0.23700490735133375
720,56,0.21263309475593237
720,1616,0.17459669070847664
720,1325,0.17015227935940228
720,801,0.16983168396461928
720,491,0.16700453613846156
720,970,0.16478395470361132
720,1637,0.13723235145805923
720,361,0.13255274287595634
721,721,0
721,1292,1
721,1088,0.43334427489899485
721,1304,0.37413918526128614
721,1947,0.32749384569732315
721,1444,0.22811663992971468
721,13,0.22777317191377131
721,726,0.21311697685499617
721,1529,0.18051949117236185
721,1890,0.17437021563622368
721,1024,0.15734403051776796
721,442,0.15725312545014869
721,917,0.15138716060463858
721,794,0.14135247256345651
721,795,0.14067469074105374
722,722,0
722,1534,1
722,1666,0.43352436090412316
722,905,0.26919355045159488
722,1183,0.25267290969104667
722,148,0.24930151347781096
722,444,0.24494098735116024
722,687,0.23578274626636633
722,771,0.20416472742212377
722,1449,0.20396389480608046
722,188,0.17473641174617516
722,922,0.16737367703336131
722,1265,0.16099958613970985
722,1136,0.15516084239086333
722,1270,0.15507939728211259
723,723,0
723,1252,1
723,1781,0.48022810967724811
723,1077,0.34682133436497697
723,1006,0.30637219579633151
723,215,0.30624249676505394
723,1090,0.22218082097532701
723,1318,0.21385949160253803
723,255,0.19634294060666113
723,56,0.17295873683026322
723,1191,0.16826833444511116
723,31,0.14624529373910183
723,716,0.11985912088178559
723,865,0.11456097105404905
723,232,0.11295415311396849
724,724,0
724,1429,1
724,376,0.44535028259577164
724,35,0.3336642611236364
724,1589,0.25063958157079669
724,576,0.24752543413966677
724,443,0.2459862257586696
724,610,0.23889240709700035
724,1852,0.22975954580037611
724,159,0.22652657231008744
724,484,0.1612624905837651
724,806,0.15137438840344641
724,498,0.1387664256287103
724,1798,0.11993097789401772
724,1814,0.11720551447801797
725,725,0
725,65,1
725,1878,0.84514947517486394
725,518,0.65633133749837136
725,594,0.50492410921141651
725,707,0.33811972839956772
725,673,0.23010885075710194
725,1042,0.13343166586430125
725,1723,0.055873436725031561
725,983,0.048340430173485126
725,163,0.028590246327064008
725,614,0.027964512706062903
725,1812,0.018852507809342039
725,171,0.0097512951673835342
725,629,0.0094515075301363875
726,726,0
726,1292,1
726,1963,0.52778467819582331
726,1386,0.30285769000641921
726,1088,0.26193107268097343
726,463,0.2542622687890127
726,402,0.24546441156666551
726,721,0.21582099058207288
726,1024,0.20553766038670546
726,1100,0.17251902767053542
726,1093,0.15171098070117894
726,177,0.14976765376831006
726,917,0.14585936275557804
726,1804,0.14210642775610677
726,208,0.1312588673281771
727,727,0
727,226,1
727,979,0.52473977492354595
727,1951,0.33150668427832763
727,73,0.29929901229046929
727,1065,0.25517185901958928
727,713,0.21386701308128789
727,362,0.21049393611243417
727,30,0.18432695707513955
727,410,0.16520088175974798
727,1083,0.1580096816417145
727,1950,0.15123039415965986
727,1009,0.14173538390431237
727,328,0.13838982814489009
727,1458,0.13291477674638794
728,728,0
728,104,1
728,1406,0.4755371193491813
728,1904,0.47380106360831564
728,1459,0.30015237812718137
728,755,0.23530736523080659
728,1312,0.21251799881144096
728,1971,0.20387076985090336
728,1961,0.19143507891640743
728,1872,0.17169932327105664
728,460,0.15954885060636553
728,1988,0.13527101455755564
728,95,0.11752662217843075
728,354,0.11647845611917342
728,302,0.11375062278774468
729,729,0
729,364,1
729,435,0.43970681521223121
729,1921,0.3653397748871457
729,588,0.33801067213568314
729,1902,0.29319430874595098
729,1699,0.23809384531820546
729,1505,0.22972879446237504
729,979,0.17070876232411919
729,1010,0.15435303953663901
729,151,0.14928144658728248
729,582,0.14694617455265416
729,1562,0.13126883865179567
729,1852,0.12867047892329192
729,1682,0.12158876701186261
730,730,0
730,181,1
730,1154,0.585495489925553
730,1640,0.51357458252403121
730,138,0.24611066134246501
730,1437,0.23982288789678485
730,551,0.22117413261589647
730,676,0.21515641822028564
730,260,0.19867986393954321
730,452,0.19212029585931822
730,1929,0.11716442487271744
730,307,0.10235808809731727
730,1458,0.095918292402837085
730,534,0.09296114137473753
730,1689,0.086351884209813046
731,731,0
731,776,1
731,1797,0.97903368326265428
731,922,0.87018731560546614
731,1635,0.42608144401299697
731,539,0.17091453814982943
731,531,0.086956773746818289
731,1486,0.080543536968092619
731,819,0.071390796112785801
731,1853,0.056274911508864413
731,429,0.043502716771827273
731,333,0.034503897095682898
731,220,0.034411658580663661
731,1695,0.031006743811264545
731,1641,0.022083584965976191
732,732,0
732,619,1
732,1599,0.51238423307712633
732,1149,0.33296857657652734
732,1441,0.31883508928549148
732,1682,0.29321448474748613
732,711,0.21343127027036948
732,796,0.20895410913425386
732,93,0.20403992299456664
732,27,0.19248545065609104
732,257,0.17339731935533029
732,662,0.1276347481927767
732,325,0.11954868277549231
732,981,0.10699655162195218
732,1425,0.10300791271160691
733,733,0
733,1117,1
733,223,0.54853791723445555
733,1162,0.36771936760914842
733,1532,0.3122640864407874
733,572,0.26181609774421977
733,1795,0.23101243267336719
733,1331,0.2207712262211933
733,1253,0.18832374993112988
733,368,0.18256772054356524
733,369,0.14440893424918858
733,838,0.14165448352748419
733,1851,0.11229301669628844
733,1317,0.10429442738438528
733,1226,0.091235485419325996
734,734,0
734,23,1
734,1155,0.52625012866076437
734,575,0.29682103420535549
734,1406,0.29566680374306348
734,95,0.19289094649047964
734,250,0.19277746257439629
734,1387,0.19275797688717819
734,728,0.18537867264235097
734,1316,0.18407977663023001
734,1946,0.18260519889509139
734,1392,0.17928636815509738
734,552,0.16654583387284899
734,960,0.15870137069796975
734,1732,0.1531314775090456
735,735,0
735,1613,1
735,599,0.38269501143015516
735,1129,0.30233864718301151
735,1362,0.2970280866980331
735,789,0.25738507031978275
735,1801,0.25194946951540526
735,110,0.24672742568483028
735,1396,0.24390133246084628
735,1922,0.23092082769446717
735,123,0.20216328714668957
735,1592,0.15274159416889313
735,1607,0.12509951754442461
735,1165,0.10936033887507472
735,1436,0.10458009429040628
736,736,0
736,1545,1
736,1999,0.61468692988344209
736,1056,0.34962236712671857
736,267,0.33092076887442967
736,1673,0.24475299871777753
736,40,0.2170915022959686
736,469,0.21492475537452121
736,1735,0.20750267560271962
736,351,0.17191927193822998
736,684,0.12216250958865826
736,1397,0.11498947421753186
736,848,0.1099284048469015
736,1671,0.1095196003657032
736,972,0.098868816701240494
737,737,0
737,1759,1
737,1162,0.56193750296681844
737,1276,0.35015797866126752
737,1318,0.32909786049653883
737,1200,0.25244286549405842
737,189,0.20597679963644316
737,1992,0.19835686888940879
737,356,0.17076042053109058
737,664,0.16572086449658394
737,488,0.14702082829904795
737,1077,0.13578011367946674
737,654,0.13552288875541652
737,195,0.13247994841000571
737,856,0.12163078263731067
738,738,0
738,557,1
738,757,0.66175018814218955
738,1098,0.63202044457840778
738,1769,0.34145829519292797
738,68,0.31295589482123259
738,392,0.27788971636625831
738,1121,0.14996159322003591
738,17,0.11059991603718268
738,1422,0.084768842117706467
738,824,0.072831849208490021
738,616,0.067686054449561009
738,1070,0.066940563227304448
738,1939,0.065437402627765109
738,537,0.062589098249098335
739,739,0
739,1320,1
739,1933,0.41955589030408663
739,283,0.38694265595948857
739,339,0.32232946796119361
739,1810,0.26646049142825601
739,55,0.26606324267575354
739,1923,0.25881691582286492
739,268,0.18474878656263224
739,1337,0.17927002689560945
739,265,0.15817597129227207
739,536,0.1285646087057267
739,446,0.12361591963901208
739,1675,0.10720158172364713
739,363,0.10515472005312181
740,740,0
740,1093,1
740,177,0.45273406161340241
740,631,0.44203799033947871
740,1930,0.41664192499631741
740,424,0.30518260467627428
740,1024,0.2776948767519774
740,1605,0.24084074317739912
740,922,0.14078639889725589
740,208,0.12553349503012676
740,103,0.12173611053566648
740,25,0.11319355452910668
740,1270,0.11216979282084781
740,1248,0.089846649465624109
740,849,0.068487670700348113
741,741,0
741,1822,1
741,1944,0.75087125966959489
741,1894,0.40051283171285834
741,1035,0.38642208124645228
741,1074,0.26242946729410277
741,1671,0.17782414753235837
741,351,0.15140737812527191
741,952,0.1443586865977429
741,1628,0.13743497706749855
741,89,0.11755146121623006
741,1615,0.11222369094029447
741,997,0.091030178177986087
741,40,0.087764087621430981
741,179,0.087062513875369535
742,742,0
742,1349,1
742,1608,0.88781944831323212
742,1007,0.71047636483658072
742,178,0.47803476814591089
742,1265,0.26471660369911737
742,51,0.10159091122025972
742,1238,0.092622596073786687
742,1123,0.076683889137280123
742,1900,0.065611891293366795
742,842,0.060434205225215733
742,1970,0.051464129964463583
742,1172,0.044522485164692316
742,1140,0.038865835634618748
742,967,0.034046119020177248
743,743,0
743,363,1
743,1025,0.73721851573607544
743,815,0.40599814383898375
743,1267,0.37216250735889372
743,66,0.26082424851475255
743,1760,0.22058186776632399
743,1535,0.19364539885348059
743,163,0.13988467088498191
743,355,0.13369497410565842
743,1204,0.11004764033755463
743,536,0.090941453783278864
743,1948,0.083745499920778552
743,928,0.081421201542261817
743,1279,0.076725447697039401
744,744,0
744,94,1
744,1609,0.74478384421238431
744,918,0.36730500348364375
744,42,0.29259092224234884
744,1043,0.23740289679173887
744,1112,0.18816609040314053
744,1930,0.17468800189071523
744,1496,0.15226695661977424
744,379,0.13756977145627722
744,161,0.12803164633114564
744,632,0.12469026316959959
744,667,0.12345254619368921
744,103,0.12170152459209042
744,1794,0.11424105998823561
745,745,0
745,394,1
745,252,0.60613109482664085
745,418,0.39874560879816429
745,1083,0.27393806475934857
745,321,0.2243699951233607
745,1689,0.18745762309659328
745,1437,0.18707023899937114
745,1361,0.17537555932665261
745,1040,0.17305338921660654
745,1367,0.16797819888137139
745,605,0.13336169834072759
745,1951,0.12809938608405319
745,1388,0.12726812877128607
745,773,0.12403775669581693
746,746,0
746,1004,1
746,527,0.56728424374983444
746,1347,0.51843370500639896
746,1425,0.27558101399836976
746,711,0.24448935543257674
746,1630,0.24114455478401148
746,1458,0.22220716211601718
746,248,0.22051210824056106
746,569,0.14688288433212346
746,1716,0.13892215796958846
746,1149,0.096977894056383393
746,1689,0.084249934232852458
746,1682,0.07537022956402889
746,1750,0.074830517417221104
747,747,0
747,647,1
747,74,0.85669935503139238
747,955,0.4278573402684186
747,112,0.34600205366561843
747,1961,0.24063515539571129
747,101,0.15662728302814374
747,1706,0.14998083567733769
747,1843,0.13652776540456218
747,1540,0.11922618181673438
747,520,0.11871374550364802
747,998,0.10245279252431654
747,946,0.099944524773289384
747,614,0.082207682682411895
747,44,0.070010813856308529
748,748,0
748,1828,1
748,709,0.83999891922425407
748,643,0.75222354898503108
748,29,0.45204881287065468
748,1327,0.17977931845585765
748,782,0.17641684520308809
748,1900,0.10821906418962121
748,1265,0.073341528700318265
748,253,0.065954398140557591
748,1123,0.05760386127525733
748,178,0.055601003631014098
748,722,0.054033212012496751
748,1328,0.049608888976505845
748,1134,0.042070316364136662
749,749,0
749,1161,1
749,695,0.6052785796171849
749,1622,0.34567588201042737
749,417,0.29916513933296895
749,454,0.25509981600396892
749,1423,0.22097019550596186
749,1763,0.20982003659759244
749,1499,0.20930252959325316
749,1503,0.18575934591467522
749,1211,0.17262545087172887
749,625,0.11795469389023092
749,814,0.096562139994085153
749,1758,0.095804667000871188
749,1203,0.092875816876915832
750,750,0
750,63,1
750,226,0.7182343518809382
750,627,0.58920739914092934
750,1052,0.47490741879222526
750,201,0.41273444899424483
750,394,0.22021284405397989
750,198,0.13565831279312754
750,362,0.12297435409867753
750,1505,0.073527706564949502
750,1241,0.042003981114469235
750,727,0.04075397089169723
750,1789,0.027826168412967388
750,730,0.025279940120430867
750,1593,0.023566760788228006
751,751,0
751,836,1
751,1870,0.58970956209841385
751,1511,0.5220901213135839
751,1841,0.49992630934296872
751,1479,0.31256913981484463
751,1635,0.20407768360812603
751,1509,0.16676409102802825
751,371,0.12809189552787922
751,528,0.12105049416616021
751,1753,0.080364963010455231
751,220,0.077964149530254948
751,1641,0.075893697153502387
751,951,0.068996233548048069
751,539,0.059384960212973174
752,752,0
752,1528,1
752,956,0.69930807080145785
752,935,0.69454423966374346
752,1526,0.51101731637988446
752,399,0.27426334197330382
752,1374,0.1982733973676396
752,49,0.180301745482364
752,1135,0.11464391070788499
752,880,0.10660631839013453
752,718,0.044821714445868167
752,194,0.035210338989458641
752,636,0.020951977333135835
752,78,0.014030686285798332
752,953,0.012925016455799175
753,753,0
753,1674,1
753,762,0.47593392524243622
753,58,0.37445082723712969
753,1285,0.34452737090563584
753,1512,0.30672555101371429
753,1314,0.24114664951674955
753,1349,0.23261748719917372
753,1033,0.17714872997704162
753,1440,0.16270986079040603
753,781,0.13648993250696853
753,346,0.12241882422270575
753,1880,0.12025805286159588
753,1037,0.11004694561685552
753,1212,0.10241458248774063
754,754,0
754,99,1
754,400,0.77096427128680167
754,1685,0.30470711338735518
754,520,0.22943561426176029
754,1305,0.21219506201721183
754,1871,0.19517302545055484
754,1387,0.19068371113182003
754,1066,0.18394286202450658
754,556,0.17964316520774803
754,592,0.16087178042728914
754,354,0.12780081522388315
754,1316,0.12182736420198564
754,474,0.11860859291681372
754,1644,0.11104353917654911
755,755,0
755,944,1
755,1564,0.55770403977646688
755,1971,0.50741191388828621
755,1101,0.35571984969495662
755,1368,0.25856382489655544
755,1547,0.25141736334151665
755,1459,0.16305071918819641
755,1543,0.14418486556368604
755,414,0.13999462960926226
755,102,0.12633774661140723
755,1158,0.12111610463966843
755,1685,0.10311154030400786
755,728,0.091827122036439709
755,1799,0.086449333406744738
756,756,0
756,916,1
756,511,0.47232477882228929
756,1086,0.37726787240817289
756,391,0.37250619896060627
756,662,0.25355021616648038
756,303,0.24301148248186338
756,963,0.24298972861877505
756,1504,0.23255680107354335
756,490,0.18409327195589006
756,277,0.14743977944973127
756,227,0.10817115508315439
756,1958,0.094619417218317597
756,1678,0.089885217237748158
756,425,0.08847336102261924
757,757,0
757,68,1
757,1387,0.66740434114599489
757,1988,0.37378174783780505
757,1121,0.24701094985306304
757,1769,0.23745634154611869
757,575,0.23203658312936767
757,1357,0.23004001182758807
757,95,0.19001383821405343
757,398,0.16209775555302047
757,1520,0.13079687069598112
757,64,0.12612589102161936
757,88,0.11075625628526185
757,594,0.10617613629213313
757,552,0.093191345339188908
758,758,0
758,574,1
758,5,0.53796693491644654
758,1945,0.31849731982734641
758,576,0.28302206405845481
758,1412,0.26583828708421686
758,1782,0.2550564442629909
758,484,0.25466582164303136
758,196,0.22908322992346039
758,1159,0.1575783424173115
758,482,0.13814042677512314
758,909,0.13233148359458649
758,1650,0.12689987185397605
758,1205,0.11242610938822546
758,325,0.095379379879620182
759,759,0
759,1204,1
759,1072,0.86265024796932488
759,698,0.5389759652810775
759,197,0.38160724821525815
759,1760,0.3364230188993062
759,1908,0.14563946376258355
759,1066,0.14398286152567893
759,1685,0.13796279828310301
759,400,0.11894083522318689
759,1041,0.081256284474685497
759,492,0.044402650554540374
759,158,0.039890505346045206
759,1948,0.0390373957404355
759,914,0.03612427147296747
760,760,0
760,102,1
760,1727,0.73766193952047876
760,809,0.41186772125394727
760,556,0.31115584284411718
760,474,0.28499324358109857
760,258,0.18632210291993365
760,132,0.18418383951229028
760,422,0.14526284832777878
760,1464,0.14070337783047077
760,1055,0.11641490902185041
760,1355,0.11485592288872022
760,944,0.097111026553563309
760,822,0.09066147027722822
760,191,0.085686752408060049
761,761,0
761,55,1
761,1990,0.79719621236170679
761,324,0.64134106266704993
761,1025,0.39631500076773724
761,1810,0.36876531246123462
761,265,0.2149390802164968
761,815,0.086937149240186251
761,743,0.080296280789513147
761,1732,0.067775868063115446
761,1838,0.062333415803822532
761,1392,0.050385278229351821
761,1279,0.050041849973319605
761,928,0.04590312026990493
761,81,0.044651520156677643
762,762,0
762,58,1
762,1349,0.37120657895596609
762,1470,0.34184838036869014
762,1815,0.29638266094345694
762,753,0.28883623427339294
762,218,0.28381510561711409
762,1285,0.2768921971864387
762,1140,0.22875615696177232
762,849,0.19649773922759167
762,1674,0.1964912960578335
762,853,0.15594498306925328
762,103,0.091621390403627365
762,781,0.091536591259922778
762,1314,0.087068107945636589
763,763,0
763,1933,1
763,1370,0.86090401655172355
763,244,0.39657519987545514
763,1832,0.25867381252868549
763,464,0.19800924765712349
763,1368,0.19190833341606969
763,1971,0.17750674693238996
763,446,0.13168031018048076
763,1580,0.12910234961834924
763,474,0.1267037488746301
763,1624,0.12654522079755448
763,755,0.10774208192023291
763,1923,0.10467236033408508
763,885,0.096873644353208013
764,764,0
764,794,1
764,1339,0.82615323265550622
764,1292,0.4246113071168332
764,146,0.37874115844883005
764,208,0.21158255582307428
764,1404,0.20717742788917004
764,1804,0.16876366519051056
764,1304,0.12547455415918582
764,214,0.12123428949569488
764,429,0.11173707893387592
764,1093,0.10220453717995756
764,1218,0.091124823273174782
764,878,0.074002171975751319
764,157,0.064081843692444421
765,765,0
765,919,1
765,1270,0.52132481811336828
765,922,0.4552930018584937
765,641,0.28139591530128122
765,424,0.25846530019500918
765,381,0.23569859885270275
765,740,0.21757557725929383
765,1605,0.20926697533588326
765,445,0.15817687242835812
765,67,0.14949941741474523
765,208,0.11535291771528458
765,1635,0.10339551429321428
765,316,0.10246871751826521
765,1511,0.098981284656180391
766,766,0
766,1602,1
766,828,0.60805165674606088
766,1762,0.38645671206790133
766,1786,0.33301642935069742
766,340,0.25443189805599709
766,921,0.21710770010260688
766,1548,0.20949319472193162
766,716,0.17623485237212805
766,1607,0.17463192501812907
766,935,0.12870054957332164
766,1777,0.11441735448887039
766,1669,0.11173463358586827
766,278,0.099883474281016182
766,856,0.09272667137675164
767,767,0
767,917,1
767,704,0.383250288245717
767,927,0.35380786401428743
767,1439,0.30085172545213795
767,1530,0.26097886186355856
767,1341,0.23273649366093488
767,1024,0.19587077166225175
767,166,0.18289621560471916
767,1408,0.17544065080942264
767,1527,0.17309284207616113
767,1088,0.16906050582623833
767,897,0.16039921061551807
767,631,0.15938284810817271
767,1091,0.15912666921411231
768,768,0
768,1675,1
768,955,0.86766876007163707
768,464,0.33453333935403023
768,268,0.27893957529055047
768,1359,0.26865170080291456
768,111,0.22675286214510129
768,1706,0.17608640292063774
768,44,0.14604372435213048
768,520,0.13400281000958503
768,101,0.1130909843768734
768,914,0.10896541640656279
768,754,0.085979877560078202
768,614,0.084365204816636896
768,1535,0.081802120578276377
769,769,0
769,1100,1
769,1890,0.4224250671884538
769,406,0.41972823336321774
769,1756,0.4070832747377543
769,416,0.37605078521688595
769,1642,0.29897145820354404
769,1496,0.22974600604264567
769,871,0.22760627611273027
769,918,0.12276943773434755
769,146,0.10267710031639718
769,1963,0.096653727753967147
769,1112,0.072616154966688523
769,712,0.07255267714357598
769,1059,0.058004157915698851
770,770,0
770,11,1
770,1434,0.81105318546197791
770,644,0.70549706622144281
770,1357,0.30352704424409027
770,28,0.25472283763907172
770,552,0.17600146292112115
770,224,0.1757764776795174
770,1976,0.12808029198431523
770,133,0.10375977024740277
770,1015,0.088400011140220294
770,1946,0.065456849526790289
770,1998,0.035122338982433506
770,1127,0.031786513920775437
770,1251,0.027715275478356519
771,771,0
771,1534,1
771,722,0.64697851305603438
771,663,0.50061284197728928
771,238,0.3640659199734847
771,1869,0.30083366770293862
771,1666,0.2016618532179324
771,1486,0.16119343305925235
771,669,0.12658297512832545
771,253,0.11141065777074233
771,1328,0.10857460725419403
771,1449,0.097285617052805251
771,1265,0.096595721058727393
771,1183,0.096028852752009411
771,1136,0.095059192378255303
772,772,0
772,1867,1
772,9,0.40978147653709263
772,485,0.36224170870698413
772,1191,0.25777544495619947
772,1873,0.24013764539479626
772,1,0.21224305650496539
772,206,0.20756185257026546
772,997,0.20620976825257792
772,1462,0.19198714693706709
772,1541,0.18480738957189757
772,652,0.17072745461120639
772,1822,0.16021892649381614
772,1318,0.15762391303338
772,1749,0.14557115103776469
773,773,0
773,1951,1
773,418,0.6430591871610396
773,217,0.45658507767262618
773,1854,0.32213308628211135
773,1178,0.27993289006708144
773,410,0.23386588760616361
773,605,0.21198982026798827
773,593,0.16355492692037457
773,1701,0.14021271257612755
773,1361,0.1385026898084967
773,1009,0.10905812448550153
773,932,0.07491370286998339
773,502,0.068316387232898415
773,394,0.064772235634426759
774,774,0
774,1203,1
774,347,0.50763645597695839
774,461,0.40835785192434543
774,1211,0.39758071038255405
774,30,0.38600795268676341
774,1156,0.32110542395571423
774,1009,0.25296849301069668
774,1102,0.17517178237325559
774,1229,0.12726414348539292
774,515,0.11342296877391538
774,1503,0.083244439178754806
774,1049,0.045611599479884836
774,1763,0.044896403197452993
774,980,0.043623294713590464
775,775,0
775,1834,1
775,678,0.55316512402504525
775,444,0.50652346265214487
775,388,0.48741623788256083
775,1666,0.31903295192657583
775,905,0.21176171671738922
775,722,0.20800666298720827
775,1746,0.1683244720088985
775,687,0.15743401329075388
775,1534,0.091914049585357135
775,1270,0.084647934411170314
775,342,0.058432076324216972
775,442,0.033920009696609854
775,1338,0.026310848558288007
776,776,0
776,731,1
776,333,0.67766954885583763
776,1567,0.65161708629925119
776,1635,0.43436415607706408
776,1511,0.19835788295300136
776,922,0.18106566778573355
776,539,0.15485932424520538
776,1935,0.11710760108808471
776,514,0.1161927313708077
776,819,0.088898131781405584
776,1514,0.082865226444174267
776,1641,0.076429663040512741
776,220,0.071156498617156713
776,958,0.05630381940637743
777,777,0
777,1929,1
777,1622,0.5856656727456262
777,715,0.45136677749107906
777,964,0.30562800012593733
777,1119,0.25499333186772905
777,996,0.25372153199556574
777,507,0.18255773357833624
777,850,0.15019141049190027
777,625,0.14489711901257371
777,257,0.1398394038097705
777,1682,0.13457391295187407
777,1425,0.12414604214428679
777,1773,0.10914048161913714
777,1875,0.070159947003170131
778,778,0
778,90,1
778,689,0.4922639038301182
778,1034,0.47761217024330493
778,180,0.3334038413627291
778,1679,0.29389390904869023
778,1165,0.26777283446119443
778,735,0.18790160760004407
778,439,0.1561091213588868
778,122,0.14177369158884451
778,1801,0.13645303791860464
778,440,0.12546114717141846
778,212,0.10835033054237707
778,487,0.095130345622653115
778,1256,0.090758681248618966
779,779,0
779,1273,1
779,465,0.82044676066454081
779,487,0.32237109769498051
779,1918,0.31419799345832394
779,1050,0.25624642804848619
779,79,0.22152697895475509
779,787,0.17125732063318758
779,336,0.13755933723656438
779,1556,0.12521542138721958
779,469,0.12299586503661658
779,1936,0.1124295900646813
779,720,0.10959816088658089
779,1502,0.099369640792024205
779,931,0.093670064793541771
780,780,0
780,1934,1
780,1134,0.48734612912010816
780,1445,0.2894754791714419
780,1286,0.28445157209169419
780,323,0.28318546285121055
780,107,0.25922858118175834
780,1991,0.22121866609156779
780,1863,0.20213757404925786
780,514,0.20040882586293496
780,67,0.17730146243880671
780,765,0.14353616337078759
780,141,0.14312392224996112
780,388,0.12221270635780156
780,1416,0.093260903712672899
781,781,0
781,146,1
781,674,0.68114093202228587
781,1512,0.55867552512528107
781,1285,0.46629404049808426
781,214,0.28688806493006469
781,510,0.20285102963462109
781,762,0.17847572276927828
781,416,0.13570048335215765
781,1850,0.130653261926652
781,1172,0.072314209270541691
781,1461,0.064162570484868606
781,346,0.046104584173909093
781,1314,0.044199989922585205
781,1277,0.03942239358700797
782,782,0
782,1327,1
782,748,0.59691237913055517
782,1900,0.52536066611342702
782,1828,0.45885269819523727
782,1509,0.42079121976383144
782,1007,0.36772094417702361
782,29,0.24269484019839693
782,1123,0.094584878789992916
782,1134,0.070527328711105577
782,643,0.064890695820551472
782,1416,0.01754629072940957
782,1265,0.016256545665759264
782,1328,0.015964891856446499
782,1143,0.014782625228574915
783,783,0
783,1329,1
783,17,0.67418320423749256
783,190,0.58176947437919657
783,1357,0.49307811839638072
783,254,0.45928663123822666
783,831,0.15350882377403918
783,604,0.11969146854288416
783,644,0.089768609965675636
783,224,0.078991091919283482
783,412,0.067442022880283489
783,310,0.0631463259955964
783,345,0.048439470193793438
783,883,0.048142500608863152
783,414,0.02944383912468642
784,784,0
784,1588,1
784,1363,0.4829706906418928
784,522,0.44341861603488802
784,669,0.40529993944472481
784,423,0.23152050085018908
784,1608,0.20077876897337585
784,253,0.17691255949826754
784,663,0.15302409268498141
784,1218,0.14544658040405375
784,1123,0.14087208045630412
784,1265,0.13985382128099935
784,486,0.13925935959650329
784,1886,0.12785245620270863
784,918,0.11969028049803908
785,785,0
785,1603,1
785,536,0.58927789445293655
785,403,0.41167287884762443
785,563,0.32947309505000738
785,1144,0.25271214829266569
785,1849,0.22054294489182416
785,1985,0.21414613113050943
785,1170,0.18431268563145556
785,1216,0.17238673653694811
785,272,0.13806998478832327
785,1580,0.11858118036793112
785,1698,0.11408256636959142
785,1803,0.083686637699670469
785,1382,0.07795074129716878
786,786,0
786,1769,1
786,88,0.87289154516113043
786,1133,0.7282093034719096
786,1357,0.2939660348399793
786,1520,0.16907315712705065
786,757,0.16432424431843662
786,17,0.15424989145790163
786,1167,0.10213397553575622
786,398,0.088713162410159072
786,1422,0.080808923556018264
786,506,0.065245839175791812
786,1420,0.064199252934478299
786,221,0.062188129784900542
786,896,0.060887571044533718
787,787,0
787,994,1
787,79,0.81222778969532561
787,1280,0.29309155598302439
787,195,0.26405765190305758
787,779,0.23983048989916597
787,491,0.2178173032281637
787,207,0.21698494089382422
787,90,0.1517312572180182
787,1801,0.13859867766274744
787,109,0.13180714435780172
787,1671,0.12167545736345356
787,1275,0.10928723445106457
787,459,0.10608274101258446
787,1012,0.10370037292424221
788,788,0
788,1069,1
788,681,0.4677799364110577
788,121,0.39765503337708491
788,861,0.37538351245168289
788,1080,0.34545127885439181
788,1568,0.3332374268744282
788,1660,0.1719217102810702
788,525,0.17168063663609626
788,243,0.14120494491586111
788,396,0.11192345037247034
788,523,0.10470547088782733
788,546,0.1010910283602867
788,1681,0.094103186341613132
788,624,0.090747783971046853
789,789,0
789,828,1
789,294,0.86631404435429216
789,1356,0.7418132038064057
789,966,0.51695009029627292
789,123,0.28618365778905325
789,735,0.20900147124580642
789,654,0.11826324862874216
789,269,0.050685138226242273
789,661,0.035835332644329192
789,1094,0.025010108372846781
789,1669,0.019244718130410409
789,1602,0.013375290490977226
789,396,0.013066212842521671
789,929,0.011153770716873014
790,790,0
790,621,1
790,1842,0.57221193660356107
790,1235,0.55076543856077309
790,1480,0.33332186159438953
790,964,0.26362523953104289
790,548,0.21482090647041699
790,1237,0.17496365447129478
790,1852,0.16770482642426859
790,387,0.1517132319523937
790,1707,0.11306090245520506
790,1539,0.10357361683610379
790,1688,0.096591499808068373
790,1836,0.093787331479674468
790,658,0.070755761560286554
791,791,0
791,466,1
791,1184,0.64725842126469346
791,1116,0.58766402736542178
791,1378,0.48956618290327775
791,1096,0.37701408005577863
791,243,0.34196239780445731
791,1284,0.10465357859154728
791,596,0.099667118053315129
791,1681,0.062677211398511373
791,1125,0.048180445123644465
791,1660,0.046073254601877646
791,1584,0.038801278694521456
791,525,0.031863860214710361
791,717,0.031510399276192869
792,792,0
792,1597,1
792,1481,0.96211423405952312
792,1645,0.89336376646970184
792,454,0.28664345702684213
792,1027,0.24064722613996811
792,387,0.15564089908794318
792,949,0.13826560219453737
792,1539,0.051559088284101044
792,1960,0.047774023704586083
792,1909,0.036379225632073069
792,1211,0.028624944739985413
792,1447,0.024252044064859136
792,1255,0.02111567461416778
792,1390,0.020505498406838026
793,793,0
793,335,1
793,1126,0.94865261588795735
793,1763,0.40522948618612215
793,1272,0.23787085510514064
793,1877,0.22929220728253732
793,1027,0.18703066474431529
793,1897,0.15045818167032823
793,454,0.11704004891008551
793,1649,0.11545485441251184
793,69,0.1128046650888271
793,1211,0.10929276055907788
793,940,0.10495290421022618
793,1203,0.10208456295693663
793,889,0.086720274991573171
794,794,0
794,764,1
794,1003,0.52103329887129557
794,1292,0.3066924863677315
794,1304,0.27779070849375737
794,1136,0.2632540276189605
794,342,0.23761640918794935
794,721,0.19741602503705036
794,878,0.18028361848560412
794,1084,0.17996213936956751
794,1804,0.1731417660068508
794,1404,0.16962358797724716
794,208,0.14345495694906121
794,1339,0.13363133418994971
794,958,0.12298885718623156
795,795,0
795,710,1
795,721,0.91694054058625185
795,1820,0.45010591423426349
795,890,0.26945947342262733
795,1321,0.22226051191562282
795,1304,0.18350079874687217
795,1449,0.15460845121130987
795,1292,0.14402320712384575
795,1828,0.10373470235107493
795,407,0.095622910428906013
795,1919,0.09336610027025416
795,1328,0.092155174986015456
795,1319,0.092127159913331175
795,1442,0.088983560962313829
796,796,0
796,1682,1
796,167,0.79665270899237384
796,277,0.72880209585107159
796,257,0.27454983123438875
796,732,0.22907164866592913
796,26,0.17586804212847928
796,1458,0.16307302909138344
796,27,0.12976538685689848
796,811,0.090774589076770648
796,425,0.089500398661738492
796,534,0.070644445451295279
796,1578,0.068343605504581253
796,452,0.045686310263241763
796,949,0.044149845995896081
797,797,0
797,715,1
797,225,0.91773639838618404
797,850,0.71525967951583624
797,325,0.28668558146896039
797,1773,0.20608983199278405
797,509,0.15445697847187775
797,1205,0.14390654333204708
797,625,0.12534282188246196
797,1119,0.1192231456175766
797,777,0.10732114375540285
797,1240,0.039349811206362835
797,569,0.03885071912155226
797,257,0.026552849068380263
797,1425,0.026120416266821326
798,798,0
798,1514,1
798,323,0.73751218007254149
798,1641,0.6181468350798256
798,1567,0.47681997005559434
798,539,0.19774315383819607
798,528,0.16434519988988125
798,1269,0.11475277673148225
798,704,0.10916451993612733
798,1729,0.10744376804387804
798,261,0.10556248020684104
798,776,0.093061570680211148
798,445,0.065088947818765577
798,1479,0.063721718458838672
798,1115,0.053523497398335042
799,799,0
799,1121,1
799,693,0.8173774148919789
799,1231,0.77226493773634231
799,904,0.30308505599101498
799,446,0.30088348881150589
799,1610,0.22135966433525864
799,1287,0.15087424432613158
799,374,0.12458808134074971
799,1907,0.12133068577721952
799,820,0.036469511097640697
799,868,0.022742488406018762
799,1745,0.015433890802748313
799,1145,0.011038974723942371
799,1198,0.0094339987864085258
800,800,0
800,848,1
800,1637,0.44933899364093183
800,953,0.27555167247844797
800,469,0.27253433022919182
800,558,0.27185085322328673
800,106,0.2259065798695214
800,1681,0.20786286780001098
800,1767,0.19873227734397958
800,150,0.1980276490714161
800,1122,0.1783285247274792
800,1636,0.15905944601686395
800,1219,0.15884512707803972
800,62,0.15755214923951547
800,1080,0.15330396397308504
801,801,0
801,301,1
801,1805,0.53550851870553207
801,970,0.52097739392990849
801,1325,0.44807224407597196
801,1831,0.37927111572819827
801,988,0.19985117189395304
801,720,0.17371018527080281
801,679,0.12284837394285832
801,1984,0.11805600472988366
801,1819,0.11290144865971988
801,106,0.087735094619523224
801,18,0.086007166521219772
801,1418,0.068463024953909171
801,56,0.053488406188364521
802,802,0
802,41,1
802,1601,0.69722313087350729
802,1261,0.40552300421897242
802,1953,0.29019184148235139
802,414,0.27934303439949359
802,1498,0.17489267573259254
802,1959,0.1721936210500386
802,1401,0.16353292827394306
802,644,0.13530285516144835
802,616,0.12927829920885894
802,675,0.1252495049772292
802,634,0.12255194218912079
802,28,0.11392480791659103
802,537,0.097681200180499472
803,803,0
803,1636,1
803,609,0.43286093051318331
803,359,0.38410544560471849
803,501,0.3322880211766831
803,664,0.30159648035092779
803,49,0.28947224844862485
803,835,0.18701221954940225
803,1984,0.16716283872187315
803,1012,0.16657043941448668
803,1030,0.14756651430278928
803,1295,0.12797872222681153
803,1076,0.12512833211546434
803,1153,0.12412921429133635
803,804,0.12102610772717676
804,804,0
804,1268,1
804,399,0.45503801017590834
804,585,0.45290881202333194
804,49,0.38922250967019334
804,664,0.32857351435902077
804,501,0.22147945930494076
804,900,0.17301480313296311
804,866,0.16920757950890014
804,1912,0.15294803708913607
804,1295,0.13320255533371042
804,1030,0.12555347673455161
804,803,0.11565455822035008
804,1057,0.099600220677351886
804,1715,0.090478989724556202
805,805,0
805,1183,1
805,1350,0.75299898272655452
805,1746,0.30987127451908769
805,1905,0.26850620411026471
805,1751,0.23017986527608544
805,1274,0.22359730189974167
805,643,0.20724646752384238
805,253,0.20101026459001634
805,308,0.16463355673094426
805,1286,0.13785387219646608
805,1733,0.11988493649602852
805,1935,0.10227364177880087
805,1991,0.097694312132985531
805,775,0.091135818855318129
806,806,0
806,1597,1
806,174,0.36704488401319607
806,376,0.31024403617263063
806,1001,0.3024284846388367
806,1380,0.25978219238924288
806,387,0.2303862150755116
806,1281,0.21317062343991366
806,1909,0.20383460221229813
806,1539,0.19277020075083945
806,1852,0.18393175208783824
806,912,0.17411295518190439
806,1322,0.15808819386174924
806,1235,0.15644824833194834
806,69,0.15464670508380066
807,807,0
807,355,1
807,1267,0.87844453770038977
807,1417,0.63066835017006584
807,815,0.21208769055622118
807,1382,0.19077742536015818
807,66,0.13716919778478717
807,1132,0.13630654142436288
807,743,0.13095932896124832
807,1895,0.11293192755817079
807,45,0.10135731652760525
807,816,0.10028730851091541
807,1013,0.095722610035528649
807,199,0.09070038609686279
807,824,0.089480569510436939
808,808,0
808,1151,1
808,1799,0.42086579508708527
808,1784,0.4050586465897138
808,934,0.36605421939743898
808,1243,0.33881606765583216
808,1459,0.22049319131816902
808,1998,0.21991057345788736
808,272,0.18456343296039215
808,1770,0.17923689214945873
808,1101,0.13107571327469425
808,1308,0.12141431770193592
808,165,0.10981163784132197
808,412,0.1060631293672392
808,304,0.10352963667517642
809,809,0
809,1868,1
809,265,0.53317247522744626
809,885,0.35079471687620661
809,1810,0.25367578266339069
809,446,0.22552959129992969
809,598,0.22454678323763136
809,1882,0.21256799218554467
809,1727,0.21133038629550568
809,1231,0.19879356140075211
809,1544,0.16407122539102278
809,714,0.14660015146621877
809,1244,0.14313854695957118
809,1428,0.12669610220523475
809,1370,0.11597054163828763
810,810,0
810,1500,1
810,1620,0.62979304089913091
810,409,0.38401364334864424
810,1587,0.25201971090612169
810,1764,0.20922742986953097
810,1910,0.17827758728629328
810,1239,0.17664954475809946
810,1521,0.17531092055009301
810,1954,0.16338840847364222
810,1518,0.16307702341579819
810,1402,0.16202123851180875
810,1041,0.14838871295161291
810,688,0.13745628832654411
810,475,0.12726920226891703
811,811,0
811,15,1
811,1960,0.85567439583248295
811,425,0.53955806271245099
811,1010,0.31606567332772023
811,1617,0.20381077654472374
811,1699,0.17699231885068487
811,796,0.16873180729939602
811,1390,0.12935098995953304
811,582,0.1038752977414264
811,1499,0.097662722459986903
811,818,0.091560661037944149
811,646,0.080018763513254279
811,1574,0.075950182811503592
811,277,0.067645297885293276
812,812,0
812,1590,1
812,117,0.97674444600613153
812,288,0.50643758100279845
812,1958,0.2753229442711822
812,756,0.1909053160424054
812,1683,0.16859947383488086
812,252,0.15230522196480753
812,1916,0.12772432957661695
812,227,0.10757255082188355
812,879,0.10390994323943073
812,1491,0.095000280069433604
812,1086,0.075216769846749923
812,1860,0.073957718885908824
812,186,0.053186812673690513
813,813,0
813,1980,1
813,1315,0.46314278516579038
813,971,0.33042764466719732
813,1484,0.29879629358420112
813,269,0.24685812855064865
813,278,0.2347261158160549
813,1344,0.23412698189683132
813,9,0.20513535285102893
813,293,0.19537412220526554
813,1325,0.17353091094595871
813,1057,0.15052645721646254
813,1867,0.12742097244026734
813,450,0.12697885922364785
813,47,0.11985163836441844
814,814,0
814,246,1
814,1929,0.44734556346154697
814,452,0.29573955376855637
814,1975,0.29224603892282969
814,70,0.26408487957988513
814,1622,0.23383062548091837
814,1578,0.20010792242864778
814,1766,0.19486469411745952
814,1640,0.18376698320191312
814,1837,0.17666485963109962
814,1758,0.16362832726465398
814,454,0.15259968824170761
814,1522,0.15153090359753851
814,1716,0.15048071202997676
815,815,0
815,1267,1
815,355,0.73026461175275381
815,743,0.51892341238081241
815,45,0.47184245705631667
815,1025,0.22789147314324026
815,57,0.20587274032878403
815,1961,0.19633866935937516
815,275,0.14604355814705394
815,1046,0.10017647042927863
815,998,0.074911784616605276
815,271,0.066788546913124316
815,363,0.0657164468066187
815,536,0.059120489775423495
815,66,0.042993397072949018
816,816,0
816,946,1
816,1764,0.77518982652325841
816,1892,0.72995025415127746
816,807,0.67901221851868931
816,355,0.23821130668605361
816,171,0.096899681460696052
816,1382,0.079581132818287229
816,199,0.069098401859088263
816,725,0.067828650314826586
816,1954,0.058780903044752295
816,1417,0.041131747070895654
816,1267,0.027737536363696916
816,1354,0.025090559608836761
816,1422,0.018373259977747192
817,817,0
817,1182,1
817,1674,0.46486133917847011
817,1783,0.42449554904019393
817,995,0.41082683965413308
817,1314,0.27148999091607912
817,1506,0.21599691249094755
817,1676,0.2021762617825609
817,58,0.18005792340486915
817,218,0.17595137748488338
817,249,0.16088057899032004
817,1190,0.1323049486919779
817,1416,0.093942685870012449
817,753,0.09114981085021466
817,1332,0.082755868496484766
818,818,0
818,441,1
818,277,0.90317010897302252
818,425,0.65959990659097278
818,715,0.18673511468988618
818,1740,0.18632034661625804
818,1699,0.14745427814832221
818,1875,0.141012828128249
818,796,0.14059834737008364
818,811,0.11313187338120957
818,26,0.11166712757046257
818,325,0.099609036834712728
818,186,0.079211654885812763
818,1426,0.069374208737732382
818,1682,0.069009907369040752
819,819,0
819,1525,1
819,731,0.71739050149981731
819,1468,0.69561324014046266
819,1797,0.3711931440444704
819,1567,0.2040636014949174
819,1335,0.1945080971303256
819,776,0.19001648450789005
819,1486,0.13416400592201266
819,539,0.091920700150592283
819,333,0.090817912298987294
819,164,0.064578682276831514
819,1328,0.057358677074243698
819,1666,0.053197372242490208
819,514,0.042067269447567446
820,820,0
820,408,1
820,1564,0.42437387732965615
820,1780,0.31314472517743719
820,1543,0.24282513812403242
820,310,0.23921368131144294
820,944,0.23133544866333955
820,899,0.22774738785302201
820,1291,0.21851188759850793
820,1865,0.21159272117609984
820,1884,0.18674790685168099
820,1610,0.17681258156900015
820,1305,0.14970664075130008
820,1668,0.14526770734538666
820,45,0.13960813128469673
821,821,0
821,1404,1
821,1292,0.71118078191015144
821,937,0.48717564681193298
821,710,0.22979041565723354
821,795,0.20697559582682176
821,890,0.16867400324491644
821,1579,0.16216888001409729
821,721,0.15075483281355745
821,1321,0.14466969112420827
821,1304,0.14254517470281164
821,1919,0.14226299186385982
821,1804,0.12579027139646234
821,1772,0.11910327481147477
821,429,0.11580122683736774
822,822,0
822,474,1
822,1644,0.99008978585318375
822,1685,0.56766878110567065
822,1066,0.3443328652053661
822,604,0.19429271117024444
822,504,0.13673658908153333
822,520,0.13571316803903777
822,944,0.12395730861137727
822,414,0.11046211549396778
822,1366,0.07105310490593672
822,1971,0.061666155293889947
822,1158,0.060951887575540424
822,754,0.057287996372640378
822,158,0.052678556469901536
823,823,0
823,1472,1
823,1957,0.63104294108963899
823,553,0.40370096612294243
823,783,0.26443718828528795
823,254,0.22906070447532551
823,136,0.21907805371253339
823,584,0.21423205584491253
823,345,0.21400634606914523
823,28,0.17019225338478117
823,839,0.16687428799513554
823,1770,0.10138126436276991
823,414,0.10118245307554691
823,1357,0.099572355602568857
823,1492,0.092127989749026307
824,824,0
824,1895,1
824,1382,0.42221765285956298
824,1920,0.33956506281364335
824,1939,0.30035047991101538
824,564,0.21831876158175359
824,886,0.2180573094568915
824,1800,0.20071114497973455
824,1979,0.18743752549722048
824,1015,0.18702078148749757
824,1745,0.18016063876474084
824,45,0.179202489193792
824,1120,0.17043181630145449
824,1847,0.1651073633936187
824,1417,0.13830061651246092
825,825,0
825,930,1
825,480,0.73388525202968413
825,423,0.44789969140372193
825,623,0.25557507592201856
825,1328,0.22634046209196451
825,538,0.20519392440921649
825,1886,0.19336288712303554
825,1991,0.15189161825698025
825,445,0.1352857615412979
825,141,0.11778960111030531
825,1024,0.1159376846116154
825,1384,0.11020622814283045
825,1321,0.10935825491398869
825,253,0.10415723090083102
826,826,0
826,1243,1
826,1101,0.44912322694257156
826,833,0.40510925499143491
826,165,0.37430400980377104
826,1459,0.28327181269770152
826,808,0.23487892496480051
826,1998,0.20481735132512524
826,1799,0.18951968994845747
826,1312,0.16877396796627966
826,1547,0.15276103625605597
826,1888,0.13072323814724904
826,634,0.120136305413634
826,28,0.10346913204978919
826,947,0.090010076431501176
827,827,0
827,1992,1
827,1077,0.56048973414409808
827,411,0.34171174359652157
827,982,0.28530771499707946
827,451,0.25864431795876108
827,356,0.23228594243247305
827,348,0.19252460883796207
827,497,0.16621047211897999
827,535,0.16032127200294574
827,865,0.15623205215270181
827,264,0.1544052562146736
827,1313,0.13522009793821563
827,1330,0.13229123375235452
827,1318,0.13124430087182656
828,828,0
828,1602,1
828,766,0.61519131699446361
828,1607,0.38424818469017624
828,599,0.29480541368297314
828,966,0.20918066605748548
828,1721,0.18975297154586734
828,1184,0.18125192851291702
828,661,0.17496588603720103
828,957,0.16087004632704185
828,1665,0.15863748670561498
828,1097,0.15151324251847181
828,1669,0.1401110734845121
828,649,0.12596093866721647
828,415,0.12040480697556645
829,829,0
829,1092,1
829,1651,0.77119683264677563
829,1557,0.39496037474395101
829,1432,0.23829653368353101
829,232,0.22438124529860481
829,1460,0.20705730021454763
829,62,0.187659278444434
829,255,0.18209065368078692
829,1074,0.15209998298494121
829,2,0.12802043296747939
829,717,0.1186939743511094
829,1660,0.11099914076364183
829,1532,0.097510895240139256
829,1628,0.093920969118634012
830,830,0
830,613,1
830,532,0.89693347826776182
830,77,0.56368141224215085
830,981,0.32475084138086141
830,1791,0.30836110288556939
830,1612,0.12884255116556814
830,573,0.12509883319332799
830,1475,0.10420114467229796
830,70,0.082819285427996436
830,875,0.082098074001390034
830,1473,0.079992969967341537
830,658,0.073455066952118897
830,1149,0.069012199526569312
830,1542,0.067640285585003457
831,831,0
831,412,1
831,449,0.29103436053541848
831,1564,0.26992360854836156
831,1891,0.26217735877132858
831,589,0.24800359659768512
831,1329,0.24397495901252092
831,1771,0.21770845945484943
831,705,0.21487634549334306
831,983,0.19947046931505674
831,1158,0.19907888192269974
831,1770,0.19483344610609254
831,944,0.19105172207863053
831,319,0.19069352898952732
831,1151,0.18406007418519521
832,832,0
832,89,1
832,179,0.52716807798625787
832,1165,0.4410947897535194
832,1787,0.43951061869055541
832,1922,0.29839173883993086
832,1822,0.22064370751062851
832,1607,0.20229525614125324
832,1362,0.16348288151450999
832,1944,0.13850864875369354
832,1586,0.12999807679695646
832,599,0.11492931946036566
832,1142,0.097766770024482849
832,903,0.067810694326284934
832,1405,0.065286546172334786
833,833,0
833,826,1
833,1101,0.34370182282902167
833,1459,0.30161093709117703
833,1998,0.29356952374886364
833,431,0.28181119877313165
833,448,0.24090566930384094
833,1368,0.21148669330013059
833,432,0.20607569564597866
833,287,0.19628054767194833
833,1987,0.19336293918372413
833,589,0.19264029189707965
833,1955,0.15784080979139525
833,1243,0.15047457717024282
833,1403,0.13712542271795292
834,834,0
834,901,1
834,1510,0.85237634925570904
834,1507,0.25511260587056928
834,1813,0.20109292714337784
834,876,0.1863084828277374
834,1157,0.18498394452648803
834,1282,0.18148226418665375
834,148,0.17055534948470691
834,1265,0.16655013662779761
834,1323,0.146734838579134
834,1588,0.14584071586082412
834,1113,0.14481396481664674
834,8,0.13731493759628899
834,516,0.1337256549122573
835,835,0
835,184,1
835,1413,0.54900937139550599
835,1012,0.42444728951661426
835,274,0.40155297885550961
835,124,0.32915680235145828
835,22,0.20399692448623177
835,245,0.20174188782580332
835,1636,0.20035352335598747
835,397,0.14321034954402104
835,455,0.12072828801285167
835,1615,0.10079782257149959
835,664,0.095482292387336534
835,1546,0.088238241717892352
835,976,0.048173064603875479
836,836,0
836,1841,1
836,1870,0.4411968847500008
836,751,0.41596019726428718
836,1123,0.30496171846675812
836,371,0.21118773792690049
836,1479,0.20317154815117461
836,1635,0.19844541811152402
836,1511,0.19350516788318561
836,951,0.19206395304761029
836,1506,0.1686903088827747
836,1753,0.16731222435720325
836,1327,0.16059682936211803
836,1934,0.12749852545394177
836,1249,0.12229718946776544
837,837,0
837,1878,1
837,127,0.68670426353939718
837,725,0.65105492929284103
837,64,0.50490307551202729
837,88,0.29101507060946447
837,190,0.13059455403328177
837,1042,0.10597088492900227
837,1520,0.10494329474353964
837,868,0.10122663460045993
837,1632,0.09916849858846058
837,518,0.06717076556683263
837,1812,0.057828862052134215
837,1176,0.054493266325855765
837,705,0.051814725941545674
838,838,0
838,1330,1
838,1604,0.4771726045608799
838,2,0.29358553295821471
838,1532,0.28157778572363673
838,243,0.27962642408055344
838,568,0.24855551568240658
838,596,0.19509206186304273
838,369,0.18426551313481554
838,1092,0.17874634711535128
838,499,0.17408229975521614
838,1253,0.15771274947827366
838,1283,0.15227505246301831
838,1303,0.14621327101131212
838,1474,0.13798089648105552
839,839,0
839,1472,1
839,136,0.92604019139295035
839,1291,0.45294603012706924
839,345,0.30262497566574897
839,1957,0.2158866502803842
839,553,0.19353157134344426
839,28,0.17518388664536033
839,1926,0.16729093591726107
839,1261,0.089824790469740831
839,448,0.089169866292374028
839,1708,0.082071359449588294
839,1953,0.078136097709765776
839,409,0.07113420815808405
839,1587,0.063051158455410761
840,840,0
840,165,1
840,1148,0.47564475617284002
840,1243,0.44448781239544016
840,1308,0.42629004396435632
840,1752,0.28548440416826626
840,203,0.24086369433697399
840,1976,0.16896663192748429
840,1972,0.14867937739061982
840,1600,0.14368063814396254
840,1158,0.13989453873849189
840,1610,0.12412079121152797
840,1858,0.12203937107329885
840,349,0.094428046714421898
840,1547,0.092305555627552452
841,841,0
841,988,1
841,298,0.69943308803652127
841,79,0.34599377788211305
841,109,0.26180260122977905
841,1273,0.25914267152304477
841,293,0.24944422349605958
841,1696,0.22222067527098308
841,118,0.20589016597548196
841,1801,0.15356516021727137
841,491,0.13795601270400179
841,1936,0.107251327048606
841,380,0.097954873693788719
841,459,0.094771493138025548
841,1528,0.071463647710849926
842,842,0
842,1399,1
842,1349,0.75572492410192882
842,1608,0.38643847507592877
842,1353,0.34907415314547774
842,1323,0.32479217309427755
842,540,0.21206918133910702
842,51,0.17778518264457435
842,1930,0.16883515242527683
842,742,0.14974452527972418
842,8,0.10906757817882316
842,1943,0.095376809793940837
842,871,0.080168998340343689
842,1248,0.051102226824857669
842,148,0.046710985847135615
843,843,0
843,1781,1
843,356,0.67739944949840325
843,956,0.4689216796924689
843,411,0.28813455767111384
843,1700,0.25912305164850402
843,723,0.1745369601807148
843,1793,0.17280879839108429
843,451,0.17214131855409667
843,1085,0.14451258932600627
843,233,0.13275364291849623
843,264,0.12562356772204084
843,350,0.097945054112044655
843,1077,0.096821096840751839
843,18,0.096162610833844739
844,844,0
844,368,1
844,1283,0.52764958647038473
844,1936,0.51768358596584818
844,942,0.40498634852022652
844,1273,0.33254460619217779
844,38,0.23418580304730235
844,242,0.21963151473347034
844,1818,0.19497520366565232
844,1553,0.10491787558954446
844,223,0.094588809631268533
844,655,0.08940579811027502
844,1162,0.088829259047549333
844,861,0.051097278478410668
844,954,0.046390807362516218
845,845,0
845,1671,1
845,106,0.4549066604343453
845,469,0.33923445210869269
845,351,0.3145453316656267
845,903,0.26284607873776966
845,970,0.2450349696295662
845,1628,0.21826301776451765
845,1557,0.16849751050899087
845,848,0.16721259413808534
845,1615,0.15691566886166727
845,505,0.15251777052873858
845,1659,0.15115034046718528
845,615,0.14556278452665214
845,1074,0.13020001912666471
846,846,0
846,1882,1
846,20,0.64246135663197279
846,673,0.39558503888245694
846,885,0.30891734498131823
846,1566,0.25006295875748535
846,592,0.24402957436379605
846,1244,0.18285126048047973
846,1884,0.17112312795042198
846,472,0.14118332167687825
846,714,0.12830342555403906
846,338,0.11577653474373806
846,163,0.11326668017118841
846,1305,0.11308637582194511
846,477,0.10024285483599664
847,847,0
847,963,1
847,295,0.53872526419258826
847,534,0.52777693108178547
847,1412,0.29495517563608264
847,205,0.25867276693421987
847,1263,0.24949433324761086
847,86,0.24548911434120027
847,511,0.1541489011375731
847,1086,0.11745143940390275
847,1645,0.11391016105316257
847,1199,0.1105666991842615
847,154,0.10511837707185621
847,343,0.098211607545876822
847,1958,0.092359896347287737
848,848,0
848,1767,1
848,800,0.84989554006295098
848,469,0.44310281270382773
848,1651,0.31787449766524395
848,62,0.28738071759290396
848,953,0.22751142397722293
848,267,0.13073092168021189
848,233,0.12661644820487011
848,150,0.1137897353734236
848,1219,0.094937384595721583
848,465,0.087788809101606871
848,558,0.083036707601722826
848,1122,0.077946559622893652
848,972,0.066283584402077725
849,849,0
849,1141,1
849,1605,0.55335844183683858
849,1140,0.383848545165273
849,862,0.23346696525757452
849,1794,0.20677050721778603
849,177,0.20246733823116422
849,740,0.20159391701023988
849,1024,0.20020801420864026
849,1093,0.18409968921959319
849,1747,0.17874112877580403
849,25,0.17232345357529147
849,1349,0.14222276912524687
849,1506,0.13463183709459345
849,218,0.11316510265177478
850,850,0
850,777,1
850,1233,0.7416270817744316
850,1836,0.41471028978439722
850,797,0.31879669680942052
850,586,0.21305397642757762
850,625,0.2092522969579664
850,1622,0.18077669133127036
850,964,0.17827760678749205
850,1861,0.15437383037485197
850,167,0.12038619560889235
850,1423,0.11979846191938889
850,715,0.090823749224610215
850,1975,0.084424578231212785
850,1630,0.080594225394728783
851,851,0
851,1675,1
851,768,0.60921594464804096
851,339,0.28838305342799325
851,1871,0.27379895351718037
851,1403,0.24169564176454494
851,614,0.21922224219914158
851,1566,0.20621647492028386
851,268,0.1877908466383344
851,895,0.17754772687613452
851,1225,0.16954523130371643
851,1443,0.15121294252146783
851,1923,0.14730160205619591
851,1244,0.12146628747562682
851,846,0.11349218487572554
852,852,0
852,1249,1
852,706,0.93104153805289647
852,1115,0.7450642587616968
852,390,0.33464418844989224
852,1391,0.20596670489338686
852,1150,0.19501801420928949
852,1274,0.10662904459966874
852,1258,0.091527190339902059
852,1934,0.06847102667864001
852,1455,0.058413460408240872
852,1212,0.05065765151692448
852,139,0.046701926405855305
852,107,0.038357511890871471
852,1619,0.034402614766478795
853,853,0
853,762,1
853,1815,0.57013539262119595
853,103,0.55757978438139932
853,211,0.45086308358035643
853,849,0.19073458024625195
853,1730,0.18264512909439956
853,1140,0.13939434199047884
853,1172,0.12792739690092472
853,967,0.12683697874090311
853,424,0.12101747918352239
853,884,0.11321985062114301
853,218,0.1109608617285381
853,706,0.1088194983931626
853,500,0.10676065982610602
854,854,0
854,1121,1
854,1694,0.43978726697327686
854,1231,0.40626282209369563
854,64,0.34811074281668214
854,1355,0.24913061417759591
854,1287,0.22221968252568874
854,1407,0.20730373995635265
854,799,0.18730501195536811
854,1891,0.18582564531011211
854,575,0.17321619999804486
854,1583,0.14108068151856526
854,757,0.11996116355998142
854,820,0.11959031927402622
854,1560,0.10710042679180379
855,855,0
855,303,1
855,239,0.84237427062077452
855,1981,0.5650413644969644
855,1561,0.37020733991882127
855,16,0.29389068365461968
855,582,0.20974064236472809
855,680,0.20678733541707214
855,1877,0.11757762548738497
855,1792,0.076385680162845401
855,711,0.054671549460525132
855,328,0.051057108461105699
855,496,0.042022074198592302
855,1146,0.041247554943217836
855,1126,0.035880069854128539
856,856,0
856,1548,1
856,1276,0.39565235434780188
856,340,0.31327698906721929
856,1669,0.27316070214763549
856,1094,0.25604212224454959
856,1022,0.248871881830733
856,294,0.23765769291337838
856,1191,0.20780471572820902
856,1777,0.18503067826813141
856,1581,0.17611282678240267
856,1967,0.1724062249264412
856,1012,0.15459663277584293
856,664,0.14468382791274184
856,921,0.14160351760112513
857,857,0
857,993,1
857,118,0.93771015472359331
857,880,0.29792477325833949
857,1484,0.29424684868044149
857,718,0.18231547520884661
857,636,0.16380606993780664
857,1006,0.15296219233334149
857,716,0.15242163487477375
857,723,0.15018928391906694
857,1325,0.13260776369415106
857,1901,0.12050040551517995
857,1252,0.11715865272478782
857,603,0.10411418324558548
857,971,0.10092736682480882
858,858,0
858,1695,1
858,878,0.38357224830977715
858,1938,0.30558623955861797
858,969,0.30015898631211896
858,1467,0.27313103493669649
858,296,0.26317205829741863
858,1859,0.21485686521185549
858,285,0.20627775693592004
858,1259,0.18133471313197502
858,1885,0.17188828623363298
858,444,0.16900801590055795
858,531,0.14856000088446508
858,1335,0.14581659632250007
858,600,0.14353132940906724
859,859,0
859,1293,1
859,1126,0.53684538441003837
859,940,0.52293063429649389
859,916,0.4654762841621371
859,5,0.24194676997441461
859,482,0.18431480248100141
859,69,0.17805272095738625
859,1958,0.15297317661391385
859,1159,0.13200380575648951
859,909,0.1159127296901625
859,239,0.11066235382321003
859,758,0.093372207141845798
859,1227,0.089882572063389093
859,1683,0.082507993274012703
860,860,0
860,1416,1
860,141,0.55998134007697953
860,480,0.54047812040423227
860,623,0.43377055833059142
860,333,0.33076513466912572
860,1328,0.28916112592458365
860,1935,0.23735695665701623
860,1079,0.13899192721272915
860,643,0.12879844477926786
860,1635,0.062578872076194725
860,1391,0.052365134572445633
860,1751,0.049759617354627972
860,1947,0.042405531988786611
860,1731,0.04048688275436986
861,861,0
861,1069,1
861,681,0.87442134839870655
861,1568,0.63869935921335574
861,624,0.47551952975276529
861,243,0.15813124440670939
861,788,0.14880313845752741
861,1457,0.145882723906884
861,1067,0.10942223454449912
861,459,0.10245221610375585
861,1967,0.072533381235174138
861,546,0.063209701572582724
861,1260,0.046553745246872953
861,1268,0.040372570022048637
861,585,0.030894360513576438
862,862,0
862,1579,1
862,849,0.53882112560487427
862,1747,0.34642940053963323
862,1140,0.24612873353905537
862,1349,0.22874183203010934
862,1608,0.22616235877374458
862,177,0.19495713285209229
862,1089,0.17930637666764426
862,427,0.17297589015894071
862,1093,0.16693216682617473
862,1393,0.16420000458745063
862,299,0.15453628654180065
862,538,0.1444727076350534
862,1381,0.1432338720625243
863,863,0
863,1129,1
863,1639,0.52346043061733027
863,787,0.40812740802886788
863,1894,0.34850851724626342
863,741,0.24465581907462003
863,1280,0.22202983275228946
863,671,0.20243594683578855
863,1074,0.17664774376628167
863,1822,0.17538272435005903
863,1460,0.16192883089372251
863,273,0.1268913393085718
863,524,0.12581261234498939
863,1628,0.098835662244239383
863,736,0.09217530797860761
864,864,0
864,1601,1
864,946,0.71567653584479152
864,882,0.49822936002791685
864,1872,0.31589876427231828
864,1920,0.24771704578062234
864,45,0.19942396475574983
864,1498,0.16455818103290176
864,998,0.16315450238956708
864,355,0.15631435383540138
864,41,0.1217905164867087
864,172,0.11419130636143549
864,1580,0.090214762058001524
864,1382,0.06533301181352795
864,275,0.054396994338333608
865,865,0
865,1805,1
865,1295,0.81276928042090513
865,1303,0.52726069079290128
865,2,0.21046375644077117
865,1700,0.17687874269559284
865,1967,0.15587203938190899
865,535,0.14909985029499825
865,1077,0.14408577030602332
865,1457,0.1427239465620925
865,1268,0.13114956081062229
865,1330,0.12155946644992649
865,856,0.1208867284592588
865,1030,0.1093919093460467
865,369,0.1047534558298585
866,866,0
866,1696,1
866,1980,0.42534474230264252
866,633,0.33881740878112343
866,1131,0.31538250512844951
866,900,0.2512934924280707
866,585,0.23294325819006184
866,666,0.20354256747627042
866,289,0.20220431529310362
866,1138,0.18438204157207247
866,1936,0.18337467614047723
866,1818,0.18268579302827742
866,1260,0.18086752010187573
866,1626,0.11777303905741847
866,804,0.088281686942298515
867,867,0
867,1578,1
867,1473,0.51533985333746035
867,70,0.32572497087769919
867,1599,0.32301697410284652
867,26,0.29329142612194165
867,1860,0.23744883719262372
867,452,0.19692666809909151
867,438,0.17644645224792638
867,1103,0.1515127954146539
867,1876,0.14337252814538604
867,1837,0.14202099804492646
867,1149,0.13664459092725317
867,1766,0.1327503255982645
867,248,0.13239133156534472
868,868,0
868,1907,1
868,1577,0.57522357831771309
868,1878,0.40438739773946536
868,968,0.28611500643372628
868,481,0.21573133846014311
868,190,0.21489659438416778
868,653,0.2092891807686981
868,374,0.19772194775763996
868,1803,0.15616324203170093
868,1120,0.14566131515495559
868,64,0.13323698383044152
868,1603,0.12582990766004806
868,1145,0.12186573457333466
868,591,0.12076557281551399
869,869,0
869,980,1
869,1009,0.97120694856233536
869,347,0.68138830430156938
869,875,0.24535712243688768
869,1032,0.22533777278646516
869,1178,0.15782127595945114
869,73,0.10107420208357022
869,1475,0.093272663857635774
869,1229,0.083111909322474642
869,260,0.080156757499102213
869,515,0.078410715378085319
869,452,0.07522397583225926
869,1750,0.0621356029954932
869,532,0.052386426777657626
870,870,0
870,1481,1
870,1281,0.3912037216501339
870,792,0.32264714085901058
870,949,0.29472788742288764
870,1597,0.282806307319178
870,1235,0.2546747631342422
870,174,0.20221044455603604
870,1861,0.18460622562308879
870,1742,0.17869732406143668
870,428,0.17221622525967439
870,1001,0.16538360251624371
870,1814,0.16445531327117743
870,1640,0.14843144605596287
870,1766,0.1448333007087319
871,871,0
871,1642,1
871,1478,0.64934830966262347
871,1323,0.54257743522539981
871,200,0.35134254259948727
871,1938,0.26831529655993014
871,58,0.16678919273860246
871,1399,0.1598493164831811
871,148,0.12974459074703232
871,1809,0.12707363413559319
871,769,0.12413128450028696
871,61,0.10980546216821573
871,1431,0.10358013155119601
871,1507,0.094207436118153853
871,1890,0.080128612404882962
872,872,0
872,1447,1
872,1623,0.88762507111655675
872,116,0.8028814634666086
872,1233,0.30685007672102482
872,1237,0.25616515693406161
872,1423,0.22261873623323841
872,241,0.14051317514861547
872,1018,0.084208517697176702
872,167,0.058376611704536771
872,453,0.039486575759452212
872,1909,0.031026035881670109
872,548,0.02905382305028438
872,358,0.025393209644390471
872,428,0.022697129849783972
873,873,0
873,1745,1
873,1847,0.64144329173991799
873,403,0.58836198088862712
873,349,0.35180508587411896
873,1979,0.24530542887032172
873,886,0.22713732730640476
873,1972,0.158322942110495
873,536,0.14120810830088176
873,563,0.13718784312188878
873,1646,0.13088381196559745
873,446,0.095427965475113966
873,545,0.084286388257056519
873,1151,0.056149268408875436
873,1803,0.049364148512824203
874,874,0
874,1740,1
874,186,0.57392477589321977
874,657,0.41623965610652564
874,441,0.36906623039744918
874,1840,0.35988691811080459
874,1875,0.26900976444958491
874,1761,0.23709498736817952
874,325,0.23622607594757189
874,715,0.14842019428925046
874,818,0.11398641875200188
874,167,0.064373004831861286
874,507,0.052901448407286923
874,1425,0.038246433836995671
874,1324,0.027515952442722071
875,875,0
875,532,1
875,1842,0.43110531528775692
875,573,0.39337442788087956
875,187,0.34686199765487147
875,1451,0.31171200759802004
875,869,0.28616273433377831
875,981,0.24998948458899742
875,980,0.19945861690169001
875,613,0.19056653653029804
875,1237,0.1295877473624118
875,1750,0.12519566267921331
875,387,0.086906362882516866
875,452,0.078564838197708681
875,587,0.077407559505531465
876,876,0
876,299,1
876,1747,0.69261925851926687
876,1393,0.35373624184792296
876,901,0.28771295240680739
876,834,0.25906622188477357
876,1625,0.24286700147509871
876,1307,0.22336446434108098
876,522,0.18414914534234328
876,1506,0.15351647011404188
876,486,0.13205889187569034
876,1372,0.11841619977144109
876,33,0.097426623675127708
876,1363,0.082330513765007218
876,1507,0.079631157175934067
877,877,0
877,1245,1
877,203,0.42094515860550702
877,304,0.24691375245431144
877,517,0.23897230430515418
877,526,0.23595724907101634
877,1955,0.22576931567115546
877,1459,0.22462179815378366
877,1596,0.2161984177960537
877,1392,0.20314991915511599
877,265,0.19524937998521716
877,1685,0.18357663210773811
877,1924,0.18112292023840784
877,1564,0.17193329641233698
877,1971,0.1624891466003052
878,878,0
878,1136,1
878,1938,0.57865189055325328
878,1467,0.54582194083409918
878,1890,0.5384289658378616
878,416,0.27742183359146655
878,444,0.21656189458489736
878,177,0.15729693600645528
878,1695,0.13947708281277879
878,858,0.13451373952910214
878,917,0.09685199377653203
878,531,0.084195499250693279
878,1947,0.051273007287039055
878,600,0.04390341846000359
878,1323,0.042488552365323513
879,879,0
879,1686,1
879,1722,0.63309792145592736
879,1086,0.41559404912894171
879,5,0.40905784631186892
879,1782,0.40101411554621208
879,1964,0.19077241544927206
879,196,0.12599864915594888
879,306,0.1201322599138822
879,1324,0.11804532662241728
879,1227,0.10523686263938693
879,756,0.10090078285722649
879,936,0.099543590609305593
879,662,0.097068825102448061
879,303,0.090426046414150446
880,880,0
880,636,1
880,1528,0.70801884799761494
880,118,0.36292971439592353
880,1556,0.35697733176877555
880,56,0.24193647330082396
880,935,0.21872621365015854
880,716,0.17730219174092124
880,1022,0.14672899181487711
880,1374,0.1343393008408236
880,491,0.1256624327251715
880,206,0.12249514896151575
880,1280,0.10660620904866848
880,1602,0.1031344034654957
880,195,0.10202747127782605
881,881,0
881,1440,1
881,1919,0.40604935936323183
881,538,0.3677781895143587
881,948,0.35324547719807714
881,1384,0.26375089581697136
881,1328,0.24094828848482558
881,25,0.21162158246553772
881,1445,0.19554489721250132
881,329,0.18380779054856047
881,141,0.16722198607427113
881,1306,0.16002542899583716
881,1007,0.13265055033448153
881,825,0.12158144038992606
881,1692,0.10266807477062595
882,882,0
882,172,1
882,331,0.47179971965033474
882,1760,0.33628980168648265
882,567,0.27541685869145732
882,955,0.25101397735749154
882,1847,0.24016842059169088
882,1308,0.20888223717416848
882,517,0.18859630163762425
882,101,0.17802510826944848
882,864,0.17191018046373724
882,1888,0.15555803207410696
882,998,0.1477077349311747
882,1547,0.14739336711743242
882,1872,0.134127260032599
883,883,0
883,1002,1
883,1329,0.96815728826483582
883,254,0.26026015222724314
883,705,0.20834234810370769
883,1600,0.20350434712222146
883,477,0.19512968947752488
883,319,0.18025978730663839
883,1305,0.15544342126603744
883,475,0.14975281432727572
883,345,0.14543790413509738
883,1518,0.12128309527742559
883,1610,0.11543975056066751
883,224,0.1064596947068714
883,412,0.097411566036275293
884,884,0
884,892,1
884,161,0.46127287121210736
884,1323,0.4204866210048675
884,424,0.31056847979202112
884,148,0.24884335050382855
884,103,0.19988459480423029
884,1930,0.18722553089218816
884,357,0.1833603831209884
884,1112,0.17957200036910298
884,1853,0.17823850494465721
884,740,0.16399540801761003
884,42,0.151189893492824
884,1896,0.11243662364189656
884,1270,0.10981683697367553
885,885,0
885,714,1
885,575,0.58421712722322727
885,1370,0.38172072621157194
885,846,0.33198913062190766
885,265,0.27349688725983046
885,1231,0.2705043822872471
885,1244,0.21927503691356373
885,99,0.18102634536813333
885,763,0.1251394044960073
885,1406,0.12024612795055695
885,95,0.11835885647899339
885,1121,0.11666457223081793
885,1933,0.098935686682752585
885,1320,0.08532408617963215
886,886,0
886,1745,1
886,1519,0.9634077364254745
886,1979,0.72513665634502789
886,1646,0.18603746293688622
886,11,0.17475232170694227
886,1847,0.17028419500620942
886,1216,0.13820239866244755
886,403,0.10045700051867959
886,349,0.086872163123035098
886,873,0.082274017890996004
886,460,0.075903544492663302
886,536,0.072590335085963187
886,464,0.066865039705013909
886,1920,0.06411091093460565
887,887,0
887,1662,1
887,1514,0.5008796476234878
887,1285,0.47863651471700014
887,767,0.45708873261119604
887,1091,0.36681747168505985
887,1369,0.31341217261978227
887,1440,0.18641321608520814
887,1530,0.14105138575258616
887,261,0.10164363990098406
887,1169,0.085233512362075603
887,1408,0.077498643653590521
887,166,0.070758440058004107
887,329,0.064226469144216425
887,214,0.063233487335423472
888,888,0
888,1065,1
888,30,0.68512021736292894
888,1174,0.37063563604288008
888,978,0.24942241024913453
888,1942,0.19457692597424861
888,410,0.19103529663650873
888,727,0.18005651232529024
888,1178,0.16552248247008841
888,328,0.15790479972146032
888,701,0.15021157018607231
888,1750,0.14792409503603643
888,774,0.14407101022296351
888,1083,0.13618096038939673
888,1561,0.13422610362398613
889,889,0
889,1211,1
889,1102,0.2825346892421613
889,1576,0.26879818304350817
889,1763,0.25293361674217479
889,1199,0.23607708173255301
889,1203,0.23484753037221553
889,1103,0.23294234116603996
889,1126,0.23201025043786755
889,1174,0.22564545646967663
889,391,0.21503564880132126
889,1942,0.20998798179034225
889,454,0.19809228780342389
889,1522,0.16932280510710151
889,1499,0.14866176367993392
890,890,0
890,1772,1
890,1321,0.62279038590994196
890,1968,0.33473356372969099
890,538,0.23065001211398586
890,208,0.22716748432436268
890,1608,0.22303424337079902
890,25,0.20976510502847578
890,1404,0.19145757952366405
890,253,0.17665277984161801
890,1816,0.1555459716287125
890,1134,0.15055637582298817
890,393,0.14738992810177756
890,427,0.1202163401970751
890,825,0.11693359627074093
891,891,0
891,1458,1
891,676,0.89861407822888706
891,1898,0.66170694140651198
891,181,0.41223528149981298
891,1137,0.38809640537366014
891,59,0.15411832969411624
891,509,0.13587299520003224
891,1929,0.069447989589101589
891,1347,0.063748242789697984
891,1032,0.059280704114348569
891,151,0.028471511883645266
891,1798,0.019800743022370455
891,383,0.0086068419568511127
891,796,0.0068983890730991556
892,892,0
892,884,1
892,1853,0.72050630856308739
892,1323,0.60227146691855904
892,1930,0.27364453904978886
892,103,0.20177566040980477
892,161,0.17216230971353652
892,918,0.14084917504432251
892,42,0.13660087311768618
892,148,0.13489039901219582
892,424,0.12368856247964474
892,1399,0.11826130756803668
892,1043,0.10827350018464485
892,945,0.098546638887654706
892,1218,0.075427929788787249
893,893,0
893,1754,1
893,1031,0.44473152607261013
893,1386,0.31670028276774292
893,1045,0.30504354674621037
893,1100,0.27122944324159481
893,370,0.2694626147185013
893,1804,0.20341662931117122
893,463,0.19775422347099011
893,71,0.18970622530689324
893,1038,0.15670723119652985
893,1218,0.14912485986585969
893,402,0.13721620856236824
893,712,0.13354459463556431
893,769,0.13225210755276187
894,894,0
894,1201,1
894,1339,0.74421208902773117
894,1512,0.3298459197940154
894,51,0.30127308088307886
894,1172,0.29948450072404476
894,1449,0.23684427614741613
894,346,0.20855770235820781
894,377,0.19710850345614062
894,1218,0.13396588472645346
894,1692,0.11034333670144729
894,157,0.095950760525346401
894,764,0.094609202246686591
894,208,0.080989451690836101
894,1222,0.073705015891497111
895,895,0
895,1770,1
895,1520,0.79764211771587235
895,268,0.45137254151070494
895,705,0.44765064969079754
895,1403,0.29749848299895459
895,304,0.20820201227202009
895,1193,0.17808935987330149
895,934,0.11112322469319764
895,594,0.093067060825960238
895,1048,0.081796539221906703
895,955,0.067476613363509075
895,1368,0.066012910331563562
895,1624,0.055372605454562927
895,464,0.05158444955965804
896,896,0
896,506,1
896,1560,0.63648166953959706
896,1812,0.52096448075539425
896,1817,0.37341692987358649
896,64,0.21281137769977357
896,17,0.20311092394936195
896,757,0.18746685579972633
896,707,0.182458352443093
896,1899,0.18101872060147958
896,282,0.12607609350056795
896,65,0.10326647523154792
896,1193,0.067047773359028229
896,594,0.058000462431085503
896,1176,0.054762516669320901
897,897,0
897,927,1
897,1341,0.43612553615926786
897,416,0.3748241849565509
897,917,0.31407238546256255
897,767,0.25860809685737052
897,697,0.19460094488365878
897,878,0.19164094499398157
897,1527,0.18678165026361288
897,1088,0.17777524460938313
897,600,0.15960510724136903
897,334,0.15813195913827816
897,1114,0.15415782234718953
897,1938,0.1508698489953075
897,1529,0.14970422549282972
898,898,0
898,1408,1
898,360,0.52195706545570619
898,1248,0.48524105666908368
898,1625,0.3687094890311437
898,930,0.30342099851120202
898,299,0.3009436439304175
898,462,0.26384462403441128
898,1841,0.13989314335557879
898,137,0.13494289049746491
898,1527,0.12928532641896531
898,1327,0.077848064537037506
898,1393,0.071944725128030282
898,999,0.059869507829221714
898,1828,0.048984555105741387
899,899,0
899,1987,1
899,1312,0.63210236202687542
899,84,0.53646803259227294
899,820,0.42712162299103829
899,378,0.25689196973216766
899,1838,0.21055201996414735
899,1075,0.17960975463221385
899,1564,0.12481808451476148
899,1865,0.1184101441162095
899,1988,0.10083433675365153
899,57,0.086964499552623753
899,1101,0.08234921037064899
899,133,0.075960111162713354
899,755,0.074812985825343098
900,900,0
900,866,1
900,804,0.61620029423968836
900,1626,0.3217960940367286
900,373,0.27481104326428824
900,289,0.24436469419954993
900,399,0.21818182562962568
900,585,0.18461385916059614
900,633,0.17603973154802896
900,1980,0.16535965848242765
900,1696,0.15144211874308927
900,1131,0.1513099479305054
900,488,0.14573551622012354
900,49,0.13756964171958461
900,1818,0.11946439145860789
901,901,0
901,834,1
901,1510,0.58878314269773524
901,876,0.28114095649293119
901,1794,0.24993977435401918
901,1507,0.23750075799773246
901,139,0.22855596426067143
901,1113,0.20572495309519884
901,1433,0.1732507740971036
901,381,0.16791105753405988
901,1282,0.1570132530490688
901,645,0.15701137011322733
901,632,0.1559106558385655
901,402,0.15516952293637595
901,1043,0.14898395942456202
902,902,0
902,500,1
902,1821,0.53451939481135546
902,600,0.37969046317255301
902,1856,0.34864310156778072
902,291,0.26295279175029485
902,202,0.24847340150041639
902,218,0.21672633644144326
902,1536,0.18224649634751236
902,1859,0.15517716057145622
902,565,0.14797885330688154
902,1529,0.1364819324564589
902,1444,0.10902261419645315
902,1078,0.094842488586316595
902,1207,0.090134911299276671
903,903,0
903,1855,1
903,1116,0.64592429926678241
903,1371,0.42979806563014761
903,1690,0.38158479602561429
903,505,0.28975330206849975
903,351,0.28170360776943848
903,976,0.18131423390220422
903,340,0.15991810900150347
903,970,0.13779729777284583
903,415,0.098526578384347085
903,1787,0.082581962497771291
903,1725,0.07438042952680457
903,106,0.072611361020120418
903,1557,0.070989305501122937
904,904,0
904,1577,1
904,1914,0.69517572073252942
904,799,0.57105090844221162
904,699,0.32924981093391403
904,1907,0.23942069035259844
904,1477,0.20415001250839621
904,693,0.16184723739114593
904,446,0.142553390840926
904,1121,0.13322155607438571
904,868,0.12014718514493605
904,653,0.10327364254459656
904,1287,0.074024354552069419
904,374,0.070271760686715465
904,310,0.062497581236104466
905,905,0
905,687,1
905,1666,0.52244022180187488
905,722,0.35501066751654181
905,611,0.30634350688464823
905,608,0.29891807334198167
905,148,0.23456178750114653
905,1534,0.22497475250218082
905,188,0.18020274200994268
905,1335,0.13751433539887448
905,1431,0.13680162115137737
905,775,0.13415971413734304
905,1449,0.1331540681176088
905,1270,0.12415520834533682
905,678,0.11865117155890995
906,906,0
906,996,1
906,665,0.44557221978937672
906,1782,0.33861214208441481
906,1686,0.33545380382589873
906,1119,0.33432902037377532
906,1299,0.31020595523659694
906,1875,0.22169523301853331
906,777,0.19776119208372636
906,715,0.13471144480451222
906,1722,0.13324719486599859
906,26,0.1223068194062602
906,421,0.11527276771545826
906,1108,0.11000190626624216
906,879,0.10771386585383444
907,907,0
907,1926,1
907,1843,0.64093211258570248
907,1540,0.47646115953811918
907,647,0.38693763991871377
907,1994,0.385141567616894
907,747,0.22287670424722553
907,707,0.13377202907944746
907,567,0.13291332361875915
907,1953,0.10443119857645536
907,553,0.099223678276726152
907,1498,0.091433338572557504
907,1537,0.088557697437070884
907,1472,0.085652317466565001
907,839,0.058553735198113285
908,908,0
908,465,1
908,649,0.66837205729154292
908,1432,0.61999222079886651
908,1918,0.53080817952215864
908,1056,0.30230635772271242
908,1436,0.2890359057690795
908,684,0.21980605348488044
908,1671,0.11784236084495985
908,1735,0.093394155618815783
908,326,0.019032690748086268
908,1607,0.018804001245086154
908,603,0.011879953605216813
908,779,0.010601111006771469
908,599,0.0050057119914540945
909,909,0
909,69,1
909,940,0.44523890444147585
909,1159,0.37921563196488001
909,404,0.30609382605122554
909,548,0.27881256067336407
909,1027,0.25531294656328535
909,758,0.19253175186230201
909,376,0.17623183275426582
909,1255,0.17582528186745702
909,1595,0.15313190800619014
909,576,0.1452898996244722
909,1909,0.13429623850784589
909,303,0.13309523102013496
909,1645,0.1318209395900099
910,910,0
910,208,1
910,393,0.72273634256725905
910,1667,0.28299359544293495
910,316,0.27995598185238174
910,1342,0.25362643743045127
910,1794,0.24576438339355988
910,1619,0.22176746079477686
910,1141,0.20617969851627121
910,1321,0.18230529908501292
910,402,0.14161988991680968
910,1093,0.098710492529771487
910,377,0.098227514079211181
910,445,0.093769918466526325
910,849,0.079227363687786476
911,911,0
911,1883,1
911,1050,0.72668988057097295
911,931,0.24194880654176446
911,471,0.24045515329326589
911,353,0.23831528479790279
911,1348,0.23206885827501439
911,779,0.16718987241820576
911,1569,0.16297660692979807
911,1074,0.15857067860530497
911,1659,0.1571755419753223
911,1757,0.15319063815128597
911,368,0.14760131602438328
911,1331,0.14487267727340317
911,1317,0.13583568385819608
912,912,0
912,1950,1
912,1678,0.60633975263466755
912,1709,0.52622567410370003
912,1380,0.38146238855571096
912,362,0.26371482505303295
912,1255,0.20427009249550018
912,306,0.13853500255414386
912,86,0.13704240687672012
912,534,0.13607160164952645
912,73,0.12445084639480473
912,1909,0.11852102345471256
912,1049,0.092940566008279782
912,1597,0.090284632411548119
912,1001,0.087031859585061447
913,913,0
913,593,1
913,1741,0.41619621663032264
913,217,0.27765751920831405
913,151,0.24396931144842421
913,979,0.22587677256235039
913,1773,0.22433135297322146
913,198,0.22217146857036471
913,1347,0.21132130785739778
913,1622,0.2074753400449468
913,1758,0.18168371990643456
913,1032,0.18043835129160421
913,1229,0.17654070027482033
913,980,0.17578985601912991
913,1503,0.16343667228747913
914,914,0
914,112,1
914,250,0.50308707585253287
914,1279,0.3343196519927718
914,400,0.29968967648398442
914,494,0.22464092854521722
914,1685,0.20834644174124434
914,354,0.20695965268600214
914,556,0.17266166236066291
914,1948,0.16811610618480435
914,1072,0.166750315595425
914,1961,0.1632009317236954
914,1316,0.15941648151736745
914,1708,0.14987780364636216
914,754,0.14982735879184067
915,915,0
915,1163,1
915,1716,0.98124328895679358
915,168,0.43590691202316967
915,246,0.28662325264735061
915,627,0.2012471696516136
915,452,0.19615682105281454
915,588,0.14914676952680106
915,1578,0.14083396969635312
915,682,0.13091871955485032
915,1837,0.1048002095965478
915,240,0.088675834923690647
915,814,0.073069177170336314
915,1682,0.05970353691622983
915,1975,0.058569291591856726
916,916,0
916,756,1
916,1255,0.68794657881875632
916,662,0.60558136272747876
916,646,0.34565482054433277
916,978,0.17294191768362391
916,1199,0.15798675302520507
916,1412,0.15217165949106612
916,574,0.13707581782679737
916,391,0.13678207662652811
916,196,0.11424819318715884
916,5,0.11247857771363515
916,582,0.10392954403792287
916,963,0.096238283918761783
916,619,0.083854434942080266
917,917,0
917,767,1
917,927,0.72395058222848774
917,1088,0.69867167290041443
917,1024,0.25330299599155565
917,177,0.24573856430125876
917,1530,0.17986167293866481
917,878,0.12929841908266634
917,740,0.11872460900911994
917,1093,0.11820227011315231
917,631,0.10420563754739755
917,1292,0.10301977379838435
917,531,0.093990834746917218
917,1444,0.071073948724487079
917,1527,0.066852650058725233
918,918,0
918,1043,1
918,1218,0.48060026773051601
918,402,0.45302696364834932
918,94,0.27540602205562092
918,1794,0.24696361323353672
918,1496,0.24112306382524434
918,1323,0.23062782587273301
918,1093,0.17027131042796581
918,1930,0.15696591403744559
918,892,0.15281827129456799
918,161,0.12985304909395981
918,1399,0.12756057650142427
918,393,0.12109511872946893
918,157,0.120569674566305
919,919,0
919,765,1
919,641,0.52724138942441612
919,381,0.40353937595129125
919,1493,0.38025541947300734
919,316,0.2878631503061207
919,740,0.19913978630692086
919,67,0.18235806602910445
919,922,0.15435355926988883
919,1605,0.15270201036889466
919,424,0.13220558196253285
919,1270,0.12838583313501722
919,445,0.12828251305447155
919,1772,0.1185028606389088
919,1743,0.11206041974837827
920,920,0
920,82,1
920,884,0.42473220224191055
920,1896,0.3196222439693977
920,892,0.2773545197303014
920,611,0.25702719058579571
920,148,0.23956687506123342
920,161,0.20760726365683568
920,595,0.20725816044247775
920,602,0.20456766561890202
920,1351,0.18368125417330722
920,1746,0.17140024149139813
920,42,0.14401300222591362
920,571,0.13556448404695201
920,1323,0.13449141814882823
921,921,0
921,1548,1
921,1012,0.38846869400614864
921,340,0.28413911843573675
921,856,0.25927447322322084
921,766,0.22868150781160956
921,1777,0.22790186198748455
921,195,0.22563990099235057
921,1276,0.22497147436292689
921,1949,0.207986503116486
921,976,0.20285549541019041
921,1786,0.19452007999989468
921,690,0.16078515594357995
921,935,0.15125403472758417
921,184,0.15041168160170929
922,922,0
922,1635,1
922,1270,0.75833083387716738
922,1935,0.65092933746337955
922,731,0.3013428375308117
922,424,0.2461815292484717
922,765,0.17968819489383303
922,531,0.11526071262960247
922,220,0.11403002895889695
922,740,0.11142029316031657
922,444,0.10058059351373981
922,333,0.088642891277869409
922,1248,0.082955174310900895
922,539,0.082247783303243879
922,1024,0.075288130093199249
923,923,0
923,1082,1
923,1356,0.74682240908391806
923,1634,0.32390690864524557
923,1956,0.2480310511035109
923,1986,0.22313332005740191
923,1081,0.22068286932641268
923,1022,0.18031671887112349
923,122,0.17183751673794248
923,1801,0.15316015243692793
923,1807,0.13938170622118629
923,1256,0.12970497080261997
923,359,0.1267084718604557
923,109,0.12390075342943109
923,1721,0.11930182346565547
924,924,0
924,1527,1
924,1078,0.64260341092817674
924,462,0.4849496717772569
924,1776,0.37180277853984267
924,1536,0.26428985240183239
924,927,0.26167838999662224
924,218,0.16697814452702137
924,1341,0.15622612148897425
924,697,0.12805325770197434
924,166,0.099930076641528892
924,1444,0.099589273974404147
924,897,0.09571648049219747
924,299,0.068380309754149729
924,767,0.066691631884871275
925,925,0
925,1511,1
925,678,0.521325061693933
925,1509,0.49324331585536491
925,60,0.29476290437298658
925,234,0.25215426285225628
925,1517,0.24150808667534027
925,1753,0.19315179393310425
925,281,0.19284158473598545
925,1118,0.18753143575633896
925,444,0.12587051289403275
925,1635,0.11109301639845495
925,1530,0.10478539884106347
925,967,0.094623422858685358
925,1270,0.09399570146348904
926,926,0
926,1201,1
926,1339,0.66495910729256014
926,1384,0.45231955463641899
926,1991,0.33199380634616787
926,1816,0.21276008042051103
926,910,0.17725881270317995
926,476,0.16833477829505966
926,407,0.1572859560608609
926,208,0.15373830816899739
926,894,0.13855292871572281
926,377,0.12172515179685785
926,1301,0.11895955017324439
926,1342,0.10676507274654813
926,323,0.10223347403716737
927,927,0
927,917,1
927,1527,0.99644536666984951
927,897,0.46495736131804494
927,218,0.2942163087510351
927,1341,0.21162791699402442
927,697,0.1887536156975973
927,767,0.13995364861160089
927,177,0.1085545635426272
927,1470,0.10652294253834284
927,1408,0.097166205557911181
927,360,0.095150216729944156
927,878,0.073099154119931328
927,416,0.066328370435619316
927,1088,0.064112534241430735
928,928,0
928,968,1
928,1600,0.99942771314173007
928,1907,0.69464993454500912
928,1127,0.23948546129171769
928,66,0.16664736565201926
928,1015,0.15692650783209172
928,1752,0.13365245168807108
928,1732,0.12532824114383062
928,203,0.095240497976690847
928,1013,0.071480454647967095
928,1224,0.067048645112073341
928,1976,0.061084699343611507
928,1025,0.051085098259185446
928,1267,0.044824552994539676
929,929,0
929,96,1
929,153,0.86222221128283894
929,121,0.57934555202110605
929,122,0.32015848411847969
929,966,0.18724596994375248
929,123,0.18119134745585799
929,666,0.14498405510476134
929,789,0.13411618970484929
929,1220,0.11211710135335859
929,1081,0.094802711926466776
929,169,0.078213527759505588
929,942,0.075166175052800141
929,1918,0.074539664888220558
929,459,0.062793103574443523
930,930,0
930,825,1
930,480,0.54917009988069831
930,538,0.33332351334459043
930,141,0.26838319629257179
930,1024,0.24305958310824968
930,623,0.22202060217279443
930,1328,0.20406336903759259
930,643,0.19564851173211453
930,898,0.18301940383150417
930,1393,0.15930645147945419
930,25,0.15001405914093102
930,860,0.1366850008910083
930,1886,0.13631998025408543
930,423,0.12588073474995798
931,931,0
931,1628,1
931,267,0.83318242456394909
931,1767,0.23961113888553273
931,1067,0.22305681548466461
931,1883,0.21726074470153289
931,848,0.20345028125143791
931,986,0.19050310716806193
931,1781,0.18410204419823831
931,994,0.1662284500738288
931,1074,0.14348520495281825
931,779,0.14132336558235176
931,1502,0.12748966910165363
931,911,0.120523203471064
931,232,0.11667448250938194
932,932,0
932,217,1
932,566,0.63797260827582714
932,1854,0.58587868253861819
932,1951,0.46709788462735952
932,773,0.38265520155041194
932,605,0.210299161137847
932,713,0.14148544063069579
932,73,0.13532763512093912
932,227,0.1146356874435748
932,143,0.056164108037547483
932,593,0.055630285481587841
932,979,0.05159881946196513
932,1921,0.034102106165519633
932,560,0.034042179765878401
933,933,0
933,1203,1
933,454,0.54289165321805299
933,793,0.4091675756880262
933,1522,0.2601374268611007
933,1503,0.22570140767026603
933,1102,0.19315553100591898
933,1763,0.19007075081991487
933,1272,0.18968298908819289
933,889,0.17089246140439737
933,1211,0.15349814454553867
933,1419,0.15136212643753372
933,1126,0.14675944960773393
933,1446,0.14233272657523222
933,1469,0.13122887072432082
934,934,0
934,1784,1
934,1151,0.60462315646420628
934,808,0.45887183822797561
934,1770,0.32911368580834521
934,319,0.21842286453059045
934,272,0.2155038493501307
934,591,0.1942749215965594
934,580,0.16360495539983369
934,705,0.15734650178064019
934,1520,0.13874444882433465
934,481,0.12658297021165762
934,412,0.10577063170937562
934,304,0.10385546147509665
934,1803,0.090171253326559661
935,935,0
935,1548,1
935,1528,0.44100612080139856
935,752,0.40760125257880225
935,1526,0.28554718088970765
935,880,0.27654207853002083
935,856,0.2516601470447889
935,651,0.21531082359153619
935,1336,0.19576534043249291
935,1786,0.18791920703308373
935,340,0.17898827909874554
935,1135,0.1695175220755159
935,921,0.11171974293023365
935,766,0.10303666452293213
935,1022,0.082276117833722601
936,936,0
936,1062,1
936,1683,0.34367680713120891
936,879,0.32890006821991274
936,484,0.29919898442937376
936,5,0.25915282880251245
936,1491,0.25545845966185138
936,196,0.24233627094202503
936,1345,0.2051342498686583
936,662,0.20410180860349855
936,605,0.16503830282213466
936,1448,0.155391837350631
936,1782,0.15268422473568399
936,1441,0.15141644471970617
936,959,0.14440538591362276
937,937,0
937,821,1
937,1409,0.66001645987700908
937,1238,0.51204683510613658
937,1246,0.32767353241845054
937,1319,0.21251103922016523
937,685,0.17839281973294485
937,1772,0.16009296035326845
937,1804,0.15157569209359376
937,119,0.13671726241647078
937,1304,0.1229589209736901
937,1579,0.1189149173682942
937,516,0.11806342597389211
937,608,0.11074559839135673
937,795,0.0971821962086791
938,938,0
938,1388,1
938,1437,0.7779011635235602
938,70,0.2758784103937616
938,814,0.25949395421248905
938,627,0.24292240999165318
938,1837,0.19637110508576172
938,1522,0.18184006276647313
938,1358,0.17561377562950847
938,1052,0.14603334061855996
938,248,0.14016493819092513
938,452,0.1350519681501284
938,682,0.13220656679794468
938,1578,0.12886064366240693
938,461,0.1145531475302595
939,939,0
939,557,1
939,311,0.79124304507455034
939,1410,0.54562250668666512
939,1422,0.44733118818559925
939,946,0.19340078337438185
939,1796,0.15854976684328501
939,614,0.14890220683800129
939,1788,0.12769071886819791
939,45,0.10355479414533925
939,1624,0.097239802256987931
939,1370,0.090326725959998591
939,537,0.080107764118366467
939,1098,0.061845746083144595
939,99,0.061083225312508586
940,940,0
940,69,1
940,548,0.55450729775055863
940,1255,0.49947810315714541
940,909,0.4508184076157935
940,1293,0.24046813267865569
940,1027,0.23514283705120662
940,1159,0.16926657695496189
940,1447,0.15362641413778466
940,582,0.13881867711174492
940,1390,0.1109956042049159
940,1909,0.10192921090376629
940,1272,0.094580303685593753
940,1480,0.079352452592072339
940,1606,0.077907143643796167
941,941,0
941,431,1
941,470,0.44991883552792578
941,1706,0.41784251424872043
941,1547,0.30856692641970068
941,172,0.2727885625667576
941,111,0.23944082232816741
941,1279,0.20999892005797477
941,533,0.18386852820276162
941,1948,0.15701402557409699
941,914,0.15102939096067117
941,1456,0.13722445929268923
941,324,0.13303362166471508
941,998,0.12784836242600339
941,1961,0.11832405191162007
942,942,0
942,1273,1
942,1936,0.5115538675788327
942,844,0.37504407429577191
942,1604,0.32153661045180282
942,966,0.28506008977321101
942,38,0.2350949541020961
942,1940,0.20278804444348919
942,459,0.17919116372251076
942,1553,0.14287362815743773
942,1684,0.14029022098879745
942,1581,0.13435925123867551
942,269,0.13092422133007395
942,243,0.12514174861108115
942,961,0.12303012363740025
943,943,0
943,843,1
943,684,0.54710068346889063
943,1793,0.5329407392569202
943,175,0.36544399806196415
943,1781,0.21296665737887918
943,1637,0.21275177826793623
943,267,0.18839912217239865
943,848,0.16976167051284374
943,1124,0.15795673741411811
943,1790,0.15513114358340271
943,1737,0.12560269646253944
943,233,0.11029922371875135
943,1085,0.078624491976531444
943,931,0.049910809978955126
944,944,0
944,755,1
944,1564,0.4259409369286089
944,1368,0.42344080030553272
944,1543,0.36544173452336759
944,102,0.24185761902802455
944,1158,0.17463849380631391
944,414,0.17437382765686657
944,408,0.16650059604350509
944,1971,0.16107971087354092
944,101,0.16089541716838424
944,820,0.16027370488195136
944,1101,0.157790924297951
944,1685,0.1495234582400547
944,822,0.14512556843401228
945,945,0
945,1853,1
945,437,0.97987314233559075
945,1797,0.31876371643522977
945,188,0.24483107130276868
945,1930,0.22121732126077859
945,892,0.17980897156406775
945,731,0.13878151134683114
945,1493,0.13388558881403531
945,1743,0.13115656860637984
945,220,0.12385500294288981
945,424,0.11639133751695521
945,1943,0.11153132777278772
945,457,0.11046928860301013
945,285,0.096334596615500437
946,946,0
946,311,1
946,45,0.71128103644046914
946,355,0.38793503716814748
946,864,0.2389123654999773
946,101,0.22255495646278139
946,1803,0.19998242546206596
946,955,0.19802942202841178
946,1422,0.17795227419990597
946,594,0.17405932237436197
946,1580,0.14791485914185606
946,464,0.14629033465811733
946,520,0.11112199205525682
946,553,0.11052527068289617
946,882,0.080341001086911557
947,947,0
947,1779,1
947,1799,0.31772842844384458
947,1243,0.28881133696715844
947,808,0.28143232075866781
947,1647,0.27013055318670953
947,589,0.27002764376227206
947,165,0.26753751165213274
947,1955,0.25061046752850924
947,1101,0.18374774257822393
947,1245,0.17452500213284505
947,1998,0.15917248132588666
947,1987,0.15567996220575439
947,1151,0.14374553942015961
947,1610,0.14374538674753179
948,948,0
948,442,1
948,1442,0.64121607865230135
948,881,0.52445429426692358
948,1850,0.18788506042954475
948,1530,0.17785015567312096
948,1704,0.17603931561113614
948,1007,0.17200170520169455
948,281,0.17077112894612176
948,1440,0.16019879589614319
948,1693,0.1563591346556244
948,753,0.1386317815523859
948,1306,0.13737374217035545
948,1919,0.13457406611471132
948,388,0.12953419502932267
949,949,0
949,387,1
949,1645,0.93347328466784485
949,1481,0.76820306713825548
949,534,0.55593244001207054
949,1640,0.27032525712002731
949,1909,0.23471933812566781
949,1447,0.081682152014668025
949,1597,0.032620924462367772
949,792,0.015095710652402962
949,796,0.0053578975235948787
949,1281,0.0036316264118308522
949,1742,0.0026747503897867498
949,1925,0.0019142865191822836
949,468,0.0012672604592286313
950,950,0
950,1212,1
950,1572,0.90262486566052935
950,1512,0.26692250035185994
950,674,0.26530204634763782
950,107,0.24680426410157363
950,1277,0.20592097326790912
950,1768,0.15591457447574511
950,1880,0.15044299249413196
950,1449,0.14558544354059866
950,639,0.13941599968833632
950,781,0.13493048783080613
950,1172,0.10247121483658503
950,1435,0.095871348052722336
950,1746,0.094690283150348747
951,951,0
951,1360,1
951,1123,0.71205307974319543
951,1692,0.650804235065085
951,1327,0.65076049627679344
951,836,0.15215610275750135
951,1007,0.13170327900019074
951,1635,0.11659878360150594
951,137,0.091550155535040131
951,1525,0.085208090788737381
951,1328,0.073480185389254229
951,1468,0.067047259608739779
951,1559,0.059845553900854428
951,1265,0.059489069032392858
951,1182,0.056198273214221509
952,952,0
952,741,1
952,1822,0.55465779584865305
952,684,0.36110597136122424
952,1735,0.3543897880237627
952,267,0.35428345023434327
952,1035,0.29459540312567079
952,736,0.20055739524634619
952,1673,0.14291174562509604
952,1628,0.13640498780621046
952,1074,0.13478391901526571
952,1462,0.11209787692987495
952,1944,0.10631992270838687
952,1405,0.081134731980802302
952,1436,0.073650446718110232
953,953,0
953,233,1
953,848,0.76604652190664446
953,976,0.71457666813260379
953,1777,0.38155989656553801
953,1611,0.28408321015111931
953,1526,0.13346781630041063
953,1450,0.12024415671793844
953,491,0.1055812014954986
953,970,0.076050779702366206
953,150,0.070898303591493073
953,1615,0.070849620556186529
953,340,0.06530813443397579
953,1767,0.063645777464776065
953,469,0.054579749357171858
954,954,0
954,1553,1
954,1283,0.9210013755438512
954,1147,0.53979798328266959
954,617,0.26203140245637452
954,31,0.22129685601308804
954,1460,0.15510777900823045
954,829,0.14604081901713659
954,1928,0.12837604386825036
954,375,0.11445491886819567
954,1845,0.10962857617197057
954,1999,0.090071487426113608
954,844,0.089089827060090734
954,1432,0.07913530361031082
954,1684,0.050851093977714625
955,955,0
955,101,1
955,464,0.70213941664686708
955,517,0.40911316329330916
955,1760,0.28530993200072974
955,520,0.21251636298012527
955,1770,0.2001037358296488
955,1803,0.17429761161599916
955,44,0.16727251603164603
955,1459,0.14581659865892985
955,1961,0.13843585484783563
955,1685,0.12899139563631901
955,553,0.11576551634205952
955,354,0.11462360727905656
955,882,0.11250542558575191
956,956,0
956,752,1
956,1275,0.71819179114906373
956,399,0.35902164521853785
956,994,0.27670196076461062
956,1181,0.25808509660179973
956,843,0.20110886339356901
956,1526,0.18062408835440125
956,880,0.16551769380202414
956,1067,0.14439410208138459
956,356,0.14222909934418085
956,1280,0.12878039063502891
956,997,0.11585037833337652
956,195,0.11154795515181308
956,49,0.10482835701172048
957,957,0
957,1107,1
957,1720,0.71509435381533037
957,1721,0.38487499206872566
957,828,0.30093722255806171
957,1581,0.24859814435870894
957,1786,0.19863913609389153
957,1130,0.1897235509831561
957,255,0.17308037530015724
957,1735,0.15767885023593201
957,1664,0.15078750215829351
957,1405,0.10875253430629293
957,1371,0.10318442831702303
957,1607,0.095869627785887507
957,1855,0.079673819706796753
958,958,0
958,1516,1
958,776,0.72026443304838961
958,794,0.68980633795663848
958,13,0.23137248908936844
958,1003,0.21139623341233327
958,731,0.17840622050374005
958,1567,0.16724448945861231
958,704,0.1597083308519677
958,333,0.13078717812039709
958,1073,0.12416615889707108
958,1653,0.088208343978798426
958,514,0.080783811118138579
958,429,0.075371521767365779
958,922,0.049380810812646475
959,959,0
959,509,1
959,662,0.45290402437983318
959,574,0.44819685008573684
959,193,0.43241674599190488
959,619,0.41866423484004139
959,196,0.17178013279837315
959,498,0.1648571645917026
959,383,0.15552501180212128
959,59,0.14231399279243528
959,1205,0.123935533661463
959,325,0.10840783168028068
959,1361,0.098642119157260719
959,205,0.097907006473144681
959,1415,0.091330084366432779
960,960,0
960,57,1
960,1838,0.66319776505689898
960,494,0.32335829888657086
960,250,0.31610702230311416
960,354,0.28386750710045966
960,1708,0.2428757126814948
960,1987,0.16885684129514281
960,271,0.15002298081396123
960,1865,0.14837250181689079
960,1948,0.13262794826423721
960,1600,0.12694314608791429
960,1988,0.12488034967110802
960,1046,0.11362187360594975
960,1025,0.11216700749983782
961,961,0
961,1940,1
961,942,0.48124485207102602
961,1604,0.29805751241343498
961,1474,0.24398096692886645
961,1344,0.23739823602734822
961,38,0.21293016524414055
961,269,0.21131877544091077
961,1996,0.18464295515845036
961,596,0.17690892290540425
961,466,0.17645715351708405
961,153,0.17555010157707129
961,1936,0.17279869417664237
961,789,0.17204685635834202
961,1273,0.16354602633970422
962,962,0
962,1569,1
962,1757,0.48341669862297221
962,1162,0.31824878599147388
962,212,0.28748213307716314
962,1348,0.26642623305235097
962,550,0.26544120127974424
962,450,0.25771061749406887
962,1250,0.2163839721490344
962,624,0.15366580104372476
962,1200,0.15070975858530838
962,397,0.13456281384237614
962,654,0.13146402670672794
962,1317,0.12240387873382917
962,487,0.11897021240613567
963,963,0
963,847,1
963,1227,0.728657106427963
963,86,0.39247194243678374
963,1199,0.27627728793151107
963,534,0.22044492023759538
963,1086,0.2200074911005524
963,1645,0.21538769150667486
963,1102,0.1909017051842016
963,756,0.15820315462571408
963,343,0.12086029934533282
963,1504,0.10755735096759321
963,1027,0.098046704997997794
963,1005,0.093310514043011106
963,1412,0.084762858258488324
964,964,0
964,658,1
964,777,0.3924451900897451
964,507,0.38751601680443742
964,1716,0.28915990679820291
964,613,0.27563017756789732
964,1861,0.24810020572236138
964,387,0.22105046649585894
964,1842,0.20671885707623916
964,1425,0.19040590164483601
964,1237,0.1818923455731779
964,1622,0.15773700314479569
964,790,0.13160603314831723
964,385,0.11444175749214618
964,1682,0.11019471057862905
965,965,0
965,1869,1
965,473,0.82962232498829647
965,495,0.58240109443629806
965,905,0.35042284178120059
965,611,0.2449439050822432
965,1431,0.20147792110739238
965,540,0.17407557143098462
965,1824,0.12167294859610801
965,1360,0.086107156044461342
965,1486,0.081977027366276059
965,1666,0.069799171804971111
965,164,0.060780873903553183
965,608,0.05495592974098347
965,1943,0.048655707904875972
966,966,0
966,123,1
966,649,0.89140922217174001
966,1602,0.62025796728195903
966,1484,0.47076432002382596
966,1581,0.15419733026430182
966,1918,0.14438673758646287
966,269,0.12593702434195195
966,942,0.11945036333367495
966,1022,0.092043545806801366
966,828,0.083789776785641507
966,880,0.063321171131840714
966,1556,0.057414799107078321
966,529,0.046843366691403439
966,1220,0.037070013766853885
967,967,0
967,1470,1
967,360,0.65346672346023138
967,234,0.34873391834008399
967,218,0.3122103664461448
967,60,0.21541690872931424
967,177,0.20601005776403683
967,178,0.20568772384690845
967,742,0.1636546529707972
967,709,0.15834806380975464
967,1007,0.15706317953630636
967,849,0.13006329378085052
967,1605,0.12986380750161541
967,1828,0.12064394430383178
967,29,0.10572968504216586
968,968,0
968,1907,1
968,1039,0.73733227418390923
968,1013,0.50926945435925608
968,481,0.28446212508039787
968,928,0.28068847440315087
968,868,0.20431570224310822
968,349,0.18873748086980208
968,580,0.13649664515411145
968,1343,0.12039420179862126
968,1120,0.099847518994694295
968,653,0.096020539848107184
968,1847,0.089490469308979567
968,1972,0.080173265949997657
968,374,0.079659254110271971
969,969,0
969,1938,1
969,285,0.68078870553700255
969,1695,0.33001463204921044
969,858,0.24017701070404252
969,1234,0.22194375139708433
969,878,0.21186817187864995
969,1809,0.2088153889173319
969,137,0.20704343830267524
969,531,0.16598882888895855
969,296,0.16085351558254693
969,1248,0.14238257653162836
969,1399,0.12492404412676578
969,1439,0.11307669519417339
969,1890,0.099009830082998546
970,970,0
970,1615,1
970,233,0.79852524057183738
970,690,0.55430282858314295
970,56,0.29680448187193403
970,106,0.24513390765422186
970,801,0.21324468348905048
970,397,0.12405205484772605
970,22,0.12357982464451839
970,903,0.10452063596441635
970,195,0.099721818958809105
970,953,0.092866346555514359
970,716,0.086673685312213741
970,1557,0.086065723021452656
970,1777,0.081407448180206787
971,971,0
971,1484,1
971,47,0.51688103822129572
971,1906,0.32094681986853235
971,1749,0.26669938339165367
971,857,0.26481928404175942
971,1191,0.21933521161620634
971,269,0.20915708566965188
971,636,0.19340131044630376
971,1336,0.17689967506018495
971,813,0.15780180898323445
971,31,0.15481944725319907
971,1462,0.15435297497922715
971,485,0.13868099954832802
971,255,0.13308830049143389
972,972,0
972,1767,1
972,1219,0.88404272633879433
972,848,0.34435635711805318
972,375,0.28222349870638724
972,1080,0.22647992046173818
972,1714,0.19089204869379706
972,242,0.15263565804744056
972,1283,0.13245645630250596
972,150,0.13218609209177173
972,1460,0.11875231040507586
972,626,0.11604092961716238
972,1651,0.11557056163597254
972,1999,0.1091349253586029
972,267,0.10212496481726541
973,973,0
973,1539,1
973,1380,0.56423826122021592
973,1480,0.37082760827632716
973,1001,0.33946902572423554
973,1648,0.29377570645840712
973,1036,0.24513273360362559
973,574,0.19627390996953506
973,1617,0.17551548714658027
973,468,0.13083256808835345
973,1255,0.12871250610988652
973,420,0.12385847322577212
973,708,0.11939521710472135
973,0,0.10962918308114719
973,1633,0.10922428591661201
974,974,0
974,954,1
974,1460,0.70604461380137884
974,204,0.42423103068298129
974,1845,0.41434146492680574
974,125,0.23060110379045409
974,617,0.18947287863097784
974,1736,0.15942903730990243
974,1999,0.14587794088317241
974,1652,0.12991773543454793
974,1462,0.12497546348535853
974,1230,0.1149191379021679
974,1553,0.10847003180372763
974,1147,0.080728816370826503
974,1581,0.077889968496367673
975,975,0
975,1387,1
975,575,0.72530631407996615
975,99,0.53029068248013234
975,398,0.28845024972991357
975,757,0.19533555112744866
975,1422,0.15787632005268892
975,1871,0.14578235935297501
975,1913,0.14181435129595171
975,81,0.13725928262971296
975,23,0.13262701486708528
975,1316,0.11835539497426899
975,1675,0.1143609090509707
975,88,0.11018511649772253
975,552,0.10925443035423943
976,976,0
976,340,1
976,1777,0.48377382289367132
976,1725,0.38309936989785881
976,1546,0.28523088826750442
976,1413,0.26604734868679164
976,183,0.23789064397632351
976,1829,0.21939388710644087
976,953,0.20457993072465971
976,1450,0.15001818848258688
976,991,0.13995395912501146
976,921,0.13760600193406672
976,62,0.13383319487202353
976,1855,0.13318820728923086
976,1548,0.13227049759717288
977,977,0
977,1531,1
977,1773,0.48662882761502363
977,1680,0.27430128428054218
977,588,0.22967709338197598
977,1591,0.22500123591012275
977,19,0.21179184703153148
977,225,0.21176958811731714
977,1180,0.20930760408988405
977,715,0.18963401179312117
977,682,0.18596907198152432
977,579,0.17378671711293878
977,1740,0.17185037745924214
977,1854,0.17093475026526248
977,1993,0.16624016976023359
978,978,0
978,496,1
978,701,0.71152490773405264
978,916,0.47075552740910281
978,1174,0.3929887541949319
978,646,0.19523423230944886
978,391,0.18333979262407921
978,16,0.17253366190451738
978,756,0.16115842988572482
978,1574,0.13290280051342823
978,855,0.11555157524826169
978,662,0.11428910302027914
978,593,0.089417231161654342
978,1504,0.08383891425566678
978,582,0.083358367124172314
979,979,0
979,729,1
979,727,0.83032372124107201
979,217,0.44951352667342787
979,435,0.44788410461410705
979,913,0.20680759027354123
979,151,0.17805846669955064
979,198,0.13764587420346833
979,1240,0.11225019822770733
979,73,0.10427422656413723
979,1014,0.096868504075067294
979,364,0.088197386683039655
979,1951,0.087771705713263301
979,1741,0.086563169790485325
979,1902,0.080735052073233185
980,980,0
980,347,1
980,869,0.87638530985405128
980,1032,0.67490249298396077
980,1009,0.57075410584967234
980,1156,0.12311723333141741
980,1192,0.11703042349111545
980,875,0.10386889789093889
980,515,0.084198607513413154
980,1347,0.075592145726701643
980,1178,0.070656758558450619
980,1622,0.06503008988258864
980,1229,0.060461544844267363
980,1542,0.044292382689294786
980,1792,0.040603616606750437
981,981,0
981,613,1
981,1149,0.49133679550225712
981,257,0.3380216447950577
981,532,0.30604750289309518
981,1475,0.30531457319042832
981,1792,0.26453634475875309
981,1425,0.25980458267155948
981,306,0.1828801258824044
981,1027,0.15909694289352935
981,1255,0.14972791431319682
981,1782,0.13114791414260682
981,1682,0.12130845064868834
981,93,0.10308931714657688
981,1199,0.094574774914651966
982,982,0
982,1069,1
982,568,0.57425511436330279
982,2,0.40167610269297538
982,1303,0.35076200489308468
982,411,0.30831603805848928
982,1330,0.24616526188220056
982,145,0.21537207334322386
982,1568,0.16357281322037692
982,1700,0.1555248974891846
982,1122,0.14491252140566213
982,861,0.1059245098409745
982,523,0.099941770725739537
982,1268,0.077625302349216274
982,1191,0.06284298211724608
983,983,0
983,594,1
983,313,0.74433915068835788
983,1770,0.34497445069404259
983,1803,0.30150697198762871
983,1580,0.24113386335208131
983,705,0.20350025797221105
983,1723,0.20019421258967257
983,1603,0.16753147785198769
983,1395,0.14258765657051417
983,101,0.12913426873495368
983,1370,0.1253136056121068
983,1176,0.11536693139405699
983,412,0.11053349028900385
983,1520,0.080783049498461518
984,984,0
984,1430,1
984,625,0.87295224954425255
984,1929,0.46450637073603734
984,116,0.36374627076009258
984,814,0.25510910114576385
984,578,0.12314337806971468
984,225,0.12279745983231116
984,1233,0.12068489816320892
984,27,0.11211148281074611
984,167,0.10697671465590329
984,257,0.10422060808877016
984,796,0.099835324523506852
984,777,0.09828726666955645
984,515,0.062528460681508566
985,985,0
985,1840,1
985,1672,0.48483813544936011
985,680,0.45026374251295187
985,1426,0.2972760980789414
985,1364,0.29207079340047176
985,490,0.20856973990171243
985,1180,0.19727313214500544
985,417,0.18833235817204494
985,749,0.15377987361202722
985,657,0.13358017488644791
985,186,0.13236107934865576
985,1161,0.13215916293638136
985,1960,0.12255926277306932
985,874,0.11383291142131714
986,986,0
986,1138,1
986,1252,0.49258779797730035
986,670,0.41213693910167631
986,931,0.3569758094071086
986,1418,0.32183817120066577
986,232,0.20069667500212637
986,353,0.19956169402312832
986,779,0.1521296795240028
986,1781,0.14976562382008518
986,1090,0.14828553116796886
986,465,0.13377221457548089
986,1502,0.12312264447916829
986,118,0.11714329881927577
986,723,0.098874804134247582
987,987,0
987,312,1
987,172,0.45826016740506154
987,598,0.45220048132957968
987,1941,0.25278731704136254
987,882,0.25222854769259523
987,1771,0.24868831066175409
987,1847,0.20787662224964126
987,1300,0.19564597081644217
987,998,0.19460594432850675
987,1223,0.16389894585430945
987,352,0.14444163998115114
987,864,0.11477614313645559
987,1603,0.11100185108592948
987,1209,0.11047036182924994
988,988,0
988,298,1
988,491,0.7900420177716293
988,590,0.71929584666868607
988,720,0.37593625087566351
988,1418,0.28728927187947367
988,841,0.10983637687193112
988,459,0.098967985845929654
988,1273,0.096345398534562962
988,1457,0.081961152107316693
988,465,0.074372412398998014
988,1696,0.074022141077041845
988,79,0.070870420458379588
988,801,0.068527433546772709
988,1936,0.059419316579683613
989,989,0
989,1570,1
989,991,0.53591929749860512
989,340,0.3669964126940593
989,976,0.3384992181857237
989,1829,0.31266119768295875
989,668,0.21410757233830247
989,1548,0.19294035393982809
989,921,0.1887715670804187
989,1777,0.17670715237438486
989,992,0.12342084217416799
989,1786,0.12271779350701233
989,1725,0.1188180695445781
989,660,0.11682675619754818
989,1396,0.098508003614844644
990,990,0
990,1964,1
990,1086,0.90376004843387614
990,1448,0.40183136764232741
990,138,0.22308739964610716
990,306,0.20003528393137279
990,879,0.19868934294207005
990,560,0.16676032321723869
990,154,0.15455731741440171
990,1722,0.13269727233082124
990,196,0.12144259454129587
990,1227,0.1118791463402892
990,1062,0.10871543926292761
990,343,0.092875204896438121
990,1299,0.090553421934135223
991,991,0
991,694,1
991,124,0.45487151594120506
991,1829,0.43540771637589604
991,976,0.37689864838843617
991,1570,0.35398614361528097
991,1413,0.3037136652354217
991,1725,0.1735385899538284
991,340,0.15967120006920135
991,1777,0.1511041907530318
991,989,0.12623725131675537
991,1139,0.10658532580842781
991,1714,0.096553621119257763
991,1855,0.089726195598155117
991,183,0.078604695179137873
992,992,0
992,1786,1
992,1548,0.44144961963582863
992,294,0.42410121012925356
992,1581,0.41579348255092163
992,1191,0.34397122270040414
992,1336,0.23223306218604606
992,935,0.19819872018668561
992,1188,0.18822549420587242
992,651,0.17473278980532914
992,856,0.16617313442309056
992,1713,0.15802428070834751
992,255,0.063158494014441471
992,1721,0.051725684285213916
992,4,0.049105669089579078
993,993,0
993,857,1
993,1006,0.33024934714487764
993,723,0.27958549182544967
993,1090,0.24711327022015966
993,716,0.2446292424593447
993,1152,0.23843075819761331
993,1720,0.22107578828717797
993,118,0.22000937077777594
993,350,0.21229048003708281
993,843,0.1931393699773388
993,1077,0.19223581857177297
993,1655,0.18628118083573486
993,1482,0.18248345044582023
993,215,0.15935820659056268
994,994,0
994,787,1
994,1275,0.58017240107345913
994,195,0.37610357109517334
994,956,0.2934636657083996
994,1186,0.26890237654476956
994,79,0.211437906403869
994,1280,0.19196673379728069
994,491,0.18242957345218944
994,207,0.17985119383137615
994,931,0.16387707544902053
994,880,0.12998633640778354
994,6,0.12167574083488981
994,970,0.10824592902214594
994,690,0.098776582484616349
995,995,0
995,1751,1
995,486,0.73151885936425842
995,1809,0.38548512103858179
995,1947,0.35138385728169369
995,1890,0.3488940899818111
995,1352,0.32725095626318834
995,860,0.15668476475673337
995,200,0.13793401410964035
995,1100,0.098473704467429035
995,157,0.087078352436841727
995,1258,0.086825110012019577
995,1676,0.075416038272874006
995,1314,0.070715539635783697
995,91,0.049223829017922029
996,996,0
996,468,1
996,1798,0.72703590919305527
996,1814,0.65785272944840156
996,1119,0.65267668705774062
996,777,0.43324494566638316
996,205,0.15814982048757412
996,906,0.12352273709237255
996,1782,0.095152986718602353
996,715,0.020825281653889503
996,1929,0.015272130077564334
996,708,0.010609446616902775
996,534,0.0073365328038373662
996,1490,0.0029438043692619998
996,1242,0.0022623618715865426
997,997,0
997,1944,1
997,1035,0.86236955906944612
997,1181,0.45734085524069629
997,273,0.32715487415604499
997,524,0.25501440868064457
997,1275,0.20151789070711892
997,1822,0.17251945607771693
997,195,0.15898910675931544
997,1873,0.095061635227808139
997,953,0.095003751777630818
997,1983,0.086005242441885288
997,856,0.079643141011015592
997,956,0.062726231126233586
997,1191,0.053540146978491722
998,998,0
998,1904,1
998,1961,0.87369235358162878
998,172,0.36524855309820808
998,1706,0.21600268430144784
998,74,0.18679344548899612
998,955,0.17720034791663095
998,101,0.16885072526291187
998,275,0.16808895430503226
998,1580,0.14024978682255176
998,517,0.13244713505298827
998,815,0.13012292616921523
998,536,0.12455607137851549
998,464,0.11214553428773749
998,1359,0.11149092805156599
999,999,0
999,1642,1
999,360,0.62039949962680974
999,299,0.41185378351998275
999,927,0.23110053109459117
999,697,0.19830012376216505
999,327,0.18977093712543991
999,177,0.18144748533542773
999,218,0.17698988977671434
999,1341,0.15695174425801259
999,1676,0.15507920750923679
999,1470,0.15332886485181635
999,1527,0.14656362904653819
999,87,0.14608807448098396
999,1478,0.13902240851591036
1000,1000,0
1000,1995,1
1000,194,0.48567812609686517
1000,1715,0.43304399037996177
1000,359,0.26897970784750314
1000,451,0.22478746109451805
1000,49,0.21673884776705885
1000,1774,0.18920009239242691
1000,1081,0.18665075428942546
1000,401,0.18433011209802541
1000,125,0.1789408556496033
1000,1825,0.14189620902927655
1000,348,0.13361118713079656
1000,664,0.1325118495541496
1000,128,0.13051517510591168
1001,1001,0
1001,1539,1
1001,174,0.77361875604650232
1001,973,0.62018080463981196
1001,1597,0.31834154356449684
1001,1648,0.21836463379569221
1001,806,0.17648496997579849
1001,912,0.15590856568646785
1001,468,0.1519661796698189
1001,1481,0.13488643791945717
1001,1645,0.083318493372523145
1001,551,0.078844130701659743
1001,534,0.074352632095549834
1001,1380,0.069922190847299864
1001,77,0.050692431014507919
1002,1002,0
1002,883,1
1002,1518,0.8711501927874904
1002,1976,0.5539968710474279
1002,1717,0.20341757877002911
1002,1610,0.19658586076368698
1002,481,0.19214597006819148
1002,1600,0.16164077669980711
1002,1907,0.13874976228971656
1002,1148,0.11082813096555824
1002,699,0.104209126109092
1002,1239,0.10233425021403046
1002,1329,0.099563771540715995
1002,190,0.091833563162980594
1002,319,0.080434233078400183
1003,1003,0
1003,794,1
1003,208,0.96247487938776866
1003,344,0.28907730961511308
1003,476,0.27497900787951896
1003,402,0.2275136826014236
1003,1748,0.20358062516924499
1003,1386,0.1898193297242326
1003,726,0.1600666084661567
1003,377,0.1153323869773706
1003,764,0.1143727435639761
1003,1404,0.10932714452375832
1003,323,0.095816241552804951
1003,1292,0.084945651378583648
1003,1653,0.07958621586579967
1004,1004,0
1004,746,1
1004,711,0.50004144671188389
1004,1425,0.45279041094777189
1004,702,0.44575588821763679
1004,569,0.27189069597918969
1004,1630,0.23747985248134135
1004,1993,0.19695826831186669
1004,1488,0.17754631852220679
1004,1347,0.14177249078544396
1004,527,0.12709112417004531
1004,1750,0.1258344058845112
1004,1716,0.080792501140687714
1004,1842,0.074726253065225456
1004,1773,0.074210703593021801
1005,1005,0
1005,306,1
1005,1475,0.80499323684577484
1005,1242,0.3046073660062073
1005,613,0.30374464763883802
1005,1612,0.26661783560251295
1005,1542,0.21352479996153231
1005,1229,0.18380919609557406
1005,708,0.15065525769402932
1005,981,0.13056006810389467
1005,1633,0.12020999053327842
1005,963,0.11771850633047681
1005,1192,0.10778267692488411
1005,1709,0.10185994949615004
1005,1103,0.10080197963102799
1006,1006,0
1006,499,1
1006,215,0.5882786642802823
1006,1152,0.49193711967155612
1006,1077,0.31315534546346607
1006,1090,0.2803409992565562
1006,723,0.22745675789000624
1006,232,0.18278957375344543
1006,255,0.16848996928224427
1006,1344,0.16456150824734347
1006,1318,0.11038202705095826
1006,1252,0.10687973870957651
1006,1720,0.095812313860905857
1006,1586,0.089122828741631313
1006,716,0.087681432056646899
1007,1007,0
1007,742,1
1007,1900,0.60356293470762157
1007,1828,0.49811480902928101
1007,1327,0.34205764356884727
1007,1442,0.33283941107972853
1007,1123,0.22457893232104439
1007,782,0.2239613228498413
1007,178,0.12763247607392625
1007,1265,0.12199557684600536
1007,1704,0.11853605130667073
1007,967,0.09381072815312938
1007,1328,0.076695415610362069
1007,951,0.07500030508196405
1007,1349,0.068111271660698025
1008,1008,0
1008,1446,1
1008,1633,0.73076785304671177
1008,131,0.45481096786379765
1008,1562,0.39924791262613019
1008,0,0.27068692922793736
1008,708,0.25157342754085638
1008,1837,0.18112523872140754
1008,1648,0.16905623441948417
1008,1952,0.088338482094010018
1008,420,0.082925656841167913
1008,454,0.082540176366669368
1008,695,0.074454641566801386
1008,1699,0.062709082727234272
1008,1649,0.05864808373927289
1009,1009,0
1009,1229,1
1009,869,0.46824231925965676
1009,73,0.46200711895069052
1009,347,0.37473013658380266
1009,980,0.33705307228527764
1009,1178,0.28193789845822115
1009,1083,0.20331476062363604
1009,1475,0.18552699486236707
1009,713,0.15372848661261762
1009,515,0.10368858059397904
1009,1199,0.098320967131636544
1009,593,0.083589074696086341
1009,1458,0.079565942186908045
1009,410,0.075189983797967055
1010,1010,0
1010,1699,1
1010,811,0.71084155253214598
1010,1574,0.58843982613463985
1010,1617,0.28675149742297834
1010,15,0.27850169491309396
1010,226,0.21156132063689445
1010,1505,0.19365623954962527
1010,425,0.128374989819625
1010,201,0.12043457857189661
1010,1638,0.099337255427683069
1010,729,0.089636311198316804
1010,288,0.074844607277396821
1010,3,0.068944762540540508
1010,646,0.055572048547846822
1011,1011,0
1011,1421,1
1011,168,0.43676753754324493
1011,1682,0.33144344028343375
1011,676,0.32404320208594645
1011,1550,0.29770169728588453
1011,1798,0.25370839134117479
1011,1505,0.24643871358274339
1011,1087,0.18768795023847046
1011,59,0.16489984697112225
1011,1163,0.16194498516840145
1011,1271,0.13839348600365603
1011,915,0.12906037685902266
1011,452,0.12495660383570367
1011,93,0.10984897275124673
1012,1012,0
1012,184,1
1012,491,0.43171140989427192
1012,195,0.36357136010332008
1012,79,0.28161988131996607
1012,921,0.22520387689010779
1012,1548,0.20182514329696338
1012,1022,0.19681665830644299
1012,1526,0.1953500570839026
1012,459,0.18499486204083149
1012,664,0.1806021351079371
1012,1777,0.17599060480543754
1012,856,0.17042489034634359
1012,835,0.1603176872376928
1012,1396,0.13845743062785018
1013,1013,0
1013,580,1
1013,968,0.38485662674774257
1013,1402,0.30188996052077782
1013,1039,0.28821048957691686
1013,1204,0.28041262652960858
1013,591,0.26381421192335952
1013,481,0.20974376197943451
1013,1907,0.19618640547485669
1013,1647,0.19360970740128688
1013,319,0.17701509511706656
1013,1803,0.17386877150999153
1013,1535,0.17007493188930725
1013,536,0.13884651926254293
1013,1239,0.12835526193220814
1014,1014,0
1014,1380,1
1014,1902,0.38676068905086203
1014,1322,0.3156442806828923
1014,73,0.2582261299788875
1014,979,0.25224306477512076
1014,1678,0.24825169538620143
1014,0,0.21547176267760279
1014,912,0.21446572425239674
1014,1036,0.20646910554992512
1014,727,0.20432978367603588
1014,1921,0.17812741348191796
1014,1272,0.17741945950097268
1014,226,0.13069050347129846
1014,1789,0.1187838467947256
1015,1015,0
1015,11,1
1015,644,0.40826921851653025
1015,886,0.38753577326419208
1015,1519,0.34231791277553658
1015,66,0.27146285635103828
1015,1434,0.22340007823494604
1015,824,0.19930963779341773
1015,1979,0.19367068123651801
1015,928,0.19010427529056595
1015,1127,0.18260099455383311
1015,1401,0.16760492298212459
1015,1858,0.15425426298765868
1015,552,0.096859557658757353
1015,1976,0.08950343803905067
1016,1016,0
1016,571,1
1016,1730,0.70211598414008969
1016,424,0.44226973828812211
1016,437,0.32175645268252384
1016,478,0.29395431339152234
1016,1270,0.22387298388415516
1016,1515,0.18884570330009107
1016,473,0.17966489398202629
1016,1943,0.15691364322083373
1016,945,0.14555860509616161
1016,1118,0.090939600185149627
1016,1335,0.066090421962183871
1016,687,0.057016068608143497
1016,371,0.037885116393868781
1017,1017,0
1017,1001,1
1017,1598,0.63230491600375294
1017,1916,0.37305799783198501
1017,77,0.34779061086765023
1017,1950,0.28758464306160436
1017,174,0.26281832696295626
1017,420,0.22103140688112285
1017,1958,0.21395955892791388
1017,1293,0.1828881956918158
1017,940,0.112780482591714
1017,973,0.087311746066150484
1017,1539,0.066706104489835188
1017,1390,0.063203928721174918
1017,1272,0.055447661041158516
1018,1018,0
1018,1237,1
1018,949,0.42850252786527548
1018,453,0.31482751595442582
1018,248,0.29337904020739669
1018,1447,0.28153097388699877
1018,1271,0.22339671808687805
1018,59,0.19257262100793482
1018,167,0.18552557661326252
1018,387,0.18333630790028946
1018,116,0.18027021856420863
1018,1415,0.16405192368842494
1018,187,0.15899861691592054
1018,875,0.15034384936573919
1018,796,0.15015279395942976
1019,1019,0
1019,69,1
1019,909,0.47539835002866832
1019,806,0.38139690799933107
1019,1380,0.31417965388150149
1019,376,0.23485741619648096
1019,251,0.22365274480087627
1019,1688,0.20358922968410689
1019,335,0.18307582068733713
1019,1649,0.16765223662885059
1019,548,0.16179962762833841
1019,940,0.15649853193954305
1019,174,0.13959168540311032
1019,404,0.1366434554421119
1019,1272,0.12855026851786619
1020,1020,0
1020,1322,1
1020,174,0.93547254106021627
1020,1036,0.31428793434440122
1020,806,0.28656821896566886
1020,1380,0.28163862974946535
1020,1272,0.18025939214409592
1020,362,0.14037905218887092
1020,1648,0.12296639003650073
1020,1597,0.12292552948102738
1020,1539,0.11821613822277888
1020,1001,0.11480445751167734
1020,1014,0.10520671782823392
1020,0,0.097512438277737187
1020,1789,0.086650992167783714
1021,1021,0
1021,1334,1
1021,597,0.80491132997622694
1021,428,0.59168257412790792
1021,1623,0.51170572118199986
1021,366,0.22867709212173676
1021,1173,0.20912819708274755
1021,872,0.14608941506062789
1021,1447,0.10922543302569197
1021,1481,0.071243197640634179
1021,295,0.061037076307601121
1021,1326,0.04959886766581726
1021,116,0.046971495768101994
1021,1412,0.045911210319304861
1021,358,0.030717593391063919
1022,1022,0
1022,1556,1
1022,856,0.29210870043533305
1022,491,0.28267013104612831
1022,1548,0.25753725196546812
1022,459,0.2492795621781749
1022,298,0.24641053313391839
1022,1280,0.23561042801211191
1022,1012,0.23172622828136966
1022,56,0.21232921844431368
1022,340,0.19633499516154376
1022,649,0.18271437407539401
1022,359,0.17680255864929262
1022,401,0.17282341567062484
1022,1918,0.17054933756690621
1023,1023,0
1023,1529,1
1023,87,0.66565103371351197
1023,1711,0.40446449247081195
1023,436,0.27636686508331149
1023,1444,0.2377346944163822
1023,177,0.22889948037094632
1023,1372,0.18954612837386628
1023,1058,0.16174584232591258
1023,709,0.16119499347927907
1023,645,0.15189518512126776
1023,1238,0.11858551122608095
1023,721,0.10822216700994683
1023,1088,0.10244983864549
1023,600,0.1001360797308638
1024,1024,0
1024,1093,1
1024,740,0.54908861949745336
1024,177,0.52402656470807341
1024,1248,0.33477835620220148
1024,1605,0.29860993803157715
1024,25,0.28294730021395043
1024,1141,0.18792667170516791
1024,917,0.17531649857837869
1024,922,0.12838663329743283
1024,538,0.092586912799812612
1024,208,0.090888873991469471
1024,1381,0.088895248053591169
1024,1292,0.08138023599632771
1024,849,0.072051828577083185
1025,1025,0
1025,743,1
1025,815,0.40502803757544492
1025,66,0.3854371627254769
1025,1267,0.26020347323984033
1025,1046,0.26008857304052019
1025,324,0.19698684396689028
1025,761,0.19332321291960303
1025,363,0.19194364272740547
1025,271,0.19014041895638789
1025,960,0.18266704242632789
1025,57,0.17067558549855333
1025,1990,0.16497776826582386
1025,1279,0.15435925887323784
1025,1948,0.15105906889973658
1026,1026,0
1026,564,1
1026,1806,0.68504455475240666
1026,422,0.5353110081289536
1026,1407,0.31465143237450849
1026,1383,0.2609063334803135
1026,352,0.17708150899557648
1026,1920,0.1513638341363846
1026,598,0.1440874548025714
1026,408,0.11592193872394907
1026,820,0.11042128139777158
1026,1223,0.10784973365153305
1026,1354,0.1059795533535758
1026,1847,0.099478264534482538
1026,1537,0.098789594259258123
1027,1027,0
1027,1645,1
1027,1255,0.47549600802464936
1027,1909,0.46877435452099164
1027,387,0.42638031800301096
1027,981,0.2077536831330434
1027,1197,0.20501526054971778
1027,303,0.18406153550074544
1027,613,0.1617133374917829
1027,708,0.13869419966960206
1027,1503,0.13718774215233973
1027,1102,0.12862120377979139
1027,1447,0.12513999252085936
1027,1126,0.1249424338631098
1027,792,0.1231087602226275
1028,1028,0
1028,29,1
1028,234,0.55486124416568905
1028,967,0.29298831459608538
1028,742,0.259253580886391
1028,641,0.24272919190133371
1028,919,0.24019985283887174
1028,381,0.19184401251668201
1028,1608,0.19034804381276288
1028,60,0.17620059534921786
1028,1900,0.17124364286845209
1028,748,0.17077624770969252
1028,1493,0.15597260727107606
1028,1123,0.13214759659670244
1028,740,0.12831655303430842
1029,1029,0
1029,912,1
1029,1229,0.76990587593603421
1029,73,0.73261487959558957
1029,362,0.54149466418131398
1029,1009,0.45251261763589457
1029,727,0.11056939136258455
1029,1826,0.07617896121003781
1029,1049,0.05824544019875004
1029,1083,0.051870387305835104
1029,1709,0.038063376826820178
1029,1950,0.032556906685585474
1029,713,0.015722989896485292
1029,869,0.014478361808650315
1029,566,0.012683010883800942
1030,1030,0
1030,1153,1
1030,1295,0.64665378919295124
1030,1333,0.51613956726533028
1030,535,0.31963500750007678
1030,1636,0.21589709648876856
1030,1268,0.19871635449878053
1030,1253,0.18196501536005905
1030,1912,0.17813655679429399
1030,865,0.14195312888003683
1030,274,0.11207455952610901
1030,1984,0.10343775578863193
1030,242,0.10342073833265175
1030,1283,0.09941068398286744
1030,1715,0.089459969061816649
1031,1031,0
1031,370,1
1031,893,0.85177971912199679
1031,1754,0.81524430263471681
1031,1100,0.54939136958632551
1031,365,0.13914166921456303
1031,1352,0.11559314371932365
1031,486,0.08767420459244267
1031,769,0.067012152704713959
1031,602,0.060891411167823539
1031,463,0.054445456165029105
1031,1304,0.047766427490787411
1031,1890,0.04248195707594949
1031,489,0.039178663869521076
1031,1804,0.036298047872922602
1032,1032,0
1032,980,1
1032,97,0.82287340643764195
1032,1758,0.30980317006104241
1032,347,0.29141953672656795
1032,1929,0.28190436886713516
1032,1622,0.22346967522535793
1032,869,0.2060471589818475
1032,1009,0.14337331608212775
1032,515,0.13992160561361358
1032,1156,0.1288997794436062
1032,1347,0.11590790193831227
1032,151,0.10570927303901094
1032,814,0.073660852744021593
1032,1458,0.063895790224836643
1033,1033,0
1033,200,1
1033,1559,0.59159023865867089
1033,58,0.55430796218259193
1033,639,0.44358118269595709
1033,1182,0.19657526956695331
1033,753,0.16994064205439105
1033,178,0.16579678864785696
1033,762,0.14397628682637087
1033,1212,0.14342983614844348
1033,1431,0.1192592762443748
1033,1449,0.098709898539411978
1033,51,0.097198918737998741
1033,1821,0.093465465155864291
1033,1349,0.089051888195955345
1034,1034,0
1034,689,1
1034,1250,0.46233477219045083
1034,1256,0.41856157998888227
1034,124,0.36083011205823012
1034,1974,0.27924868755687737
1034,1681,0.25894859452968827
1034,455,0.23333580438795429
1034,1284,0.16756883350983376
1034,1967,0.14415817441342665
1034,1690,0.13763398747727695
1034,1116,0.1316385916613374
1034,90,0.10706365858307761
1034,1665,0.10462008824574472
1034,523,0.10094587780732603
1035,1035,0
1035,997,1
1035,1944,0.87687632542497707
1035,524,0.49518514494377103
1035,1822,0.28658758776687421
1035,741,0.23460160190401699
1035,1275,0.14135241905988272
1035,1628,0.13132989014876367
1035,1181,0.12906888227633376
1035,1894,0.11638525888151983
1035,931,0.10593849290759726
1035,1983,0.10554611960001685
1035,953,0.10381065235818344
1035,273,0.098877651530361349
1035,276,0.081336800543431703
1036,1036,0
1036,1272,1
1036,1380,0.76410315489577363
1036,1539,0.61363138030540032
1036,1617,0.25344478733411224
1036,973,0.1832507769363686
1036,1699,0.16961191822506833
1036,1649,0.13367875878713262
1036,135,0.12229746861711457
1036,1480,0.11892723007894014
1036,15,0.11601836602135998
1036,1876,0.11313085629729447
1036,1505,0.10975170590981068
1036,1322,0.10914783436662297
1036,1390,0.099899498087470368
1037,1037,0
1037,1970,1
1037,742,0.92792580101639988
1037,1007,0.59274712274736308
1037,762,0.27997895132790113
1037,1264,0.23912759017553314
1037,25,0.20849305363454224
1037,753,0.12832030801040623
1037,849,0.1138631572093286
1037,510,0.089194935321773069
1037,1172,0.085726069205010635
1037,1927,0.0755614252042551
1037,1349,0.071886750062143845
1037,1140,0.053178909106132689
1037,967,0.040891410101999454
1038,1038,0
1038,71,1
1038,893,0.33973220863599218
1038,1754,0.2915719013557963
1038,1386,0.24870717568379669
1038,1089,0.24768614429084157
1038,1105,0.23926707579005521
1038,1218,0.21507506975486856
1038,1804,0.21265920065523358
1038,1997,0.21056141038796286
1038,1609,0.19895337587054063
1038,769,0.19514299867705073
1038,1667,0.18630215471283298
1038,712,0.16988300353255259
1038,370,0.15135877062764758
1039,1039,0
1039,968,1
1039,1013,0.58099387667625246
1039,481,0.32638236935082132
1039,580,0.31687095059557419
1039,213,0.28867920201531488
1039,1784,0.19044431933702227
1039,1907,0.18285119387323676
1039,1343,0.17559322606907748
1039,934,0.15749740735783263
1039,1204,0.15566226908136252
1039,163,0.14113033831596322
1039,928,0.13093410364620781
1039,868,0.13049313294155757
1039,591,0.12935682283112512
1040,1040,0
1040,1160,1
1040,1951,0.98119871250749535
1040,394,0.65939114444926905
1040,745,0.28012385774166976
1040,227,0.27917188254576225
1040,117,0.27744078778238085
1040,252,0.15235988763443656
1040,1916,0.095178914633739273
1040,247,0.038647918155250843
1040,226,0.034200780688643469
1040,418,0.031575761412153465
1040,812,0.027166392645199756
1040,3,0.025740849106885871
1040,1491,0.024696231693602324
1041,1041,0
1041,409,1
1041,1862,0.41871328691688736
1041,1495,0.25483821730932171
1041,400,0.25328700589458053
1041,1305,0.24761337452436455
1041,1668,0.22267926000070903
1041,171,0.20715261291811785
1041,345,0.19447913166861228
1041,1309,0.19416425461051376
1041,199,0.19259316796212775
1041,1620,0.1857540334630694
1041,216,0.18288326953374498
1041,1251,0.17773057614630927
1041,66,0.17500462959860325
1042,1042,0
1042,1309,1
1042,1812,0.56661838482172178
1042,594,0.41557657007445037
1042,398,0.32808236873792329
1042,1899,0.28832671324884507
1042,1395,0.22486973364362833
1042,338,0.18826611308141394
1042,1387,0.16251322732241388
1042,673,0.15308347014407109
1042,95,0.15115945640492895
1042,68,0.12496380705660473
1042,757,0.11898839314350651
1042,705,0.10055325384374486
1042,1406,0.083897624946646696
1043,1043,0
1043,918,1
1043,1794,0.4152693277455109
1043,1218,0.3805963239859444
1043,1667,0.26029835083212616
1043,892,0.25780304339828058
1043,1307,0.23500622557735612
1043,393,0.18715919256657418
1043,94,0.17734125581840143
1043,402,0.17570072313038082
1043,706,0.17324601016453661
1043,1352,0.17065615455451233
1043,1249,0.16845652694363489
1043,1323,0.16093675528397619
1043,910,0.14442189244786224
1044,1044,0
1044,318,1
1044,505,0.79028685666264586
1044,1802,0.32680652800094284
1044,350,0.26907822204798704
1044,52,0.2421526285154319
1044,1371,0.21879303406230116
1044,1555,0.17746106888381874
1044,1720,0.16084143136274551
1044,1787,0.15668083827135604
1044,903,0.15228435452854205
1044,1584,0.14481147832167163
1044,1655,0.10668082366968146
1044,1851,0.090806012503386907
1044,179,0.070217147050316911
1045,1045,0
1045,674,1
1045,893,0.7260171758871099
1045,463,0.52801360665715336
1045,1754,0.25238896445058889
1045,1619,0.25125903685351764
1045,146,0.21347347521502191
1045,1150,0.20556662625361971
1045,1549,0.12100113823743307
1045,1277,0.11298458345394505
1045,1031,0.1072755567983448
1045,1352,0.10691484672250824
1045,1386,0.095443194197646422
1045,1339,0.094542199131779123
1045,237,0.092004622569134553
1046,1046,0
1046,171,1
1046,1657,0.50109080467054101
1046,199,0.3567721618889047
1046,815,0.32646761558819842
1046,57,0.32001969638763572
1046,494,0.30727724121152794
1046,1025,0.27267526200840514
1046,271,0.19885416781446033
1046,960,0.16711983177240153
1046,1267,0.10635067187629094
1046,1585,0.10538893602572587
1046,1041,0.086415316463679559
1046,1398,0.083500931139688567
1046,1544,0.074961184227750971
1047,1047,0
1047,1097,1
1047,1906,0.48796757687653552
1047,529,0.45287915293604314
1047,1187,0.38979524405020044
1047,1336,0.28593332045758496
1047,1602,0.26685077533046009
1047,1762,0.25024358600414054
1047,766,0.14352963235114949
1047,828,0.1304125748410967
1047,1735,0.1294028694102462
1047,935,0.11495150537487055
1047,1484,0.087246103079935633
1047,278,0.084682904661378372
1047,1124,0.082997864376150629
1048,1048,0
1048,1368,1
1048,553,0.93096470117931562
1048,594,0.25169702293718721
1048,464,0.23037043682187361
1048,1357,0.20753926229219491
1048,983,0.19260973316580857
1048,955,0.18355763426565788
1048,1899,0.1774807646794711
1048,1483,0.15387961253676549
1048,41,0.12793997950478925
1048,944,0.11774481986001754
1048,1176,0.1170679079218219
1048,520,0.11183723119126614
1048,1624,0.10419720571627779
1049,1049,0
1049,1709,1
1049,404,0.53757693502764081
1049,1542,0.31596399610325482
1049,1192,0.29586827467578014
1049,1612,0.2444896288984115
1049,1027,0.21468195933887041
1049,912,0.19651638459209972
1049,1229,0.1748542051505835
1049,1005,0.16749702463098376
1049,73,0.16580096661981794
1049,1826,0.15769745216561079
1049,77,0.15460389682852266
1049,613,0.15409176474282507
1049,1503,0.12724274113363215
1050,1050,0
1050,397,1
1050,487,0.98440469876880754
1050,1659,0.54656914651370281
1050,274,0.22166306485670934
1050,1194,0.18023518155437018
1050,911,0.16549264090141558
1050,1273,0.16308441925639119
1050,689,0.13292274864720957
1050,1883,0.12797293901070095
1050,615,0.096661947086234046
1050,779,0.089317474892569693
1050,212,0.084486005853541976
1050,1767,0.070827639794893232
1050,242,0.043249128016684957
1051,1051,0
1051,364,1
1051,1649,0.54778684129602739
1051,417,0.50806555429752409
1051,588,0.25583316782813403
1051,1902,0.2199268850608285
1051,1791,0.20644368893509443
1051,1488,0.19794822197517822
1051,729,0.16381478805065219
1051,1921,0.14806152448092266
1051,582,0.14227615263029475
1051,335,0.14219136130604418
1051,544,0.13208138634213423
1051,1272,0.12413079028813723
1051,507,0.11833916937131793
1052,1052,0
1052,201,1
1052,1574,0.29583547888978645
1052,226,0.27376101769991917
1052,1522,0.27028298523721594
1052,198,0.26371374944082843
1052,1010,0.247115274450768
1052,1458,0.23050680801605236
1052,135,0.21129876958176622
1052,15,0.20372199667106422
1052,1505,0.19509372454074844
1052,1837,0.19314880052094982
1052,1789,0.182877069900751
1052,1154,0.17251999994790321
1052,151,0.16700957789706083
1053,1053,0
1053,1679,1
1053,1661,0.37191436259301686
1053,609,0.30486153364946478
1053,372,0.26990748700306988
1053,1762,0.24895030102813193
1053,1397,0.22569967220540624
1053,1777,0.21585197129034767
1053,1831,0.21108505153227269
1053,1165,0.20003613266078402
1053,114,0.1916756545783346
1053,679,0.18336577296583229
1053,801,0.1641320151150078
1053,90,0.15981421438037
1053,278,0.15960515611940293
1054,1054,0
1054,1656,1
1054,28,0.56516783681378291
1054,7,0.37802838810060047
1054,467,0.36225823370965726
1054,1998,0.23511560609919849
1054,448,0.22423340989074578
1054,290,0.21623776011320955
1054,1915,0.20781048904908023
1054,136,0.15982439172007812
1054,1167,0.14676157720590302
1054,770,0.13282906215231852
1054,1708,0.12477341414221198
1054,213,0.080032121379251392
1054,405,0.073822620781190021
1055,1055,0
1055,1355,1
1055,23,0.5852516089181784
1055,1971,0.39935305349591899
1055,367,0.37124944359298928
1055,728,0.26704026026037014
1055,210,0.22832993640466528
1055,734,0.22235527913384698
1055,102,0.14517826004262321
1055,472,0.14079336176691101
1055,556,0.12990639204225685
1055,1543,0.12632013063035841
1055,1838,0.098768089358814828
1055,1913,0.098255016843859372
1055,877,0.094088420586294325
1056,1056,0
1056,351,1
1056,469,0.6436473046763016
1056,1735,0.6208526305181592
1056,1651,0.2436532068029684
1056,649,0.22397778968202789
1056,1671,0.21951742696692036
1056,1855,0.14650868658926544
1056,62,0.12502112230491269
1056,684,0.12344481864754729
1056,183,0.12181781234740474
1056,736,0.11147756571784023
1056,1397,0.10969083651567471
1056,1999,0.10944404647443598
1056,465,0.10783935417266177
1057,1057,0
1057,501,1
1057,585,0.59649919356013525
1057,373,0.43114656261263651
1057,92,0.35090922868487123
1057,988,0.29231334653982938
1057,801,0.21570262005418411
1057,1452,0.17742076355203079
1057,804,0.15611497578887082
1057,1268,0.14449155939156952
1057,1315,0.12519106867877225
1057,1457,0.11697410630995239
1057,679,0.10563851406357923
1057,491,0.1024284991485853
1057,1831,0.092052075222032945
1058,1058,0
1058,327,1
1058,1246,0.32300453523929618
1058,1023,0.31383335408742874
1058,296,0.2793043907913762
1058,1534,0.2755838214279353
1058,1947,0.25941830902146784
1058,1711,0.21424683364429117
1058,444,0.20918438572137132
1058,1338,0.19221871773454174
1058,878,0.17773797930272628
1058,1442,0.17084818572475871
1058,1529,0.16805291800099095
1058,442,0.16224339452475189
1058,1136,0.16121557939846298
1059,1059,0
1059,1747,1
1059,36,0.38290933174375447
1059,1363,0.34607213433480755
1059,33,0.33915040451723827
1059,769,0.30931717115028784
1059,1190,0.27224656916146095
1059,1886,0.25704481760594927
1059,862,0.19931081870848913
1059,1478,0.18331015424140698
1059,1642,0.16604967990488514
1059,1381,0.12513377601083653
1059,918,0.11319759158448182
1059,144,0.11239509665037634
1059,1579,0.10074486055397265
1060,1060,0
1060,1908,1
1060,1585,0.4301048512089507
1060,1727,0.29470676701732845
1060,1884,0.26121276243003932
1060,1594,0.24964787414413492
1060,197,0.22502010684649501
1060,914,0.20778979134983241
1060,1041,0.2032567827854567
1060,759,0.20052028867254687
1060,1025,0.18055531803785527
1060,698,0.17460279318479363
1060,1495,0.17360793746959449
1060,1657,0.15992340188064269
1060,112,0.14594032531940027
1061,1061,0
1061,1145,1
1061,1732,0.47233613520936707
1061,1571,0.25708560156881671
1061,152,0.24804841316006626
1061,1477,0.23936773347007059
1061,1287,0.23619830374780101
1061,1907,0.22567142668218468
1061,799,0.20435909466760124
1061,868,0.1982257344990542
1061,928,0.17788538125746262
1061,300,0.17337328228383356
1061,1343,0.16212436110469597
1061,210,0.15621299123730292
1061,1144,0.15600037939674136
1062,1062,0
1062,1798,1
1062,936,0.93347347575300854
1062,484,0.75314924192714372
1062,257,0.18858267154473407
1062,1682,0.18814100661790595
1062,306,0.13692248729428727
1062,93,0.1272209948563193
1062,1448,0.11927957804197421
1062,509,0.10721116046179742
1062,1782,0.09274274140469542
1062,715,0.085022619165486008
1062,605,0.061287668107935483
1062,1792,0.060748793999967798
1062,196,0.053111524914918079
1063,1063,0
1063,1497,1
1063,1124,0.89755111591240988
1063,652,0.5087158745138185
1063,47,0.27638453856880885
1063,1626,0.23860544428125829
1063,1749,0.23721600860805539
1063,1310,0.21193301485047633
1063,1135,0.12914150260369703
1063,1187,0.11775771361418751
1063,1545,0.11757964145529418
1063,636,0.072359844883484278
1063,1,0.042630075747344211
1063,1502,0.036798287187752049
1063,1462,0.020212933787937884
1064,1064,0
1064,1504,1
1064,1177,0.62856363384071501
1064,1174,0.49786339701945403
1064,1629,0.35315810189956609
1064,1932,0.26860452852726258
1064,701,0.1794411154877838
1064,1199,0.16149230209844995
1064,1086,0.15128325790204611
1064,27,0.14685533481256724
1064,745,0.13636557600539467
1064,1103,0.11538304020979068
1064,916,0.091513020264237008
1064,1430,0.088586686063176531
1064,1412,0.087787354883080995
1065,1065,0
1065,30,1
1065,727,0.43108582798140421
1065,746,0.37047292182901398
1065,1750,0.29746896205650164
1065,1178,0.24439677828995801
1065,328,0.22952317775570086
1065,1347,0.21599763290036561
1065,453,0.21139782751040978
1065,1942,0.20416541874508132
1065,582,0.15837681401102766
1065,711,0.15088105717649983
1065,646,0.14368560911119541
1065,1689,0.1282867310974917
1065,1004,0.12115582983805007
1066,1066,0
1066,1644,1
1066,1632,0.53747229277293262
1066,504,0.44456422196721068
1066,754,0.28762485921337461
1066,1685,0.2838717441201512
1066,1366,0.23696802669357672
1066,520,0.21325790500895422
1066,822,0.19362217989250749
1066,1882,0.17488015472838395
1066,400,0.1276489340987122
1066,1305,0.122217614802446
1066,163,0.10832492918473496
1066,1566,0.09216793103387301
1066,158,0.084276351458032445
1067,1067,0
1067,1502,1
1067,1260,0.78694611273096882
1067,1556,0.60495625500215811
1067,624,0.42370662117164626
1067,681,0.30894356554658453
1067,861,0.16850488086637663
1067,546,0.14937205461177741
1067,1873,0.10585915117834749
1067,1191,0.085146809465389273
1067,1767,0.084506195391457511
1067,459,0.082813113359681473
1067,585,0.042287626274454981
1067,1022,0.036493809060294764
1067,1135,0.027345986236870675
1068,1068,0
1068,1918,1
1068,1280,0.64705896496201987
1068,1502,0.46356661833338336
1068,1556,0.44069933328629868
1068,1067,0.30839209294434367
1068,666,0.28931250167773248
1068,1807,0.16050355099874386
1068,459,0.14341560999160893
1068,1696,0.08723095333623164
1068,1553,0.077325287787088609
1068,1626,0.07607458723132296
1068,779,0.075735939313822456
1068,1022,0.075106212801880623
1068,105,0.06246880635977229
1069,1069,0
1069,788,1
1069,861,0.94332441683357859
1069,1568,0.5252102361333687
1069,243,0.32074655285638748
1069,1457,0.25042962534977331
1069,982,0.19469283354167552
1069,1080,0.15080521444213388
1069,1268,0.11696972077616705
1069,585,0.093684637794178086
1069,1715,0.085681827395597376
1069,1260,0.066561809889773657
1069,568,0.058256257688505786
1069,681,0.057179271938554141
1069,686,0.043349976758402339
1070,1070,0
1070,199,1
1070,171,0.81865053722602565
1070,537,0.39743486946668471
1070,1953,0.30781388273740617
1070,1703,0.24136085403131335
1070,1871,0.2183975297994285
1070,112,0.16442278512150402
1070,1422,0.15979665448104047
1070,99,0.11503563192287516
1070,1309,0.11122775740047583
1070,494,0.10394406668665762
1070,1041,0.098326924311664163
1070,520,0.086514747031089231
1070,518,0.083961393804748596
1071,1071,0
1071,1668,1
1071,1775,0.44292587609192346
1071,66,0.4363373978232184
1071,1657,0.38395574031925361
1071,1990,0.26880377653171744
1071,1477,0.24535355532995232
1071,1398,0.22551571980067867
1071,1041,0.1487386644969072
1071,408,0.1409391117284626
1071,564,0.13304895484115767
1071,1780,0.12880471231035212
1071,1401,0.1246189078938761
1071,352,0.11851329507627741
1071,1495,0.10933126329270858
1072,1072,0
1072,1862,1
1072,400,0.70814526096916985
1072,759,0.39865516384346122
1072,1685,0.3505519555321826
1072,1392,0.22794718238225145
1072,1305,0.20830649793799519
1072,1965,0.16269772499667109
1072,754,0.14978570800520122
1072,216,0.14341027195095241
1072,914,0.13338454315923473
1072,675,0.12371427260161501
1072,1316,0.10882771846950198
1072,20,0.10642124686862625
1072,592,0.085046790469191613
1073,1073,0
1073,1567,1
1073,692,0.88340155297894218
1073,1335,0.52976653683190378
1073,514,0.348646744753144
1073,1003,0.28166670220886214
1073,333,0.19540846228018494
1073,958,0.14770289646554896
1073,794,0.11350379801749891
1073,1653,0.099322415097078023
1073,323,0.085527485996327743
1073,1115,0.066831201456124409
1073,606,0.056248925289074714
1073,1516,0.049566736258611667
1073,53,0.049298278218885119
1074,1074,0
1074,1628,1
1074,829,0.4769829375783719
1074,1822,0.3127398843605087
1074,1922,0.25097482247662528
1074,267,0.21534305836884787
1074,1894,0.20788908505807316
1074,1671,0.20562500607623219
1074,741,0.19642879519470535
1074,1557,0.19439842118595715
1074,1317,0.18901949853644054
1074,931,0.17508493477397366
1074,351,0.16256511437411067
1074,1944,0.16086508876236527
1074,1092,0.15897978399826626
1075,1075,0
1075,1904,1
1075,1406,0.43959259204447282
1075,899,0.35422787620432628
1075,1987,0.32118479833409669
1075,287,0.30129645481210215
1075,1312,0.2820820661405215
1075,728,0.26019426906495507
1075,1428,0.19507505168180606
1075,1961,0.17660803626908389
1075,432,0.14630743210516156
1075,378,0.14040083243281556
1075,74,0.11593501658281316
1075,1101,0.092492642329155259
1075,57,0.081490315388691684
1076,1076,0
1076,1194,1
1076,22,0.93823766943687636
1076,690,0.37897219495676454
1076,1949,0.24675726633332698
1076,245,0.23219065279214129
1076,274,0.18345081684657763
1076,1759,0.17656351699041903
1076,78,0.15262121544905843
1076,195,0.13536859842163007
1076,1186,0.10012002878616232
1076,835,0.09768522839193898
1076,21,0.097476661359674796
1076,921,0.086785828655017286
1076,1012,0.080653796639752667
1077,1077,0
1077,1318,1
1077,1330,0.68636455900609072
1077,411,0.34890243504898294
1077,255,0.28398606351444727
1077,1006,0.25761038343427323
1077,723,0.22562189457985776
1077,865,0.20931725219210273
1077,497,0.19760553565834393
1077,215,0.15396276139268369
1077,568,0.14471394402333396
1077,264,0.11204100436485123
1077,827,0.099076050210473485
1077,499,0.09443582392123856
1077,1720,0.093248603591187501
1078,1078,0
1078,1536,1
1078,1776,0.65079230589490289
1078,924,0.32393955975715782
1078,1527,0.31965652821180568
1078,462,0.29578692432067466
1078,1934,0.20347039823303628
1078,1444,0.18309714827244106
1078,1841,0.15979166001997638
1078,1859,0.13754135038222917
1078,1141,0.13683393201301142
1078,297,0.13607304361904285
1078,1506,0.12237995620042963
1078,218,0.12106947410741814
1078,1663,0.11646217489751869
1079,1079,0
1079,1391,1
1079,860,0.62326252160497886
1079,333,0.3088901612993678
1079,692,0.25133363140935439
1079,141,0.23250653679524641
1079,1729,0.18755245130988882
1079,623,0.18215846820556694
1079,1384,0.17973049880724129
1079,1115,0.17329933301957881
1079,1411,0.16905963385458234
1079,995,0.16508960067692086
1079,480,0.15102744676320579
1079,390,0.14507417138023918
1079,1258,0.13790555296411094
1080,1080,0
1080,1219,1
1080,1122,0.51605013496612551
1080,1681,0.43290189501357951
1080,788,0.41980776331039282
1080,1069,0.30158842256444479
1080,546,0.19947194049544842
1080,1568,0.15999574110364712
1080,848,0.14244240948620099
1080,1660,0.14037677991091485
1080,1651,0.12998441745111827
1080,62,0.12763189005219663
1080,626,0.12522121004804102
1080,1110,0.12059511808484834
1080,972,0.090814427426794131
1081,1081,0
1081,1696,1
1081,666,0.37730230415252741
1081,359,0.37265541618036518
1081,1807,0.34047649587202677
1081,1715,0.32490020400339675
1081,590,0.28167787356404528
1081,194,0.1921502427776986
1081,1022,0.18466172742826981
1081,1918,0.16568226432095121
1081,1774,0.15501993451329138
1081,122,0.14793614539661915
1081,401,0.13724531811564358
1081,92,0.11485909208163053
1081,1356,0.11232120689781606
1082,1082,0
1082,923,1
1082,668,0.48510777693163504
1082,1356,0.28419432759647112
1082,1413,0.27072596725051717
1082,1397,0.25104386378594945
1082,124,0.2276558111246012
1082,1012,0.218830463611971
1082,1661,0.18934574877551175
1082,1022,0.18027476466002082
1082,1256,0.16766802824514715
1082,183,0.1649582426549101
1082,1986,0.15972337092576241
1082,359,0.15640499743367481
1082,921,0.15095535383050204
1083,1083,0
1083,1009,1
1083,362,0.53552430182606814
1083,1199,0.44711255977436865
1083,252,0.40703576662324825
1083,713,0.3399513185855087
1083,1178,0.25189351812949912
1083,1475,0.1779241848627757
1083,1950,0.16020204341316832
1083,532,0.13203228455415683
1083,1709,0.11817926540409796
1083,1689,0.11328398736726683
1083,73,0.10271731141188897
1083,1103,0.081476628361686343
1083,1437,0.039559211488458999
1084,1084,0
1084,1850,1
1084,1088,0.47074715532580846
1084,878,0.40977342025583241
1084,416,0.39766655661231581
1084,794,0.32850536720314477
1084,334,0.24952533270408067
1084,296,0.18201447486886466
1084,917,0.16432704615368127
1084,764,0.14380623235020987
1084,1292,0.12200967284283427
1084,146,0.11650945325077637
1084,429,0.11557983035969982
1084,1338,0.10768889900363952
1084,1304,0.098731955051902312
1085,1085,0
1085,1333,1
1085,843,0.68909662427341767
1085,194,0.42775051722271246
1085,375,0.23800678066411893
1085,18,0.21350318594407125
1085,1131,0.19393482786652205
1085,1030,0.1776161476928047
1085,49,0.17175485565930546
1085,451,0.1656069216963254
1085,1253,0.1454229572244996
1085,1700,0.13023349041667295
1085,659,0.12849741757333516
1085,535,0.11366800797432342
1085,752,0.11180152695751537
1086,1086,0
1086,1504,1
1086,879,0.5208887679895059
1086,196,0.42857753319257069
1086,756,0.38247575985349108
1086,963,0.35339277356318421
1086,1227,0.26290559209908237
1086,662,0.23543958949062374
1086,990,0.13482221750372109
1086,306,0.13248027564811277
1086,1686,0.10637023526915389
1086,154,0.089068017948507675
1086,1964,0.08764903374183701
1086,1177,0.086536849762236148
1086,847,0.086285369606159984
1087,1087,0
1087,676,1
1087,181,0.64208826654224216
1087,0,0.38210485749867773
1087,1798,0.32667427917598935
1087,1375,0.31504977808971318
1087,1154,0.27930519894278849
1087,1837,0.18091209752057927
1087,1929,0.12821643733807142
1087,1562,0.11495170481319879
1087,138,0.109539699318166
1087,1633,0.10916558124402888
1087,708,0.10895974958067371
1087,1236,0.10621680446497203
1087,996,0.10370440127664281
1088,1088,0
1088,917,1
1088,721,0.46504368716801842
1088,1529,0.39904331875213939
1088,1292,0.38430686444957152
1088,177,0.3152621966809514
1088,1444,0.24900893442886804
1088,726,0.23787878349521471
1088,631,0.17043441541106602
1088,878,0.14092794240136364
1088,1084,0.12236804013987417
1088,463,0.11081899165315358
1088,416,0.10827582556631916
1088,1093,0.10429570422504605
1088,927,0.099224889193963786
1089,1089,0
1089,1963,1
1089,1112,0.91023963958638687
1089,1619,0.26729486086425069
1089,1140,0.24668346800182872
1089,161,0.22672735490241602
1089,918,0.19657479519332316
1089,910,0.18831977785550091
1089,1386,0.17390927046439525
1089,1093,0.15335293378324799
1089,463,0.1274605238872131
1089,402,0.12417528720357464
1089,862,0.10789891877087711
1089,726,0.0979872021849372
1089,1579,0.086273564459035043
1090,1090,0
1090,1432,1
1090,232,0.5169617322311254
1090,684,0.34729912049948686
1090,1006,0.27101997011893492
1090,56,0.23120825485521332
1090,499,0.20745499764296119
1090,716,0.19596359882996678
1090,723,0.19427035889468985
1090,1720,0.18638925300812967
1090,31,0.17678752692902319
1090,1252,0.15094408262265105
1090,255,0.14589374810767688
1090,215,0.14206509443628693
1090,1928,0.14063382893952328
1091,1091,0
1091,1408,1
1091,1530,0.73284924256530415
1091,1259,0.40396122651889249
1091,767,0.38213132830837998
1091,1527,0.21780889611559889
1091,1516,0.19433330445716782
1091,1511,0.18364057189209296
1091,1439,0.15687774015755515
1091,1695,0.13382912780031442
1091,531,0.12220699364353424
1091,917,0.10398988796221761
1091,776,0.10311904365031573
1091,462,0.090094035746375326
1091,1663,0.082048772368678718
1092,1092,0
1092,1681,1
1092,1767,0.72696805030975575
1092,829,0.72025198815843461
1092,1557,0.36008171224560415
1092,2,0.24161969296860653
1092,1651,0.15322805827095654
1092,1568,0.10914368179562836
1092,242,0.10215370055676853
1092,546,0.10175826532919215
1092,572,0.094353429213239304
1092,419,0.093138187105229309
1092,243,0.083830393221553348
1092,62,0.063082811254851517
1092,1283,0.057284238216995742
1093,1093,0
1093,740,1
1093,208,0.6507157619867997
1093,1024,0.45417857120866012
1093,631,0.40494857489081543
1093,177,0.23286430792041468
1093,25,0.23157987871811431
1093,1963,0.21592589812978352
1093,1140,0.15693114576024117
1093,1381,0.14831189930447411
1093,1930,0.10240531478751132
1093,917,0.07959973569500095
1093,849,0.078884016080813926
1093,1292,0.078807671107928468
1093,918,0.071736623090703361
1094,1094,0
1094,1967,1
1094,1669,0.72179940171727663
1094,856,0.61477496881509885
1094,1276,0.60070841412078801
1094,294,0.32586324077108447
1094,1548,0.23296127540276165
1094,455,0.14762496365930247
1094,654,0.071695534725562823
1094,550,0.058260164421395297
1094,1396,0.046038544566522885
1094,1829,0.041442205629956701
1094,369,0.018987737160693446
1094,340,0.01436459361745312
1094,664,0.012369506381142398
1095,1095,0
1095,1260,1
1095,1502,0.89020671860048872
1095,683,0.36286703057439557
1095,1980,0.28072703758163386
1095,585,0.24476359733787306
1095,1418,0.20086054504113293
1095,1067,0.14811612215685174
1095,1457,0.14572360008161203
1095,618,0.12388105954802016
1095,670,0.12059189071871415
1095,1138,0.12029573589710695
1095,626,0.10953870080068835
1095,866,0.082684995001726769
1095,1124,0.076632429755113307
1096,1096,0
1096,1660,1
1096,523,0.56362286366484982
1096,525,0.42037614419828556
1096,1684,0.26178911743132682
1096,791,0.22694467629664491
1096,1219,0.20771596666667963
1096,1184,0.18556882475080058
1096,1107,0.18295994399238577
1096,341,0.16578489762344539
1096,1879,0.15966075815452935
1096,243,0.15334261831047116
1096,1651,0.14517158741621694
1096,649,0.11985590658286195
1096,1378,0.11409911638381828
1097,1097,0
1097,529,1
1097,1184,0.6653311190010881
1097,1047,0.4408523650188681
1097,1906,0.28977089912317627
1097,828,0.26041106590574864
1097,1602,0.19378760810785511
1097,92,0.18942912545766596
1097,766,0.15209526888135311
1097,966,0.1404085652642218
1097,1762,0.11797236401760745
1097,649,0.11644646424128891
1097,651,0.11638415178121998
1097,1484,0.11303865218069828
1097,1107,0.11095692180250213
1098,1098,0
1098,1422,1
1098,1769,0.90844475758257459
1098,557,0.76887907853240323
1098,1133,0.40907825235636497
1098,738,0.15679815077945236
1098,398,0.10734351262444675
1098,757,0.1059594048471016
1098,230,0.07144573906863437
1098,311,0.071373854765260397
1098,68,0.070028918267393672
1098,939,0.069060129327482636
1098,946,0.058949451419670201
1098,1070,0.056072896975074352
1098,1387,0.053457575611576019
1099,1099,0
1099,37,1
1099,322,0.76803778988699156
1099,1697,0.35550685897730394
1099,1924,0.22712572437696105
1099,244,0.21944443427759619
1099,1365,0.21606885569245132
1099,1849,0.1634919663085849
1099,95,0.15844699755221978
1099,868,0.15687042159755885
1099,1406,0.15034693601425961
1099,304,0.13678949035181318
1099,575,0.12832667067791095
1099,693,0.11877447436936274
1099,412,0.10766865858474334
1100,1100,0
1100,1890,1
1100,370,0.73016142705877496
1100,769,0.36419225707418468
1100,1476,0.28357065262403147
1100,402,0.20994442676820749
1100,486,0.20007061149252212
1100,1031,0.18882884022333921
1100,726,0.1574059243261367
1100,1292,0.1526545419413505
1100,1352,0.13064729569808167
1100,1114,0.1279417894426422
1100,157,0.12719741310061911
1100,918,0.11852434034464963
1100,878,0.115747232184802
1101,1101,0
1101,1243,1
1101,1799,0.91788488063067142
1101,1564,0.40627582378852412
1101,1459,0.31555906109587711
1101,165,0.29700964238482203
1101,755,0.29625843522443795
1101,517,0.12962011801266979
1101,589,0.12234684116428909
1101,1312,0.11873338029929403
1101,1547,0.094895297094313449
1101,808,0.077488306805112733
1101,1987,0.054234070070149985
1101,944,0.039794782821725168
1101,826,0.036782102568527139
1102,1102,0
1102,1211,1
1102,1203,0.65856164514809334
1102,1199,0.39473278990804128
1102,1027,0.36705160720542312
1102,963,0.32782667266085208
1102,889,0.28737716391616952
1102,1293,0.14136040724014001
1102,1645,0.13472114882198363
1102,1447,0.13199678636401024
1102,1103,0.11233193602049474
1102,1640,0.10074028603893742
1102,1126,0.093308986202266117
1102,1763,0.083842747599962755
1102,1597,0.073035973100934265
1103,1103,0
1103,1576,1
1103,1199,0.40021666980866627
1103,889,0.29743566780306174
1103,1005,0.27412161090568865
1103,1763,0.26922419056347352
1103,1102,0.2464431879941785
1103,963,0.20500995511058118
1103,981,0.20262099211660359
1103,70,0.19221871467089291
1103,1293,0.17790537354879057
1103,1475,0.17320096765719861
1103,1083,0.16382782341289653
1103,1916,0.15718438271595864
1103,867,0.14747872489641684
1104,1104,0
1104,1984,1
1104,535,0.88161294925561939
1104,1153,0.59392570690623958
1104,1805,0.43823121782660646
1104,865,0.18204546815926007
1104,1303,0.16049295010854306
1104,1030,0.11469343085145089
1104,1636,0.1128495850502821
1104,558,0.10300069484918441
1104,1295,0.085872958474908473
1104,155,0.081821435290012873
1104,1912,0.061996260596060705
1104,1851,0.047388314593861433
1104,497,0.042961216894436535
1105,1105,0
1105,685,1
1105,769,0.36880779433396604
1105,1579,0.30139137283257345
1105,427,0.29404235829315489
1105,1399,0.27273319978296817
1105,406,0.23493369933605529
1105,1756,0.22459808215200711
1105,1893,0.19142616444680105
1105,842,0.18824016413909891
1105,522,0.18038141869279326
1105,1175,0.17129582252327064
1105,918,0.17070870625659679
1105,1323,0.15596817704090493
1105,1112,0.15236052131724551
1106,1106,0
1106,162,1
1106,1753,0.91584782914900964
1106,371,0.41921205576413362
1106,1274,0.39588766978885231
1106,478,0.25281294606752652
1106,1935,0.12946311152178105
1106,1731,0.12288319162010228
1106,1183,0.12281543743920058
1106,1016,0.12055638373056557
1106,139,0.11012837569910694
1106,1350,0.094245890737020166
1106,1582,0.084273062734993909
1106,1885,0.080505060841352963
1106,1844,0.05826504746940158
1107,1107,0
1107,957,1
1107,341,0.71477206932788706
1107,1130,0.63990134110920471
1107,1721,0.34440998209635121
1107,1720,0.19639278051815412
1107,1735,0.18104548033175696
1107,1684,0.16159407637565468
1107,1581,0.14166326950537755
1107,62,0.11272512217829421
1107,1096,0.10091779806028665
1107,649,0.092243763046841842
1107,1651,0.089904578870068391
1107,503,0.076905806223365417
1107,1786,0.054413470025508281
1108,1108,0
1108,1782,1
1108,1722,0.72298263959628994
1108,879,0.34047211412689932
1108,458,0.30326868205413654
1108,1778,0.24833449012847061
1108,1345,0.21419126283272671
1108,906,0.1915671065184337
1108,1945,0.17280596047530142
1108,482,0.15239987748456899
1108,507,0.1166416243807132
1108,758,0.11630567666194577
1108,1686,0.11153764084705052
1108,5,0.10829360490325192
1108,658,0.10808628111214046
1109,1109,0
1109,533,1
1109,271,0.52893009954421455
1109,1706,0.46922617098265285
1109,998,0.39701695026766748
1109,1904,0.29896282874063396
1109,104,0.22285812821150264
1109,864,0.20635661156724278
1109,1221,0.16057501443666225
1109,74,0.13544858081409897
1109,1872,0.13078371907372985
1109,275,0.12653851391011592
1109,1961,0.10606718136434015
1109,57,0.068450768958478125
1109,728,0.055685244374480566
1110,1110,0
1110,626,1
1110,1080,0.28597159933166111
1110,1767,0.28452714762158421
1110,419,0.24839478880061119
1110,1681,0.2393815952814845
1110,546,0.23376973324393605
1110,1502,0.23039857813597162
1110,1883,0.21325808360345058
1110,972,0.20700349044855113
1110,1260,0.2063617690717833
1110,1092,0.20340936569531656
1110,848,0.19752978744649813
1110,1067,0.17957605279507363
1110,681,0.17731029748771654
1111,1111,0
1111,821,1
1111,1292,0.89619250897853719
1111,1404,0.61012219560524505
1111,1304,0.49663036022177676
1111,1804,0.37294111948134329
1111,370,0.10778845732021529
1111,825,0.10503031711928797
1111,476,0.099948661120269497
1111,1476,0.05174420148710953
1111,129,0.048390863572486738
1111,710,0.042722348148484822
1111,721,0.042666407655062494
1111,726,0.018085668721984312
1111,1100,0.014628736190248693
1112,1112,0
1112,161,1
1112,1963,0.4634043092959691
1112,1089,0.40374251204325756
1112,884,0.26526290925017787
1112,602,0.21284794287945297
1112,1323,0.21269114093018407
1112,769,0.19806137599210219
1112,463,0.17699016193042219
1112,1756,0.17456793337264401
1112,918,0.17363521630666121
1112,892,0.16288581125173943
1112,685,0.15744031057066687
1112,416,0.15579750443140974
1112,177,0.14956568435587875
1113,1113,0
1113,607,1
1113,1510,0.79067890100609062
1113,834,0.55014504002090003
1113,901,0.49851359236525572
1113,1718,0.20156124627627411
1113,1724,0.12858249234832284
1113,871,0.11051183376688525
1113,1625,0.099306834108102468
1113,1157,0.091025218725061405
1113,87,0.089277487153599649
1113,1588,0.088025106671328721
1113,1207,0.087210507002407969
1113,1031,0.086565281549500578
1113,1733,0.085484647617793674
1114,1114,0
1114,697,1
1114,296,0.43441352850679882
1114,1890,0.38711041226216192
1114,1439,0.3421192508355041
1114,1100,0.30412565221122545
1114,878,0.2895331064112327
1114,927,0.24461306448966197
1114,1527,0.19076920132680883
1114,726,0.18111470994831
1114,416,0.1557264452664314
1114,1947,0.11276499523140023
1114,1476,0.10701886990588633
1114,1292,0.084353365099479743
1114,1938,0.073233922551594929
1115,1115,0
1115,1249,1
1115,1391,0.58204307530463417
1115,852,0.54204975869674976
1115,390,0.36502613495445768
1115,333,0.26018536139787535
1115,1935,0.22489008183775719
1115,1411,0.20338654546733936
1115,1731,0.16234685902026505
1115,1258,0.15674778160532274
1115,692,0.10043073327636332
1115,1567,0.090236527403019934
1115,402,0.086179403446529787
1115,1274,0.07012699606260818
1115,445,0.063250293716325373
1116,1116,0
1116,903,1
1116,1389,0.73137294900442862
1116,1725,0.40454081932835423
1116,1855,0.3767963362151443
1116,1665,0.29040243676688049
1116,415,0.21790938652462702
1116,1690,0.21337060977414346
1116,340,0.131540781217763
1116,523,0.11918005850501909
1116,1184,0.10632856753883073
1116,1371,0.086509546441399937
1116,1681,0.084479394437378577
1116,1284,0.073227881622313196
1116,791,0.071236632282386386
1117,1117,0
1117,733,1
1117,1795,0.7997576210620535
1117,368,0.74741423434884668
1117,1532,0.633625459133069
1117,223,0.27727850718457553
1117,1253,0.19000507434270822
1117,620,0.095936170432163695
1117,1162,0.09060118965680844
1117,844,0.019693273388715852
1117,1845,0.018700152005414045
1117,1283,0.011699352795009499
1117,838,0.010014976303012757
1117,954,0.0086614362821969392
1117,411,0.0035012576078260848
1118,1118,0
1118,1270,1
1118,202,0.54938113831148838
1118,642,0.29586863953207804
1118,424,0.26856865694677912
1118,1016,0.26388726266607088
1118,678,0.23806901584743162
1118,765,0.23330342908550722
1118,925,0.21712658549520372
1118,514,0.17461700284200332
1118,1856,0.14470209679537013
1118,775,0.14366423877113027
1118,1753,0.14170718358133619
1118,1511,0.11885112457083592
1118,1663,0.11714468547600249
1119,1119,0
1119,996,1
1119,777,0.90017949115669105
1119,1490,0.51986359041312202
1119,715,0.36856526742239182
1119,1738,0.20478505169583247
1119,906,0.17354048917977236
1119,1798,0.16729247325090937
1119,625,0.10885619064794926
1119,1622,0.10158750746973273
1119,1782,0.078180382807042134
1119,797,0.077677455062082804
1119,1773,0.075745805046172218
1119,1929,0.071268742972467436
1119,1062,0.059357850396138875
1120,1120,0
1120,653,1
1120,88,0.47982935574419194
1120,1632,0.47911645239836265
1120,1224,0.38204462527103789
1120,1979,0.33578855403876229
1120,481,0.20252864363780768
1120,552,0.16505333270422759
1120,824,0.15004807823885305
1120,868,0.13162180326376252
1120,968,0.12165428067451495
1120,1121,0.11816684680008788
1120,1939,0.11404116801129831
1120,349,0.11367199434958795
1120,163,0.1133166401316163
1121,1121,0
1121,693,1
1121,1287,0.99348414548612674
1121,1231,0.80621607069276757
1121,575,0.7231704093428214
1121,799,0.19436430337279922
1121,757,0.12874512206619293
1121,1913,0.018594137545286243
1121,854,0.010399949412093807
1121,885,0.0093328802709432834
1121,1355,0.0076092032994403954
1121,1387,0.0046923236147371691
1121,1120,0.0042243230905341161
1121,64,0.0030725588239213478
1121,1988,0.0029768407019954836
1122,1122,0
1122,62,1
1122,1793,0.45355494866793389
1122,1725,0.32641631360302864
1122,1080,0.31027512287749148
1122,546,0.24891584602097286
1122,523,0.21576408526836788
1122,1219,0.20645300779971901
1122,1651,0.20563025100273966
1122,1829,0.17288490075223506
1122,2,0.16695861905513801
1122,1303,0.16525808536081643
1122,848,0.15032499319106926
1122,1268,0.14998798600611893
1122,1135,0.13447209060421686
1123,1123,0
1123,1265,1
1123,1608,0.68757736592070051
1123,1327,0.65197673537787471
1123,951,0.18696891943724395
1123,1007,0.18693950028500517
1123,836,0.17275992169287546
1123,1692,0.16604741630488551
1123,742,0.16379605086296226
1123,1328,0.12922661726174811
1123,784,0.12366475423053418
1123,643,0.11465977258535434
1123,1134,0.11023678761437741
1123,1841,0.10974807724892317
1123,748,0.10329166290031251
1124,1124,0
1124,1135,1
1124,47,0.40594591418381987
1124,683,0.3410381107934467
1124,1063,0.29461123131068423
1124,1906,0.23321186426562165
1124,1122,0.22837296193854426
1124,1187,0.22414121505555643
1124,1502,0.21647790688275331
1124,1191,0.19983717276898535
1124,98,0.18812945486080318
1124,1545,0.1624104077465548
1124,1067,0.1572778766028598
1124,684,0.13467510120403517
1124,1793,0.12076534965912604
1125,1125,0
1125,1584,1
1125,1378,0.64358258323979578
1125,1385,0.53889773299285026
1125,341,0.42789773471335163
1125,1184,0.23406672643381191
1125,791,0.20703567878834361
1125,145,0.17703309975525605
1125,1303,0.15896080392987008
1125,113,0.14351790532687028
1125,1684,0.094510411050715212
1125,568,0.080941196837771082
1125,1284,0.069256826751106684
1125,838,0.068973949914044375
1125,52,0.06221901222077339
1126,1126,0
1126,1027,1
1126,793,0.9677328565981046
1126,889,0.34039384045348686
1126,1211,0.28031870625996291
1126,303,0.21269195431517177
1126,1763,0.18939038875091233
1126,680,0.17705703915587476
1126,69,0.16533667575905658
1126,1102,0.13779457253191357
1126,404,0.10795852424825385
1126,391,0.089801843505541448
1126,1293,0.081641522587332385
1126,1897,0.079166340222831463
1126,1595,0.077613698857968302
1127,1127,0
1127,1600,1
1127,1858,0.8319041992678563
1127,133,0.59243790576551991
1127,1610,0.3161444814244983
1127,84,0.25692936445277459
1127,1976,0.1475007281603373
1127,1668,0.13821225674720555
1127,1148,0.13414903194148195
1127,1239,0.12023145573477476
1127,165,0.11318265612999999
1127,928,0.074971970432103546
1127,1752,0.07111529191367609
1127,1015,0.056933972731621721
1127,1847,0.053186541841412416
1128,1128,0
1128,677,1
1128,679,0.89871689099933771
1128,577,0.87842841974697417
1128,801,0.28668281465227774
1128,1805,0.14809751427153453
1128,276,0.13232335685921015
1128,804,0.11570939937491412
1128,865,0.093816717422988666
1128,1208,0.079780910738654953
1128,1275,0.069396458344370818
1128,1883,0.057300520821128562
1128,479,0.051139906303325364
1128,6,0.048510446086206416
1128,1057,0.046988135134114317
1129,1129,0
1129,110,1
1129,735,0.33498344157281507
1129,1801,0.29646138009704281
1129,599,0.24995465259437352
1129,1280,0.24863029037309609
1129,1147,0.23521809102103672
1129,1639,0.23209647590949734
1129,863,0.22865290394973919
1129,1074,0.21419968194181455
1129,123,0.19393524495855805
1129,1922,0.18565515493151719
1129,459,0.17976754997871763
1129,1460,0.16012126150685016
1129,1556,0.14721357397853255
1130,1130,0
1130,341,1
1130,1107,0.6355971835874562
1130,1546,0.6278484144662263
1130,183,0.30181851185778658
1130,62,0.22324449527082912
1130,1725,0.22174891992307005
1130,1651,0.18236934280403433
1130,1855,0.16292470049492963
1130,957,0.13702086156461515
1130,976,0.10952052453040506
1130,52,0.091431568312684466
1130,1735,0.085691927206954233
1130,1056,0.065319219204608842
1130,351,0.062352302437591905
1131,1131,0
1131,866,1
1131,289,0.8155699738745178
1131,451,0.62520858065709761
1131,18,0.35204894487785693
1131,633,0.25675873295873669
1131,380,0.15012482247035289
1131,411,0.14733546516408869
1131,568,0.12964156200026897
1131,1696,0.11068228689036871
1131,1138,0.072094009073668197
1131,1684,0.067679756023605556
1131,314,0.06513493830646605
1131,1604,0.05789355145214542
1131,1728,0.056712085469023149
1132,1132,0
1132,1895,1
1132,1417,0.50418469799002319
1132,807,0.47519809322509388
1132,1354,0.32603072636211178
1132,968,0.28166458228008745
1132,1477,0.21175659774089453
1132,1764,0.20341575259366412
1132,1907,0.16479325811630294
1132,1039,0.16301682826512293
1132,868,0.16124627063670416
1132,1800,0.12343240950321807
1132,824,0.11190816600477219
1132,1577,0.093477687583331956
1132,1120,0.086767138136678926
1133,1133,0
1133,1769,1
1133,1422,0.85997112230283534
1133,398,0.63055556618546416
1133,1098,0.36492448492139806
1133,786,0.25576951624795902
1133,1167,0.22658200306068244
1133,1357,0.086032893563932608
1133,230,0.077351171095391275
1133,1520,0.077095083771113224
1133,88,0.075048891721206726
1133,1170,0.066219174478404336
1133,1915,0.064595084828344904
1133,1387,0.061825242412377364
1133,557,0.060923759837401427
1134,1134,0
1134,445,1
1134,1991,0.76164499821668852
1134,643,0.52200266358797098
1134,780,0.25937370060080051
1134,480,0.22421717822125511
1134,1816,0.20763711225284151
1134,67,0.1718789143085884
1134,1123,0.1601021025007528
1134,1328,0.14027227139988224
1134,890,0.10936024462435295
1134,748,0.09685771622672272
1134,1327,0.092257063030119726
1134,765,0.091252869275605275
1134,782,0.070033479808697938
1135,1135,0
1135,585,1
1135,1124,0.93951403977101611
1135,399,0.30968294897872728
1135,1526,0.30855753846311162
1135,47,0.25231176968920987
1135,935,0.21279446632709653
1135,1067,0.17745201810243261
1135,1122,0.16029735643841847
1135,1268,0.13161477391649268
1135,752,0.11695113724384734
1135,160,0.08858581858836681
1135,1528,0.07977075180486301
1135,1191,0.076775195445543273
1135,1626,0.052575499257685565
1136,1136,0
1136,1304,1
1136,878,0.92188389792213732
1136,1751,0.85976728068112307
1136,342,0.35598814406144957
1136,1467,0.24425109595995806
1136,1947,0.23951931320207448
1136,1534,0.06269214122797627
1136,1277,0.052936389924539487
1136,722,0.046870341220084058
1136,794,0.034182867315518319
1136,148,0.028884211554436118
1136,370,0.024294084350378102
1136,1746,0.02415357853447132
1136,721,0.011462608980831519
1137,1137,0
1137,410,1
1137,891,0.59356394908985677
1137,1458,0.44640338240403504
1137,1347,0.40448097802475835
1137,773,0.30136673819414239
1137,1361,0.2375599529497491
1137,1701,0.18650852990925712
1137,1508,0.15367454650506293
1137,913,0.1521440200867078
1137,1689,0.12872247171636927
1137,593,0.11401050443775397
1137,217,0.068187177542045618
1137,1499,0.066847306189868214
1137,418,0.053411520022607524
1138,1138,0
1138,1252,1
1138,1936,0.49263689956625228
1138,1418,0.34448110652732966
1138,986,0.31261452378366744
1138,353,0.28339132267760614
1138,232,0.27207254145929866
1138,670,0.20855270600222028
1138,1260,0.17567563481976581
1138,1067,0.17129012571046623
1138,1273,0.16002070582349501
1138,31,0.14045078947193512
1138,1818,0.1309367000101849
1138,1502,0.10824828900774924
1138,118,0.10652513340185339
1139,1139,0
1139,397,1
1139,546,0.6729070587293563
1139,1615,0.39274198482659534
1139,150,0.28580960687425011
1139,1767,0.24411494753509314
1139,953,0.20739859726153381
1139,835,0.20330037527560341
1139,1453,0.15350620739099921
1139,124,0.14776016536313386
1139,689,0.13299400885463158
1139,1681,0.12464822354286717
1139,991,0.11861590389434809
1139,479,0.11430568249966362
1139,1894,0.10879171282732145
1140,1140,0
1140,1172,1
1140,849,0.49246832455348033
1140,1815,0.44584590597548834
1140,1093,0.43858900427905428
1140,1349,0.36398482256915676
1140,1970,0.26734162344675289
1140,177,0.19807220913220885
1140,1222,0.16674734074390543
1140,740,0.15518550834477746
1140,1772,0.097491399051710462
1140,1089,0.085465680946278322
1140,762,0.072328528543822823
1140,910,0.065397997807005392
1140,862,0.057975398335734576
1141,1141,0
1141,1605,1
1141,849,0.54851876860808335
1141,1024,0.2909180363580729
1141,1794,0.2637229699319445
1141,297,0.25432067531101027
1141,910,0.23016249389038715
1141,1506,0.20765257464617382
1141,1776,0.18545903705525155
1141,177,0.16741823471138897
1141,740,0.1613339902833687
1141,1342,0.15642471161246746
1141,1372,0.15524579769704458
1141,1619,0.15458659677711847
1141,445,0.13111810698439119
1142,1142,0
1142,1607,1
1142,1436,0.60983457724042922
1142,1922,0.58082820970957771
1142,599,0.54421192869157187
1142,832,0.2684467683426397
1142,828,0.18490450635904049
1142,603,0.15009733430863437
1142,1602,0.13313539459245308
1142,1671,0.096872508683340852
1142,1787,0.084445616830362669
1142,1616,0.073676750213253844
1142,48,0.072415171325792491
1142,1362,0.061091958286031992
1142,766,0.046937857348395694
1143,1143,0
1143,1816,1
1143,46,0.83578678161571929
1143,1134,0.32564424203798908
1143,1265,0.29532360552703657
1143,1183,0.27064207600451351
1143,1968,0.1745258316240719
1143,748,0.16669963086355008
1143,407,0.15304124152947471
1143,259,0.15252930156046454
1143,643,0.14730557835670705
1143,782,0.14672968321106952
1143,1123,0.094687184395048016
1143,1719,0.072119389806426723
1143,1962,0.071846767550366467
1144,1144,0
1144,1732,1
1144,95,0.8850820403166263
1144,1988,0.441866628651511
1144,1698,0.32749802323903504
1144,1406,0.18099255146532142
1144,1849,0.18086967394578246
1144,1985,0.15406399908702731
1144,1524,0.13901080549263259
1144,302,0.13557261807430693
1144,1924,0.1251699269401815
1144,1267,0.11431779821104313
1144,1145,0.08526049147727828
1144,536,0.072308957598426496
1144,1803,0.064878156994202005
1145,1145,0
1145,1061,1
1145,1732,0.41399900326555023
1145,1144,0.39880551711421391
1145,1365,0.29317045649497414
1145,868,0.25838786335520536
1145,1849,0.21859745765517302
1145,1417,0.18685375808962254
1145,1155,0.1754472057680144
1145,1985,0.17270873457650582
1145,799,0.16956098026948718
1145,1099,0.16955160593367283
1145,1907,0.16829316785141563
1145,1231,0.1425545339683443
1145,300,0.13895381234275353
1146,1146,0
1146,1897,1
1146,1877,0.70439642745137887
1146,855,0.64108533073281737
1146,328,0.39682408838560801
1146,582,0.2543006450595432
1146,404,0.21401601748129451
1146,335,0.10432282395256992
1146,1051,0.10196366956109952
1146,364,0.099220164934410868
1146,239,0.097933592280196533
1146,69,0.093025468386510449
1146,1649,0.081908572502014693
1146,793,0.061504229292980335
1146,548,0.056397249446502297
1147,1147,0
1147,1553,1
1147,954,0.71532492899499389
1147,38,0.4626202412947707
1147,1129,0.27579105164434126
1147,942,0.2396846252713758
1147,844,0.21473235727651793
1147,525,0.19576817887718545
1147,649,0.13595818700381904
1147,1999,0.12867228453535884
1147,829,0.12703115245641441
1147,466,0.11740342584199331
1147,1283,0.10207540431706603
1147,1273,0.10170805595922468
1147,1660,0.090124603800172703
1148,1148,0
1148,1600,1
1148,840,0.44581349041218715
1148,165,0.38841256178651729
1148,1495,0.36690608688264736
1148,1668,0.31466974551603882
1148,1308,0.23644116726729561
1148,1127,0.23326292716595862
1148,1858,0.21665498913065651
1148,203,0.15074004030406152
1148,1752,0.14052371021618523
1148,1976,0.12915995011179149
1148,408,0.10997253980882347
1148,1948,0.089112824139984587
1148,1002,0.085220126696329029
1149,1149,0
1149,981,1
1149,682,0.62479581036765319
1149,532,0.44526727412539241
1149,93,0.34545001467913916
1149,1860,0.31723103432192434
1149,711,0.30722619442999149
1149,732,0.23557735137903088
1149,3,0.17110093416868952
1149,1475,0.14445795494921737
1149,1425,0.092914675384227249
1149,252,0.080336444845296742
1149,257,0.06031611860439489
1149,1682,0.046908375312439569
1149,605,0.035307971778004467
1150,1150,0
1150,1549,1
1150,852,0.67650479268392238
1150,91,0.47965008600312797
1150,1619,0.39542334039209182
1150,1207,0.28381479901945061
1150,1352,0.26303361029944128
1150,995,0.20481885787041465
1150,1391,0.14636163157516816
1150,1045,0.10882905399820222
1150,601,0.083903387944022939
1150,237,0.070095053071262112
1150,463,0.066785783900444831
1150,1249,0.064498615334174239
1150,565,0.06318059284921905
1151,1151,0
1151,808,1
1151,1784,0.79322558009693589
1151,934,0.50382010060910876
1151,349,0.21013214118244761
1151,1799,0.20051662047427282
1151,1770,0.19407318338254523
1151,481,0.17229977496925308
1151,272,0.15517982893587248
1151,1243,0.14443703795435076
1151,1308,0.12114404668110687
1151,412,0.11093893600724573
1151,1998,0.10344271561275495
1151,1972,0.1002957964286563
1151,1847,0.097379996001038208
1152,1152,0
1152,1006,1
1152,499,0.59782116014195663
1152,497,0.28577943101546072
1152,640,0.28200778126463322
1152,1787,0.2266567890600179
1152,1077,0.21948651458493956
1152,232,0.21608993476531543
1152,716,0.19066864475703008
1152,615,0.16423013510320103
1152,1604,0.15863339639185695
1152,48,0.15374815278351794
1152,1805,0.13840438397254212
1152,1290,0.1376021827737389
1152,350,0.13576740242723431
1153,1153,0
1153,535,1
1153,1030,0.68798178148772049
1153,1912,0.35364194334401061
1153,1984,0.27664456025347661
1153,1104,0.25662654785258338
1153,1636,0.24891549627077256
1153,1295,0.20273733164290039
1153,497,0.17449747190159104
1153,1333,0.13905396070582504
1153,865,0.12704567367234235
1153,1194,0.12342708325537237
1153,274,0.1133712468527938
1153,1805,0.10394698079741037
1153,1851,0.098991902896597067
1154,1154,0
1154,676,1
1154,151,0.87080545255707054
1154,1758,0.46090819977610109
1154,1640,0.40304901831235695
1154,1375,0.38921337049647831
1154,181,0.32072807434601758
1154,1242,0.10974642484194957
1154,1929,0.082972030868118996
1154,730,0.073586089145375164
1154,534,0.067811007215293095
1154,708,0.065709237104319598
1154,1229,0.027669604931372736
1154,198,0.019428619112444707
1154,1005,0.015262941526638927
1155,1155,0
1155,734,1
1155,552,0.49847289889998408
1155,1732,0.46922913815394535
1155,95,0.32383594097460444
1155,1988,0.30593825402925179
1155,1287,0.24862681467107398
1155,1406,0.197308266213086
1155,1231,0.1912959178376856
1155,575,0.1657824241318131
1155,1144,0.14575646571384479
1155,1145,0.10808914848785454
1155,23,0.099772253592824711
1155,1121,0.078777903825749188
1155,1571,0.073999473966337617
1156,1156,0
1156,515,1
1156,347,0.52640134266591421
1156,980,0.25345717657206313
1156,1640,0.24608188674056181
1156,1192,0.23268213939053473
1156,1758,0.22822734190484173
1156,814,0.20455607848652607
1156,1032,0.20054027280333439
1156,1542,0.19158311686048063
1156,1622,0.18130543299650506
1156,625,0.17106061414428331
1156,1229,0.16032167880215187
1156,1242,0.15938664268408798
1156,1009,0.15128074927825388
1157,1157,0
1157,8,1
1157,1510,0.98641422094542919
1157,1323,0.3109278605265392
1157,60,0.30996825535666506
1157,148,0.17233910573880931
1157,437,0.1659704722139107
1157,1399,0.15836749179842366
1157,1625,0.15526240006649969
1157,834,0.13915236882504406
1157,1930,0.13123576682323074
1157,188,0.12473480559429279
1157,381,0.084987561251354121
1157,884,0.08380245382967795
1157,1823,0.083733123802968865
1158,1158,0
1158,1547,1
1158,1209,0.53497379776418819
1158,755,0.3080460423986851
1158,1771,0.30473751946978711
1158,158,0.28210097403867329
1158,1685,0.27586317497770657
1158,1564,0.24282869428990711
1158,944,0.23652381296176969
1158,1670,0.20505841868609415
1158,517,0.16024687762590406
1158,1101,0.10264420448088765
1158,203,0.099457680577088842
1158,822,0.078682572795178887
1158,1972,0.075734868381770945
1159,1159,0
1159,574,1
1159,1255,0.49949335624526542
1159,909,0.49084249427514093
1159,1645,0.36370835400131951
1159,1412,0.23853595860058938
1159,940,0.23395553325573296
1159,576,0.18815869692420492
1159,1390,0.15571590607780497
1159,1650,0.1517360082594566
1159,758,0.14291598790272053
1159,1909,0.13432913150201103
1159,69,0.12101752686565527
1159,1447,0.10895647827934879
1159,1027,0.077525567056753494
1160,1160,0
1160,1916,1
1160,1617,0.54879791280830625
1160,135,0.40032546185052215
1160,226,0.36706877131945925
1160,117,0.2629393276358522
1160,288,0.22903500562025325
1160,1040,0.21612726740801547
1160,1951,0.18172348562025462
1160,15,0.15909981901530676
1160,394,0.14907981902125259
1160,201,0.13068828733826079
1160,63,0.10833749299592293
1160,247,0.081469742494238259
1160,227,0.072193240751725479
1161,1161,0
1161,749,1
1161,1741,0.43701182333332761
1161,1595,0.42635445587154724
1161,1499,0.29078569991707004
1161,913,0.26461575886116517
1161,496,0.22777746964906206
1161,1840,0.19001847826050616
1161,417,0.1798289081611994
1161,985,0.17641462925936349
1161,1960,0.16005174398478972
1161,1240,0.1596948725152304
1161,1503,0.14046986984303381
1161,1211,0.12766272361631703
1161,593,0.12621242147026016
1162,1162,0
1162,737,1
1162,1759,0.98748033021744586
1162,1318,0.66275870024144345
1162,368,0.44833940921996507
1162,1845,0.11926634846210765
1162,654,0.11440835717689679
1162,844,0.097023379109414457
1162,1795,0.096777696578491598
1162,223,0.074151613369167924
1162,1532,0.070512833057928256
1162,962,0.065184775871755904
1162,1474,0.059961039587412189
1162,550,0.057625545025137073
1162,1200,0.053399409111410744
1163,1163,0
1163,588,1
1163,682,0.6383658881495361
1163,627,0.58646694427901469
1163,1505,0.3104870277838998
1163,915,0.30440908805615952
1163,1921,0.25958152907638327
1163,1475,0.16785969338519766
1163,93,0.12906217767217068
1163,1837,0.10150097491929021
1163,1149,0.090947907352038962
1163,452,0.09030876444152787
1163,1682,0.087290027017598956
1163,1902,0.076865479102917966
1163,19,0.063738042140689025
1164,1164,0
1164,1489,1
1164,855,0.63756642937805197
1164,16,0.55703023998743029
1164,682,0.46397061287525859
1164,1902,0.24137317720296853
1164,713,0.18882345590460617
1164,30,0.17539807599088361
1164,1561,0.11074278304965032
1164,1065,0.10751816710487741
1164,588,0.10638818439488301
1164,1574,0.09250356788386209
1164,364,0.091122707640049566
1164,746,0.070535690700263207
1164,605,0.063923654587005468
1165,1165,0
1165,1679,1
1165,1615,0.4838684890232906
1165,439,0.39399152175691582
1165,832,0.37630819295733969
1165,1777,0.35798761408775309
1165,372,0.30246668525471582
1165,89,0.18706911870420348
1165,1396,0.15945471350348264
1165,970,0.13606247210674666
1165,1967,0.12165021187259724
1165,1669,0.11924316973211369
1165,212,0.10706432735650008
1165,1362,0.083439647115579371
1165,903,0.078289538856054303
1166,1166,0
1166,1813,1
1166,876,0.72349448050832199
1166,901,0.38012963600228666
1166,834,0.34217730703764104
1166,1625,0.29012608028583542
1166,1507,0.21267200365253688
1166,1157,0.18548879748640709
1166,1510,0.16244148901827768
1166,1372,0.15476624226916977
1166,522,0.10161406529747996
1166,1794,0.10152624368059733
1166,862,0.096249303749471063
1166,427,0.08306491416985351
1166,29,0.07314284044075367
1167,1167,0
1167,290,1
1167,398,0.81292808348647716
1167,1403,0.59413727542347683
1167,1133,0.39125698202019726
1167,1357,0.36359132543645833
1167,1575,0.33867830666338372
1167,1998,0.077953215841672363
1167,448,0.062235018767993935
1167,1251,0.058944777412467432
1167,895,0.058689355132007237
1167,136,0.047373980208384528
1167,1520,0.041061997656261812
1167,786,0.033856924716196009
1167,1054,0.026181558598490265
1168,1168,0
1168,504,1
1168,1632,0.72128948455444608
1168,1066,0.28915538795676665
1168,1366,0.28296212806190169
1168,513,0.26774749727686853
1168,1644,0.22795025705763874
1168,1565,0.17274721346426075
1168,786,0.16481799793796059
1168,1677,0.15894017245066111
1168,1566,0.15865795404791494
1168,1120,0.13778376681298821
1168,1251,0.13158080709634751
1168,518,0.10177684407084725
1168,219,0.091483866577534864
1169,1169,0
1169,601,1
1169,166,0.9716948370441626
1169,1479,0.70696309123219814
1169,144,0.44401886565317622
1169,395,0.23055280618337262
1169,1536,0.13993949611381523
1169,1285,0.11613292588236448
1169,1663,0.0855674623040278
1169,1674,0.078201804196598002
1169,261,0.035821086618857502
1169,704,0.028115758540962255
1169,218,0.026448450817034785
1169,1314,0.024601517217131632
1169,762,0.018834438138517696
1170,1170,0
1170,37,1
1170,1698,0.64004111124122987
1170,1520,0.40952218400773543
1170,464,0.31246228790796327
1170,1365,0.29711322318580702
1170,95,0.24164424072716706
1170,403,0.17113814624351145
1170,1832,0.13401231341997322
1170,536,0.1312952326722451
1170,398,0.12633282002803448
1170,1769,0.12485327821658736
1170,1979,0.11539965683685319
1170,1216,0.11186813574147934
1170,1745,0.091205844150724483
1171,1171,0
1171,1804,1
1171,1296,0.71683087789922451
1171,1754,0.68232569256583941
1171,370,0.32164421020684597
1171,1997,0.21167919164306059
1171,1386,0.17346153707667655
1171,543,0.13901242635411043
1171,1404,0.12292762553415788
1171,71,0.11654387363834517
1171,253,0.096245419912218855
1171,1733,0.089562202948197028
1171,1304,0.084385993449405838
1171,1321,0.079993402239097164
1171,893,0.072276293464133001
1172,1172,0
1172,1140,1
1172,51,0.69679888015360558
1172,1512,0.28260489906869057
1172,424,0.23110901203603923
1172,1435,0.22685861608273664
1172,894,0.21818569799489029
1172,687,0.19408328165051725
1172,1222,0.18957254962815098
1172,510,0.16904388841387599
1172,178,0.1650054823224387
1172,1270,0.14896807127445488
1172,1201,0.13079842505180511
1172,1238,0.12772206390174298
1172,1970,0.12614745287244652
1173,1173,0
1173,39,1
1173,1925,0.50213633413611103
1173,229,0.26145778311679219
1173,1241,0.23353884205392622
1173,410,0.22979671418939934
1173,574,0.21718497801549638
1173,1334,0.21504205500451712
1173,1255,0.20331392348805369
1173,1447,0.18935241524185947
1173,1689,0.18195554943119321
1173,453,0.17988135389671336
1173,1909,0.17644812115053249
1173,1018,0.16044747129810055
1173,193,0.15633495481744064
1174,1174,0
1174,889,1
1174,30,0.9121498802868474
1174,978,0.90705279454759147
1174,1199,0.40325811049880983
1174,916,0.16384324621800073
1174,701,0.13714198577664413
1174,1504,0.11070839668790139
1174,1211,0.10809858479665779
1174,1083,0.044402657965284198
1174,1126,0.031346525682771111
1174,1102,0.027960144307063183
1174,391,0.024786660311895144
1174,1103,0.020371120260469038
1174,756,0.015770288631595936
1175,1175,0
1175,1353,1
1175,842,0.43245371666726407
1175,1478,0.41806167965282953
1175,1399,0.37070400989680041
1175,1487,0.33621603311639731
1175,583,0.23297968044158746
1175,1893,0.21874060093448602
1175,1823,0.1946270358334759
1175,1625,0.16442605146962538
1175,1248,0.15416220496448851
1175,8,0.1140033471045583
1175,1105,0.11051034241055761
1175,1157,0.092692309020729988
1175,871,0.067313379421883909
1176,1176,0
1176,1483,1
1176,1195,0.49873803961820223
1176,983,0.40114123085599568
1176,244,0.33920906040986576
1176,412,0.28042546913102007
1176,1624,0.24085771253955018
1176,594,0.1957055816988322
1176,1812,0.18969016995441151
1176,1370,0.16748638128691426
1176,64,0.15451407990369925
1176,1048,0.14208532721275335
1176,1899,0.11276124618311974
1176,1193,0.1013430865988653
1176,1520,0.082935838813331803
1177,1177,0
1177,27,1
1177,578,0.51837892838460675
1177,1504,0.45196811480327437
1177,1430,0.32305760498458486
1177,154,0.26824280594527516
1177,1086,0.25728036245773661
1177,662,0.22393260062637715
1177,665,0.20367316427764262
1177,26,0.16708469137664964
1177,1412,0.13145433665583284
1177,1686,0.12156890760199275
1177,847,0.093642426885366378
1177,277,0.073738458979516003
1177,295,0.072863822109672544
1178,1178,0
1178,1750,1
1178,605,0.39019714863063037
1178,1009,0.38026515400673927
1178,1347,0.26608887461945491
1178,1083,0.22731027155149114
1178,410,0.22549405612104415
1178,713,0.20155818573564116
1178,773,0.19381623152301417
1178,1981,0.18665750106103907
1178,869,0.17716130769305888
1178,980,0.17590251843281976
1178,746,0.16338496280237044
1178,1561,0.16299341592888802
1178,328,0.15606315271968324
1179,1179,0
1179,1327,1
1179,771,0.38837206428087356
1179,1869,0.29732237184346183
1179,1931,0.28817060228844726
1179,1534,0.24423122954840029
1179,722,0.2327800608413223
1179,1360,0.22648250319607491
1179,951,0.22028659856339819
1179,643,0.18863591440974786
1179,164,0.18739659986011417
1179,1183,0.16511334210567635
1179,1328,0.16444497830215493
1179,478,0.15245211763058983
1179,483,0.15119592595618297
1180,1180,0
1180,1672,1
1180,1562,0.36398396029147151
1180,364,0.29666942908357469
1180,1921,0.26547236325152473
1180,1649,0.25660367540027906
1180,729,0.24211226416348738
1180,1902,0.23785953541924923
1180,435,0.23442350744103232
1180,588,0.22300452214164637
1180,1699,0.16894181611208428
1180,425,0.1679239419819254
1180,490,0.15866932012221119
1180,1773,0.15381035421740083
1180,657,0.13741376681853917
1181,1181,0
1181,997,1
1181,1949,0.75730521738748213
1181,233,0.49226874513457985
1181,318,0.45102991464151554
1181,350,0.22539400594419437
1181,956,0.21230502531426901
1181,1546,0.12833481439742883
1181,1275,0.11759106714930551
1181,195,0.11410016246807549
1181,1188,0.098141707831288699
1181,273,0.084176403644174932
1181,716,0.080596201056076303
1181,1851,0.074797951650653172
1181,348,0.070851631508719717
1182,1182,0
1182,58,1
1182,1809,0.60543065249116512
1182,137,0.42029181778223096
1182,1839,0.41579640661293332
1182,200,0.32924465622306448
1182,1470,0.21635055733820899
1182,1478,0.21167444126656049
1182,1314,0.17433011470244988
1182,360,0.11342469907934262
1182,817,0.11209199405200411
1182,1033,0.081045903931229069
1182,1559,0.078377856120806444
1182,1676,0.077973128184216575
1182,951,0.070864553185962451
1183,1183,0
1183,722,1
1183,478,0.64348505983464899
1183,1666,0.4305646742947421
1183,805,0.30945300265920328
1183,1534,0.21457900449179093
1183,1265,0.20272918422137304
1183,371,0.17523891076363313
1183,107,0.1715617384370127
1183,1751,0.1594622673157324
1183,1449,0.14378358917303347
1183,148,0.11984379725252239
1183,643,0.11769722815368686
1183,1746,0.1125978021074785
1183,1270,0.10588519765952917
1184,1184,0
1184,1378,1
1184,1097,0.52971686201332779
1184,243,0.35740616598971753
1184,649,0.25358588387782882
1184,828,0.22998166152543525
1184,1116,0.21814501510222511
1184,529,0.21611209852509242
1184,791,0.18689896013305896
1184,1665,0.18241140839731201
1184,1684,0.16960686511683409
1184,92,0.15789156298705243
1184,145,0.15772912081718513
1184,717,0.12517508937300958
1184,415,0.12223242979676641
1185,1185,0
1185,1225,1
1185,592,0.5373719116046477
1185,1193,0.42441240649341611
1185,1965,0.39994545439623885
1185,1566,0.35806477795804348
1185,504,0.25930925257883441
1185,754,0.15089516698350997
1185,20,0.14611399019854765
1185,1329,0.14077131042807436
1185,1685,0.11018336811689421
1185,1305,0.10838950048740804
1185,1072,0.095489312079210367
1185,1913,0.09128352098367265
1185,1862,0.084652373759016505
1186,1186,0
1186,195,1
1186,690,0.57136015460380263
1186,1214,0.52722223797606471
1186,994,0.41022848760719843
1186,1275,0.3644645022551819
1186,6,0.24958658885468143
1186,79,0.20000947547681938
1186,1076,0.15439213537907748
1186,880,0.0820919506825767
1186,78,0.079759051228522213
1186,1819,0.077256090791713514
1186,491,0.07144321949465654
1186,21,0.059908968235772776
1186,1374,0.059174778660018898
1187,1187,0
1187,40,1
1187,1735,0.71147834310253255
1187,1124,0.49968536186602547
1187,935,0.41652999528287743
1187,1906,0.25798177598862371
1187,530,0.17246872696968227
1187,1047,0.1443492391164182
1187,1556,0.12459481879354783
1187,1545,0.12149847804579952
1187,1063,0.11044453881152461
1187,1135,0.10521510511545797
1187,183,0.088531764842315328
1187,1022,0.080338968103357764
1187,206,0.073776587788270884
1188,1188,0
1188,1786,1
1188,1581,0.72759539682222107
1188,1482,0.56313644870697244
1188,206,0.51988518557809527
1188,1313,0.17219212664270042
1188,935,0.16647685247311794
1188,1181,0.12445203277199812
1188,992,0.11098234987357208
1188,880,0.10002248679000514
1188,1191,0.095028051716514683
1188,204,0.088092987313922996
1188,956,0.084947855497155278
1188,1548,0.082482315844939563
1188,1336,0.071588375000361221
1189,1189,0
1189,895,1
1189,268,0.56418874051611878
1189,1644,0.32637285379162895
1189,1770,0.24633470633176388
1189,1933,0.24596519912823267
1189,873,0.21737610504394159
1189,1923,0.19898964092207702
1189,822,0.19071578561003893
1189,504,0.16251360807678028
1189,955,0.15929156377622963
1189,1565,0.15645467553605355
1189,464,0.15577765934559906
1189,1979,0.14387688358790637
1189,1158,0.13903852808634962
1190,1190,0
1190,1676,1
1190,1059,0.58303957930879169
1190,36,0.38934526968052108
1190,173,0.24265415955689468
1190,1393,0.22164159389058283
1190,1319,0.20922226376921127
1190,486,0.19361925502727059
1190,1890,0.16459633804202209
1190,1476,0.1631768354488507
1190,669,0.16124451474673476
1190,999,0.15784155794575117
1190,1919,0.15529730138889852
1190,1747,0.14221139308837205
1190,1642,0.1229918496659658
1191,1191,0
1191,255,1
1191,1581,0.87211988741368929
1191,1462,0.71195117450330903
1191,856,0.38466783626937012
1191,31,0.28004206242925395
1191,568,0.16890302894080644
1191,1067,0.11655096519782811
1191,1318,0.10431372534570925
1191,294,0.077193864608899737
1191,1873,0.04581251191171791
1191,1556,0.045214186018608181
1191,62,0.037661884224050951
1191,56,0.033007750705539379
1191,1906,0.029450166331003443
1192,1192,0
1192,1612,1
1192,1242,0.73487591122849072
1192,306,0.31707777555333799
1192,1197,0.23890011501053143
1192,613,0.22428432480973345
1192,1229,0.21241115694858359
1192,1049,0.19518844493376744
1192,1027,0.17904589252523545
1192,1792,0.16007153160705917
1192,1005,0.15643368222379198
1192,1645,0.13666138267440273
1192,1542,0.12068588232950035
1192,981,0.11821711478547874
1192,86,0.11304031137230772
1193,1193,0
1193,1817,1
1193,506,0.50419383649110172
1193,705,0.49033856059189845
1193,1329,0.27167276955304337
1193,1185,0.22412868810530714
1193,592,0.21738364881740174
1193,1368,0.19410718968723845
1193,304,0.1739462235094601
1193,1305,0.16558097546408548
1193,412,0.16031406200722764
1193,673,0.15416240636974282
1193,1812,0.13138612054722895
1193,594,0.11503178922087616
1193,895,0.1046454921505145
1194,1194,0
1194,274,1
1194,22,0.7243026414732251
1194,1076,0.67588504072189326
1194,487,0.31253183786967464
1194,1659,0.29082848380477333
1194,549,0.20805297906291653
1194,1050,0.15570930347651107
1194,1759,0.12533788265721416
1194,1984,0.10229350225724818
1194,245,0.089795469850661766
1194,655,0.068298762983636685
1194,1153,0.068044235492465868
1194,690,0.049041247283192944
1194,970,0.036767394892865068
1195,1195,0
1195,1176,1
1195,244,0.52631351575589269
1195,1483,0.35109443133764828
1195,1624,0.29498677931938144
1195,1370,0.2721389864574621
1195,1812,0.22979408947238261
1195,1832,0.18586807458760773
1195,1899,0.17969310838360192
1195,311,0.15408276687786643
1195,64,0.14868600715037852
1195,282,0.14196441452948361
1195,983,0.14154896162722558
1195,763,0.14093408700700957
1195,1048,0.13978713097477605
1196,1196,0
1196,1960,1
1196,1240,0.6350604149882777
1196,719,0.46154090777702245
1196,811,0.27563586839515392
1196,700,0.23713305625181649
1196,120,0.23439631818949005
1196,435,0.19375300656360961
1196,1840,0.1634988841147047
1196,512,0.16294936744745947
1196,548,0.11590440339907369
1196,387,0.11343011754107987
1196,1852,0.11162157956478022
1196,364,0.10273778070860982
1196,1480,0.099236189066318342
1197,1197,0
1197,695,1
1197,1027,0.90669214412211596
1197,303,0.6282480818798406
1197,1192,0.31354160649948337
1197,1645,0.30043551356875769
1197,625,0.16658224398267679
1197,1622,0.11243527339706533
1197,1763,0.1004987547822403
1197,1782,0.079560460249126053
1197,1542,0.07396659982265584
1197,680,0.067716078558311396
1197,86,0.057670285620843906
1197,1242,0.053608147145603878
1197,1792,0.045942657764024758
1198,1198,0
1198,1739,1
1198,133,0.41063577532925771
1198,475,0.32094755870286462
1198,1988,0.27666056240930881
1198,68,0.26584020983215711
1198,84,0.26344008828453458
1198,1239,0.24792621756018046
1198,1891,0.24696917151989706
1198,1395,0.17261017361341166
1198,757,0.15507976766241535
1198,883,0.14555228391962602
1198,1600,0.1433484664705327
1198,1610,0.13351118569239484
1198,1144,0.12436384251482893
1199,1199,0
1199,1447,1
1199,1255,0.96331984193798126
1199,1925,0.46465273582954325
1199,963,0.28105032892159032
1199,1102,0.21212549525147922
1199,1909,0.19649826864048531
1199,534,0.17698964979221166
1199,981,0.17564768005779166
1199,1103,0.15937790298164031
1199,27,0.067775624246479468
1199,1211,0.063591499920214525
1199,916,0.05226676668508147
1199,1689,0.050905393288278866
1199,889,0.042689608848909072
1200,1200,0
1200,1276,1
1200,189,0.94038052493195301
1200,1586,0.44268926635787637
1200,1759,0.33905449600106852
1200,737,0.23934885729758471
1200,1555,0.18737210286795364
1200,1318,0.15298596569112738
1200,337,0.1149530328278255
1200,1162,0.11262352078833907
1200,1787,0.086259090983703629
1200,487,0.081392259659281277
1200,690,0.075001724307172654
1200,195,0.068346254115050784
1200,654,0.066488712926031743
1201,1201,0
1201,894,1
1201,377,0.47847140723151682
1201,926,0.45316746428376337
1201,1667,0.33640924300547148
1201,1339,0.32366287503559982
1201,910,0.23418250341304611
1201,1816,0.18543540919254517
1201,1172,0.1844935055700816
1201,1772,0.13830704479380307
1201,208,0.13286877110764742
1201,1512,0.11285625849409826
1201,316,0.11205998305308834
1201,1140,0.11142237444818284
1201,1222,0.10355411379911582
1202,1202,0
1202,1573,1
1202,115,0.57406616146470957
1202,1995,0.39572104251561668
1202,1030,0.2826769361266534
1202,75,0.26976951873744304
1202,1253,0.23061254044163793
1202,1153,0.19712312574652158
1202,274,0.18978908460895005
1202,223,0.18449957813194043
1202,1333,0.17742555010182576
1202,1256,0.11439878258310729
1202,242,0.10160329427957103
1202,655,0.097884967576346779
1202,835,0.091328584574049632
1203,1203,0
1203,1503,1
1203,1763,0.87618934148085881
1203,1102,0.46965930546683243
1203,1211,0.45778817728857896
1203,1522,0.2964271180137919
1203,1542,0.23763926704156643
1203,454,0.2072373758656029
1203,889,0.10882531169665211
1203,1005,0.073925446833719904
1203,1027,0.056600804487457461
1203,695,0.04854597333102291
1203,1229,0.02916830488005992
1203,933,0.024140614292716998
1203,1126,0.020742981402094875
1204,1204,0
1204,580,1
1204,1760,0.60718201559549245
1204,1308,0.3888665828921502
1204,1013,0.36519287674025519
1204,1535,0.34863214999833952
1204,759,0.27816562367221725
1204,203,0.19508010524958963
1204,197,0.16373724423027708
1204,349,0.12875327684916898
1204,517,0.096568074220802047
1204,743,0.089528987511044961
1204,44,0.086910308586803819
1204,481,0.084205545309235588
1204,1148,0.074058383797653143
1205,1205,0
1205,509,1
1205,443,0.61661385978344729
1205,662,0.26461458384379416
1205,758,0.21998870800714079
1205,383,0.21909468123025808
1205,205,0.2162047478786352
1205,574,0.21240568304610893
1205,959,0.19407578092998787
1205,196,0.18832165730769948
1205,1836,0.17699820317752227
1205,1412,0.15616648418351584
1205,325,0.15144533455389961
1205,512,0.15082239770018441
1205,797,0.14013986209115911
1206,1206,0
1206,1717,1
1206,374,0.72796266510922103
1206,54,0.58706730423213938
1206,1907,0.526446024722796
1206,968,0.18566357226364719
1206,1577,0.18500002286639997
1206,1002,0.14226936381199004
1206,1697,0.13364080505479833
1206,904,0.10208259641394171
1206,280,0.08649431999459907
1206,1972,0.075809068755115741
1206,928,0.058214394736381771
1206,868,0.048160106906064357
1206,1610,0.048078043963636012
1207,1207,0
1207,463,1
1207,697,0.51378872531300801
1207,436,0.50423922262430454
1207,291,0.4518482200690016
1207,1529,0.2533196951692262
1207,1549,0.20969685443158301
1207,645,0.19602504708679078
1207,1619,0.15078049755851031
1207,1724,0.13319396066173941
1207,1150,0.12950710083386804
1207,1507,0.11128286282675565
1207,565,0.089905626268898156
1207,91,0.083668460765784838
1207,87,0.079637416691944907
1208,1208,0
1208,1867,1
1208,1541,0.57668765234472996
1208,1452,0.41393832327885344
1208,664,0.37711358650785737
1208,479,0.2772773816292633
1208,450,0.23096363254802538
1208,1967,0.16603444248734969
1208,1094,0.14595136990538676
1208,293,0.14344980666225743
1208,1873,0.13610177656681108
1208,654,0.12016547139751853
1208,1276,0.11860158492628091
1208,856,0.1147017560799885
1208,1396,0.08590690606298701
1209,1209,0
1209,470,1
1209,1941,0.54974173413023653
1209,1547,0.33064205079672315
1209,1158,0.30548866282078407
1209,265,0.28408894969786858
1209,431,0.20627559962616276
1209,1101,0.1863416059244071
1209,755,0.18090583968041837
1209,517,0.16967775825117984
1209,1564,0.153637806417772
1209,203,0.13712330283646348
1209,172,0.13610937690269248
1209,1810,0.13440550331985057
1209,1904,0.13245821550926212
1210,1210,0
1210,144,1
1210,1169,0.9935493562195189
1210,667,0.43278078631103861
1210,166,0.30077966752197521
1210,94,0.21673726734679405
1210,1479,0.21640195287194516
1210,601,0.19606258346029976
1210,924,0.16997547371852958
1210,33,0.14164252318073417
1210,1341,0.062605951350174119
1210,1496,0.057723783045659047
1210,395,0.056090566986326744
1210,1886,0.031345750786322964
1210,1527,0.031197514318355293
1211,1211,0
1211,889,1
1211,1102,0.4042894487322084
1211,1203,0.33337906624469427
1211,1499,0.2615722742869136
1211,1763,0.24674829535084142
1211,454,0.23533949969060219
1211,1447,0.21585643345131852
1211,1199,0.2076808151459906
1211,1027,0.19012424513429457
1211,1126,0.17646652740629976
1211,1942,0.16954946587351508
1211,1909,0.16651620839207654
1211,1522,0.15150445880137289
1211,1503,0.14786754956700315
1212,1212,0
1212,1512,1
1212,107,0.48681503120298275
1212,639,0.45556697040606586
1212,1768,0.38911377580223633
1212,950,0.37707477232446579
1212,157,0.20534335711100485
1212,1435,0.19608257116684352
1212,519,0.18916282303754953
1212,1449,0.14960204311972697
1212,346,0.12245724878312085
1212,1352,0.088029907903697135
1212,1674,0.086126706452333432
1212,1692,0.085793844533197439
1212,1249,0.075718903974560117
1213,1213,0
1213,1829,1
1213,369,0.59755599099913781
1213,1568,0.56769881994688931
1213,546,0.50659284954559103
1213,1967,0.24649619451590149
1213,1297,0.1865035231351766
1213,1139,0.16954185706385097
1213,1226,0.1289147108083957
1213,1250,0.101711404871262
1213,145,0.097869498531799493
1213,1094,0.093205773749353682
1213,1777,0.076692378606265307
1213,1268,0.06989525491580667
1213,1303,0.064210532687718591
1214,1214,0
1214,1186,1
1214,195,0.37984831619232062
1214,1679,0.30826235885066966
1214,787,0.30488536958286472
1214,79,0.30463569948517444
1214,1165,0.23313669956487632
1214,1801,0.19507173679978479
1214,1275,0.19089008757664933
1214,109,0.17654333188721108
1214,372,0.17558175300319442
1214,1012,0.1715816083038616
1214,89,0.17139797911086865
1214,994,0.16474691329567079
1214,184,0.1303142634130329
1215,1215,0
1215,630,1
1215,1971,0.3959852731202384
1215,656,0.35147037039975421
1215,1601,0.30397631166767541
1215,221,0.29066978591706355
1215,1920,0.22399562790866132
1215,1355,0.21787326029773785
1215,604,0.19106382552706266
1215,1048,0.18916156775239248
1215,755,0.16061478698328768
1215,1913,0.15196396545743443
1215,783,0.14776472790000991
1215,1832,0.14533424819655671
1215,1646,0.13701212495786058
1216,1216,0
1216,886,1
1216,403,0.80759450636271291
1216,1745,0.61344925464477129
1216,1698,0.28282976923445091
1216,302,0.19004892859934375
1216,1519,0.17880431953013154
1216,1170,0.15730179169525002
1216,1799,0.14935706075396177
1216,272,0.13419760359094349
1216,545,0.10312572445896233
1216,785,0.089285752062027671
1216,1144,0.085699344714847886
1216,315,0.061370239333847318
1216,1382,0.053832682456461667
1217,1217,0
1217,298,1
1217,659,0.97455077612398044
1217,465,0.54510305477140919
1217,263,0.49511861700828869
1217,1956,0.25258523133352678
1217,590,0.10509548695224252
1217,549,0.10394290876501018
1217,1637,0.10196725226631877
1217,779,0.079111422584353705
1217,841,0.058216440929647999
1217,720,0.055767401398237292
1217,1528,0.048321707387569864
1217,1471,0.047755025794202932
1217,988,0.039357738346333139
1218,1218,0
1218,1339,1
1218,918,0.61712817377296481
1218,157,0.54731921858262889
1218,1043,0.27321324254772511
1218,1352,0.20612252019531258
1218,402,0.20319861640673786
1218,764,0.15488780924024545
1218,208,0.14883355008682519
1218,393,0.14752980644979702
1218,1733,0.1426634605529967
1218,370,0.13417159054896693
1218,1323,0.1287343111028974
1218,784,0.10170564255670268
1218,1100,0.10138517090629007
1219,1219,0
1219,401,1
1219,523,0.37886774552664759
1219,1080,0.34165567435718008
1219,1714,0.28529769770712465
1219,62,0.2491706602197454
1219,1651,0.21629218221876595
1219,75,0.21228928930592386
1219,972,0.21140874325098907
1219,1767,0.20233503055493329
1219,1681,0.18822914303363802
1219,1283,0.18382834027765535
1219,242,0.1492517443023624
1219,1122,0.14624033352896937
1219,1725,0.14201732813213089
1220,1220,0
1220,123,1
1220,269,0.6140056157431717
1220,966,0.51420001145934469
1220,1484,0.3186340258541141
1220,14,0.2668495600846954
1220,1996,0.18107039018824694
1220,1918,0.1739768626662527
1220,666,0.13479637312270862
1220,471,0.12894651644472499
1220,153,0.12703086773497221
1220,1315,0.12468071088753492
1220,1602,0.11682965414624956
1220,459,0.10524528338200911
1220,929,0.10063197866165789
1221,1221,0
1221,1706,1
1221,1109,0.67850840341878671
1221,74,0.61481215477827789
1221,1359,0.4050002031972042
1221,271,0.33726075294490077
1221,747,0.15550325909513965
1221,1961,0.12947168152290639
1221,112,0.12578725982400715
1221,494,0.12487490674658304
1221,768,0.12342885266414438
1221,998,0.06395692482972766
1221,111,0.062925655129827535
1221,104,0.04331513790117817
1221,914,0.042045455941057339
1222,1222,0
1222,1435,1
1222,1140,0.59808814755732709
1222,316,0.388679485537613
1222,51,0.36778566415971264
1222,377,0.34139727217587718
1222,1172,0.32849961667895372
1222,1667,0.13817855246398331
1222,1772,0.12145580398509745
1222,884,0.12028784732398742
1222,1201,0.11072390355282401
1222,1089,0.10621564879077761
1222,1238,0.10173663272825785
1222,1282,0.093764848176962734
1222,161,0.090082295987027314
1223,1223,0
1223,629,1
1223,45,0.71374121069298646
1223,300,0.62821766326301687
1223,1657,0.36153373212866924
1223,820,0.30412402346733453
1223,1603,0.15872085546529394
1223,570,0.15074410011781653
1223,1580,0.12827785676505968
1223,85,0.10531920419950271
1223,1231,0.099858433928383838
1223,1868,0.095009497801253409
1223,1382,0.087019106336952118
1223,408,0.041041177638240556
1223,1788,0.033292270481614684
1224,1224,0
1224,552,1
1224,1120,0.3237428899266408
1224,1575,0.3097574090912989
1224,1392,0.30441519812974815
1224,95,0.29101809519749705
1224,1343,0.27673060336612254
1224,693,0.24611072362272138
1224,653,0.18965822462014859
1224,1697,0.17330740024747959
1224,1979,0.16527653726092115
1224,592,0.16009177615548414
1224,1946,0.15947400564202133
1224,1862,0.15436882835903568
1224,481,0.15294527781386436
1225,1225,0
1225,1185,1
1225,592,0.5845400085525907
1225,20,0.35009447349709466
1225,1566,0.27292869289768928
1225,1193,0.252065300186532
1225,338,0.24018139536617636
1225,130,0.17840584324389847
1225,1965,0.17705869096689114
1225,304,0.17254106297786917
1225,846,0.17146766975753472
1225,1403,0.13760039912861011
1225,1316,0.12492220056706936
1225,754,0.12395598059056905
1225,877,0.12111919392030306
1226,1226,0
1226,369,1
1226,1974,0.6134300573485385
1226,115,0.36375972561832198
1226,1912,0.25001227020466682
1226,1250,0.24746424622723689
1226,1213,0.21361862442441892
1226,155,0.20758777246453236
1226,455,0.16719712058314304
1226,1568,0.16063028282891065
1226,550,0.15973689061632756
1226,982,0.1358423598756574
1226,733,0.13367397885496088
1226,1295,0.13271084119987434
1226,1268,0.12123036342330794
1227,1227,0
1227,963,1
1227,1973,0.53390570995291575
1227,1086,0.43050511820989129
1227,196,0.30244810421711127
1227,5,0.2754664959188356
1227,1412,0.19436247237103496
1227,1722,0.19364719897205096
1227,879,0.18178396729526891
1227,508,0.1721734112857975
1227,1504,0.16207261764328332
1227,1958,0.12357705332735525
1227,1782,0.12243095516430728
1227,303,0.10869203853203065
1227,847,0.10582837286577412
1228,1228,0
1228,559,1
1228,356,0.67822743831104937
1228,1795,0.43619463268959219
1228,411,0.43337720131631546
1228,451,0.37349136538027849
1228,1257,0.18936961282452255
1228,1253,0.16920878924883054
1228,1117,0.1010146457103676
1228,264,0.097606383062005003
1228,1162,0.089225264840991914
1228,737,0.087894837357059483
1228,1000,0.084900138014802298
1228,1700,0.083596654500466869
1228,289,0.08277500329677942
1229,1229,0
1229,1009,1
1229,593,0.40102912206964764
1229,73,0.38985561688207498
1229,1005,0.34551276463589808
1229,1192,0.27911807202066508
1229,306,0.22584703989556923
1229,1503,0.18965667656371757
1229,347,0.17858706891390549
1229,1049,0.15994559875446479
1229,566,0.15930443524420562
1229,515,0.15440289713825056
1229,1542,0.14786539935269263
1229,912,0.13791202368784919
1229,1475,0.13784655879532567
1230,1230,0
1230,1736,1
1230,204,0.32766557932472762
1230,1460,0.3263785749940763
1230,125,0.29751332016982895
1230,273,0.28731397931935249
1230,1639,0.27011361808758982
1230,530,0.24460089275513672
1230,1713,0.23491829515220655
1230,1546,0.22718387631100684
1230,1827,0.16220479511695179
1230,1855,0.13654101720293618
1230,124,0.1348652845843793
1230,523,0.13150255354392026
1230,382,0.12608091946586256
1231,1231,0
1231,1121,1
1231,799,0.41946313643435618
1231,45,0.40357879625675019
1231,1355,0.26391987214464929
1231,446,0.26154133679096658
1231,1287,0.24499660438724516
1231,885,0.23611222728514625
1231,1346,0.21028301505313865
1231,300,0.17066662542204827
1231,1580,0.16968211219577123
1231,1406,0.14025444413254101
1231,575,0.13257712507579128
1231,1370,0.12983498832379459
1231,275,0.12398471000177901
1232,1232,0
1232,435,1
1232,1236,0.35969868665467986
1232,729,0.34821438396883875
1232,1699,0.27102906612899208
1232,818,0.22158973554293554
1232,610,0.21893036265194052
1232,657,0.20384987203863073
1232,1491,0.20338231701431389
1232,1798,0.20268402114842243
1232,441,0.18155759277089784
1232,715,0.1787518521320931
1232,1562,0.17369257980463057
1232,325,0.17252946217444204
1232,1550,0.17098525101955306
1233,1233,0
1233,1423,1
1233,116,0.54729736204218193
1233,167,0.35583141208286667
1233,850,0.29567214609635856
1233,428,0.22154005003033495
1233,1975,0.2133127405921022
1233,1237,0.17307005502035727
1233,872,0.17131483001845527
1233,949,0.16789853806390076
1233,625,0.16701638581907868
1233,1861,0.16424287508129826
1233,964,0.16012908526049865
1233,1766,0.1427504037530169
1233,387,0.12681123192824592
1234,1234,0
1234,285,1
1234,1439,0.92767280527927343
1234,606,0.51711268143576472
1234,379,0.38262317776649329
1234,969,0.22144744007501091
1234,220,0.19160756882578223
1234,53,0.12319109107379342
1234,1248,0.11555440055304572
1234,1100,0.091235391067122487
1234,1381,0.089191094917652397
1234,1399,0.074293846723395368
1234,1024,0.060283754286718449
1234,1609,0.059244177231106379
1234,1893,0.053434383930131328
1235,1235,0
1235,621,1
1235,1237,0.4185172051309039
1235,790,0.41538327740716757
1235,387,0.3448736276405846
1235,548,0.25999026176213808
1235,1688,0.23172149211935297
1235,964,0.17466818560145794
1235,1480,0.15769616802010381
1235,1481,0.1575331386449762
1235,1766,0.15593476653416358
1235,1539,0.15484184920193655
1235,792,0.1545109743140573
1235,806,0.14361825095725309
1235,1018,0.13759835530684753
1236,1236,0
1236,1562,1
1236,610,0.93225239560927986
1236,0,0.5916367647374523
1236,1798,0.36448180300746619
1236,676,0.2938411757149984
1236,1232,0.21872815268564624
1236,1550,0.11950761820274974
1236,1087,0.1134147188456997
1236,1421,0.084908753203034704
1236,435,0.063428724832418973
1236,1699,0.056730446489642691
1236,973,0.026553258783209147
1236,1648,0.021840996551865683
1236,1375,0.019570387680583477
1237,1237,0
1237,241,1
1237,1842,0.49989242821350099
1237,1235,0.29613381833700436
1237,387,0.2871875376360572
1237,1018,0.25175686690255422
1237,964,0.24738837645019557
1237,1425,0.22199306836779609
1237,658,0.21506624249806064
1237,548,0.2007062611634525
1237,790,0.15659770007416976
1237,167,0.14336631026577454
1237,573,0.13218515955332372
1237,1447,0.12810884244593221
1237,1716,0.12650243282041973
1238,1238,0
1238,178,1
1238,608,0.45933357155144805
1238,516,0.41757969935723943
1238,742,0.24274918204453064
1238,177,0.22529172661251637
1238,709,0.2208727354272724
1238,1529,0.21573784598149318
1238,722,0.20251459115402773
1238,1772,0.1974600072327129
1238,148,0.17144333422679278
1238,1172,0.15328196190275378
1238,687,0.14554111654149646
1238,1265,0.12962393556230278
1238,1813,0.1254545696806115
1239,1239,0
1239,481,1
1239,1764,0.58404135560786219
1239,1739,0.42510377321638965
1239,591,0.34300348389467039
1239,1382,0.23122373448657968
1239,1127,0.20003414517934043
1239,1291,0.19329742464373315
1239,1907,0.18271831587166604
1239,1198,0.17705635961551461
1239,409,0.13731528969613221
1239,584,0.12670549600469
1239,562,0.11488532260875245
1239,1402,0.10488087398869142
1239,1587,0.086632438501262732
1240,1240,0
1240,512,1
1240,443,0.39187148943410444
1240,1630,0.38434331837021274
1240,569,0.24675952780520483
1240,1196,0.24658191345788769
1240,364,0.24315992063598516
1240,582,0.23875309301230754
1240,325,0.22516254497343621
1240,435,0.17807886660505171
1240,1840,0.16088473854782021
1240,1347,0.15409076696790674
1240,484,0.1482126365945361
1240,711,0.14540416984403987
1240,1909,0.14359209192833022
1241,1241,0
1241,39,1
1241,1361,0.45573812818797499
1241,1173,0.43550400110696302
1241,229,0.32579544971376451
1241,551,0.25355334301897908
1241,1689,0.22305819138577085
1241,410,0.21138132588228919
1241,730,0.16000293831207038
1241,1458,0.1568024415889816
1241,1160,0.15223511872191955
1241,63,0.14365471539096006
1241,193,0.13335871534571325
1241,1925,0.12897714720767506
1241,362,0.12682881772460133
1242,1242,0
1242,86,1
1242,1192,0.47507803598539378
1242,1612,0.42964506476702491
1242,1005,0.41634403967370276
1242,1640,0.34074707074467331
1242,1645,0.27789234632971843
1242,708,0.24522305053823001
1242,534,0.23383586681140095
1242,1633,0.10996374975824638
1242,963,0.098049983235654711
1242,1814,0.081673254962024489
1242,996,0.068525590388926555
1242,1758,0.06643218466374122
1242,613,0.063479190174155403
1243,1243,0
1243,165,1
1243,1101,0.51195470457296599
1243,1308,0.36222304536324917
1243,808,0.35667965128069334
1243,1799,0.3346410166009362
1243,1459,0.23470529284422675
1243,517,0.17471397406989814
1243,826,0.16536791336707934
1243,1564,0.15607928990152126
1243,1151,0.13628108893181656
1243,840,0.13203521495142259
1243,1998,0.12522338267450853
1243,1547,0.111466022507672
1243,1647,0.1055284195019604
1244,1244,0
1244,244,1
1244,885,0.79012513736452672
1244,1370,0.55856735996750251
1244,846,0.47722426997419731
1244,1933,0.44566213796359966
1244,1624,0.21445996041643681
1244,1923,0.11168872602604707
1244,763,0.057434413124200043
1244,673,0.05505456959792876
1244,1368,0.048037509487408106
1244,1882,0.044242865320404695
1244,1193,0.039888847646907005
1244,1812,0.038434599741034844
1244,1320,0.026070468740140035
1245,1245,0
1245,877,1
1245,203,0.63504599861163591
1245,1924,0.27354155768779709
1245,1454,0.26617804223597419
1245,1752,0.24625079244962242
1245,1596,0.22659339762559813
1245,1647,0.18790516791898138
1245,517,0.17535198683295217
1245,1955,0.16706462486308385
1245,165,0.1667416131905114
1245,1600,0.16457562637597037
1245,1948,0.15334502958268159
1245,210,0.1230854831504065
1245,1459,0.12120914907873603
1246,1246,0
1246,1058,1
1246,1084,0.67261201513526103
1246,87,0.32860226562110784
1246,416,0.2840774071987538
1246,937,0.23510446397995866
1246,1023,0.20983499143913348
1246,1304,0.19781344834999934
1246,1711,0.17067086245451951
1246,1409,0.15306811021086847
1246,602,0.15086878116114177
1246,1088,0.1394078252926326
1246,334,0.12653855534281105
1246,821,0.12324717953077587
1246,436,0.11504541287929734
1247,1247,0
1247,134,1
1247,154,0.5786630456008337
1247,277,0.43591170067542506
1247,205,0.2977397604649934
1247,26,0.2894875457448377
1247,818,0.24885021537804
1247,996,0.16770585599091742
1247,441,0.14160378706481547
1247,534,0.13346393187610214
1247,1263,0.12895774505862079
1247,1550,0.12622083775587153
1247,295,0.12483097349334536
1247,665,0.12023426373901892
1247,138,0.11322943946789062
1248,1248,0
1248,1399,1
1248,531,0.90878856931635899
1248,1024,0.30702737550354964
1248,177,0.23449254818090615
1248,922,0.20286941131704742
1248,740,0.17571923050230173
1248,1381,0.16899047704907844
1248,1930,0.1651402414510881
1248,1893,0.14567041009959886
1248,25,0.13429888841163559
1248,1323,0.11963697768267764
1248,1408,0.11634901376469931
1248,444,0.1140307897207907
1248,1496,0.11388046818450145
1249,1249,0
1249,706,1
1249,1115,0.42385149383945281
1249,852,0.3760168510006946
1249,1479,0.36470750554703185
1249,390,0.33365680529350472
1249,1506,0.29564077606175071
1249,1307,0.20650582930567749
1249,1794,0.20524333476907211
1249,157,0.15359841473727912
1249,1391,0.12620942144395422
1249,107,0.12341007576609726
1249,1141,0.10523302034413259
1249,445,0.10154021769636858
1249,1731,0.09127167414742654
1250,1250,0
1250,550,1
1250,369,0.8284500007014004
1250,1974,0.40513309112452484
1250,1568,0.29788955789135946
1250,1034,0.19829123979505328
1250,382,0.18504614091508839
1250,1967,0.17709847727955896
1250,1092,0.16071433593740142
1250,861,0.12400352711908062
1250,455,0.1206985794463359
1250,450,0.10619216293017116
1250,962,0.10606982361173617
1250,572,0.10552066109726088
1250,596,0.091786760981598978
1251,1251,0
1251,644,1
1251,518,0.51787667744165733
1251,1357,0.32697557181118747
1251,400,0.28489004229056636
1251,216,0.2134216511736623
1251,1892,0.2049879516940207
1251,754,0.203195319930219
1251,1305,0.19957657001836812
1251,345,0.19755702037986947
1251,1041,0.19184674120119
1251,520,0.16835107406967473
1251,1644,0.14678447734157649
1251,1632,0.12950050545225189
1251,1167,0.12192702689428764
1252,1252,0
1252,1138,1
1252,723,0.66430053768687947
1252,670,0.35667429843242926
1252,1344,0.23181097993055547
1252,986,0.20811896633304355
1252,1006,0.19469374543115509
1252,232,0.18942661651395881
1252,31,0.1875431596041498
1252,1090,0.17666804481984805
1252,471,0.17084133226888984
1252,353,0.14269869530043133
1252,215,0.12950640950997835
1252,1418,0.12894684805365372
1252,309,0.12566506117050322
1253,1253,0
1253,1030,1
1253,1283,0.67495312570107879
1253,1700,0.56809715640964953
1253,838,0.33026262946171647
1253,411,0.27419443098091179
1253,1117,0.17385006245696391
1253,497,0.16835044927012024
1253,242,0.15287269119538394
1253,1532,0.14723586560782093
1253,1153,0.091635420711112123
1253,1604,0.090325895682452945
1253,451,0.082434020434483488
1253,1851,0.078470370587096869
1253,1333,0.074216840282409477
1254,1254,0
1254,1262,1
1254,1654,0.44952412313063533
1254,1721,0.35999747684471578
1254,716,0.31490362552923468
1254,1631,0.28522585917233489
1254,118,0.24957459184599293
1254,1581,0.22146564371424007
1254,1956,0.19735605467860234
1254,880,0.18194633865800314
1254,1188,0.17618921480574071
1254,326,0.12957031197125024
1254,1684,0.12725477611865391
1254,942,0.11996613135988538
1254,314,0.093921463920715015
1255,1255,0
1255,1909,1
1255,1447,0.36345510714018731
1255,1027,0.34921709750682955
1255,582,0.30335610185826828
1255,574,0.29345445049776575
1255,387,0.24176390258879427
1255,1645,0.22974046863173989
1255,1199,0.21509658474660448
1255,916,0.19408710344416141
1255,981,0.18417529899148424
1255,940,0.15784830715492124
1255,534,0.13590690492035917
1255,1159,0.12178921914481496
1255,1272,0.11699259118538989
1256,1256,0
1256,1034,1
1256,245,0.54033631819915251
1256,1690,0.33480052839097491
1256,124,0.26560960355946633
1256,689,0.24652644998904913
1256,835,0.23929351838722449
1256,115,0.21867752393194834
1256,1082,0.21611249575946576
1256,655,0.1506043218271404
1256,75,0.15041989185962401
1256,1284,0.14780331954106532
1256,1634,0.14472239781721133
1256,274,0.13840350956193984
1256,923,0.11358159794384398
1257,1257,0
1257,559,1
1257,356,0.78641074411903611
1257,622,0.43886734524643928
1257,455,0.41194892916803588
1257,664,0.31834239988989665
1257,115,0.21580072009430451
1257,1228,0.17871232206038198
1257,273,0.17393972922567572
1257,348,0.13769204366075888
1257,1774,0.088439594172668751
1257,1827,0.045212669330867213
1257,1912,0.040851418750299032
1257,1736,0.039018722172475054
1257,1713,0.031650932778714218
1258,1258,0
1258,1731,1
1258,1115,0.71943517570346227
1258,390,0.50507877843767146
1258,308,0.45774007363797109
1258,43,0.27065705912533211
1258,1249,0.22803579185631159
1258,995,0.2123796552447989
1258,852,0.14354543854789142
1258,1391,0.10792894711793198
1258,1411,0.076161038289514107
1258,860,0.074000448205737437
1258,1352,0.04285733797544989
1258,1079,0.036799794797991309
1258,486,0.032272354338601622
1259,1259,0
1259,1695,1
1259,858,0.39860166764996935
1259,1411,0.33434525307610574
1259,1511,0.32575115393946136
1259,1859,0.26825677661984426
1259,1091,0.25329207098326789
1259,1527,0.22046963398003361
1259,1885,0.22035085767977564
1259,1635,0.20745541523879141
1259,969,0.18787788554139101
1259,1663,0.13172439703985289
1259,444,0.12201140366202165
1259,462,0.12073809128694106
1259,126,0.11602320254709991
1260,1260,0
1260,1067,1
1260,1818,0.42182945438357905
1260,1283,0.32045032486089031
1260,1095,0.31497102164806334
1260,861,0.28929085787819492
1260,1700,0.20524470891668856
1260,1069,0.19482787407764238
1260,242,0.18048989341724245
1260,1138,0.18004351212834685
1260,1502,0.17835576041046958
1260,1457,0.17632697757243934
1260,865,0.16566901672192433
1260,626,0.14324992505680867
1260,1268,0.13614432591737438
1261,1261,0
1261,28,1
1261,133,0.66092880275212851
1261,1498,0.4928505056084998
1261,1291,0.42546208872389529
1261,84,0.32175699452488155
1261,315,0.22593968102245013
1261,230,0.1773008108055073
1261,41,0.13831754561631263
1261,584,0.11779020130171505
1261,1312,0.10371086665894316
1261,1846,0.074378886687457152
1261,644,0.059041379245466964
1261,302,0.055090857098829278
1261,1127,0.054317328680676638
1262,1262,0
1262,1254,1
1262,1631,0.88852187744501876
1262,1728,0.34962977579266502
1262,942,0.17596932085919212
1262,38,0.17249304496282949
1262,451,0.16959119011168428
1262,1553,0.15414383181013872
1262,841,0.15367565820012855
1262,1995,0.14988587150031182
1262,1684,0.14556752820781618
1262,488,0.14244420136076019
1262,1654,0.14140467449952071
1262,289,0.13744098769404176
1262,1956,0.12612437943083615
1263,1263,0
1263,847,1
1263,295,0.74793177671592326
1263,135,0.28468430410413392
1263,134,0.21147653355093288
1263,154,0.20855871234108361
1263,343,0.20828178353954155
1263,1958,0.20252540233122135
1263,138,0.17963543976129662
1263,511,0.16636038878894743
1263,534,0.16328540259167654
1263,1617,0.14862177591240128
1263,1247,0.13693453262449087
1263,1916,0.12842276046517312
1263,247,0.12017747040903269
1264,1264,0
1264,1970,1
1264,631,0.75508714926395237
1264,510,0.72606920496865601
1264,1815,0.64399796331166359
1264,740,0.18966941770723461
1264,1093,0.1146176533892171
1264,1140,0.09453191582591014
1264,1172,0.088651034321831371
1264,424,0.053916213248777767
1264,103,0.053764872541158651
1264,25,0.05276058625374886
1264,1930,0.052087394590926026
1264,1744,0.044297792188908648
1264,1037,0.037434291675343311
1265,1265,0
1265,1123,1
1265,1608,0.62180964286675378
1265,742,0.30977602374486962
1265,1449,0.28409335566638333
1265,722,0.24645394067642556
1265,1559,0.2317559116760243
1265,1692,0.21355068369361316
1265,8,0.20170541388973492
1265,1327,0.17136225376437964
1265,178,0.1367003405930064
1265,1183,0.12420009058696269
1265,748,0.12368347762851531
1265,1007,0.12118217997094961
1265,784,0.12062661407099497
1266,1266,0
1266,970,1
1266,801,0.80940493090728138
1266,1659,0.61142152634941915
1266,690,0.31825843847640872
1266,1194,0.27490165316044163
1266,994,0.23305934551418703
1266,1186,0.1481071230608163
1266,6,0.10674946695082224
1266,22,0.1066927429948057
1266,301,0.087165355961388247
1266,18,0.080771156950392706
1266,677,0.051616541108874495
1266,233,0.040134405904072842
1266,1076,0.038600182470826243
1267,1267,0
1267,355,1
1267,815,0.47744098040905952
1267,807,0.4483953733294232
1267,743,0.32378085578203736
1267,1417,0.20182943929600167
1267,45,0.1892842273069355
1267,66,0.18293860412770074
1267,57,0.1811720992642247
1267,1535,0.16880442626230346
1267,199,0.15126527469632972
1267,1025,0.14938034904851094
1267,1144,0.14837097475039246
1267,536,0.14779793296835869
1267,1803,0.13643527755147636
1268,1268,0
1268,585,1
1268,1295,0.33466899531499228
1268,804,0.2822763597007939
1268,664,0.27957575046967842
1268,1457,0.25258139273510372
1268,1069,0.25126067827771781
1268,1030,0.23992170530141302
1268,1122,0.21047422652895323
1268,861,0.20766088522984891
1268,865,0.19410928416674725
1268,546,0.17995166636682136
1268,1715,0.17495087344625693
1268,1135,0.16247003271316146
1268,1568,0.13698062128907368
1269,1269,0
1269,402,1
1269,94,0.95511138924948047
1269,208,0.5470981390968529
1269,1093,0.22163224433147063
1269,918,0.17397615565828611
1269,393,0.16289908521938307
1269,1003,0.15049408506797388
1269,910,0.14733388431592534
1269,798,0.13887550053338604
1269,357,0.10472496403212835
1269,1963,0.088629344073202859
1269,1794,0.08387885375254589
1269,606,0.066378007031790809
1269,740,0.06585976609212757
1270,1270,0
1270,424,1
1270,922,0.46848959764776033
1270,687,0.3199473679461356
1270,765,0.28297983569536445
1270,107,0.25986179398570325
1270,444,0.25686578514524966
1270,1663,0.21455855335843049
1270,740,0.18371090765139131
1270,1935,0.17991135440808237
1270,1635,0.17786176334725209
1270,514,0.16220629106020773
1270,678,0.15236632700233879
1270,539,0.12895724641988512
1270,722,0.11917113262538889
1271,1271,0
1271,1018,1
1271,551,0.87101941928477866
1271,468,0.64861756485709421
1271,59,0.57758935464144845
1271,676,0.40738990468963904
1271,1421,0.082503531539170935
1271,1578,0.075237666459532879
1271,1898,0.074689963510102444
1271,452,0.069657531656882959
1271,181,0.034642066269429866
1271,1682,0.022314183999217699
1271,1415,0.014644895990824573
1271,949,0.014434199438834554
1271,796,0.014145698221663604
1272,1272,0
1272,1036,1
1272,1380,0.50093235697985639
1272,1709,0.3382717947968078
1272,1649,0.32347157466841692
1272,1950,0.28107296937297493
1272,1027,0.19876855672849306
1272,1255,0.19073578922273238
1272,1902,0.17631196838726593
1272,582,0.17181273633339186
1272,1503,0.1527965147297545
1272,1539,0.15169731240081205
1272,69,0.14720622238261521
1272,362,0.13882130749443683
1272,387,0.13499171513701039
1273,1273,0
1273,1936,1
1273,942,0.93259353660752564
1273,487,0.44425456142779546
1273,459,0.28756039570435843
1273,779,0.2017102224054729
1273,844,0.17416190188157255
1273,1283,0.1434141105933614
1273,1022,0.13359382553904595
1273,242,0.115913341308651
1273,1604,0.11291769226083125
1273,988,0.095585265809784242
1273,1471,0.09234622801276697
1273,1050,0.087003586708553043
1273,243,0.085843908855183726
1274,1274,0
1274,1885,1
1274,1935,0.48266803924325696
1274,1350,0.31860230936427486
1274,333,0.31732186476136109
1274,1844,0.2715461259416147
1274,1411,0.2704674844292882
1274,1751,0.20465989900826553
1274,1115,0.18181330968723625
1274,107,0.16505789926855868
1274,860,0.14812588647613775
1274,514,0.14465984885358427
1274,639,0.13981402070553609
1274,692,0.13576157258912583
1274,852,0.12639682016265674
1275,1275,0
1275,195,1
1275,994,0.45382284397726641
1275,956,0.43083271481249102
1275,997,0.32886001669565701
1275,1526,0.27299416762224871
1275,184,0.21246454401998022
1275,1186,0.19988993841268662
1275,399,0.18068835824099438
1275,1012,0.15404723185678337
1275,953,0.15318325387793016
1275,1181,0.14473909857954323
1275,1280,0.13595583175084258
1275,664,0.12390282565241116
1275,491,0.11550727425168981
1276,1276,0
1276,856,1
1276,1094,0.48623518841947289
1276,1669,0.43172678395359365
1276,1200,0.36230168749929254
1276,1548,0.32467765962716783
1276,189,0.2014585492035256
1276,294,0.18550767585387615
1276,921,0.15213648089509449
1276,1318,0.14426849289919114
1276,1992,0.13492573265936716
1276,737,0.13469496134876813
1276,1967,0.12604306245376731
1276,195,0.11206293947506898
1276,1586,0.11084651331051899
1277,1277,0
1277,674,1
1277,1304,0.3600324989363603
1277,1136,0.33697137271400085
1277,200,0.27728229127707549
1277,1751,0.26811715141394271
1277,1746,0.23841458007700925
1277,1319,0.21934581255711652
1277,1890,0.21344420896332375
1277,1449,0.207374040273337
1277,878,0.18237738053321442
1277,721,0.1590352629179069
1277,950,0.15225465347036918
1277,1947,0.14658237512829056
1277,1549,0.14566446149021947
1278,1278,0
1278,385,1
1278,1814,0.54949151495359305
1278,1242,0.42251930887124739
1278,870,0.33624313515946941
1278,650,0.31795975832625639
1278,262,0.2397270470617871
1278,1446,0.18947489674573556
1278,1612,0.17305501813916929
1278,695,0.12544460506958061
1278,1008,0.12045057243241171
1278,174,0.11696554337369973
1278,1861,0.11311046403533888
1278,1597,0.10198442495991718
1278,1156,0.10046693990034355
1279,1279,0
1279,324,1
1279,1392,0.93899104114649234
1279,1948,0.83122921060012911
1279,271,0.42054407731742777
1279,914,0.24261604297751505
1279,494,0.096122111376229266
1279,1872,0.08376401448376608
1279,1456,0.065357875805530694
1279,104,0.063847226456467357
1279,400,0.047657288958805971
1279,81,0.040296615604808961
1279,1025,0.031065930227047962
1279,1961,0.023424569865832835
1279,1760,0.021977554767311686
1280,1280,0
1280,1556,1
1280,1022,0.41170899923340581
1280,1526,0.35400090127776096
1280,195,0.26779238211307471
1280,206,0.23853588101690934
1280,1068,0.23016575067403766
1280,459,0.21321481951141366
1280,184,0.21119907775210658
1280,491,0.20996083981935484
1280,1,0.19742430362187957
1280,1012,0.15387190456256949
1280,1067,0.14488943440189966
1280,880,0.14461022636042084
1280,79,0.12951420033685659
1281,1281,0
1281,1597,1
1281,949,0.46749511764837004
1281,1925,0.33396246917533506
1281,1909,0.2940526864598173
1281,806,0.23999915610593286
1281,1447,0.22820906408556252
1281,1551,0.21170507825038148
1281,387,0.1968522324575214
1281,1481,0.18029929458368466
1281,870,0.16647879448179681
1281,792,0.15848715875002767
1281,1640,0.15119404464886019
1281,1645,0.14230565592575731
1281,320,0.13584279993055262
1282,1282,0
1282,1435,1
1282,1966,0.48981537028919681
1282,1549,0.47951521300175792
1282,834,0.30337262481604327
1282,1238,0.26202362197200946
1282,1222,0.22664396522894942
1282,645,0.20127143666061531
1282,178,0.16109184933068091
1282,1507,0.15487837889219699
1282,1813,0.14243066377679237
1282,901,0.14105204682309194
1282,516,0.12207587881785432
1282,91,0.11732278533689319
1282,1619,0.10540149148289424
1283,1283,0
1283,242,1
1283,1684,0.30039498175597423
1283,1219,0.29169168049836647
1283,844,0.29125122557248406
1283,1260,0.22571432795143676
1283,1767,0.22368209601744446
1283,1273,0.22134304919578421
1283,954,0.2196007676519724
1283,1092,0.21031378347238497
1283,375,0.19682662029971498
1283,1700,0.1942869198813009
1283,1253,0.18500741335371612
1283,1651,0.17735197550748105
1283,243,0.16942163919410633
1284,1284,0
1284,596,1
1284,145,0.93481484407580884
1284,155,0.6637526630555145
1284,1116,0.27764399426025971
1284,243,0.26859187440645171
1284,1094,0.21564621150830016
1284,838,0.11371166225513801
1284,523,0.10717845598609978
1284,1967,0.088170566570444198
1284,791,0.066916200689394106
1284,525,0.048739990463829777
1284,1034,0.045361059511316283
1284,1289,0.038432149163871297
1284,92,0.037926273609432945
1285,1285,0
1285,58,1
1285,1663,0.73037499836343311
1285,1470,0.45330524945764522
1285,762,0.39959083676213841
1285,1662,0.21150956922427078
1285,781,0.1904592709870104
1285,753,0.18391188209724349
1285,346,0.15584697989592597
1285,1530,0.11451067297032989
1285,1314,0.10743579813702814
1285,1496,0.10156226459410743
1285,531,0.097902928218195601
1285,1674,0.083308477427731426
1285,1440,0.077179507699934674
1286,1286,0
1286,1991,1
1286,780,0.61060070668138244
1286,765,0.51081714904431907
1286,1567,0.50737901379430594
1286,323,0.23210858646025517
1286,1134,0.20384998175355901
1286,514,0.15263261807236514
1286,371,0.13705494339815671
1286,67,0.12260263185333624
1286,805,0.10736714863298623
1286,643,0.10425623761805848
1286,445,0.10097173328317065
1286,259,0.059924954781122843
1286,919,0.057323590863070546
1287,1287,0
1287,1121,1
1287,1231,0.44751422956744807
1287,799,0.3447125112004864
1287,575,0.28425008194713736
1287,1571,0.25282217969450832
1287,1155,0.24405396435426371
1287,693,0.23903953638354106
1287,885,0.22115885937611957
1287,81,0.18256957311828523
1287,472,0.15075040650569432
1287,1061,0.14529020788618521
1287,552,0.14093185724041193
1287,23,0.12814925436994237
1287,734,0.12564076651912637
1288,1288,0
1288,1856,1
1288,600,0.40998641472265812
1288,61,0.34859556976452
1288,1033,0.34131931497846763
1288,1821,0.27226884773377524
1288,500,0.20991062213484543
1288,902,0.18820660676406148
1288,1559,0.18487470072630272
1288,60,0.1699096711808212
1288,200,0.16073045204129932
1288,678,0.15938964313097748
1288,687,0.15639071761332415
1288,178,0.15471857878588527
1288,1351,0.15058820236075893
1289,1289,0
1289,145,1
1289,1284,0.37295540972359803
1289,243,0.37091100129339366
1289,1378,0.36243746619129891
1289,791,0.2784174428129722
1289,1069,0.22628232764096187
1289,596,0.21802850342270327
1289,525,0.2092632690770839
1289,113,0.18462668258872092
1289,686,0.17067343557717168
1289,1974,0.1542424179494809
1289,1568,0.13581512055237452
1289,1660,0.11583203065067536
1289,1125,0.10740375006609897
1290,1290,0
1290,690,1
1290,118,0.64525387862255212
1290,1152,0.29725742910956643
1290,48,0.27161410655851237
1290,841,0.25006605061459619
1290,1654,0.21010628544618495
1290,1471,0.20027922979943838
1290,1819,0.19498066291591473
1290,380,0.17701810992758846
1290,301,0.16994823004271417
1290,1325,0.14888820095175112
1290,716,0.12796790227342755
1290,487,0.1125728698000143
1290,1266,0.10092770929045351
1291,1291,0
1291,345,1
1291,408,0.58997139010016186
1291,1395,0.451330568206535
1291,584,0.35031581006407092
1291,1498,0.34201186399211669
1291,354,0.22275160020363197
1291,553,0.20859547512618579
1291,101,0.13273728415925337
1291,1305,0.1124261319019661
1291,839,0.10761575800804662
1291,1239,0.099251014926915584
1291,1261,0.097201519975081349
1291,820,0.096496363719918654
1291,28,0.096182789530315019
1292,1292,0
1292,726,1
1292,721,0.79111224342874797
1292,1304,0.25775658929351525
1292,764,0.25178655625335922
1292,1404,0.2465820740139571
1292,1088,0.22272485938292824
1292,1890,0.17239880956027431
1292,1963,0.17222700536080399
1292,1804,0.15836263048045957
1292,1024,0.15079978555741674
1292,1093,0.1283359510193772
1292,1321,0.12665638392473846
1292,917,0.11581512358190729
1292,1476,0.11233038505903344
1293,1293,0
1293,940,1
1293,1102,0.67113170393740584
1293,1447,0.47505350270440999
1293,508,0.37506650458804314
1293,1126,0.28634287358599475
1293,1103,0.22611487310312253
1293,1255,0.13604965578710868
1293,889,0.13010011635420116
1293,1199,0.12056737392771436
1293,859,0.12016512720657495
1293,1027,0.11347428098827839
1293,963,0.093702018707433915
1293,1211,0.09249442932072581
1293,1227,0.066625068604248674
1294,1294,0
1294,1561,1
1294,579,0.95599804487638573
1294,1178,0.31325815256309403
1294,1978,0.21886139828015463
1294,1792,0.21678122223432927
1294,1750,0.21302936084241769
1294,702,0.21169227288882475
1294,1680,0.19777291248986173
1294,980,0.12078389333819758
1294,240,0.11772969138331572
1294,713,0.096939568627128048
1294,605,0.083707437838368537
1294,1489,0.082948303650972013
1294,1475,0.077396573477597638
1295,1295,0
1295,1030,1
1295,865,0.81056247371585766
1295,1268,0.35942406922778031
1295,1984,0.25482051604907674
1295,1457,0.20902941813350073
1295,1967,0.19930123985867598
1295,1153,0.16788519950488764
1295,1805,0.15277893477568813
1295,243,0.15210281386472774
1295,1303,0.1402618524913174
1295,92,0.12652169912841407
1295,113,0.11334497791356798
1295,861,0.11244222212100463
1295,596,0.10842403846643452
1296,1296,0
1296,253,1
1296,476,0.36744967303201514
1296,663,0.36015659346533752
1296,623,0.30839069835062455
1296,1321,0.30286060841304202
1296,1404,0.27495000185092494
1296,1171,0.27210616532702864
1296,1003,0.24412394723604677
1296,1991,0.21230487711570362
1296,1433,0.16020373033268293
1296,393,0.1444865848604972
1296,1905,0.089140450674315502
1296,805,0.085739005120068157
1296,370,0.084971410081075976
1297,1297,0
1297,456,1
1297,717,0.38923343314941639
1297,1303,0.27038218848565304
1297,1557,0.26524725547752515
1297,369,0.24478105826813024
1297,1513,0.24439121141955353
1297,145,0.22068845684675231
1297,1568,0.2157951453555155
1297,450,0.21082021656260067
1297,1967,0.20111123646109019
1297,215,0.17864026960471582
1297,415,0.17540342931509292
1297,1330,0.15200138486681594
1297,499,0.13839723318074995
1298,1298,0
1298,1954,1
1298,213,0.344725271167792
1298,1723,0.33974905251907678
1298,1042,0.30151066411891408
1298,725,0.25853962857494744
1298,629,0.25063451698849415
1298,1309,0.22816958729077313
1298,1402,0.21012191967030616
1298,44,0.18003433877722133
1298,1587,0.17686611972884253
1298,171,0.16070690402886123
1298,199,0.1531402096835382
1298,1395,0.15153683304684129
1298,1535,0.15115722109278359
1299,1299,0
1299,421,1
1299,1448,0.44047281501355529
1299,996,0.39349978969425925
1299,906,0.38584385788187048
1299,1062,0.32750356272702025
1299,468,0.26749489038497726
1299,1798,0.18157840143679466
1299,1682,0.17814608289767594
1299,93,0.12562110881691921
1299,257,0.12510785445970582
1299,613,0.12268257364366003
1299,1929,0.12023320319908992
1299,185,0.12019313522246826
1299,777,0.11850997557324271
1300,1300,0
1300,1771,1
1300,1752,0.98923764161954464
1300,1013,0.51762514774160462
1300,1148,0.27869546203702417
1300,312,0.21053505694091593
1300,1308,0.16526832030664532
1300,203,0.13509590896881041
1300,840,0.13013196858560444
1300,928,0.12528088831657758
1300,1847,0.093312346274886798
1300,1204,0.070715265501356053
1300,580,0.067417092890317734
1300,197,0.064880674154386558
1300,1907,0.058697468793803761
1301,1301,0
1301,519,1
1301,1911,0.36100537353133383
1301,1339,0.3545181174029865
1301,894,0.29831536337988573
1301,1218,0.26741223405090025
1301,157,0.21236139403524995
1301,926,0.20381212651294006
1301,1435,0.19842018973343964
1301,1449,0.18619278156333094
1301,1201,0.17939048566770002
1301,1751,0.17127427164918343
1301,1212,0.16254921048564561
1301,1733,0.15799090933458443
1301,32,0.15364717096236766
1302,1302,0
1302,1981,1
1302,1792,0.74812742389328635
1302,579,0.72534118361243449
1302,1750,0.44045688885040818
1302,328,0.25837842383394
1302,1561,0.22893580365804009
1302,605,0.10765429578633763
1302,1345,0.1061365157436512
1302,1178,0.077137369462337138
1302,484,0.063898581619591707
1302,5,0.059762275003205703
1302,196,0.034437575541465877
1302,702,0.032039447752861487
1302,1441,0.02457898789099517
1303,1303,0
1303,2,1
1303,865,0.41309365868664943
1303,1700,0.37239651535476143
1303,1330,0.30600838778782546
1303,145,0.26406045080125412
1303,568,0.25150380672389577
1303,618,0.23857425358990725
1303,1457,0.21976643247513267
1303,1122,0.17608277108590309
1303,717,0.16868765756583365
1303,982,0.15662552481434017
1303,243,0.12115981276152052
1303,1295,0.11145813226542672
1303,1378,0.10748062514413534
1304,1304,0
1304,1804,1
1304,1136,0.72461716263858411
1304,1292,0.45081742410926634
1304,721,0.38445799367028927
1304,370,0.24271265442321113
1304,1277,0.20622244432960796
1304,764,0.17356490811850603
1304,794,0.16309153813440402
1304,1947,0.15293148747945079
1304,1890,0.12164524340255534
1304,365,0.088066674255514538
1304,1409,0.071133828344953118
1304,1751,0.064912563106113041
1304,878,0.062725161525339662
1305,1305,0
1305,345,1
1305,1685,0.46573986884792634
1305,354,0.34091523139309521
1305,1862,0.25394210943551015
1305,1543,0.2392880064580252
1305,400,0.2158797488070559
1305,408,0.2155890160598333
1305,224,0.19992437405366148
1305,754,0.19801964106485115
1305,101,0.16841335393157469
1305,1780,0.16160484514979001
1305,592,0.15827617007751024
1305,1884,0.15108371888501587
1305,520,0.13822140791957407
1306,1306,0
1306,881,1
1306,1327,0.85317455862689751
1306,930,0.85024573551651994
1306,1704,0.61302858605464927
1306,1828,0.39450644865889234
1306,1007,0.10822418926998337
1306,1328,0.033710660512181807
1306,1416,0.028471278484792452
1306,1442,0.0094324580540905544
1306,1408,0.0060959164098056519
1306,898,0.0056197036475041902
1306,612,0.0016504290478013542
1306,538,0.0014983145031962535
1306,948,0.0012411933142327087
1307,1307,0
1307,1747,1
1307,1506,0.8165200186420446
1307,1794,0.71443208373883016
1307,1249,0.38575178933633769
1307,33,0.37310694104981651
1307,1043,0.20661265833968637
1307,849,0.099300826955227864
1307,918,0.087509555910837158
1307,876,0.070274847860036585
1307,667,0.051983953195168284
1307,1886,0.045518099612059895
1307,144,0.030103447907479836
1307,706,0.013378003358527332
1307,1141,0.012399928624628805
1308,1308,0
1308,1243,1
1308,1760,0.48032575101157798
1308,165,0.37661096473188221
1308,349,0.25230683831234679
1308,517,0.25207440365695366
1308,1204,0.22059019016605494
1308,840,0.19610627856480242
1308,1770,0.1853408499269843
1308,808,0.17727482846944503
1308,1847,0.17675489551480128
1308,1151,0.16097704216288433
1308,584,0.14905709396405048
1308,1771,0.14119562542209649
1308,580,0.13827919925643167
1309,1309,0
1309,338,1
1309,1042,0.99367964011747756
1309,250,0.33708826764521338
1309,354,0.33644161817679508
1309,1395,0.3011221853826016
1309,213,0.28189982866666646
1309,44,0.21307547659447409
1309,592,0.11270692190474998
1309,1387,0.075800097990569859
1309,409,0.065000878415062094
1309,405,0.055364443130194965
1309,594,0.048550334058242085
1309,95,0.04604292699286034
1309,199,0.040119829324026586
1310,1310,0
1310,636,1
1310,1626,0.82614878220504873
1310,47,0.71674335976377157
1310,1418,0.19221828774350269
1310,1063,0.18277303947958182
1310,373,0.17256145126023553
1310,1135,0.15734861204994774
1310,1528,0.14075074290224329
1310,1502,0.11243443776625406
1310,1374,0.097431155329331151
1310,1124,0.095849006282920854
1310,752,0.082527621656635616
1310,1918,0.074208672967070538
1310,1068,0.05589532411779434
1311,1311,0
1311,1969,1
1311,608,0.43806678189619608
1311,164,0.3382028639009117
1311,890,0.27157114083442491
1311,1772,0.24786798021263223
1311,1493,0.22937343811994468
1311,1797,0.21344669902336094
1311,429,0.18536141503952547
1311,894,0.18530404834972333
1311,1486,0.17238844483540441
1311,742,0.16637738204913616
1311,1970,0.1553454034634088
1311,1704,0.1523513042461741
1311,188,0.15123205315526034
1312,1312,0
1312,302,1
1312,1459,0.52247530224117367
1312,1101,0.33948374625224048
1312,84,0.31639037480858567
1312,1987,0.29270229438343792
1312,899,0.21259975065485612
1312,41,0.19261695366352174
1312,1243,0.17429868835648485
1312,1799,0.16522127201654796
1312,165,0.16313347486142588
1312,1988,0.15050737050367327
1312,728,0.13703911838758434
1312,1564,0.13062543375582683
1312,1904,0.10978824849365983
1313,1313,0
1313,356,1
1313,559,0.89285651889775208
1313,1188,0.59963846084322647
1313,1482,0.39295421884059473
1313,1191,0.36921149076160525
1313,411,0.11057798247612401
1313,992,0.092966284902601032
1313,451,0.078287930082090645
1313,843,0.074498577560508664
1313,827,0.073937110544145451
1313,956,0.059720683260595334
1313,1077,0.057323717431337767
1313,1318,0.05653003395463075
1313,255,0.048381129124900342
1314,1314,0
1314,1674,1
1314,601,0.82040564087308199
1314,332,0.79738581578655454
1314,58,0.69712069421996659
1314,1352,0.11167956830574337
1314,565,0.10730450218913395
1314,237,0.080290370841967579
1314,1512,0.066570173711336084
1314,1890,0.048150815639070706
1314,1182,0.047171425249480037
1314,200,0.03787214164471063
1314,1285,0.035483601665780781
1314,762,0.031823468276011804
1314,753,0.025631676377188616
1315,1315,0
1315,1980,1
1315,1457,0.75816671002361191
1315,666,0.34960239581625324
1315,988,0.33169139161689348
1315,96,0.24836430594245495
1315,153,0.21304802946282786
1315,1418,0.20251295319618151
1315,1696,0.15317675035119685
1315,1325,0.14512063494087837
1315,1918,0.13917431386478213
1315,683,0.10560457657902624
1315,92,0.1030404000870422
1315,585,0.093493467054912252
1315,361,0.063898567596347877
1316,1316,0
1316,99,1
1316,1392,0.976253213384214
1316,81,0.62407576795100195
1316,754,0.58476512035499051
1316,556,0.26406622093100035
1316,1871,0.13856176121882685
1316,400,0.08735796145079508
1316,592,0.082332372539591372
1316,23,0.044073329539659659
1316,1566,0.040723767562709838
1316,1862,0.025298300105428682
1316,1387,0.014663743781402148
1316,914,0.014245537325627017
1316,1072,0.010472993744655674
1317,1317,0
1317,1532,1
1317,456,0.76326254417926964
1317,1348,0.73411678966555605
1317,1092,0.25988917763296848
1317,1331,0.24286731418420998
1317,615,0.14389966202759355
1317,829,0.13732511662661795
1317,1162,0.10450970996868475
1317,232,0.10219282880247059
1317,1628,0.10091896653929161
1317,1074,0.095949979828335183
1317,369,0.084249420468917993
1317,572,0.071118635399069957
1317,1330,0.066596771935194116
1318,1318,0
1318,255,1
1318,1586,0.68439304361059772
1318,654,0.49988607170074861
1318,294,0.41390044755385474
1318,1077,0.38569407211341511
1318,1474,0.28851001115427638
1318,1162,0.16261935758244841
1318,1276,0.081047101972466104
1318,856,0.077293849737549755
1318,1191,0.07590682543621971
1318,1669,0.067087402269250446
1318,737,0.063291158374821979
1318,1581,0.053658986017717694
1318,1330,0.053596390556032082
1319,1319,0
1319,1342,1
1319,1349,0.49490977871477848
1319,1277,0.38527088436782403
1319,1619,0.35487248356198975
1319,674,0.26675641214068002
1319,1890,0.26003703381189114
1319,721,0.19498319606810938
1319,1292,0.16323927523979109
1319,237,0.15050190645911465
1319,177,0.14826659673315848
1319,1304,0.13634702327572273
1319,1088,0.13467760362436221
1319,1140,0.1166865803729575
1319,1919,0.10034422375377201
1320,1320,0
1320,739,1
1320,885,0.51469383161151039
1320,1933,0.44172988583569767
1320,877,0.43815234043325524
1320,1392,0.28429766571795884
1320,268,0.26883496608914503
1320,446,0.24166261775196216
1320,763,0.14951947988330247
1320,1810,0.13750996671401994
1320,822,0.12868824381701546
1320,265,0.086359118968889384
1320,1244,0.073288199568236984
1320,1965,0.072182751705361106
1320,20,0.069976289866461691
1321,1321,0
1321,253,1
1321,1404,0.37904871896733688
1321,208,0.37853760825296229
1321,1433,0.29932340557024167
1321,393,0.2897965928071296
1321,1772,0.24525071703708437
1321,890,0.22163198200228287
1321,910,0.20484400743899897
1321,1292,0.18083590581156161
1321,370,0.16743452239650267
1321,1024,0.15088955574899093
1321,402,0.1448068100270101
1321,1804,0.12411876360570591
1321,1093,0.12036560488069971
1322,1322,0
1322,1380,1
1322,1020,0.70782524327159091
1322,1036,0.43768739105159177
1322,0,0.33923895079031807
1322,1852,0.25609405704520466
1322,1539,0.24418680122435646
1322,1648,0.16220807217795785
1322,806,0.15904773755324397
1322,973,0.1349414601357441
1322,1014,0.13024358667422115
1322,1505,0.093625710536590412
1322,912,0.08780948281884568
1322,1272,0.078642200588259617
1322,790,0.07533680292819199
1323,1323,0
1323,148,1
1323,1399,0.61059898513404876
1323,892,0.43513520941955641
1323,871,0.27724897803901793
1323,1853,0.27724397132031597
1323,884,0.26215769702852409
1323,161,0.206813153920721
1323,918,0.15869521537015799
1323,1930,0.14563597864026756
1323,1248,0.11705352457806337
1323,177,0.10783039353022346
1323,878,0.10526846287870308
1323,1938,0.10278326758570332
1323,1157,0.10043418377321485
1324,1324,0
1324,1978,1
1324,579,0.68834530830394336
1324,1680,0.52724816569566957
1324,303,0.34339580991032825
1324,625,0.17580365725565572
1324,1686,0.16944605413241251
1324,1792,0.16138979666448158
1324,1425,0.13474646966364301
1324,257,0.13262027427926024
1324,27,0.13137089914229125
1324,1782,0.12938931354249522
1324,879,0.12853895106943883
1324,665,0.097416101462917945
1324,981,0.087180759731611657
1325,1325,0
1325,48,1
1325,301,0.67345705276068946
1325,801,0.47768539599287918
1325,1616,0.32618936407056826
1325,56,0.22748442826245041
1325,118,0.22193816552088189
1325,1418,0.2027225236392656
1325,720,0.18106107516762396
1325,499,0.12651319866260591
1325,278,0.12115109354257804
1325,716,0.11563667527324699
1325,988,0.086203597659624695
1325,309,0.074060540405247413
1325,293,0.072790688020373223
1326,1326,0
1326,1499,1
1326,428,0.85263921585535274
1326,1960,0.33690756081601542
1326,700,0.32603212910193807
1326,1334,0.2935088447324799
1326,1623,0.23764146255348906
1326,597,0.21106374032398373
1326,116,0.18465445213923609
1326,320,0.1196929834017825
1326,366,0.075531628150711322
1326,358,0.072392405789129685
1326,1742,0.068992257946289604
1326,554,0.067732490126467135
1326,792,0.060105099584295912
1327,1327,0
1327,1328,1
1327,1123,0.79851332714057444
1327,643,0.69474966649469827
1327,1828,0.30798901534537604
1327,782,0.27195789624424083
1327,748,0.15745504060388854
1327,1007,0.14898186686101716
1327,1416,0.13865422675008041
1327,480,0.08821038588426694
1327,951,0.083751489704630463
1327,1265,0.078741254733063884
1327,1635,0.065600085782559797
1327,1179,0.036778044547345033
1327,1841,0.035501645371897594
1328,1328,0
1328,643,1
1328,1327,0.54897932844145492
1328,480,0.41901984206691284
1328,1692,0.31121481658974165
1328,1416,0.27127803348886337
1328,1635,0.26301721955847457
1328,1449,0.2534233594901168
1328,860,0.20311251110951931
1328,107,0.12065248146904962
1328,1935,0.11517132433725732
1328,922,0.10351348617607681
1328,1468,0.10069851272229265
1328,157,0.099421121224722131
1328,444,0.097388047544354719
1329,1329,0
1329,883,1
1329,412,0.45077985328900028
1329,693,0.37181230236342505
1329,1891,0.37139038798506463
1329,254,0.35303248853380803
1329,1193,0.25778743598629889
1329,477,0.22602459966387742
1329,304,0.16314349164433314
1329,430,0.12648575236475831
1329,1914,0.12622909757379727
1329,1971,0.12214945420570632
1329,705,0.11739273774307957
1329,1305,0.11195796226531515
1329,1610,0.10871230626817871
1330,1330,0
1330,2,1
1330,568,0.62905481435910271
1330,255,0.32424822063520875
1330,1077,0.29431242165051275
1330,838,0.26848071596568035
1330,1303,0.20979431960569106
1330,1700,0.19455162169609244
1330,31,0.18992885522619132
1330,499,0.17371234112692438
1330,411,0.1484592595041597
1330,215,0.1471405591563994
1330,1318,0.12386611726746519
1330,865,0.10462421645789388
1330,982,0.098722419179645554
1331,1331,0
1331,1317,1
1331,1092,0.7040657645469105
1331,419,0.30712635812762329
1331,1532,0.28084691208398543
1331,1110,0.21458115067488434
1331,1348,0.2038205735790673
1331,242,0.19613651224546103
1331,733,0.19223025738665406
1331,1767,0.18443261999252591
1331,1260,0.15147323365324328
1331,368,0.1341531223559648
1331,572,0.12429743364380719
1331,1628,0.10962051455161369
1331,911,0.10411052133733142
1332,1332,0
1332,1947,1
1332,1828,0.74876962210871034
1332,1449,0.28649358319543977
1332,444,0.2730312005870516
1332,1834,0.27084792872104063
1332,1442,0.24338030795485358
1332,200,0.21877304737064157
1332,442,0.19097970829441507
1332,178,0.13984574179224871
1332,1416,0.11677326509297842
1332,1809,0.11211215451693356
1332,388,0.10663594698422883
1332,1534,0.10287022713472734
1332,1693,0.096383974690722421
1333,1333,0
1333,1030,1
1333,1636,0.34452806702111788
1333,75,0.30916935356373892
1333,1153,0.30008270677357207
1333,1085,0.27052760950486121
1333,401,0.26552037645273141
1333,52,0.21914320713440971
1333,535,0.19814540267202196
1333,1219,0.19369061549443309
1333,1253,0.1836818306334034
1333,800,0.15902446459395431
1333,1700,0.15581503228918184
1333,194,0.15525319088115166
1333,1912,0.15230387763738626
1334,1334,0
1334,1742,1
1334,597,0.45384568526910901
1334,320,0.4370278833203301
1334,428,0.34502538972345587
1334,1326,0.2646698898373448
1334,1021,0.2503642541078735
1334,295,0.21449574059327411
1334,1173,0.21298597239236541
1334,1499,0.19808060494877308
1334,949,0.18563164681372354
1334,1623,0.08900197179135079
1334,796,0.08872707253222141
1334,205,0.083842287519060407
1334,534,0.083201325885207608
1335,1335,0
1335,611,1
1335,514,0.30824170818209884
1335,1666,0.28628759251408187
1335,333,0.26709366370713533
1335,905,0.23918992039402234
1335,819,0.22238156114384086
1335,1270,0.21007243911975695
1335,1935,0.20994901860681559
1335,107,0.20537456480926741
1335,731,0.19581579841841265
1335,1695,0.19375735515260553
1335,1525,0.19337675409604568
1335,687,0.18925503303813968
1335,1797,0.18609021592846253
1336,1336,0
1336,935,1
1336,1786,0.54201623582184688
1336,992,0.31973051278315551
1336,766,0.24183200307607569
1336,718,0.2380385871626495
1336,880,0.21752837120480537
1336,1602,0.21501419572230868
1336,1188,0.21416998383117625
1336,1762,0.19665599516470975
1336,1047,0.15741531256313787
1336,1721,0.14873629176828237
1336,636,0.14455758184914291
1336,1484,0.13616556787232281
1336,651,0.13503604408324185
1337,1337,0
1337,1920,1
1337,564,0.80559872340580463
1337,363,0.6436525257200697
1337,283,0.50253316941084347
1337,1872,0.43101546529702928
1337,275,0.10661839800656442
1337,598,0.082216722042493418
1337,1810,0.081513534288467998
1337,873,0.07383944027781468
1337,886,0.067467556336740508
1337,1979,0.044100672584632405
1337,1646,0.023648345803901839
1337,1745,0.022991470175765368
1337,1847,0.021695858338492142
1338,1338,0
1338,1467,1
1338,342,0.97546770816957662
1338,1896,0.35090498138623472
1338,1711,0.34280214992000874
1338,1687,0.22189297537382552
1338,188,0.16014102502781222
1338,878,0.13881647301290911
1338,547,0.12462669281402687
1338,1136,0.10275314782365413
1338,1084,0.10187820853160169
1338,775,0.10153662568611448
1338,433,0.097664470470471304
1338,905,0.095351786572827973
1338,858,0.09305614172746593
1339,1339,0
1339,157,1
1339,1218,0.81245721021456418
1339,764,0.51648223708984886
1339,208,0.30183592937307457
1339,894,0.25967300783919089
1339,1512,0.19497154567605701
1339,1449,0.15083901585458154
1339,107,0.12892592146732768
1339,1201,0.11157511423022538
1339,1619,0.096837158067334825
1339,926,0.090127209483909607
1339,1093,0.089123523924128492
1339,146,0.08868673315731769
1339,910,0.065356445083599918
1340,1340,0
1340,1771,1
1340,580,0.70085798250575837
1340,319,0.41889122092730025
1340,1402,0.24953384027634182
1340,203,0.18308358233559566
1340,570,0.17490100270831954
1340,591,0.15979228506032658
1340,1013,0.15782582906289258
1340,449,0.1536135902141294
1340,1158,0.15199276796421177
1340,635,0.14995286250830067
1340,1972,0.13569180369547484
1340,1941,0.1353894527649987
1340,1204,0.13535453036525688
1341,1341,0
1341,166,1
1341,1496,0.67824844731351264
1341,927,0.55235478833480356
1341,177,0.222692841789422
1341,897,0.21702623497186196
1341,917,0.19590849833137319
1341,1963,0.17840335092253121
1341,1938,0.1640094458936589
1341,767,0.16232517121384687
1341,416,0.12045789701858355
1341,1756,0.11217695429182584
1341,769,0.10977115591339913
1341,1642,0.10150522583405569
1341,1527,0.092018142862738156
1342,1342,0
1342,91,1
1342,1619,0.82695901230758007
1342,910,0.43913823724688683
1342,1549,0.30130650152579241
1342,1319,0.25736977254398707
1342,1747,0.24862130426248907
1342,1141,0.22879733926708931
1342,486,0.10295213926095995
1342,1363,0.090941823975094177
1342,1321,0.089241283436195862
1342,1783,0.088183730559031184
1342,849,0.082747105329307249
1342,1386,0.077794689730142016
1342,1372,0.072840596461407392
1343,1343,0
1343,1224,1
1343,1697,0.49574848639830721
1343,968,0.42202994678228667
1343,235,0.26931263774211289
1343,1039,0.25254659566808768
1343,653,0.22836560423892793
1343,37,0.21687757489869822
1343,552,0.20264171768777881
1343,1575,0.1637604386740599
1343,386,0.15141689725692237
1343,1120,0.13252235351728744
1343,928,0.12931783010825351
1343,1924,0.12763051447994031
1343,10,0.11471532651466307
1344,1344,0
1344,1604,1
1344,568,0.53303569830572439
1344,1006,0.41113791883912204
1344,1252,0.37170413583860412
1344,269,0.3492241766983607
1344,293,0.21672618507388852
1344,1138,0.17586984163133179
1344,31,0.14880273076793735
1344,215,0.14854639705319658
1344,1330,0.13714318949187113
1344,1484,0.13211569769186277
1344,499,0.12371068904660944
1344,1077,0.080111459797612569
1344,380,0.078762230407922337
1345,1345,0
1345,5,1
1345,484,0.5423729814888536
1345,1792,0.50282245392830349
1345,1683,0.4322637934572035
1345,1782,0.2711182505001189
1345,532,0.2472002426246665
1345,981,0.20258601511386476
1345,1808,0.13792399602331851
1345,306,0.12693779999672408
1345,1062,0.10849743193904089
1345,879,0.09432934146630588
1345,936,0.09402612880207116
1345,1451,0.07511653201112671
1345,1108,0.071689758208339255
1346,1346,0
1346,1231,1
1346,300,0.98015071986629021
1346,1428,0.65888296645414057
1346,275,0.38212605902377084
1346,1788,0.18546902192744535
1346,1868,0.15805327805621747
1346,714,0.10171085102939478
1346,885,0.094090420349895551
1346,809,0.07940872941892356
1346,210,0.070982939412956719
1346,1732,0.053313120329730207
1346,1223,0.052044687300427377
1346,446,0.048678278133435365
1346,1370,0.041975161665103872
1347,1347,0
1347,746,1
1347,1458,0.49953909630771537
1347,1178,0.38286345218239726
1347,410,0.37407995197527105
1347,1750,0.3223573489710862
1347,1004,0.20692042428588475
1347,980,0.18506213619449888
1347,527,0.17768718581454554
1347,1630,0.17215553282432552
1347,1032,0.15761426572782994
1347,1689,0.11002675956016135
1347,913,0.10975225041058054
1347,1240,0.10443100898694825
1347,151,0.10439800794591439
1348,1348,0
1348,615,1
1348,1317,0.84599229291364808
1348,1757,0.82936859547381026
1348,1569,0.50128401660736055
1348,456,0.27390018447162862
1348,1532,0.097709921864774008
1348,596,0.08028186018965093
1348,962,0.072105621117657906
1348,1092,0.060147720535099786
1348,1050,0.03398984065053727
1348,499,0.028897010801979001
1348,911,0.027914394242811794
1348,717,0.027750751839777862
1348,1331,0.027555764770197562
1349,1349,0
1349,58,1
1349,742,0.85038442867287767
1349,1140,0.40263287931371955
1349,1642,0.3531615077159046
1349,177,0.29102192884815475
1349,1608,0.24742243872489803
1349,842,0.19207755008668373
1349,1919,0.15292769703060879
1349,762,0.10894505170680935
1349,849,0.10431951994663698
1349,1970,0.057168875935954412
1349,1319,0.054366597651491821
1349,1512,0.049814062305427266
1349,1093,0.042650254474068214
1350,1350,0
1350,1274,1
1350,805,0.76556138906287829
1350,1885,0.31647352167920983
1350,202,0.28801085333124704
1350,1467,0.27769564086877596
1350,1746,0.24760342203732513
1350,1935,0.1603594625163621
1350,775,0.15725665453544466
1350,1183,0.1544586087657556
1350,547,0.14338059847225276
1350,600,0.11329827404431449
1350,1844,0.10340911561687793
1350,1753,0.092771121413012483
1350,1751,0.086604518043079032
1351,1351,0
1351,82,1
1351,291,0.37091514888299398
1351,645,0.36078870116344719
1351,600,0.30370565451937065
1351,436,0.30285695442641247
1351,1896,0.2711524368088688
1351,1859,0.1817775546893512
1351,1529,0.16813992978520509
1351,547,0.16277885144940921
1351,1467,0.1608421884650203
1351,202,0.16054649222525594
1351,1207,0.15708715912541008
1351,1746,0.15436038482027523
1351,897,0.15194703228892725
1352,1352,0
1352,157,1
1352,1619,0.51611448479694921
1352,1751,0.36154225499286358
1352,1218,0.35875400833299864
1352,200,0.26885905929431603
1352,1314,0.24211963882768439
1352,486,0.1841928027691668
1352,995,0.16965666539432042
1352,1100,0.15593485953401418
1352,1890,0.13816047643314364
1352,918,0.13576314278191878
1352,871,0.13308961762327973
1352,1323,0.13108009900256562
1352,1512,0.11162462939092511
1353,1353,0
1353,842,1
1353,1175,0.64918813022474542
1353,1608,0.5829225934895913
1353,1123,0.28579702553129865
1353,8,0.2705010183786799
1353,1265,0.17895122933375646
1353,1478,0.17268063230226754
1353,1625,0.14907104776372035
1353,742,0.14386315710756473
1353,1349,0.11032080359208865
1353,583,0.10841470640372465
1353,1559,0.10292631536138144
1353,1157,0.077162752810684423
1353,1813,0.075082889009484274
1354,1354,0
1354,1878,1
1354,1632,0.66300087278531317
1354,518,0.54799778799383958
1354,163,0.38341321097001507
1354,699,0.31202458683065054
1354,481,0.24847919302132115
1354,409,0.19550681979587886
1354,1806,0.16693992255172915
1354,1892,0.16601142667939231
1354,219,0.059643092389310336
1354,564,0.046546073621005241
1354,349,0.043307219863113935
1354,1644,0.04158136252311781
1354,513,0.032436722222162755
1355,1355,0
1355,1231,1
1355,1971,0.40504298597081256
1355,1121,0.40036110398605029
1355,258,0.31263205958779505
1355,575,0.29127036845421922
1355,728,0.28071985997332755
1355,1913,0.18767673394193266
1355,23,0.18562159737456507
1355,820,0.15913105320454485
1355,1988,0.14978622827165672
1355,1406,0.14717827921939922
1355,693,0.13085054929736245
1355,899,0.13083197994292856
1355,474,0.12577920634675804
1356,1356,0
1356,923,1
1356,1721,0.62622522121755531
1356,789,0.35814056002719497
1356,966,0.33684651925304337
1356,4,0.3142702517820562
1356,1082,0.20111113767389244
1356,828,0.19533659293996808
1356,668,0.18006421129295069
1356,1022,0.15516919903504764
1356,1548,0.1465630369748776
1356,1081,0.11493805744039774
1356,1602,0.11441709900431356
1356,529,0.08482970808514062
1356,123,0.078973624873527867
1357,1357,0
1357,1387,1
1357,1998,0.52552362973454181
1357,553,0.47377648585241539
1357,354,0.34616765804128502
1357,448,0.28224278835193367
1357,28,0.27677584599570504
1357,644,0.19093923698860771
1357,414,0.18487944771172748
1357,757,0.15552528202297405
1357,41,0.1003249387921178
1357,1048,0.097940199894614374
1357,1520,0.096214757577896354
1357,230,0.091184126246212346
1357,345,0.085401687840276699
1358,1358,0
1358,26,1
1358,1875,0.46974821159832209
1358,1473,0.38406749768332615
1358,458,0.29318244231680962
1358,70,0.23154777004690572
1358,277,0.23019427248123317
1358,240,0.20798349689338261
1358,134,0.19630234267106161
1358,867,0.19569720390371245
1358,938,0.18476022372542408
1358,257,0.1350713315629854
1358,1778,0.12777547999896777
1358,441,0.12710486470041163
1358,665,0.1234538362483297
1359,1359,0
1359,1923,1
1359,998,0.91825990561651794
1359,1706,0.67866924780014515
1359,768,0.46703157079099
1359,431,0.18406079712647017
1359,1933,0.14673615423351172
1359,1535,0.11229019786617349
1359,955,0.084443033538374818
1359,536,0.062466508561789945
1359,1961,0.059829146840191319
1359,464,0.059569682723667625
1359,44,0.057872306047123422
1359,74,0.042039341097183144
1359,1221,0.033629263308866925
1360,1360,0
1360,1692,1
1360,1869,0.62825405978653304
1360,1525,0.38487245283424021
1360,164,0.32308543332452055
1360,1468,0.25812212211185531
1360,951,0.24206387909214561
1360,1449,0.19397502400036562
1360,1931,0.14861373981098699
1360,1666,0.14441942483613182
1360,1824,0.14317794442515408
1360,1328,0.12506156221275419
1360,1265,0.12174203921837497
1360,1486,0.1121797819822932
1360,1123,0.081319721955106603
1361,1361,0
1361,1701,1
1361,410,0.620672063455881
1361,418,0.49700312350450049
1361,39,0.27895074006915549
1361,1241,0.25088552153787069
1361,193,0.19753081841807532
1361,1689,0.19721244378111086
1361,959,0.19167032180293367
1361,773,0.16442219237942909
1361,1458,0.1441436227090514
1361,509,0.13730828862889566
1361,745,0.079489078000190672
1361,1951,0.076634414488662664
1361,1347,0.070960841392567919
1362,1362,0
1362,450,1
1362,661,0.61545890992477892
1362,9,0.42921696894169348
1362,1822,0.22925242355988415
1362,485,0.21725475275963943
1362,212,0.20785679806284413
1362,735,0.18493327147207
1362,1873,0.18158933602077823
1362,1669,0.16560235531982739
1362,1665,0.16211951775078176
1362,123,0.15594899743410273
1362,269,0.1458701983238522
1362,1967,0.10723799883505954
1362,415,0.10454808470371529
1363,1363,0
1363,784,1
1363,423,0.87472592888914091
1363,486,0.6706123240432259
1363,1886,0.62801017360981815
1363,669,0.30360053583552932
1363,1747,0.084508541980177196
1363,522,0.079612647699139213
1363,33,0.06509562777616576
1363,1588,0.060839596554506103
1363,173,0.033499310226552559
1363,918,0.028899876309517555
1363,370,0.027524030927409404
1363,1321,0.026227988919358878
1363,1059,0.023742391346170909
1364,1364,0
1364,134,1
1364,490,0.60247373312611829
1364,511,0.51085609891756179
1364,425,0.22557199768005273
1364,695,0.19254058758142864
1364,985,0.19193676054152836
1364,1672,0.18883073802521902
1364,277,0.16578599914272846
1364,1197,0.15738138260169585
1364,391,0.15087857874095995
1364,708,0.1383114732333304
1364,680,0.13379927250192142
1364,756,0.13111189490505129
1364,1426,0.11741184769036338
1365,1365,0
1365,1170,1
1365,37,0.91857896334364009
1365,1745,0.66991287266966959
1365,330,0.23545479602066147
1365,1698,0.23271100496268612
1365,1145,0.18026844787942709
1365,1099,0.17957541235348543
1365,545,0.17801770590900917
1365,886,0.082372185147217045
1365,403,0.057822557284206391
1365,1216,0.056928869202803427
1365,95,0.044933044635031262
1365,868,0.035233462806798059
1365,1520,0.035086679600250088
1366,1366,0
1366,1644,1
1366,520,0.68767091694408489
1366,1066,0.40898287014261508
1366,1882,0.3952264264588205
1366,1632,0.36182783139146296
1366,504,0.28704181171999626
1366,754,0.20875548044255357
1366,1305,0.16369764319641461
1366,513,0.098895538791360191
1366,1677,0.097523075440948612
1366,1566,0.086961014377016768
1366,1817,0.046065288932238643
1366,822,0.032137019759477532
1366,219,0.032108482255445589
1367,1367,0
1367,252,1
1367,321,0.65438382869782408
1367,1964,0.4637490143965578
1367,745,0.31784945383970925
1367,394,0.23034041863086568
1367,605,0.19661434730872482
1367,93,0.17999763600845664
1367,532,0.1624317911651614
1367,1448,0.13414280679202589
1367,1598,0.12734303327145116
1367,260,0.12134904783397292
1367,3,0.11264063418504813
1367,936,0.10306341657242372
1367,1441,0.10298170245988111
1368,1368,0
1368,944,1
1368,1048,0.83705805712103509
1368,755,0.6292225740922085
1368,1971,0.469464555746954
1368,1817,0.15912782060318512
1368,304,0.13215411743503028
1368,763,0.11790419969587806
1368,1685,0.10922687533076827
1368,1193,0.10367768363253095
1368,101,0.08856482820055768
1368,955,0.085117750883850832
1368,287,0.063364280658423561
1368,1564,0.061842064513820787
1368,1543,0.050174774026208645
1369,1369,0
1369,166,1
1369,1285,0.6277677562393309
1369,781,0.44374872981928259
1369,767,0.33046735617075673
1369,1341,0.24862310263983917
1369,927,0.23117882765560901
1369,897,0.19646388845771032
1369,1815,0.14783639211708829
1369,762,0.1392249701293351
1369,1169,0.11894497602801472
1369,832,0.11891232241405825
1369,395,0.10281604949276897
1369,416,0.10274565564420073
1369,917,0.09815729154503143
1370,1370,0
1370,244,1
1370,763,0.6799863653977507
1370,1933,0.56917283608306302
1370,1580,0.4471667166621035
1370,1624,0.28443228291661699
1370,983,0.12504329753127655
1370,1603,0.12336359704380741
1370,1803,0.12288809711434338
1370,594,0.11561110636438234
1370,313,0.10963071919174984
1370,311,0.093571506218185482
1370,101,0.079123324487902588
1370,885,0.078895485826487713
1370,1520,0.078000717572880532
1371,1371,0
1371,505,1
1371,1546,0.594899153879901
1371,903,0.52755786197322685
1371,52,0.33856794117348288
1371,341,0.26742905045734816
1371,716,0.2051657657126871
1371,1276,0.14055855330565958
1371,1855,0.13867573222014848
1371,1690,0.13615638290016929
1371,1584,0.13464632165464549
1371,1654,0.12735506924237294
1371,1548,0.11228520157725402
1371,856,0.09282769033815999
1371,348,0.090763081303360804
1372,1372,0
1372,1433,1
1372,709,0.64736187551528601
1372,1141,0.31540016035117086
1372,1605,0.29912451227331782
1372,1529,0.28166449945182498
1372,299,0.25864140366222826
1372,1444,0.17487263030478051
1372,1023,0.16953722816082331
1372,1966,0.15219952984294968
1372,1321,0.15217179615711368
1372,177,0.12674932610073952
1372,1342,0.1178782146504414
1372,645,0.10602173214083806
1372,178,0.10526720510546281
1373,1373,0
1373,1962,1
1373,1353,0.35896603718684839
1373,427,0.29479347470455208
1373,51,0.27815193161585566
1373,1667,0.23893435360980708
1373,1608,0.23757092865963073
1373,1816,0.22682296640270808
1373,1222,0.1993227457376926
1373,1123,0.19920063166260882
1373,742,0.19575421919385363
1373,1813,0.18072389860905808
1373,1201,0.16731778930294006
1373,1265,0.16682380249180104
1373,842,0.16251039066352932
1374,1374,0
1374,1528,1
1374,880,0.40983145396009618
1374,752,0.37049649999902573
1374,79,0.32037985281885967
1374,491,0.3172170176387894
1374,78,0.26903589509602643
1374,109,0.25859473199531752
1374,1526,0.25855494663124284
1374,298,0.21246275268888995
1374,636,0.13680719453275567
1374,1,0.093342681245721301
1374,1918,0.088250973540250272
1374,1418,0.087077096068111176
1374,1186,0.084849301055754375
1375,1375,0
1375,0,1
1375,1154,0.74970437967149295
1375,1087,0.43175693124027081
1375,135,0.23150855403100803
1375,1242,0.21349740686025961
1375,86,0.18730947414297508
1375,912,0.18624725511643281
1375,676,0.18535023702689668
1375,1633,0.15385296719549957
1375,201,0.12785482205086052
1375,1758,0.1234511702587696
1375,708,0.11670349913834507
1375,1562,0.10209176899752423
1375,1008,0.097553677396942637
1376,1376,0
1376,1480,1
1376,1539,0.47849338508401895
1376,1688,0.42252762723989556
1376,973,0.32621601100813646
1376,1421,0.29916615071765312
1376,790,0.27372121279177342
1376,621,0.18029947301585275
1376,59,0.16595634836692724
1376,586,0.1507735807295201
1376,1235,0.13666499041105148
1376,1648,0.13517684368840463
1376,1036,0.1208679796393109
1376,1699,0.11177639605425217
1376,1196,0.1052551561532884
1377,1377,0
1377,379,1
1377,53,0.73768976239243178
1377,663,0.73301591318753756
1377,1731,0.28441315731726768
1377,1588,0.27240604290407661
1377,784,0.17553531817205303
1377,1733,0.13612179931773835
1377,423,0.11963753297238944
1377,1743,0.1088354148232145
1377,220,0.089364874408391123
1377,1468,0.080606445185206418
1377,253,0.064688598174585485
1377,1234,0.057970667969418514
1377,825,0.046605339869680754
1378,1378,0
1378,1184,1
1378,243,0.54888424948871661
1378,1684,0.44734098470944716
1378,568,0.30529515651902367
1378,717,0.23404465196684357
1378,1303,0.22551966766549408
1378,1125,0.21788036466203825
1378,145,0.19832626429173647
1378,791,0.163605009553592
1378,1457,0.14069876945175253
1378,1069,0.13077666510223596
1378,113,0.11834191324519487
1378,1660,0.088953034425431843
1378,1584,0.087218957279456957
1379,1379,0
1379,1742,1
1379,1836,0.58044290105424956
1379,383,0.36454901817924801
1379,1481,0.33169344022508246
1379,1814,0.29959680789796478
1379,1861,0.24747164327349436
1379,468,0.20395136447474443
1379,205,0.16721197438626095
1379,1415,0.15384916320236966
1379,586,0.15083453951897513
1379,428,0.11179191910235932
1379,1205,0.10302441160072524
1379,262,0.10144721102877428
1379,1334,0.091023102187274899
1380,1380,0
1380,1036,1
1380,1272,0.62014646406660467
1380,973,0.51796784957879005
1380,1539,0.30847819099115842
1380,1322,0.25448994381722695
1380,912,0.18967263054340319
1380,1852,0.15452591328333551
1380,1950,0.14790504294569631
1380,69,0.14094418766037053
1380,1480,0.12163791111766652
1380,1678,0.11650310449290181
1380,1649,0.11436927533315412
1380,1902,0.11081173162936127
1380,1014,0.10944521693401495
1381,1381,0
1381,25,1
1381,1496,0.44229566722558772
1381,1093,0.40529196989163391
1381,1248,0.30280044521312577
1381,144,0.30080082403630487
1381,1024,0.28463716081080226
1381,538,0.26843632285757768
1381,1930,0.22037417765357586
1381,918,0.14208602455000752
1381,1399,0.13693077803469772
1381,740,0.12317814153309987
1381,94,0.10452940175213986
1381,1234,0.097307174021437376
1381,1641,0.078223399295072951
1382,1382,0
1382,1847,1
1382,824,0.5971201795679999
1382,1803,0.38718767947796934
1382,45,0.36027174218560942
1382,355,0.31971493760785241
1382,1239,0.310875748268368
1382,1603,0.23454495769861575
1382,1764,0.16767114412057491
1382,1580,0.1372920906007086
1382,481,0.12655717407277287
1382,584,0.069693382547185864
1382,272,0.067179262160969505
1382,567,0.06698126051647546
1382,315,0.061792096872582712
1383,1383,0
1383,1670,1
1383,132,0.47405088180833638
1383,944,0.40953296346504786
1383,822,0.30337242575262313
1383,831,0.25511603151229723
1383,158,0.24025098918163343
1383,352,0.20149259947614068
1383,1158,0.19586737732499845
1383,1026,0.15936581116375995
1383,1771,0.15437350454378321
1383,408,0.14973531012967839
1383,820,0.1322569441481149
1383,1407,0.11937141091895273
1383,310,0.11209910055435005
1384,1384,0
1384,407,1
1384,1991,0.83366787196952663
1384,926,0.54232247156609814
1384,825,0.42985181086026997
1384,881,0.26505957547430942
1384,1328,0.13206386584537405
1384,141,0.11519276769318412
1384,476,0.10217917122049003
1384,1079,0.099364642645902557
1384,819,0.095165302322708437
1384,612,0.08722113865073601
1384,1445,0.082423748671183267
1384,1468,0.065777569063594929
1384,1339,0.056601149364088936
1385,1385,0
1385,1125,1
1385,1378,0.35927221104430729
1385,568,0.28236967491563375
1385,1684,0.23595185755090553
1385,1097,0.23109577057110761
1385,451,0.2250509479605266
1385,633,0.21590878255895177
1385,341,0.21147406018368958
1385,92,0.20808032098647744
1385,1131,0.20574608613683273
1385,1184,0.19381966299808562
1385,1584,0.18794179006951764
1385,113,0.18537121938647408
1385,145,0.16481166249953022
1386,1386,0
1386,726,1
1386,1754,0.93121067597822915
1386,370,0.60154651854252206
1386,402,0.53125022755537066
1386,1804,0.48344269736340018
1386,910,0.082520960161026072
1386,1089,0.070167597878488891
1386,893,0.051339848210254189
1386,1003,0.042165435087805514
1386,1433,0.025958750274745843
1386,1619,0.024784838918576791
1386,1100,0.024059197716075724
1386,463,0.020749050823938537
1386,208,0.017702499906045274
1387,1387,0
1387,99,1
1387,354,0.42850418683944896
1387,757,0.41314470413988685
1387,1357,0.34780637014720672
1387,398,0.32716349494171226
1387,754,0.25648666268358983
1387,95,0.23721040305732807
1387,592,0.19660307730746956
1387,1988,0.14811266807260576
1387,1899,0.13285226080569101
1387,448,0.11796089502943682
1387,1946,0.1150505971375699
1387,1309,0.094460897685649775
1387,575,0.091531445934839278
1388,1388,0
1388,938,1
1388,1437,0.67074059236492811
1388,70,0.26293217498355792
1388,418,0.26107934815880834
1388,627,0.23683623370415063
1388,260,0.21834992813285539
1388,394,0.18772326669413017
1388,257,0.17167871973006399
1388,225,0.16801372897716374
1388,605,0.16112092636752132
1388,1689,0.14867225892528116
1388,745,0.14740300376455337
1388,248,0.13880238082924609
1388,796,0.13352931739847396
1389,1389,0
1389,1116,1
1389,903,0.38268490576775849
1389,1855,0.35130690801182957
1389,1725,0.27907302017557101
1389,351,0.23087913652060052
1389,1661,0.22411414782617831
1389,1690,0.21468764894255488
1389,1665,0.20782450235090252
1389,183,0.17827814752807178
1389,991,0.17383539705876005
1389,340,0.17034236076610915
1389,976,0.1662673692329297
1389,694,0.16395152068562446
1389,415,0.16364911542792784
1390,1390,0
1390,15,1
1390,1617,0.65819794315647462
1390,1960,0.43161707953167555
1390,811,0.34144750190776113
1390,1255,0.30260591189439817
1390,1480,0.16182697736128576
1390,1036,0.16034371763530708
1390,1159,0.14212291401805605
1390,940,0.13412348977639549
1390,646,0.1335579251797438
1390,792,0.12020575629427671
1390,582,0.12017395441138748
1390,288,0.10072427999967624
1390,1272,0.099938039091958975
1391,1391,0
1391,1079,1
1391,1115,0.52276236988252478
1391,390,0.39787416943463216
1391,704,0.2635854907331554
1391,1536,0.26121484290918717
1391,333,0.22974414401703833
1391,1249,0.21835842348978324
1391,860,0.19682723210630182
1391,852,0.1610044131882413
1391,601,0.15958985664972722
1391,1729,0.13347148181430213
1391,514,0.12266909582527227
1391,107,0.11998399668877748
1391,1411,0.11980441406554043
1392,1392,0
1392,1316,1
1392,81,0.76880881324274208
1392,1279,0.72919732930920256
1392,1224,0.43893157304641706
1392,877,0.23679812979791812
1392,1072,0.12296204411509391
1392,552,0.12226563031759116
1392,1685,0.10532981353997856
1392,250,0.091551659365132043
1392,754,0.090259504527806803
1392,400,0.058228941078622067
1392,885,0.047906509377804378
1392,1245,0.047464635829799887
1392,1465,0.047186672973333114
1393,1393,0
1393,249,1
1393,299,0.74112539202867422
1393,480,0.31473851462685509
1393,1506,0.30005766284044266
1393,1747,0.26148894702690989
1393,538,0.19009952482134318
1393,849,0.16099570243950181
1393,1886,0.16013768985210464
1393,876,0.15540487042356743
1393,173,0.14066707958377198
1393,1363,0.13420523652845662
1393,1608,0.1172774942086859
1393,862,0.11541944526488693
1393,1900,0.11528008145087058
1394,1394,0
1394,1820,1
1394,950,0.5668954313098179
1394,259,0.53823053574042667
1394,388,0.38625981341261462
1394,637,0.34118761272537962
1394,1746,0.30011978790690852
1394,805,0.21372722479543582
1394,780,0.186304306202179
1394,407,0.12321215851380216
1394,1286,0.077146295938849474
1394,231,0.045563715496430013
1394,1143,0.044091433354128517
1394,1765,0.042323967442002723
1394,775,0.041823377183836247
1395,1395,0
1395,705,1
1395,319,0.57250880034442542
1395,594,0.56011152980322332
1395,1803,0.36164598901031525
1395,1291,0.2720941189683016
1395,1998,0.21590961001049436
1395,983,0.20977143027131359
1395,338,0.20759517345772979
1395,1309,0.18912399143118264
1395,101,0.11111181295359533
1395,354,0.070552362844240935
1395,95,0.062796991528875371
1395,1988,0.043425999671080802
1395,448,0.030248847582018318
1396,1396,0
1396,1541,1
1396,1639,0.47931362288932317
1396,184,0.46754175910175921
1396,455,0.35986034435999253
1396,1012,0.29837920429938786
1396,1094,0.25729399268836112
1396,1873,0.23833424606084858
1396,1777,0.14973449707170616
1396,1548,0.11663920904966632
1396,856,0.10917941391081866
1396,479,0.1085261162115241
1396,195,0.10783404444448039
1396,550,0.10770037617009647
1396,681,0.10656262616396407
1397,1397,0
1397,469,1
1397,351,0.85655880604240797
1397,40,0.57587376377226318
1397,183,0.51720489331488428
1397,90,0.17479670012193696
1397,1777,0.12212502876817449
1397,1665,0.10409207842287498
1397,953,0.094919894597190704
1397,1615,0.093289197765091841
1397,1450,0.088249285751227521
1397,1855,0.07420704131061176
1397,340,0.06929225134376471
1397,1681,0.068269879978902021
1397,1056,0.068004555605144401
1398,1398,0
1398,1865,1
1398,1862,0.47165602656263511
1398,216,0.37832068085392151
1398,1316,0.35070485772160315
1398,1046,0.30750072059980815
1398,494,0.27527019418646587
1398,400,0.22100862909367391
1398,960,0.18747873368014817
1398,1041,0.17353649077155622
1398,1838,0.16675235138848055
1398,1071,0.10831816686153174
1398,81,0.10109205323278098
1398,1727,0.090703055275220809
1398,1521,0.074552082903207029
1399,1399,0
1399,1248,1
1399,1323,0.65491818931320533
1399,1853,0.48362368584516691
1399,1930,0.31953726693597617
1399,531,0.2445459831823405
1399,1893,0.20808985288288792
1399,1496,0.1432964848219348
1399,842,0.14311922658589232
1399,148,0.14118944751648571
1399,188,0.11943767011908936
1399,1486,0.11942218317473478
1399,457,0.11324178809131201
1399,1938,0.10942991240797027
1399,871,0.10703930134571722
1400,1400,0
1400,1995,1
1400,348,0.77259494022965391
1400,1000,0.64172005074112359
1400,125,0.3733284462661221
1400,49,0.27681166352316655
1400,194,0.1880611995491393
1400,1257,0.13707834290411888
1400,78,0.092713873978917588
1400,1634,0.08823817222969664
1400,1188,0.085418214909080428
1400,1413,0.083975447035450582
1400,530,0.074072564873493799
1400,1546,0.050601999190365433
1400,359,0.042271996406705266
1401,1401,0
1401,675,1
1401,644,0.33261457401324457
1401,331,0.31844233718194787
1401,400,0.27846710638369193
1401,1668,0.26981111998739005
1401,66,0.24765336387380421
1401,1780,0.2386617051641253
1401,1708,0.21881207920929321
1401,1948,0.20260116393954472
1401,1858,0.20042006931220302
1401,414,0.15785735883135332
1401,1015,0.15180742682236395
1401,1127,0.14837225671278356
1401,408,0.14137897120262477
1402,1402,0
1402,635,1
1402,1620,0.5530815311625793
1402,319,0.5074787806351938
1402,409,0.49304637560066605
1402,1013,0.33505316583108558
1402,1587,0.2979957263423369
1402,1884,0.14366384883909183
1402,1910,0.13709102908862458
1402,1395,0.083351574028263611
1402,580,0.07866181272993128
1402,213,0.076976095290268373
1402,1309,0.069877087665903795
1402,477,0.069487398133967898
1402,1239,0.061132991867321067
1403,1403,0
1403,1957,1
1403,338,0.99781522531692102
1403,448,0.51643562324309911
1403,1167,0.36673296986860771
1403,895,0.30285084350786606
1403,1368,0.14670619525308662
1403,1899,0.10148490367221039
1403,398,0.092675199511937256
1403,1998,0.091475503559146687
1403,705,0.08363118292777226
1403,44,0.071546159985370908
1403,304,0.051331995076019564
1403,7,0.045066422759067179
1403,553,0.039138544373109346
1404,1404,0
1404,1321,1
1404,1292,0.63543876819414646
1404,764,0.40183584439797254
1404,253,0.37371700475562086
1404,208,0.29610396551783791
1404,1804,0.19850524797273442
1404,794,0.15702737277055726
1404,726,0.13845096887490091
1404,1963,0.12848065127469371
1404,890,0.12764254505260392
1404,1772,0.12279669859315984
1404,821,0.11128164619170064
1404,370,0.10789388756381942
1404,1093,0.10771263221765923
1405,1405,0
1405,415,1
1405,661,0.50147964749506091
1405,1557,0.29285413291155754
1405,255,0.27515955169989231
1405,1665,0.25487252602745264
1405,1927,0.25302592303733468
1405,1725,0.24086511007790409
1405,62,0.19637829713171065
1405,829,0.18767922857610911
1405,1720,0.17194319799565114
1405,1906,0.16675019551233866
1405,1651,0.13264270804432862
1405,503,0.1176093692544266
1405,382,0.11562308856182421
1406,1406,0
1406,95,1
1406,1988,0.92216572597328372
1406,728,0.32334763505320924
1406,1459,0.23033136828185263
1406,1987,0.18834696794821154
1406,1144,0.18112341490725517
1406,1395,0.17771522845348187
1406,1580,0.1529687962321846
1406,1387,0.14773174797949301
1406,1811,0.1293652334175775
1406,1732,0.12789885720009106
1406,575,0.12412568677940952
1406,1946,0.10129024676428834
1406,1231,0.10047735698523984
1407,1407,0
1407,1914,1
1407,1370,0.59479036003794206
1407,1026,0.49139315200162315
1407,17,0.42500976980236949
1407,1121,0.33801119721531159
1407,707,0.17655167660954313
1407,820,0.16337458152609302
1407,854,0.15125079010006784
1407,1231,0.14954001525656982
1407,64,0.098311324091185495
1407,1383,0.091796244129774968
1407,809,0.078713964688740021
1407,1878,0.078692927692892531
1407,45,0.069452947728150957
1408,1408,0
1408,1527,1
1408,360,0.56365348792362913
1408,531,0.47155505224268179
1408,1530,0.33345364899798774
1408,1248,0.24920196061840644
1408,1091,0.22133478837264473
1408,927,0.20200212991228267
1408,1470,0.18716794899032757
1408,917,0.17645544299594731
1408,1024,0.13072197945364972
1408,898,0.12541820288706296
1408,1439,0.090161310919355891
1408,767,0.081094099052935659
1408,1938,0.074668573418633533
1409,1409,0
1409,1304,1
1409,1277,0.60477902459435995
1409,365,0.39778210023739258
1409,516,0.34925930664604016
1409,937,0.28895708435815864
1409,1238,0.24462372732311424
1409,1319,0.20201960158857857
1409,1911,0.14863542884852293
1409,1136,0.14345085477111941
1409,1804,0.12520555664536276
1409,1282,0.11566528759784243
1409,602,0.10061665990257984
1409,1246,0.096265504348983261
1409,436,0.089634042578901757
1410,1410,0
1410,537,1
1410,1899,0.94567361365070501
1410,939,0.51894222085756359
1410,99,0.412030723791103
1410,614,0.25319873408921784
1410,1871,0.18247421193344524
1410,1422,0.10636278160569566
1410,520,0.087868599376487291
1410,74,0.086300236391352328
1410,1048,0.075942672402962416
1410,1624,0.075469454026150698
1410,311,0.072995362150485368
1410,1387,0.044961317832575155
1410,474,0.044673288480347371
1411,1411,0
1411,390,1
1411,333,0.9179981341890292
1411,1582,0.33974322521968697
1411,1115,0.26646303433309526
1411,1935,0.2251026863757469
1411,1274,0.21382137617154107
1411,692,0.17291146002640337
1411,514,0.12509685952510816
1411,1259,0.11981307141121871
1411,1731,0.11604466120851316
1411,1635,0.11397312940295877
1411,1663,0.11393949976577238
1411,285,0.091136236140436644
1411,1391,0.090837908966857991
1412,1412,0
1412,205,1
1412,508,0.81831910718598588
1412,847,0.37140650662900143
1412,916,0.25414474658148778
1412,574,0.21961421411990392
1412,963,0.20027822882684065
1412,27,0.16418850474465457
1412,662,0.16399981559772156
1412,758,0.16399785890349586
1412,1159,0.16069358783773249
1412,534,0.12112700794179988
1412,1645,0.11496806349941034
1412,196,0.089081573803172262
1412,1227,0.065075967399887621
1413,1413,0
1413,1714,1
1413,401,0.79059644154421294
1413,124,0.63240843523281998
1413,1546,0.61936641992915031
1413,976,0.2427716345000363
1413,359,0.14388152991840022
1413,835,0.1128843323076011
1413,75,0.092858649058298146
1413,530,0.091900337421888884
1413,1450,0.053366236523349514
1413,671,0.043660668617641236
1413,183,0.032161006467140145
1413,1219,0.026010417989509829
1413,991,0.025024679585711553
1414,1414,0
1414,1519,1
1414,403,0.51360538985546256
1414,464,0.37323241566688298
1414,1216,0.35284894101999292
1414,1646,0.31456618308329642
1414,886,0.26220562530015551
1414,1866,0.23741927416587286
1414,172,0.15261225051242494
1414,882,0.14491400015844297
1414,873,0.13905436939008872
1414,1917,0.1321280657914122
1414,363,0.11658894564925057
1414,1888,0.08629242323565206
1414,1760,0.08141704860978187
1415,1415,0
1415,619,1
1415,574,0.73230080461939207
1415,1945,0.64357436885320574
1415,732,0.3721199088021972
1415,468,0.2032096555033828
1415,1480,0.20083736936202959
1415,1599,0.18228648150608559
1415,59,0.15874720168813394
1415,1018,0.091567215315612238
1415,959,0.08261601094178711
1415,325,0.077454129058179361
1415,241,0.060065694596558375
1415,193,0.055613635265367292
1415,1836,0.046499597781641498
1416,1416,0
1416,860,1
1416,141,0.55984476870808186
1416,1328,0.44366303762295645
1416,480,0.31484077191221366
1416,643,0.25351909550835555
1416,1828,0.22952405678009477
1416,444,0.21070698230692936
1416,1327,0.18858461058438344
1416,1635,0.18613039436239151
1416,1935,0.12669177700418033
1416,1536,0.11048859929870596
1416,1841,0.10464605178411515
1416,333,0.095167314365986355
1416,388,0.083078168990652942
1417,1417,0
1417,807,1
1417,1267,0.67807478089427764
1417,1939,0.2895569389405297
1417,1144,0.25765350638021983
1417,824,0.23851478866596418
1417,355,0.2283172578451895
1417,1895,0.21129720839693342
1417,1382,0.20708307812516852
1417,199,0.17359198176296156
1417,1764,0.13575810165140498
1417,1145,0.13408938351488109
1417,1132,0.12719613762446569
1417,68,0.11561510176623854
1417,1698,0.11014170401166869
1418,1418,0
1418,1528,1
1418,465,0.73600751113078422
1418,118,0.31277650510356275
1418,298,0.30753797591440502
1418,720,0.23524669063787046
1418,56,0.23478444507043816
1418,1138,0.20346976111186299
1418,988,0.17728176238457657
1418,1502,0.17556370490885376
1418,18,0.15770141800565787
1418,590,0.13178166639116609
1418,1918,0.10024295476702545
1418,491,0.070408109715810074
1418,880,0.0640868436483297
1419,1419,0
1419,1916,1
1419,1469,0.93116118568219952
1419,1005,0.2586673964582048
1419,1103,0.24294607535055349
1419,1576,0.2373969266578364
1419,1475,0.20139779316757012
1419,1522,0.14480915433336622
1419,227,0.14439799610483975
1419,362,0.13080470613583028
1419,1902,0.12774611033569877
1419,117,0.12397288399215496
1419,1709,0.12309157586865783
1419,201,0.12221243413463048
1419,1617,0.11829512806729256
1420,1420,0
1420,221,1
1420,757,0.41385341054020364
1420,1357,0.30907935352901739
1420,786,0.29843844837438621
1420,1946,0.26520396722857376
1420,770,0.25853702521778793
1420,1913,0.25257174685811895
1420,656,0.193549513107377
1420,1769,0.19170740001037856
1420,1387,0.18359487044185954
1420,11,0.16471985600036487
1420,398,0.1283792860655632
1420,68,0.125725081758569
1420,1133,0.12153376076890592
1421,1421,0
1421,59,1
1421,1011,0.42903361818874697
1421,676,0.32151520503678754
1421,610,0.29802368287954362
1421,1682,0.2460755112196357
1421,1798,0.21602337562070739
1421,1480,0.20054687928111622
1421,159,0.18290970061207862
1421,586,0.18131130348072719
1421,1271,0.17275481467247358
1421,1550,0.16748614138277118
1421,1505,0.16739286511805637
1421,973,0.16736272331045737
1421,1376,0.15645702342800077
1422,1422,0
1422,1098,1
1422,1133,0.79023601093830265
1422,1769,0.70183048030114026
1422,557,0.42620524675174787
1422,398,0.21714287730661189
1422,946,0.15130763709852857
1422,939,0.14103894381903234
1422,311,0.11063726045966311
1422,614,0.077686079743815931
1422,1410,0.06692043483323995
1422,594,0.06513382195174805
1422,1387,0.060101153553069421
1422,1070,0.050855500462212447
1422,1899,0.047795503416739521
1423,1423,0
1423,1233,1
1423,116,0.48930088810703243
1423,167,0.30281656278606028
1423,1766,0.2312636782167295
1423,1237,0.222148705210748
1423,1716,0.20199840388034662
1423,1975,0.19721108283208297
1423,749,0.19289774102637353
1423,872,0.19107056006838086
1423,241,0.19097390101442641
1423,658,0.17488518886464924
1423,387,0.17267663282625559
1423,454,0.17096944003017844
1423,417,0.16867006643871463
1424,1424,0
1424,315,1
1424,1846,0.35718968206323115
1424,1382,0.29197291666733616
1424,1261,0.25965788876442847
1424,567,0.23143868360249295
1424,355,0.22466372214665484
1424,256,0.22222212356017448
1424,882,0.21903874710413007
1424,1127,0.19731499891073626
1424,85,0.18697471848889022
1424,1498,0.18614348445921192
1424,1216,0.17927100873374294
1424,1308,0.17731855275745437
1424,66,0.1736871423618816
1425,1425,0
1425,257,1
1425,981,0.51312691901027263
1425,507,0.4065978919716941
1425,1682,0.38025838921385968
1425,711,0.2297019674188237
1425,1842,0.19730843320542532
1425,1149,0.19446566877414562
1425,1773,0.17050589153308379
1425,1630,0.16225095457612695
1425,1716,0.15701564865696205
1425,658,0.1478368028738393
1425,1792,0.12937080523334718
1425,1004,0.11529988563467182
1425,1622,0.10315378857186745
1426,1426,0
1426,818,1
1426,425,0.4280294959898539
1426,985,0.41712094085559492
1426,1364,0.24250227131406707
1426,811,0.22380762077444621
1426,554,0.21826854598122747
1426,749,0.20252241233828919
1426,1960,0.1984482548723753
1426,1180,0.19549106866200938
1426,490,0.18251883336587268
1426,1740,0.16354613725681999
1426,1562,0.15222162635549255
1426,1840,0.14142783629363512
1426,1499,0.14099350458199947
1427,1427,0
1427,238,1
1427,1157,0.38628880142513383
1427,61,0.36892574881259554
1427,188,0.23833147847127997
1427,1510,0.23588585280492338
1427,1338,0.23013677747226571
1427,60,0.2166109548925976
1427,148,0.18754668826328577
1427,1058,0.18642217919723186
1427,87,0.18003293116270427
1427,1534,0.17689639207428612
1427,1023,0.17262662808145174
1427,516,0.17133086650986581
1427,1718,0.15586343029117339
1428,1428,0
1428,1788,1
1428,300,0.6467354581606215
1428,714,0.439428178699247
1428,1904,0.28967536041852093
1428,1346,0.23209170913921831
1428,104,0.21050598723888292
1428,1961,0.17839056959352423
1428,1231,0.17797412454755679
1428,265,0.14687791413551052
1428,885,0.13232972858381328
1428,1868,0.12349078651764395
1428,1075,0.11930599622561198
1428,1406,0.10921405561847697
1428,74,0.10087451581498151
1429,1429,0
1429,376,1
1429,724,0.81332105058897342
1429,1852,0.49950422920355275
1429,443,0.34691101025401416
1429,576,0.20358509300665442
1429,610,0.18600563629368996
1429,1836,0.13971662894038411
1429,806,0.11568517924104538
1429,35,0.11231649102478765
1429,1814,0.10834059354166742
1429,512,0.10518556458157122
1429,1240,0.10273750670399096
1429,484,0.088735012970783803
1429,1672,0.084842368257009582
1430,1430,0
1430,984,1
1430,1177,0.86650547615516393
1430,665,0.31423178583574302
1430,578,0.30474361753817231
1430,27,0.29963788899043087
1430,625,0.2817367748402293
1430,1629,0.16716607306427581
1430,225,0.16544947705810564
1430,1504,0.15204225580938346
1430,26,0.091355998496269616
1430,1324,0.076323952653624655
1430,1686,0.068934941584099088
1430,257,0.061675847617851533
1430,438,0.057089653822354161
1431,1431,0
1431,61,1
1431,1559,0.71393675371577625
1431,200,0.69727361955409095
1431,871,0.31030876269403718
1431,608,0.24017377503973789
1431,1534,0.18707945476957352
1431,905,0.17538969603421106
1431,148,0.1690561095418068
1431,1824,0.13987457637268916
1431,1809,0.1118718482040002
1431,516,0.089269621207148819
1431,722,0.026485645447543057
1431,1449,0.023394831616976895
1431,842,0.022774190280363836
1432,1432,0
1432,1090,1
1432,1462,0.38832758478713469
1432,232,0.36379174592427455
1432,31,0.34873091036143677
1432,684,0.25110339468757903
1432,829,0.22055650125770893
1432,255,0.20401867292250547
1432,1928,0.19096401476494546
1432,56,0.19004337221210915
1432,649,0.17934163983913903
1432,267,0.16274512552265641
1432,1581,0.15827830379552166
1432,1735,0.13271056752234292
1432,269,0.116278087271978
1433,1433,0
1433,1372,1
1433,1321,0.71265548730046102
1433,253,0.34267718531307945
1433,402,0.22360939814145089
1433,1386,0.19386233710529388
1433,910,0.18465570685063246
1433,726,0.17803603602218721
1433,1748,0.1766586278118383
1433,1141,0.17033241145121211
1433,393,0.16483257096728987
1433,1605,0.15539810110701366
1433,370,0.1391026518673889
1433,623,0.13437497375533267
1433,299,0.13070259951896124
1434,1434,0
1434,770,1
1434,644,0.79980877108862103
1434,1015,0.75459350039560424
1434,11,0.2244304245364227
1434,1858,0.16180794108820354
1434,1401,0.15589816769411366
1434,1127,0.1546147960247313
1434,1976,0.11311130803466563
1434,824,0.11028125332289826
1434,1668,0.092019921806370475
1434,1251,0.090321622739873958
1434,1800,0.087767990381345251
1434,133,0.081192954323733454
1434,1939,0.081047575694242702
1435,1435,0
1435,1222,1
1435,1282,0.83042345152189123
1435,1619,0.41358821479738095
1435,1172,0.33408927310965214
1435,1212,0.31692139043829676
1435,1512,0.25012322580719709
1435,1549,0.18622139953041333
1435,1352,0.10162303625510027
1435,107,0.091370983811937104
1435,178,0.090840662770533639
1435,51,0.088143099105885026
1435,1746,0.074821369796064505
1435,157,0.066118906991191231
1435,1238,0.062604088365227628
1436,1436,0
1436,1607,1
1436,599,0.66434124183717669
1436,603,0.49447027803131038
1436,1602,0.34474038001581953
1436,1922,0.26631350964879785
1436,1735,0.15988157811884371
1436,828,0.1443945160039927
1436,485,0.14095855574108762
1436,1142,0.12898026107846977
1436,123,0.12805863051195174
1436,661,0.12662683628655369
1436,966,0.10828716888841249
1436,1432,0.10091562246028209
1436,1362,0.098923208117367406
1437,1437,0
1437,248,1
1437,938,0.81540687006944967
1437,1689,0.58631507142783912
1437,1388,0.48418132616025228
1437,70,0.26678637613456996
1437,1522,0.16647507110703796
1437,452,0.12523958019285789
1437,1578,0.10231614859459164
1437,1458,0.07903012536436578
1437,627,0.078093623971444426
1437,814,0.059307039863040333
1437,461,0.058667131760032111
1437,1083,0.048270329083917297
1437,394,0.036801060166010188
1438,1438,0
1438,1439,1
1438,1487,0.62204818278880203
1438,1408,0.602599760788885
1438,34,0.55523089909061252
1438,1234,0.23656334887601743
1438,1381,0.14443242058289776
1438,1893,0.14420951981286453
1438,1114,0.10870995315902184
1438,1476,0.10590407615775729
1438,1091,0.095633620431471528
1438,999,0.082884546808584134
1438,1756,0.070795468520094079
1438,898,0.069824431880285823
1438,930,0.068048771548598161
1439,1439,0
1439,1234,1
1439,767,0.38717858411445094
1439,285,0.34556862653451764
1439,1114,0.30129185244580436
1439,1893,0.25436345132226318
1439,457,0.22519835513191544
1439,917,0.21983248181384232
1439,969,0.20431905187855992
1439,1408,0.19495054652826957
1439,1756,0.16679743428890348
1439,878,0.15897695208803256
1439,1516,0.1569747822126896
1439,1938,0.14618367537986382
1439,1248,0.14525964795877827
1440,1440,0
1440,261,1
1440,1514,0.80549555635234782
1440,346,0.80451156777371713
1440,881,0.69569389500866363
1440,1285,0.11811561686311467
1440,329,0.087417947514211405
1440,1663,0.077123241872760873
1440,1641,0.061862964213747672
1440,1674,0.061299266392617631
1440,753,0.051315389546281835
1440,539,0.043301926076544123
1440,1512,0.037172666202679921
1440,25,0.033370075974674555
1440,1525,0.030213897375187586
1441,1441,0
1441,732,1
1441,662,0.86048154162537749
1441,711,0.45848248703055056
1441,619,0.30379974742853422
1441,27,0.2553509625504542
1441,605,0.23761809408159762
1441,257,0.14741747133949804
1441,509,0.14156683198784492
1441,225,0.10581885063066326
1441,325,0.10192639145435017
1441,1599,0.097137829751488117
1441,1149,0.088903959486128073
1441,1425,0.059261286177745773
1441,5,0.049115323757403483
1442,1442,0
1442,1007,1
1442,442,0.73822920466476849
1442,1828,0.42693631465633813
1442,1332,0.38122057421300137
1442,1919,0.33285831630492219
1442,948,0.33125593609468623
1442,742,0.17955825537157025
1442,178,0.12793800520783286
1442,1349,0.081695629891065671
1442,608,0.07853632692334267
1442,1900,0.075505871278733108
1442,1704,0.063305089105100285
1442,360,0.046190011265757475
1442,1449,0.043659648106054452
1443,1443,0
1443,647,1
1443,747,0.67187499570318654
1443,614,0.46904775683476324
1443,1923,0.34052347447988346
1443,313,0.24850428213372325
1443,1843,0.21025024252666055
1443,1359,0.19454106042076613
1443,1403,0.13717269399485679
1443,983,0.11876430116219504
1443,955,0.11005681676720043
1443,44,0.10263595414708478
1443,74,0.10263485881739279
1443,1535,0.10165824509025603
1443,895,0.099221502041464016
1444,1444,0
1444,1529,1
1444,1088,0.31198449784002408
1444,600,0.26440510439162007
1444,721,0.26429293268472692
1444,1653,0.23579613280316658
1444,645,0.21757734619814464
1444,917,0.21362995930614045
1444,1536,0.21114206437878064
1444,177,0.20841098270535963
1444,444,0.20767307197609888
1444,878,0.20362069090058621
1444,1605,0.199384456540524
1444,1024,0.18639657331230625
1444,1748,0.18258458229433386
1445,1445,0
1445,1863,1
1445,141,0.71637451097016802
1445,780,0.51297220325243298
1445,13,0.34348492015766241
1445,881,0.29244160693464
1445,1830,0.23720855436453736
1445,1384,0.19586386190360891
1445,388,0.13889156790721557
1445,1134,0.10557105801410707
1445,442,0.083888813541923873
1445,1416,0.07639514532290656
1445,1820,0.07384026488028371
1445,710,0.072294092910375959
1445,67,0.05766410134349486
1446,1446,0
1446,1008,1
1446,454,0.39296997023215918
1446,1633,0.3827231364697895
1446,1837,0.30525167886378424
1446,131,0.27900416991221366
1446,695,0.24598321777976481
1446,1791,0.19352428978770292
1446,1975,0.18897965074765583
1446,385,0.18649297056886674
1446,24,0.15865090861971998
1446,708,0.15597774145278787
1446,1542,0.14764812261457538
1446,1562,0.13502146729290912
1446,1473,0.13465534227188747
1447,1447,0
1447,1909,1
1447,1255,0.64529206705282927
1447,1925,0.64260598058093132
1447,1199,0.33759957921567912
1447,387,0.22812288505256423
1447,1027,0.18210613776643669
1447,949,0.18207730757480231
1447,1645,0.15622597488533582
1447,1211,0.13748329734371187
1447,1102,0.090432668588275825
1447,940,0.084200584819476829
1447,872,0.080764641724850234
1447,1293,0.076138832026238071
1447,792,0.063845458060259014
1448,1448,0
1448,93,1
1448,1505,0.345378525000896
1448,468,0.27450709425277503
1448,981,0.26840708772963706
1448,1682,0.25897246603526813
1448,1475,0.22833788875769637
1448,534,0.21926303852032022
1448,1062,0.19888036413558438
1448,732,0.19579365613831168
1448,676,0.19504545283502175
1448,306,0.19107374781620509
1448,257,0.17927787036106699
1448,1149,0.17748164101898081
1448,708,0.17447040317262377
1449,1449,0
1449,1666,1
1449,107,0.87572649342378106
1449,1692,0.63308647548641961
1449,157,0.33766063829444504
1449,1328,0.2341248942982814
1449,722,0.15015297661322405
1449,1824,0.14077795455071737
1449,1265,0.10335263426031989
1449,687,0.093037239758238882
1449,1339,0.090572569683877002
1449,1751,0.071660413085475341
1449,1512,0.065758083202309178
1449,444,0.063283274037709975
1449,639,0.047694298442354816
1450,1450,0
1450,183,1
1450,1413,0.35690858710184226
1450,976,0.35435452011804258
1450,953,0.30530128862048578
1450,609,0.25961193308628644
1450,1661,0.24558363744290448
1450,671,0.24432651338411601
1450,1949,0.21397932697178429
1450,1714,0.20365174815016934
1450,1397,0.17100000548577535
1450,359,0.14774755073318965
1450,298,0.13792422083707304
1450,1611,0.13330750582214337
1450,1546,0.13319570896825919
1451,1451,0
1451,532,1
1451,1707,0.97457051346097567
1451,93,0.50971993437198049
1451,3,0.47600998025223729
1451,875,0.302738086749889
1451,1149,0.15922454025048469
1451,1842,0.074057169256352737
1451,63,0.072847486410905604
1451,711,0.069962766206594279
1451,1505,0.069917857267708231
1451,981,0.058265705446660793
1451,1593,0.051550589224598077
1451,1480,0.048886564709330962
1451,790,0.039144861279765145
1452,1452,0
1452,1208,1
1452,1967,0.51172504592044754
1452,1094,0.34690359441205487
1452,293,0.30272971575814633
1452,92,0.25370164309928006
1452,664,0.21070215768076425
1452,1012,0.19287646914064255
1452,1819,0.18744052440062844
1452,1057,0.17956208762390188
1452,459,0.15910167464382399
1452,450,0.14566802570045642
1452,1276,0.14396643213761506
1452,1541,0.14118376626748691
1452,1396,0.13133055784980174
1453,1453,0
1453,1774,1
1453,1139,0.40899988974062601
1453,455,0.37947721700716885
1453,1396,0.31189849332651209
1453,184,0.28377723331430205
1453,664,0.28333438902029684
1453,1541,0.26959992124627619
1453,622,0.23296345464409507
1453,479,0.16446282011880498
1453,1012,0.15066962560045039
1453,1526,0.13334170315753349
1453,835,0.12058360408640749
1453,1639,0.087049928462826928
1453,681,0.080730559701588517
1454,1454,0
1454,250,1
1454,1245,0.9445186335032828
1454,1524,0.84362500243076222
1454,1732,0.70315357452461213
1454,960,0.075575576201802136
1454,877,0.058982505593039525
1454,1924,0.047856398107934323
1454,152,0.04331157042519003
1454,203,0.041199449972464365
1454,210,0.038782527527410439
1454,1600,0.033625558476388741
1454,1463,0.02605507996950877
1454,1987,0.025742126942189459
1454,1456,0.024466943737962606
1455,1455,0
1455,852,1
1455,1258,0.46708061101657755
1455,1150,0.38597579222313005
1455,1844,0.33296455738004282
1455,706,0.31310641268098038
1455,390,0.28592698241344583
1455,1249,0.27358129098726952
1455,1934,0.1441143033163314
1455,1391,0.13729387279584424
1455,1115,0.13422827981369248
1455,1274,0.13279624794892303
1455,565,0.10769743500409591
1455,308,0.09979442045969969
1455,995,0.092330375076250165
1456,1456,0
1456,1948,1
1456,250,0.60273259088679454
1456,1279,0.42683404906302325
1456,1025,0.2182583572153606
1456,44,0.21795267861869921
1456,914,0.21616444001366725
1456,1710,0.2133701164097665
1456,1454,0.20600998644737378
1456,492,0.18523996942620133
1456,1535,0.1398078743742924
1456,960,0.13791624645890785
1456,1708,0.11583059282163831
1456,743,0.11473933487769757
1456,494,0.11203658423202965
1457,1457,0
1457,1568,1
1457,243,0.66185665997499032
1457,546,0.36224661356770643
1457,1069,0.30442249377379055
1457,861,0.27311558797863345
1457,585,0.26181552918856399
1457,1681,0.24409806494774897
1457,1967,0.18054078640509083
1457,92,0.14595709127631032
1457,1303,0.13950392668169598
1457,1268,0.11514393309397331
1457,1295,0.086716770429862741
1457,865,0.07947506720710594
1457,681,0.051989922896324578
1458,1458,0
1458,1689,1
1458,151,0.70847530264450698
1458,796,0.38838587075671754
1458,452,0.26679037203222594
1458,746,0.23433731655983386
1458,1347,0.2284276821966314
1458,1505,0.2176027412342649
1458,1682,0.15715087165674491
1458,248,0.13834431168116795
1458,418,0.12791037460868857
1458,676,0.11536776702251317
1458,1909,0.10968223094529264
1458,410,0.1091640953312363
1458,257,0.105255292270897
1459,1459,0
1459,1998,1
1459,1799,0.34409211816709895
1459,1101,0.3284399882007491
1459,517,0.31116409530434774
1459,464,0.27998059349805349
1459,1243,0.25538072354254387
1459,808,0.24034499933342118
1459,1312,0.23745481016492975
1459,1564,0.20574540189490348
1459,165,0.16632906595486247
1459,95,0.14727856289262689
1459,302,0.13851718857386663
1459,955,0.13247774822280886
1459,101,0.11969100581271805
1460,1460,0
1460,829,1
1460,1673,0.4027861346893602
1460,1581,0.28881722627492579
1460,1462,0.27801118268324371
1460,273,0.27501864549803712
1460,62,0.23831815953348506
1460,1651,0.22457726357252014
1460,1999,0.20925950412281349
1460,954,0.19081483916350264
1460,1845,0.17136638081023431
1460,382,0.16333684674761659
1460,267,0.15707895379168774
1460,523,0.15460021508184835
1460,1767,0.1528998060407272
1461,1461,0
1461,510,1
1461,1850,0.52505480612580457
1461,781,0.43938520128557851
1461,1264,0.25416995000079545
1461,1896,0.23945267841876294
1461,231,0.22933578733999066
1461,631,0.21703065042788711
1461,1084,0.20619107371654471
1461,1088,0.2046065568403608
1461,687,0.16310139636926654
1461,571,0.14212347482526116
1461,413,0.10914560494236579
1461,1172,0.095913993325895883
1461,917,0.081382942548932413
1462,1462,0
1462,1581,1
1462,1191,0.92352696340618801
1462,1432,0.57161630244216211
1462,31,0.4733535634974963
1462,255,0.21667692839518649
1462,1556,0.11649773063635491
1462,1735,0.11568860885413799
1462,1460,0.094921457256371217
1462,206,0.093398405256119532
1462,269,0.073570222153653775
1462,1484,0.068512871497138542
1462,267,0.06603549123852484
1462,966,0.046567481158260676
1462,1067,0.046532324312012485
1463,1463,0
1463,1811,1
1463,635,0.54870903933218507
1463,20,0.40715020633064075
1463,1245,0.35741266751653439
1463,1454,0.29749354170830922
1463,1955,0.20477923478206669
1463,472,0.17486704664402258
1463,210,0.16974789048448155
1463,877,0.14897761602626725
1463,477,0.14433554883737229
1463,338,0.1440164158928279
1463,1402,0.11480295491211687
1463,475,0.10553585319518569
1463,883,0.089060276127449184
1464,1464,0
1464,598,1
1464,899,0.77120001832299956
1464,460,0.55884553363740797
1464,1990,0.50367567283589532
1464,1355,0.33615425507201474
1464,1838,0.29855762219125243
1464,820,0.27073013059197842
1464,84,0.041070753250817764
1464,604,0.035712438891998252
1464,191,0.031829011220460814
1464,799,0.018781733765391176
1464,1810,0.014891212025486796
1464,1610,0.013352173446952177
1464,1872,0.01208666451913127
1465,1465,0
1465,1392,1
1465,20,0.52404965566702022
1465,235,0.35022516747728499
1465,389,0.32636053658609043
1465,1320,0.23525901383572817
1465,1245,0.20121349456491366
1465,1965,0.19909011265157173
1465,1224,0.19196007403500048
1465,1072,0.18528087483220221
1465,1343,0.17574575129942621
1465,1454,0.14698729759974624
1465,877,0.1438027826321448
1465,339,0.11346138525034409
1465,197,0.11344929381772401
1466,1466,0
1466,1692,1
1466,329,0.71765717862475542
1466,669,0.55168714113295902
1466,1339,0.34085532079131842
1466,1468,0.27325773652764895
1466,1512,0.20843084722550945
1466,1363,0.14527337577311045
1466,346,0.11787206374738987
1466,157,0.11653247153181379
1466,784,0.10935061910579737
1466,1218,0.10147448200993626
1466,1360,0.094886687746401147
1466,1449,0.071919443156660684
1466,894,0.057696650474975186
1467,1467,0
1467,878,1
1467,1338,0.98432228677797107
1467,342,0.95968946323558546
1467,1136,0.53941185906008948
1467,1896,0.10289100196810713
1467,858,0.10125734527260354
1467,547,0.086499969118192244
1467,600,0.049568280979658277
1467,148,0.019120402653372722
1467,1859,0.017348231097964205
1467,1695,0.016945834209739358
1467,1746,0.013320552800106191
1467,1687,0.0091289537781469622
1467,1444,0.0073772528612741127
1468,1468,0
1468,1525,1
1468,1692,0.7021513989148932
1468,539,0.3555737381015508
1468,819,0.27508400671793132
1468,1328,0.26427124731712898
1468,1641,0.2510426690749552
1468,1360,0.21380794646661
1468,157,0.13365918068983118
1468,329,0.13147232400411324
1468,1635,0.12699533507772523
1468,731,0.12638611158411442
1468,346,0.119049595979639
1468,371,0.10831604922817181
1468,164,0.099083186269402809
1469,1469,0
1469,1678,1
1469,1419,0.91729507440030156
1469,1916,0.55673872710741013
1469,227,0.38783631721530148
1469,1005,0.19012340493157237
1469,306,0.13579484809613659
1469,490,0.11487211993664813
1469,1902,0.10494986984960188
1469,963,0.097932555195606216
1469,1617,0.095502982904174472
1469,1958,0.08920792365088763
1469,756,0.086677376190756036
1469,343,0.082293029622749855
1469,511,0.047668135727912453
1470,1470,0
1470,360,1
1470,58,0.48245481902299364
1470,967,0.41476820262732361
1470,218,0.38277990195243061
1470,1527,0.18275892998481233
1470,762,0.17878909676554816
1470,927,0.1759993112144759
1470,1285,0.17125018705038667
1470,531,0.17097536426800772
1470,1642,0.17028052996827336
1470,177,0.16422580391181368
1470,1408,0.16195623523092095
1470,1182,0.13464734115141835
1470,444,0.11599544997410947
1471,1471,0
1471,1728,1
1471,1273,0.41078712763117858
1471,655,0.38902884535624982
1471,487,0.29364853689734854
1471,1936,0.25934037832838064
1471,466,0.24726542842460134
1471,1604,0.23774901660997233
1471,1194,0.20076463813762904
1471,841,0.16657882525901979
1471,942,0.16410649888734316
1471,38,0.14504050492328213
1471,242,0.13368741081299051
1471,988,0.13065299498789126
1471,549,0.12824508032888665
1472,1472,0
1472,839,1
1472,345,0.56609513646843823
1472,1957,0.51903973509293044
1472,823,0.26580984890065201
1472,1926,0.24422829060094184
1472,1291,0.22858292751196904
1472,553,0.19008951208565678
1472,1817,0.18986169856854107
1472,506,0.18374490599917037
1472,136,0.15498587614648504
1472,224,0.10317124340035254
1472,254,0.094468630444692531
1472,448,0.08596532069930346
1472,1543,0.080854402494375324
1473,1473,0
1473,1791,1
1473,507,0.60295095799923304
1473,26,0.33320672287543596
1473,1875,0.3105370117742815
1473,981,0.24530436786254253
1473,613,0.19754265001595109
1473,1149,0.19311447064419551
1473,682,0.17524833812260088
1473,658,0.16947141855180359
1473,441,0.16429219080607577
1473,708,0.14753747114442164
1473,867,0.13402674562663769
1473,1778,0.11904382847226963
1473,1782,0.11461237436128893
1474,1474,0
1474,654,1
1474,1586,0.79786139151621049
1474,1318,0.67503342267586364
1474,294,0.28669849886987858
1474,255,0.24178438592762158
1474,1330,0.18012540742849267
1474,147,0.11179323272779222
1474,838,0.10942093903713641
1474,269,0.09951219794824831
1474,1845,0.095253443307754024
1474,1162,0.093559631188303932
1474,1077,0.092720985545924076
1474,1604,0.062719464414074666
1474,1006,0.060411484872619201
1475,1475,0
1475,306,1
1475,1005,0.78446482486573021
1475,713,0.49364558211478399
1475,981,0.4660335456231986
1475,613,0.39518994016633191
1475,532,0.23723908725478943
1475,1149,0.1459191744269954
1475,93,0.095563144263724684
1475,73,0.091333269087550656
1475,452,0.049606852716453584
1475,682,0.047532329939079937
1475,1505,0.045386719389855223
1475,1709,0.029902457334636982
1475,1791,0.025081732599025179
1476,1476,0
1476,1890,1
1476,1100,0.66313012049065057
1476,36,0.46793104096703858
1476,1292,0.44697369832554956
1476,146,0.23185538249042817
1476,726,0.19402634663280602
1476,601,0.1764905370226085
1476,769,0.15027687832248332
1476,329,0.1338534542100652
1476,1114,0.11150071643208158
1476,1024,0.10228229246673412
1476,712,0.086978767028006679
1476,416,0.073687737641111903
1476,721,0.06789543915011223
1477,1477,0
1477,1577,1
1477,1881,0.72273716198528859
1477,904,0.44392519500362398
1477,699,0.30246897846621096
1477,1061,0.21531848677188922
1477,1907,0.19228335600743723
1477,1657,0.18621867646436296
1477,1071,0.14750189884607545
1477,1354,0.13122754439147152
1477,1287,0.12356299602254736
1477,799,0.12002335139669969
1477,868,0.10913430838052093
1477,1223,0.10864672007649785
1477,1132,0.1038391252771149
1478,1478,0
1478,871,1
1478,1839,0.97274124687150454
1478,1642,0.66627415655103683
1478,58,0.3427423643253224
1478,137,0.13834187135723974
1478,1182,0.11622084345863171
1478,1496,0.10326514545685364
1478,1938,0.094569381688119875
1478,1248,0.094305974967885772
1478,360,0.087468926119182236
1478,1399,0.083430323545127985
1478,332,0.074815347731540138
1478,1676,0.072615597926558889
1478,1323,0.060101444825003437
1479,1479,0
1479,1841,1
1479,1249,0.95032034584324221
1479,220,0.43584139446026765
1479,1641,0.43582402162413442
1479,1635,0.27926912528621139
1479,1663,0.20267264234629911
1479,144,0.17690456112955194
1479,94,0.13270913067787712
1479,539,0.11532274037767171
1479,1511,0.047106577594740677
1479,1169,0.041418775467447946
1479,103,0.037822148317878793
1479,1496,0.02699894579798744
1479,836,0.024686634999785063
1480,1480,0
1480,1539,1
1480,973,0.68695218925809842
1480,574,0.32697314870533112
1480,453,0.26179162846112847
1480,790,0.24983504643720358
1480,619,0.22174863179812193
1480,1255,0.18047661270541077
1480,1036,0.17907845577749046
1480,1380,0.17587217927729559
1480,59,0.15123330720417538
1480,1390,0.13721897358197152
1480,582,0.11715917004901115
1480,1688,0.11303573282743441
1480,1376,0.10550824888455479
1481,1481,0
1481,792,1
1481,949,0.74647160348068742
1481,870,0.53938100884766182
1481,1645,0.33350810513342793
1481,1597,0.21322009571754927
1481,428,0.19881195897773404
1481,468,0.16695530155583682
1481,1001,0.14344263403062543
1481,1742,0.11644098868888852
1481,1447,0.11556132525128475
1481,1861,0.10415835991762443
1481,1539,0.089143343147050913
1481,1235,0.072200115170773446
1481,387,0.067597727651184047
1482,1482,0
1482,1188,1
1482,1313,0.46195574178213417
1482,451,0.42998625403378316
1482,289,0.4210681485508313
1482,264,0.39694493547562504
1482,1254,0.24553408150549938
1482,411,0.14864811201070746
1482,1581,0.13774359088900129
1482,718,0.12499251740085798
1482,843,0.11721485292372812
1482,559,0.11147289301481732
1482,1336,0.10888437839448292
1482,47,0.10256290072614914
1482,356,0.099882958861015017
1483,1483,0
1483,1176,1
1483,412,0.95584566951881456
1483,1048,0.26516183944144422
1483,1891,0.23616886937676898
1483,589,0.21766400176849493
1483,304,0.2036717028858212
1483,983,0.17300660942281229
1483,244,0.15683442231260106
1483,1368,0.15111260413324928
1483,1395,0.13951081730456588
1483,1832,0.11269612460106115
1483,1329,0.10288145162443546
1483,1799,0.096358249184576347
1483,1520,0.095975369641379135
1484,1484,0
1484,269,1
1484,966,0.55635625455737592
1484,1602,0.37138770815705163
1484,1581,0.24731615130205897
1484,971,0.22952349904545019
1484,880,0.21831166515120121
1484,1191,0.18220825396356824
1484,255,0.17481586355808659
1484,47,0.17201095295447538
1484,1906,0.16041276708746477
1484,636,0.15675249847378731
1484,1462,0.15305407506078403
1484,123,0.14414874588608817
1484,1432,0.1405957964294843
1485,1485,0
1485,1793,1
1485,1829,0.76937928084711571
1485,479,0.57902233014175553
1485,997,0.39412679282725077
1485,976,0.19347756434250296
1485,1777,0.16698938639728925
1485,953,0.15698868168020522
1485,1570,0.12169694853158691
1485,1541,0.11543195828419639
1485,160,0.11427395151071547
1485,1122,0.095176959072474962
1485,340,0.093421130439500996
1485,501,0.063052357949873697
1485,1181,0.043863087747741281
1486,1486,0
1486,1797,1
1486,164,0.52177494472063912
1486,1853,0.50494257710290602
1486,1869,0.47624526648718946
1486,731,0.33036757656072857
1486,429,0.32578633558590636
1486,1399,0.25902556092619999
1486,1627,0.2406117013038914
1486,764,0.063122492623421511
1486,1525,0.044517259622375328
1486,329,0.039457762371834744
1486,819,0.039425983117290439
1486,214,0.034057779574313149
1486,1468,0.02755896388789628
1487,1487,0
1487,129,1
1487,1248,0.34320228821728427
1487,1399,0.30380389849797179
1487,1893,0.28989027948909452
1487,1175,0.28000375600430866
1487,329,0.2487276607690827
1487,1756,0.23709569786454313
1487,1478,0.19597623850385704
1487,769,0.19219166243617308
1487,1627,0.17366690055143391
1487,1381,0.16450794810353403
1487,871,0.16279792794826498
1487,1938,0.15986823534469913
1487,1676,0.15516448161019791
1488,1488,0
1488,1004,1
1488,364,0.92025637718790754
1488,1630,0.58107477595170975
1488,241,0.37383730318924013
1488,1716,0.21251927585493499
1488,1425,0.1472126475218172
1488,1842,0.13407548331815927
1488,569,0.12928074898248779
1488,1051,0.098662623700609506
1488,417,0.085962219210440102
1488,711,0.08576213908708491
1488,1237,0.059286427336771946
1488,702,0.042611378202820217
1488,746,0.036342607084216591
1489,1489,0
1489,1763,1
1489,1164,0.4169708464691132
1489,1203,0.4036215857998488
1489,696,0.3887220995618102
1489,1791,0.36407750790829302
1489,1542,0.30774266643312076
1489,1576,0.19949277568877286
1489,417,0.16889523929554376
1489,454,0.126488223374117
1489,793,0.11525923497566669
1489,1503,0.11329511411889445
1489,335,0.10898167257030489
1489,749,0.10690695759076496
1489,1902,0.086441844378849164
1490,1490,0
1490,1119,1
1490,996,0.61395671345523417
1490,1738,0.50269126757088878
1490,262,0.37566740580793545
1490,1798,0.3723547054224226
1490,1814,0.22751138623574479
1490,777,0.13146065200218143
1490,906,0.12602431542098511
1490,1929,0.1149760174189418
1490,1192,0.10446760435099706
1490,1242,0.092238824999377328
1490,205,0.084748027790344849
1490,560,0.080558917235727903
1490,1062,0.080229949393651773
1491,1491,0
1491,288,1
1491,117,0.60202924420266157
1491,619,0.47653986444322138
1491,936,0.23370446544979001
1491,646,0.197239079229757
1491,916,0.17896117760246488
1491,1683,0.17783355855169011
1491,1951,0.17302574691078387
1491,959,0.17301833134426531
1491,1617,0.15911617455153002
1491,662,0.15197325001655448
1491,1010,0.15128990914370491
1491,193,0.12497203666988922
1491,227,0.10719324109849752
1492,1492,0
1492,254,1
1492,130,0.41286452666030693
1492,1472,0.38216462069002993
1492,823,0.37997027416814932
1492,282,0.3215357845414622
1492,1817,0.20694953084331325
1492,589,0.18981635174837258
1492,1543,0.18583543675847994
1492,430,0.14730628024071077
1492,1193,0.14371345571142319
1492,1887,0.14051774860967697
1492,1329,0.13458770510608781
1492,449,0.13388120579004792
1492,944,0.12774550819389113
1493,1493,0
1493,1743,1
1493,919,0.58518850616331042
1493,1930,0.32826743217945059
1493,316,0.23358533487133878
1493,945,0.21482748830968446
1493,1853,0.20482301823352253
1493,740,0.19760892346299613
1493,1772,0.1862723679041961
1493,765,0.17960980934260445
1493,381,0.16246751367448689
1493,1797,0.15732648976256608
1493,922,0.15523250294551469
1493,25,0.15195344734584093
1493,164,0.14972021704083541
1494,1494,0
1494,258,1
1494,1355,0.39475940426111344
1494,1215,0.33745827164269249
1494,1601,0.30951832517996619
1494,311,0.23330126840168838
1494,864,0.2262041496494285
1494,537,0.21457735871248079
1494,41,0.17971104257073151
1494,1410,0.17843020098262183
1494,728,0.17262653629979663
1494,1712,0.17241027227605199
1494,1580,0.17043109118343486
1494,1048,0.16221876770300706
1494,1231,0.15523824341690415
1495,1495,0
1495,1668,1
1495,1148,0.61568457149974665
1495,1884,0.36948041092844575
1495,1862,0.33762892766733826
1495,409,0.31386471278108508
1495,1041,0.26504327398028582
1495,345,0.23379847607111223
1495,408,0.13505315927048045
1495,1305,0.13004518943066928
1495,1600,0.11802661288742225
1495,1543,0.1060152924660567
1495,224,0.10425136141889269
1495,475,0.090280864430417634
1495,1780,0.087708512756571849
1496,1496,0
1496,144,1
1496,1930,0.59405710404287937
1496,406,0.56674610174950391
1496,1381,0.35770693395340847
1496,1341,0.24185895037072577
1496,918,0.20960199605391541
1496,1399,0.19789163878592672
1496,103,0.16493723282106029
1496,1938,0.10958493888014023
1496,1093,0.10824682450719808
1496,1248,0.10787874417675399
1496,769,0.096595396639480718
1496,58,0.076765100314693024
1496,740,0.075019023466909959
1497,1497,0
1497,1063,1
1497,652,0.37848163780163868
1497,1749,0.32920492882624425
1497,1626,0.26329340746367619
1497,1124,0.2623966692967668
1497,1135,0.232925169283871
1497,788,0.22198662994846141
1497,47,0.2067812250389135
1497,681,0.1909572010289344
1497,1191,0.18267087402351725
1497,4,0.16236358889803001
1497,1980,0.16020178503050403
1497,1867,0.15876496770385073
1497,585,0.15685421565066965
1498,1498,0
1498,1291,1
1498,584,0.75837967577053744
1498,1261,0.53884653946354488
1498,1382,0.21450854537354241
1498,864,0.20675419635663975
1498,567,0.20397624543655798
1498,616,0.2022340599842079
1498,1601,0.15390956721413998
1498,85,0.124350891978651
1498,1926,0.12300573818836576
1498,1953,0.10471380315412515
1498,1537,0.09338620343973171
1498,41,0.092637852072079266
1498,1888,0.090180224405532625
1499,1499,0
1499,1960,1
1499,320,0.96938717661179397
1499,1211,0.68624524350713034
1499,1326,0.44805905380343897
1499,811,0.17817261002967355
1499,15,0.13803816924785806
1499,949,0.12762648301966412
1499,425,0.076598535896156492
1499,1909,0.076269314517151965
1499,1503,0.060088564494919582
1499,889,0.041473271259818582
1499,1458,0.040479371911088392
1499,454,0.036305801714917464
1499,792,0.028140919040707493
1500,1500,0
1500,810,1
1500,1620,0.42052090204006604
1500,409,0.32935947945418009
1500,562,0.30219482400320652
1500,1239,0.24975213434035637
1500,1764,0.21203845261116885
1500,1587,0.19282570112733824
1500,1954,0.19247925939667548
1500,1477,0.18709598306711253
1500,629,0.17518977628605067
1500,1402,0.16963701750354704
1500,1518,0.16159093224176432
1500,1668,0.15895775098533235
1500,1884,0.15525582737950383
1501,1501,0
1501,1832,1
1501,763,0.57149313175446814
1501,464,0.36777487939619913
1501,656,0.25147049004932009
1501,111,0.22023153129603373
1501,268,0.19367581222257091
1501,630,0.18513683876225778
1501,221,0.17357094691684091
1501,37,0.17297328856968872
1501,1459,0.16767313339051063
1501,1170,0.16662232790491624
1501,1933,0.16480850935827174
1501,1971,0.13706121187402276
1501,526,0.13440650016753172
1502,1502,0
1502,1067,1
1502,465,0.60977911817864472
1502,1545,0.4999290407239223
1502,1918,0.42431529714565774
1502,626,0.36672804981205104
1502,1418,0.2343806294393676
1502,1807,0.17495532377802067
1502,1556,0.13139031660766701
1502,1095,0.12185329899974243
1502,1068,0.11280677975704749
1502,848,0.064176882221507747
1502,1260,0.059887828643214798
1502,683,0.055875308161124425
1502,590,0.050806328924126898
1503,1503,0
1503,1203,1
1503,1542,0.87276585831712217
1503,1027,0.29613191416791507
1503,1789,0.28347632062995659
1503,387,0.24646056516187642
1503,1758,0.23268645523641368
1503,1909,0.219774728471447
1503,1272,0.14183060069484243
1503,1622,0.13854661513530236
1503,1522,0.11573077929589672
1503,454,0.10197054455747291
1503,151,0.097815165823797373
1503,1763,0.080360773386598194
1503,73,0.079342993754944052
1504,1504,0
1504,1086,1
1504,756,0.4015881211293299
1504,963,0.33677199170827993
1504,1177,0.29653653188164908
1504,1199,0.25271574342541281
1504,662,0.25028871147156245
1504,196,0.2340510548031097
1504,27,0.19042254816425258
1504,1973,0.18950438358128263
1504,916,0.18744377992249153
1504,1412,0.17671237260536252
1504,1227,0.153137594323769
1504,847,0.12038120928301009
1504,1174,0.11733362447225026
1505,1505,0
1505,93,1
1505,1682,0.4553058251829632
1505,151,0.36780222569316129
1505,452,0.30460146741802541
1505,1448,0.23533041309448677
1505,1475,0.21149777116414364
1505,1921,0.20980625863588118
1505,676,0.18356289117362487
1505,588,0.18128078213055371
1505,1902,0.16178227829668229
1505,708,0.15800560971737665
1505,1010,0.14928147952310145
1505,729,0.14678097080409597
1505,1458,0.14186247720636164
1506,1506,0
1506,480,1
1506,1307,0.87786696461965175
1506,1141,0.71117121352371104
1506,1249,0.53139956786068931
1506,1841,0.50343958134411138
1506,849,0.074246582883973858
1506,1393,0.069817081849768564
1506,297,0.062100566865673293
1506,1886,0.039894840894308094
1506,1934,0.011881202330568432
1506,33,0.0095964868303261112
1506,1747,0.008129939504235472
1506,445,0.0051635488912172723
1506,1674,0.0021803046568074102
1507,1507,0
1507,1724,1
1507,1642,0.82765721364844203
1507,871,0.30387688262476925
1507,834,0.24577244920003408
1507,1813,0.23525708438073362
1507,291,0.19720588560475327
1507,177,0.18062441581384966
1507,1510,0.17647472210326115
1507,58,0.13692219094622349
1507,1747,0.12928931535793414
1507,1323,0.12603154017710924
1507,901,0.11964736379953454
1507,87,0.11924702862641007
1507,1349,0.10888544206363701
1508,1508,0
1508,320,1
1508,1137,0.55864905435679402
1508,1789,0.28440312284143893
1508,135,0.23284473070091202
1508,727,0.23025771133817083
1508,1029,0.23013706179893437
1508,1499,0.22050396012364457
1508,201,0.20469120967949953
1508,1052,0.19715144440421292
1508,1458,0.17750733084193268
1508,247,0.17265278709558826
1508,15,0.14346063257025407
1508,1173,0.13088835859990056
1508,511,0.12375192363930151
1509,1509,0
1509,782,1
1509,925,0.6496367505815781
1509,1511,0.42457087549793748
1509,1327,0.28917886011329208
1509,751,0.24306589491390543
1509,836,0.20143060617494118
1509,678,0.19878802867248205
1509,1007,0.18138033765103009
1509,281,0.1528263115471625
1509,1635,0.12805031623918808
1509,1841,0.12398580743982725
1509,1704,0.11668402124873557
1509,29,0.10274451835596327
1509,1828,0.094546551988311814
1510,1510,0
1510,834,1
1510,1157,0.86882142459698897
1510,901,0.51844600861979639
1510,1323,0.2920847371130374
1510,148,0.27714453104177883
1510,8,0.18416486825029918
1510,1507,0.16391967019524598
1510,1113,0.15789208193935475
1510,884,0.11661417336834898
1510,42,0.087277372410143689
1510,871,0.078656950663339595
1510,600,0.054577394202217563
1510,892,0.054053629613116223
1510,161,0.05324221073101762
1511,1511,0
1511,1635,1
1511,1841,0.32876570518409332
1511,922,0.3164903602917612
1511,1663,0.30102907814655389
1511,776,0.25603927544843147
1511,1935,0.23134390691382919
1511,925,0.22489010229153991
1511,1270,0.20812891902990968
1511,333,0.19217965021159045
1511,678,0.17723604834981263
1511,731,0.17300255630970454
1511,444,0.17248780498808997
1511,1530,0.16275321555472794
1511,531,0.16254649747634656
1512,1512,0
1512,1212,1
1512,346,0.57593091232208682
1512,157,0.32566450790153001
1512,107,0.30963052107751571
1512,1674,0.27625532328909241
1512,1339,0.25206990428902215
1512,1172,0.19796161069384763
1512,894,0.17034015483110201
1512,1449,0.16670697645447119
1512,1619,0.14072589372275474
1512,1435,0.1376876655389046
1512,1349,0.12387985621572344
1512,1692,0.11520660599077688
1512,1314,0.11482586817761901
1513,1513,0
1513,1303,1
1513,1297,0.48312099649184786
1513,618,0.47286533910971795
1513,717,0.33156800513459
1513,98,0.25721934074245656
1513,1457,0.22758671371428918
1513,683,0.20685987543530759
1513,1906,0.15746937553877582
1513,145,0.15533267529940539
1513,1378,0.15335481855642383
1513,503,0.15112330488273396
1513,415,0.13608716643357369
1513,278,0.10151080831847979
1513,1184,0.072795872603708844
1514,1514,0
1514,261,1
1514,1440,0.75189314791309281
1514,798,0.58996507019284594
1514,1641,0.54616918785537505
1514,776,0.2663582961217501
1514,1729,0.16387400747833128
1514,704,0.14975242545552372
1514,539,0.13127709837241494
1514,25,0.072133004149137328
1514,346,0.066538263750012663
1514,1567,0.050063614187259603
1514,1663,0.044945835257021553
1514,731,0.037239825243870386
1514,1479,0.036676668808046459
1515,1515,0
1515,1859,1
1515,539,0.76944249376486618
1515,1663,0.601796195480096
1515,424,0.54729982881068973
1515,285,0.31459534001238099
1515,514,0.25626210319463238
1515,1016,0.10323456302279933
1515,1411,0.073302069769759962
1515,1641,0.058345793891901331
1515,220,0.055655715358612586
1515,945,0.041879287151308807
1515,1516,0.034689601547746939
1515,1853,0.027323799095352454
1515,1479,0.023061291338284773
1516,1516,0
1516,958,1
1516,776,0.5022194021273938
1516,1439,0.46113243333692738
1516,731,0.35946447975430168
1516,767,0.33859043473469475
1516,1515,0.29265503588071939
1516,945,0.23725533520156492
1516,1695,0.233516729947195
1516,285,0.17730857201983619
1516,1091,0.094179649944342941
1516,922,0.088933971157058325
1516,631,0.049483702226487528
1516,1797,0.038267899627231469
1516,437,0.033888178966407022
1517,1517,0
1517,678,1
1517,925,0.45783271413717203
1517,775,0.3986827426324146
1517,1687,0.33872014401861317
1517,1797,0.2559772329252904
1517,687,0.20510672436925531
1517,765,0.17835704239019468
1517,722,0.17771209125423271
1517,922,0.17052719008844103
1517,1666,0.1504471520524778
1517,1270,0.14906170413562639
1517,12,0.14419694031621227
1517,1704,0.14014356476864598
1517,478,0.14012654805627325
1518,1518,0
1518,1002,1
1518,219,0.62387736022245732
1518,699,0.38555399445618604
1518,883,0.34605560549123304
1518,1862,0.20268538783529319
1518,481,0.19826361837436768
1518,190,0.19702608592612667
1518,1878,0.16199976281771628
1518,477,0.15400085778687003
1518,409,0.15128829303023822
1518,1305,0.12916362958430588
1518,1976,0.12799181890250128
1518,518,0.122495550063174
1518,345,0.10649636500012076
1519,1519,0
1519,886,1
1519,11,0.82007892614781785
1519,1979,0.45954912482768662
1519,464,0.21350063377556752
1519,1575,0.19271472209915072
1519,1459,0.16655561352502923
1519,1015,0.15901559290505157
1519,1646,0.15493791073118604
1519,1745,0.15157263678671445
1519,1760,0.13758099139766211
1519,1216,0.13456381696756087
1519,460,0.115690785439269
1519,349,0.10373220467649856
1519,1872,0.097395513031182893
1520,1520,0
1520,594,1
1520,37,0.6611330620649013
1520,1979,0.35982661861052306
1520,1170,0.24180914392555816
1520,464,0.23090371673070009
1520,398,0.21415550662065691
1520,705,0.1906453383238953
1520,88,0.18785242227786578
1520,1803,0.15136164459173213
1520,895,0.1469072815913178
1520,536,0.14408273316727765
1520,304,0.13002686559008625
1520,1370,0.12863545283677111
1520,983,0.11955712129645418
1521,1521,0
1521,475,1
1521,1755,0.4130129066187318
1521,152,0.38011398669298047
1521,688,0.33086711350450104
1521,1694,0.26338331122198066
1521,472,0.25803428140519341
1521,1862,0.21295417990828353
1521,1495,0.19426985938333591
1521,192,0.19102417686971004
1521,1583,0.16225398684392545
1521,1865,0.14907346996068799
1521,960,0.12413978514516404
1521,1571,0.11670361829207454
1521,810,0.11106928262453465
1522,1522,0
1522,1203,1
1522,362,0.73954542184170968
1522,1640,0.39262546678315441
1522,1503,0.28967906433811175
1522,454,0.25916172774916524
1522,452,0.18169297506253998
1522,1437,0.17914650149658448
1522,248,0.17718776799500024
1522,1211,0.17393924043390971
1522,889,0.11309903590687453
1522,1689,0.10728330259663188
1522,1837,0.10528570802642548
1522,814,0.10502478026738063
1522,201,0.083212034388172623
1523,1523,0
1523,1860,1
1523,1473,0.83639851981020752
1523,1576,0.5763576689466301
1523,867,0.41653108973577196
1523,50,0.36396832386747441
1523,454,0.11518195773772939
1523,1103,0.10432825079871179
1523,391,0.096516945777461158
1523,889,0.095670440459567588
1523,1932,0.094164463199048948
1523,26,0.07552658358460862
1523,1958,0.045206338003679014
1523,1763,0.044394368495922806
1523,366,0.042643919855188762
1524,1524,0
1524,1454,1
1524,1144,0.57664140732861302
1524,1732,0.5395268995932313
1524,152,0.36309447113687948
1524,1647,0.24119228880270602
1524,960,0.23835371487579105
1524,1924,0.17190282346739325
1524,1600,0.14814596232110544
1524,1987,0.14017297939812506
1524,192,0.12550437012450286
1524,475,0.10715902157877605
1524,250,0.10021088912956962
1524,1402,0.078554684982081943
1524,1267,0.076430291352951082
1525,1525,0
1525,1468,1
1525,1360,0.43524119954615742
1525,819,0.40127064797528111
1525,1692,0.3839979348294581
1525,539,0.2807820343427837
1525,346,0.2114500207034041
1525,731,0.18967539909317768
1525,329,0.18400110601170847
1525,1486,0.15199765731253762
1525,1641,0.1513882050484027
1525,1335,0.14367441843765538
1525,1635,0.13145099541099223
1525,1328,0.12198737653563473
1525,107,0.11997773983695413
1526,1526,0
1526,399,1
1526,491,0.31581550119575813
1526,1012,0.29730102914750633
1526,1280,0.27653123589758899
1526,664,0.25380101852266557
1526,752,0.22844881328356417
1526,1135,0.2253490904145434
1526,935,0.22343891978739056
1526,1,0.21764512271564967
1526,49,0.20600204774061626
1526,953,0.1819547995191732
1526,359,0.17802669244371278
1526,184,0.15462585526016762
1526,1556,0.14795610069303539
1527,1527,0
1527,927,1
1527,1408,0.7816984418053543
1527,1536,0.61264348511055144
1527,462,0.29611535499115149
1527,218,0.20643723807184111
1527,924,0.18343644165540665
1527,360,0.15221102484818005
1527,1470,0.12610648406743225
1527,1078,0.099473484971783557
1527,917,0.099455893234811243
1527,697,0.099106073183189716
1527,1024,0.098910817170718077
1527,444,0.076486855551409563
1527,1444,0.074810295094840093
1528,1528,0
1528,1418,1
1528,298,0.68801316524078848
1528,880,0.48448914182154595
1528,118,0.36107890470546827
1528,1374,0.3010671927477005
1528,752,0.26506488774791837
1528,935,0.21708580394983271
1528,56,0.13236390964333894
1528,465,0.11861880564108794
1528,636,0.096510425237833458
1528,1556,0.08472951951648483
1528,590,0.062462999305506271
1528,491,0.050771156224019523
1528,1022,0.044643070342250492
1529,1529,0
1529,1444,1
1529,645,0.6119083657317026
1529,177,0.40871028148200517
1529,1023,0.36539270161940318
1529,436,0.32761019225308829
1529,600,0.2852455959970277
1529,1088,0.28151675701579426
1529,709,0.11488520981686937
1529,878,0.10092904239534058
1529,721,0.10086165575784692
1529,1372,0.088648712032724772
1529,1238,0.078206764187968625
1529,697,0.07165185372768558
1529,463,0.071320819660011539
1530,1530,0
1530,281,1
1530,917,0.61744572352196625
1530,1408,0.48717853368142716
1530,531,0.24843335291401822
1530,1663,0.21785708199879583
1530,767,0.2166318263492871
1530,1091,0.20500339509535082
1530,1704,0.20024715606407853
1530,1511,0.17744707444039515
1530,1285,0.12344860118551186
1530,1527,0.12325042281335911
1530,927,0.11531248055353113
1530,444,0.096274119346398707
1530,1470,0.078358716672808568
1531,1531,0
1531,977,1
1531,1773,0.56941819432438756
1531,19,0.44804951364877932
1531,1680,0.24773953513119418
1531,1854,0.23006510740428937
1531,560,0.22827002998956417
1531,1062,0.18721396341927535
1531,588,0.18283899356584882
1531,1119,0.15409030782416308
1531,151,0.14987536090900283
1531,1798,0.13293911432253699
1531,1921,0.12906180726706465
1531,1738,0.12773984452946543
1531,1180,0.11959359588984125
1532,1532,0
1532,1317,1
1532,232,0.42692836401025941
1532,615,0.34075194589676117
1532,1092,0.31249742099576838
1532,1851,0.26777315696121656
1532,838,0.26495049393610692
1532,829,0.20880898159167674
1532,572,0.19488128176923891
1532,1117,0.17649223879741832
1532,499,0.16760103772310878
1532,1330,0.15079856070524514
1532,1162,0.13299370836624655
1532,2,0.13232044245793548
1532,1781,0.13009472165912783
1533,1533,0
1533,1994,1
1533,1882,0.77487552056653652
1533,171,0.4274708419836501
1533,513,0.4042527360337273
1533,1884,0.32457561122252787
1533,1060,0.20396735547450992
1533,1908,0.1838520468173544
1533,1806,0.16445417906816007
1533,409,0.10969676492404924
1533,725,0.095331100619283168
1533,1354,0.07951473660059967
1533,219,0.053524763498256148
1533,1041,0.043721994334215371
1533,846,0.041654415698357539
1534,1534,0
1534,722,1
1534,771,0.34009618954059434
1534,1666,0.30492859355425894
1534,444,0.24928973102759133
1534,905,0.24905437433069405
1534,238,0.23037960859287548
1534,1136,0.22761951197626418
1534,148,0.22604424489979136
1534,1559,0.19832436671689138
1534,188,0.1844128223816584
1534,1431,0.17965680602401404
1534,1947,0.17796206153497537
1534,687,0.17020266487274019
1534,608,0.1689203965291656
1535,1535,0
1535,44,1
1535,517,0.35214731257479442
1535,1760,0.30201083578938903
1535,536,0.27199815400849275
1535,1204,0.25361635097286722
1535,955,0.24703524644206148
1535,101,0.23189300013854333
1535,1803,0.22483557198612464
1535,1267,0.20014681122601202
1535,743,0.18953258086888808
1535,1013,0.17720273327443864
1535,580,0.16366287758590908
1535,1961,0.14873082099310547
1535,203,0.14408271733993094
1536,1536,0
1536,1078,1
1536,1527,0.60194773976174731
1536,1663,0.39497737073784517
1536,1776,0.36091959350743513
1536,218,0.22307667494683303
1536,1444,0.1920172559062451
1536,704,0.18180638232072949
1536,1391,0.1628906531904829
1536,601,0.15316125230569588
1536,1416,0.14813212731108619
1536,1859,0.13990291801040783
1536,1024,0.12023868799243792
1536,1141,0.1143731922719598
1536,444,0.11345225187915235
1537,1537,0
1537,1994,1
1537,567,0.73585579110914001
1537,408,0.36798031028654071
1537,352,0.30092291157101275
1537,584,0.28162930599808605
1537,1594,0.27870397089031063
1537,882,0.18232905547037484
1537,1771,0.13091200624716015
1537,331,0.11579823108692382
1537,1291,0.11304437872571059
1537,1540,0.1074879872751078
1537,1806,0.10212407302860511
1537,1308,0.098985109906558108
1537,1780,0.091110214399785366
1538,1538,0
1538,521,1
1538,460,0.6025720115140093
1538,1646,0.49201695646366256
1538,446,0.33798757315604805
1538,886,0.33354230273589786
1538,1810,0.31821479866379476
1538,604,0.30420232888212478
1538,1610,0.21348885087957159
1538,1745,0.11412879845037083
1538,1752,0.081766889898825509
1538,799,0.050087356606370696
1538,1519,0.02447220868634609
1538,280,0.020679376866305051
1538,1015,0.013739631708200055
1539,1539,0
1539,973,1
1539,1036,0.75732872625484193
1539,1001,0.37849630679879626
1539,1480,0.36951231069957785
1539,1380,0.25895794139643386
1539,387,0.16894922038704382
1539,468,0.15088686450612784
1539,708,0.14873145634146726
1539,1633,0.12468627720784514
1539,1272,0.12214544666905536
1539,1648,0.12164483510339154
1539,1688,0.11958585560973019
1539,1255,0.094021738637892718
1539,613,0.091950785648611255
1540,1540,0
1540,1994,1
1540,567,0.93492356635097562
1540,747,0.57929182434023974
1540,946,0.50609851586274668
1540,1537,0.28916817939040645
1540,907,0.27160743689294675
1540,882,0.16675411294118059
1540,1953,0.036296223022359186
1540,1498,0.030733997806417584
1540,864,0.02532067921714563
1540,1594,0.023687407337240465
1540,331,0.018907900113883498
1540,172,0.014594933970207951
1540,1926,0.0094999215955980688
1541,1541,0
1541,1396,1
1541,479,0.82032152817651272
1541,1867,0.42571819464505151
1541,1208,0.36752311368413648
1541,1873,0.35952350256707383
1541,1094,0.13613671617640558
1541,1777,0.13245452328841051
1541,184,0.11097980509759635
1541,450,0.099102131152223757
1541,681,0.09399852621419981
1541,1967,0.093363747872422936
1541,9,0.090741185665946356
1541,1012,0.089060242382159857
1541,1453,0.087961166902678328
1542,1542,0
1542,613,1
1542,1503,0.85065436760519619
1542,1791,0.60574312735328462
1542,1622,0.45622095717848166
1542,1763,0.22315517337639892
1542,1005,0.16758344353653912
1542,1203,0.15619274503986583
1542,1027,0.11379758207368937
1542,1049,0.075404043621518382
1542,1475,0.067432915643170888
1542,1758,0.059466677962233032
1542,387,0.049443253586070067
1542,1633,0.049152916457906329
1542,1192,0.032638718642442638
1543,1543,0
1543,1305,1
1543,102,0.73266424768228555
1543,345,0.63955862176513167
1543,944,0.50960620601015261
1543,224,0.15631860270277118
1543,1865,0.14778734437420166
1543,1884,0.13337268451665071
1543,354,0.11265718377090093
1543,1685,0.10710401028037882
1543,755,0.097480823740866612
1543,1564,0.091326122959045783
1543,408,0.075773327266138363
1543,1780,0.066753279704102775
1543,820,0.036483214213181972
1544,1544,0
1544,815,1
1544,271,0.6037530279314971
1544,1657,0.45660149435758768
1544,1961,0.45251492619295902
1544,1727,0.2778610315875979
1544,171,0.26466760996191635
1544,1046,0.2129804327240904
1544,104,0.13691405239707952
1544,74,0.099697835297199833
1544,998,0.097345630909823552
1544,1908,0.090230785893939194
1544,809,0.079519127512339804
1544,45,0.07741873275588354
1544,265,0.057387120254632433
1545,1545,0
1545,1999,1
1545,267,0.64503588945953838
1545,1502,0.53418985848330947
1545,1673,0.48357631645576821
1545,736,0.40125049780838096
1545,626,0.16798788241387455
1545,469,0.11387695837821893
1545,40,0.10825270692957588
1545,1124,0.091208646034580287
1545,848,0.086691764429166596
1545,1067,0.085644000141983673
1545,683,0.069722858500717397
1545,1556,0.068464718984073483
1545,1611,0.050978979585280908
1546,1546,0
1546,1413,1
1546,1855,0.98014006439848
1546,976,0.54236687898300173
1546,1725,0.25058631328897729
1546,1371,0.24529977286085003
1546,340,0.13607116725212498
1546,348,0.11548843387359364
1546,1548,0.11217989616042438
1546,1130,0.11057384545554888
1546,62,0.10729374999524412
1546,1022,0.096961133271535785
1546,124,0.073497336700128063
1546,183,0.072796590884970258
1546,1219,0.063633456920304782
1547,1547,0
1547,172,1
1547,755,0.86014445800462858
1547,1158,0.7518024758035613
1547,470,0.38956932512332165
1547,1209,0.32793690926993641
1547,1101,0.22007781541498941
1547,165,0.18233766145395491
1547,1243,0.07655937037973376
1547,517,0.035894167832215697
1547,1564,0.028121339038547934
1547,944,0.012521480365344336
1547,882,0.0087014805472125558
1547,1459,0.0074343871334289508
1547,1948,0.005787403129857093
1548,1548,0
1548,856,1
1548,921,0.49246825082926238
1548,340,0.40911563556040498
1548,1786,0.27657101809905166
1548,935,0.23199032120697347
1548,1022,0.21901138335111439
1548,1276,0.20945893881659108
1548,1094,0.1981698363257878
1548,1012,0.19380656612406949
1548,1777,0.17228904991648161
1548,766,0.1319230873616718
1548,1669,0.12748148128818843
1548,1546,0.1234660010075018
1548,651,0.12114377961902309
1549,1549,0
1549,91,1
1549,1619,0.43744535118825711
1549,1342,0.38086597813624284
1549,1282,0.26917091653916747
1549,1435,0.25316813244257924
1549,1150,0.24392705526988925
1549,674,0.19883493512470413
1549,1277,0.18178046122724797
1549,1207,0.18022635113336091
1549,1783,0.17410381926500354
1549,1352,0.17005948769687362
1549,237,0.16224194166265507
1549,463,0.13317843136285884
1549,1319,0.12189165440192075
1550,1550,0
1550,1798,1
1550,715,0.70644650369098327
1550,168,0.43415043000085124
1550,676,0.35947831970645255
1550,1011,0.31320910309155103
1550,181,0.31184011855801441
1550,1421,0.23581645005202423
1550,818,0.20948571956796924
1550,1236,0.12337516450728256
1550,1682,0.088878222315490668
1550,1247,0.04282683923910869
1550,1087,0.030598421726847451
1550,796,0.02869701758103203
1550,1898,0.022088490506606114
1551,1551,0
1551,1281,1
1551,443,0.44801568832888861
1551,1595,0.34489589593210862
1551,1156,0.3247976070284741
1551,1925,0.24904135671147851
1551,1909,0.20648438167583649
1551,949,0.19430697290379051
1551,187,0.18946059748244645
1551,872,0.16781431769687399
1551,1447,0.16239527165606266
1551,1623,0.15918274297382015
1551,1499,0.15604818896524622
1551,1758,0.15345980304692464
1551,387,0.15098248290713828
1552,1552,0
1552,672,1
1552,649,0.53542547171890142
1552,469,0.46772852529151271
1552,465,0.38209647046370171
1552,1879,0.33021143167809608
1552,1807,0.31713328127534329
1552,1999,0.21557521406797825
1552,1056,0.19331937899080021
1552,1502,0.15621558197895821
1552,1918,0.073271933687940508
1552,1545,0.071455720539878323
1552,779,0.058938007206625967
1552,466,0.058641463243112465
1552,1651,0.046884227183200698
1553,1553,0
1553,38,1
1553,1147,0.68362115556926861
1553,954,0.56306986196895858
1553,844,0.3465379821006439
1553,942,0.24156725722232644
1553,1684,0.16817302351122912
1553,1283,0.16322807613274046
1553,1068,0.14892311908870934
1553,1936,0.1373148524845271
1553,1918,0.11706515208327738
1553,1807,0.086774999884835557
1553,1273,0.086065774329619329
1553,525,0.083803455823152212
1553,649,0.080738346232383101
1554,1554,0
1554,379,1
1554,522,0.42940633165232911
1554,1823,0.37226529141844855
1554,744,0.32233406701371969
1554,53,0.28734868177922773
1554,1625,0.26075323275517703
1554,94,0.19086500743017421
1554,1157,0.18546266771738715
1554,1588,0.18164488127010542
1554,1743,0.17085956956440532
1554,632,0.16198332076727998
1554,1609,0.12030011351738734
1554,220,0.12016829684235282
1554,12,0.10349139747110228
1555,1555,0
1555,1655,1
1555,505,0.32294989674572355
1555,1654,0.30183213412784687
1555,1200,0.29147264753507662
1555,690,0.27413417298036352
1555,1371,0.25132287818706522
1555,350,0.24797036458455701
1555,1276,0.23731598864189879
1555,1949,0.17403548931362087
1555,1786,0.16907092500948503
1555,716,0.16883602628540312
1555,1181,0.15947763361378545
1555,270,0.15549279043425754
1555,189,0.15297709875477161
1556,1556,0
1556,1022,1
1556,1280,0.38939061522888302
1556,1067,0.26728503470595771
1556,56,0.25057272555355614
1556,880,0.24004931641354413
1556,1918,0.2331708596802676
1556,491,0.21332714929200067
1556,1581,0.21167901698423808
1556,856,0.20781121554304496
1556,459,0.20041403980910893
1556,298,0.1813804901346259
1556,649,0.17357934132328859
1556,1502,0.17154637876370943
1556,465,0.16668047035534697
1557,1557,0
1557,415,1
1557,1092,0.36775866885807884
1557,106,0.33221299066873705
1557,717,0.29944184825541742
1557,829,0.28219258323454199
1557,56,0.27228943675618117
1557,62,0.20554333428821664
1557,1651,0.20136938317918276
1557,499,0.17677985404135688
1557,1681,0.16755879916494823
1557,1405,0.158020756047585
1557,212,0.15470197741206634
1557,1725,0.14601152466910589
1557,970,0.1430022790681979
1558,1558,0
1558,1957,1
1558,1133,0.39170782541817339
1558,1357,0.35016185273162242
1558,1167,0.33708689473043579
1558,136,0.30722458016356496
1558,448,0.255316957734814
1558,553,0.21826370639920786
1558,896,0.17814440295725625
1558,398,0.16150252091170336
1558,1899,0.16047257826884112
1558,786,0.14897186655802971
1558,230,0.13883310808249516
1558,506,0.13645058652751427
1558,221,0.12275396911796439
1559,1559,0
1559,8,1
1559,1431,0.38855178494404408
1559,1265,0.36126474445580237
1559,200,0.33759197409700342
1559,1534,0.31360646328040076
1559,1033,0.27495385209721745
1559,722,0.22195643252869879
1559,871,0.18654750426487909
1559,1809,0.1606831885968007
1559,58,0.15668982684240287
1559,842,0.1320753992262283
1559,1332,0.12943850804548729
1559,61,0.12262244069059247
1559,148,0.12090344431621258
1560,1560,0
1560,65,1
1560,896,0.93130855994307882
1560,707,0.37392020199762804
1560,616,0.27794292884951466
1560,1812,0.18653973903209459
1560,282,0.15704350123122546
1560,64,0.15169312795386042
1560,673,0.14035492009605327
1560,854,0.13114586294515412
1560,1500,0.1192026254634392
1560,725,0.11799664641332062
1560,518,0.11282149996158888
1560,506,0.10622783467894743
1560,1817,0.10068621625287605
1561,1561,0
1561,1981,1
1561,328,0.61972024425585581
1561,855,0.61049850423698271
1561,713,0.31911555930536162
1561,1178,0.28272380709483658
1561,579,0.21946291299424878
1561,1294,0.16609219703086425
1561,605,0.1584477356269102
1561,542,0.14880906557087237
1561,1750,0.12021421067012768
1561,1792,0.10958117453822618
1561,1978,0.05515130914214899
1561,1083,0.048909269769702939
1561,303,0.048158856894280948
1562,1562,0
1562,1852,1
1562,0,0.59565016923731617
1562,1633,0.37031637772672471
1562,1699,0.33981903804775415
1562,151,0.3029517203689992
1562,1921,0.27116080506629114
1562,708,0.17166880358925135
1562,1008,0.16275124703187133
1562,1180,0.14335481656375429
1562,425,0.12013798389777711
1562,1837,0.11482126327360305
1562,1505,0.11100505248921112
1562,729,0.10858665959336548
1562,1902,0.094658831468834206
1563,1563,0
1563,381,1
1563,1730,0.72220283544743658
1563,1962,0.40770368117312206
1563,139,0.40198555321031493
1563,1753,0.31899181577027946
1563,836,0.19039965655240268
1563,493,0.17586361752927199
1563,371,0.16054182941757825
1563,478,0.11842015988592858
1563,1183,0.093987162472254887
1563,1265,0.086061206774181206
1563,8,0.085421745772518501
1563,1123,0.083135193183700898
1563,1157,0.062183210519263371
1564,1564,0
1564,755,1
1564,517,0.74072158403740707
1564,408,0.57192457830541377
1564,101,0.49778678023300366
1564,1101,0.45257864180049973
1564,944,0.17093310084249069
1564,1847,0.10698057327779471
1564,1803,0.072429178014386447
1564,1459,0.070771938903878395
1564,165,0.060298277981042044
1564,1799,0.05861949724106931
1564,1685,0.043078161563179375
1564,820,0.038380286990844392
1564,1243,0.022393824631831167
1565,1565,0
1565,1644,1
1565,520,0.71660166753228149
1565,1677,0.4184104410337095
1565,331,0.3109100630581943
1565,1251,0.22443493236948478
1565,946,0.21106653948758863
1565,1703,0.17947624139999818
1565,1632,0.16640379360376725
1565,614,0.14007137059924601
1565,1066,0.11959524981704257
1565,1366,0.11950952152808658
1565,518,0.11550778091059459
1565,1354,0.10739933651884874
1565,504,0.077505752773484968
1566,1566,0
1566,1871,1
1566,592,0.94584126307108618
1566,754,0.36131953244278459
1566,1185,0.23621340562122686
1566,1366,0.22576772964606678
1566,846,0.19339959461109549
1566,504,0.15827402324134973
1566,99,0.1501957018838482
1566,1882,0.13281005471026286
1566,1316,0.12671603121815364
1566,1066,0.11997599241689272
1566,1225,0.09498872960388495
1566,1632,0.082996614939317245
1566,1305,0.078390106733723444
1567,1567,0
1567,514,1
1567,323,0.71884381078701309
1567,333,0.61302983468935901
1567,776,0.58151861109784642
1567,539,0.23799938157563769
1567,1991,0.16766034271928071
1567,1935,0.099268392479925749
1567,445,0.082677047123866906
1567,1635,0.080191282432358721
1567,922,0.077711371005303148
1567,819,0.070215211902912356
1567,798,0.064813676774432255
1567,371,0.060299720976730142
1567,731,0.052664751477776349
1568,1568,0
1568,546,1
1568,861,0.72795806457772338
1568,1457,0.65940392168659601
1568,1069,0.5195033035637554
1568,243,0.2266330177648116
1568,1681,0.15482886965810891
1568,788,0.1422878977337107
1568,681,0.12402767413824212
1568,1092,0.10319637487724032
1568,1967,0.099678661797520871
1568,1080,0.045854476035968948
1568,369,0.038338685553079073
1568,2,0.03275149617294535
1568,1250,0.032429851580380267
1569,1569,0
1569,1757,1
1569,212,0.54498892404432742
1569,962,0.44995874949300479
1569,1348,0.38495449525392306
1569,450,0.34848412120539402
1569,301,0.2356887629312662
1569,1967,0.17025478974193622
1569,471,0.1454952123562552
1569,1050,0.1325532529292601
1569,624,0.12287233798155499
1569,456,0.11975656483525184
1569,397,0.088559243983956509
1569,865,0.082143644799088533
1569,654,0.081182597045726029
1570,1570,0
1570,991,1
1570,1829,0.95314744460802914
1570,989,0.5792536371135395
1570,976,0.35393340481444441
1570,561,0.21334874969023243
1570,160,0.10897631870256011
1570,340,0.10584351271927572
1570,694,0.10425360568493956
1570,348,0.10330893498225181
1570,1413,0.093573349407132494
1570,660,0.090017634372204752
1570,1725,0.07492033426260547
1570,1485,0.074000260513721897
1570,530,0.052305084530634073
1571,1571,0
1571,552,1
1571,1287,0.53176911024665507
1571,1061,0.33172156566248939
1571,1224,0.29231586864703402
1571,1121,0.28495941137946157
1571,68,0.25201665927434358
1571,1155,0.23745675491827575
1571,1521,0.18257690366074539
1571,1120,0.16699372836595125
1571,757,0.14196711471602155
1571,1145,0.14019267241833824
1571,1862,0.12526452023210308
1571,1198,0.11232220883124762
1571,1417,0.10732754703098016
1572,1572,0
1572,950,1
1572,514,0.49891451597993219
1572,611,0.40790658105594474
1572,1335,0.30473343438850692
1572,1212,0.27014173709668476
1572,107,0.26625941378593687
1572,346,0.1714956662841115
1572,1768,0.16182508475460408
1572,323,0.1503315073602218
1572,1525,0.14841794624094515
1572,539,0.13547313999364427
1572,1512,0.13531884728889293
1572,1339,0.12967256057910839
1572,157,0.12640278987304512
1573,1573,0
1573,242,1
1573,1202,0.88412087457820787
1573,1995,0.48191188267971841
1573,1283,0.44177327962710633
1573,1715,0.21967243623681212
1573,1253,0.1983817511603615
1573,844,0.13852335623890166
1573,38,0.11549797348606282
1573,115,0.10150113623565019
1573,75,0.087499394179818266
1573,1219,0.07403529311837001
1573,525,0.058237833934227996
1573,1030,0.056401083199178172
1573,223,0.049338550463768019
1574,1574,0
1574,1010,1
1574,16,0.49580039424606009
1574,425,0.34799635630974024
1574,811,0.32753706946286326
1574,1052,0.27060699700291158
1574,15,0.25715427434760924
1574,418,0.20990749967610156
1574,646,0.16220571476817386
1574,1458,0.15141365299193976
1574,1854,0.15126169733283201
1574,496,0.14818966411145748
1574,569,0.13514296372141682
1574,394,0.1254304793614934
1574,1638,0.12424955134841739
1575,1575,0
1575,1224,1
1575,268,0.59750922677955476
1575,1979,0.54433204176737227
1575,1519,0.46777395837102731
1575,11,0.23699153354645724
1575,1520,0.2069400319609285
1575,1167,0.18589376672097704
1575,1998,0.14793459319146141
1575,37,0.14605838934639348
1575,1784,0.10041235280353364
1575,552,0.079475290341903121
1575,95,0.078507558078290796
1575,1357,0.05827587071826594
1575,1946,0.056783423355888429
1576,1576,0
1576,1103,1
1576,889,0.42996495947681324
1576,1763,0.41247858719096325
1576,170,0.32601887275522251
1576,1523,0.19775512436714315
1576,1932,0.18609100605445458
1576,1860,0.17902511582756542
1576,1149,0.17683712053357808
1576,793,0.17657193049962025
1576,1211,0.1721384662873694
1576,1419,0.17132042548631921
1576,1942,0.16049182115184812
1576,1199,0.15924996691692875
1576,1083,0.15894649123810492
1577,1577,0
1577,699,1
1577,1907,0.74630705763219596
1577,868,0.65049955531117754
1577,904,0.54995420934567796
1577,1477,0.2379261413374556
1577,1878,0.20349936863505197
1577,54,0.12002832930060309
1577,968,0.087679512906345403
1577,219,0.066073372600787675
1577,1402,0.0618788599201954
1577,1354,0.049827440421255295
1577,374,0.045552551368710933
1577,1013,0.044528047171781333
1577,653,0.04313520377193255
1578,1578,0
1578,248,1
1578,452,0.88058282471943172
1578,1766,0.82824501996101441
1578,867,0.28278611530167835
1578,796,0.24588719776108336
1578,814,0.11533827771902345
1578,1716,0.10360323379484698
1578,1837,0.083684961694384663
1578,1975,0.082270991653241143
1578,116,0.074848918224904776
1578,1437,0.0673496567494066
1578,167,0.056879262936553675
1578,949,0.045432580075169642
1578,1682,0.039972391715525052
1579,1579,0
1579,862,1
1579,685,0.40610939585351075
1579,1963,0.34089583866488948
1579,427,0.29740198463188711
1579,1089,0.2494175993570362
1579,299,0.20884410288976993
1579,1105,0.19530656425492016
1579,177,0.18952376345377248
1579,1642,0.18693306002417323
1579,1321,0.18574030748118145
1579,769,0.16465617807483723
1579,999,0.16264721261747905
1579,726,0.15986884946626917
1579,1292,0.15954398848541487
1580,1580,0
1580,1603,1
1580,1803,0.59880014420655858
1580,45,0.35533055798315755
1580,1370,0.34751944387096251
1580,313,0.24541113338893833
1580,983,0.23916358521639383
1580,101,0.18947229252638742
1580,311,0.17700622072461938
1580,403,0.16771498787369041
1580,536,0.14936262507932446
1580,1564,0.12203982677426424
1580,594,0.11907472237881284
1580,1847,0.099156599680182395
1580,464,0.09684629713303966
1581,1581,0
1581,255,1
1581,1191,0.65314815402227833
1581,1462,0.61011295211372529
1581,294,0.33913196864512424
1581,856,0.25878795294308127
1581,1556,0.17218145221986064
1581,1786,0.15575016114759005
1581,716,0.13578680557679063
1581,966,0.1092250456330638
1581,1720,0.097537306770258222
1581,1022,0.097414833935218853
1581,1548,0.096623600479508034
1581,1318,0.093285999741009443
1581,568,0.087908393327180492
1582,1582,0
1582,1411,1
1582,1115,0.39066085835676201
1582,162,0.37442949069053461
1582,692,0.32711878228561131
1582,390,0.28734227820044123
1582,1731,0.28351274864408771
1582,1274,0.27182306781509902
1582,1258,0.19066653797498517
1582,333,0.18081289892272692
1582,1106,0.14754852846898386
1582,1935,0.12572674706860626
1582,1073,0.12317972933247462
1582,1335,0.10205294323761423
1582,220,0.10201564939270071
1583,1583,0
1583,1694,1
1583,152,0.33770498092912876
1583,192,0.31797120843158949
1583,475,0.27922159796103374
1583,1521,0.26457718698516725
1583,1811,0.23773710579096075
1583,1198,0.22307700820947321
1583,1739,0.19854207594458798
1583,899,0.19469791392833344
1583,1891,0.18937424005934314
1583,1987,0.18275474863260124
1583,472,0.16953009440263769
1583,854,0.16796267491074737
1583,367,0.14373023514341357
1584,1584,0
1584,341,1
1584,1125,0.45786580775218744
1584,52,0.43503812352329901
1584,1720,0.35023832648600239
1584,1371,0.33228971204839308
1584,1303,0.17643845265988764
1584,499,0.1671024456628189
1584,1184,0.16433011302315453
1584,48,0.15791035836291012
1584,716,0.15391991930750551
1584,903,0.14206331851250323
1584,1378,0.13438803257985396
1584,1116,0.13327688039639995
1584,717,0.10202565691737008
1585,1585,0
1585,1961,1
1585,1884,0.45071888058158033
1585,517,0.43049478871364089
1585,57,0.38316931101201046
1585,101,0.29492208551138088
1585,44,0.27445860139221406
1585,354,0.1587942325056366
1585,409,0.14474560650418392
1585,287,0.13919935239562833
1585,250,0.13466451907661856
1585,960,0.1301634065632237
1585,271,0.12733924924629647
1585,1060,0.11995334078500344
1585,408,0.11825797383528838
1586,1586,0
1586,1318,1
1586,1669,0.66470837440936648
1586,1474,0.60477959233380607
1586,654,0.35824855504755876
1586,255,0.34955921272776225
1586,294,0.28224740754218763
1586,1200,0.15946587125078515
1586,189,0.15589521904166181
1586,1276,0.1244314777949648
1586,1581,0.045281803544121223
1586,1720,0.044817489040640993
1586,856,0.039602307575212915
1586,450,0.039343755097629378
1586,550,0.038507050502263156
1587,1587,0
1587,1402,1
1587,409,0.60306117574251439
1587,1910,0.46766990861144825
1587,1620,0.42746928754103991
1587,1239,0.2809969234189012
1587,319,0.24137839309588122
1587,475,0.20473067041050275
1587,1764,0.16161632496331263
1587,1395,0.15811698466627636
1587,1291,0.10853424434225238
1587,1884,0.069205078469881748
1587,477,0.065838046615115178
1587,1954,0.063671463678191376
1587,1585,0.054595948117975031
1588,1588,0
1588,784,1
1588,522,0.61102571548351603
1588,379,0.3543025642488839
1588,253,0.24724782209007271
1588,669,0.21309750686443485
1588,1733,0.19318437184013912
1588,1823,0.18891586460882062
1588,1363,0.18326427748538354
1588,918,0.17306061706313583
1588,1608,0.16704363278007628
1588,1399,0.158652868801338
1588,1323,0.14309858556619739
1588,370,0.13751068091001575
1588,1218,0.13647953393112791
1589,1589,0
1589,196,1
1589,574,0.45249430635594645
1589,576,0.41593676394349166
1589,758,0.26557345486425582
1589,1159,0.25981345826744118
1589,959,0.22040205509708968
1589,1650,0.20208429522579857
1589,912,0.19271222667323601
1589,443,0.18782853636387589
1589,1412,0.16818660590791618
1589,508,0.15491825355025779
1589,498,0.13541519955358627
1589,1925,0.12801651815307921
1589,1255,0.12351391143974555
1590,1590,0
1590,812,1
1590,1958,0.47144255573129584
1590,117,0.42082768790057151
1590,288,0.40918124481732898
1590,1638,0.38663280354627261
1590,646,0.16543030582897519
1590,1617,0.16340366897581982
1590,1916,0.1598793869539408
1590,1390,0.14391306127491973
1590,391,0.12929547671758712
1590,1491,0.12553254977114528
1590,186,0.12203312693410794
1590,916,0.10674695376339387
1590,1860,0.10256327011135251
1591,1591,0
1591,225,1
1591,1062,0.55818569129062223
1591,715,0.40099400996850787
1591,1738,0.24701283456161502
1591,1441,0.22775397727355995
1591,509,0.19782111218757706
1591,257,0.18484972146334622
1591,1119,0.18231902372184738
1591,1773,0.15841632085363511
1591,1299,0.15707291070560295
1591,560,0.15530054415271385
1591,1531,0.15418603525741803
1591,936,0.14474239014600843
1591,1686,0.13824262141342028
1592,1592,0
1592,550,1
1592,382,0.41787465509690036
1592,1250,0.30011483223920671
1592,654,0.29017422028771167
1592,735,0.28936983776127007
1592,1713,0.25427120713608137
1592,1362,0.21005072870834163
1592,962,0.20808563228676116
1592,450,0.19551464963089391
1592,294,0.18569726426403499
1592,1474,0.16397376839894467
1592,1586,0.15146421456124157
1592,1396,0.12021699131440222
1592,369,0.12009229738450886
1593,1593,0
1593,3,1
1593,729,0.58289918846821642
1593,1451,0.45172586339224885
1593,226,0.37262385637904422
1593,1505,0.22163160513683267
1593,364,0.17744232045096112
1593,1921,0.1645769663563369
1593,1010,0.16238474873825545
1593,1902,0.14608090836436352
1593,63,0.13717316455095058
1593,588,0.12931911038608654
1593,1036,0.12813813677359506
1593,1051,0.12577739058201004
1593,1699,0.1071261317891531
1594,1594,0
1594,352,1
1594,1727,0.59745038978725074
1594,1537,0.35753064028407033
1594,408,0.28017807162864122
1594,1657,0.19928188884792788
1594,1780,0.1953396384167369
1594,331,0.18182717462559625
1594,882,0.17878279644601702
1594,1994,0.17419384662788789
1594,675,0.17164361748090745
1594,1585,0.14979303462362234
1594,102,0.14861624462192133
1594,1060,0.14197467374149908
1594,1668,0.13027971752074133
1595,1595,0
1595,1909,1
1595,404,0.67509394813421353
1595,1126,0.65650163347946833
1595,680,0.47686262251568196
1595,909,0.26834137392817142
1595,1027,0.20126190880928593
1595,1503,0.15820413400230438
1595,1161,0.14079369213899542
1595,1240,0.072247421152736177
1595,69,0.057990649725779886
1595,1255,0.057812394908955261
1595,443,0.056538827392020027
1595,1499,0.042876020386813242
1595,582,0.042375890088562927
1596,1596,0
1596,1924,1
1596,1245,0.96755197826487471
1596,877,0.66866030856273606
1596,203,0.28890425685784626
1596,1752,0.20586738068941896
1596,470,0.19281364838787912
1596,1459,0.10626341428466875
1596,265,0.082873388238821052
1596,1209,0.078828747338944946
1596,431,0.075221896124574902
1596,324,0.06323419765437728
1596,526,0.061713981216303941
1596,1647,0.061254330791709853
1596,1810,0.053694901344601538
1597,1597,0
1597,806,1
1597,792,0.60619541442306768
1597,1281,0.53879995501190781
1597,1645,0.36219200448416156
1597,1909,0.33322886692050624
1597,387,0.23395439565497808
1597,86,0.16875584420476866
1597,949,0.15793914363249958
1597,1027,0.12561337025239469
1597,174,0.11479157961892153
1597,1001,0.1041801182789463
1597,1481,0.054132401717727471
1597,1255,0.05385320348650037
1597,1539,0.053261155613959325
1598,1598,0
1598,77,1
1598,532,0.50755051751892977
1598,1950,0.31867370062385414
1598,1448,0.31737956557893521
1598,1916,0.23999266520778431
1598,252,0.22842278753191214
1598,63,0.21278362060052555
1598,1103,0.20329386164816413
1598,185,0.16905105659277411
1598,830,0.16609476765891104
1598,1475,0.15407692856564634
1598,1709,0.1379352642872087
1598,1612,0.12960421395503038
1598,93,0.12202324467274074
1599,1599,0
1599,732,1
1599,27,0.46179224040122002
1599,1945,0.35805342646467081
1599,1860,0.30563692349707972
1599,981,0.2873607781056613
1599,1149,0.27744931047757321
1599,619,0.24791192418711119
1599,867,0.1588855455186268
1599,1441,0.14787690623516095
1599,26,0.13777719172449041
1599,578,0.13639276749968221
1599,1686,0.13491285179739534
1599,5,0.12740288432632391
1599,288,0.1254383495460509
1600,1600,0
1600,1127,1
1600,1610,0.87582669701773141
1600,165,0.46707844067333482
1600,1148,0.40763609290535174
1600,1752,0.38676440321765226
1600,475,0.20719415230748611
1600,203,0.12436930181914765
1600,883,0.10762143593800268
1600,1987,0.099425405075333817
1600,1564,0.065390628732826903
1600,1976,0.053501521673006001
1600,928,0.05102811602828617
1600,1948,0.035810601400424684
1600,1668,0.025239713156057615
1601,1601,0
1601,1920,1
1601,1872,0.47403853383530237
1601,41,0.42429157265854162
1601,864,0.28217554539218986
1601,537,0.25776178849081838
1601,1953,0.21676720185871365
1601,331,0.21196651235551431
1601,414,0.19851657939707382
1601,45,0.19018656971593328
1601,644,0.14681120106997189
1601,946,0.14281442427599356
1601,802,0.12145722123860347
1601,882,0.12006005443156281
1601,1498,0.12004857498224775
1602,1602,0
1602,828,1
1602,766,0.84261810836357809
1602,1607,0.50708330710708838
1602,966,0.33203036521442975
1602,599,0.24089328247810513
1602,1484,0.19478872842912573
1602,880,0.13515210856452745
1602,123,0.12390709243180278
1602,1436,0.11843183317801952
1602,1762,0.10148887042208603
1602,1721,0.088678907009645369
1602,1786,0.078091452685339569
1602,1906,0.075420258078176414
1602,1581,0.068299530958462251
1603,1603,0
1603,1580,1
1603,1803,0.68905536196053985
1603,313,0.44653098790686291
1603,536,0.28427729942294883
1603,983,0.21591630695649655
1603,563,0.19778361014919868
1603,45,0.1818396518820678
1603,1370,0.17032955110277276
1603,1723,0.15631373365770382
1603,403,0.14626467513517469
1603,785,0.1197075347298209
1603,101,0.10460738856809913
1603,1382,0.099131990511736254
1603,1847,0.095133138960537142
1604,1604,0
1604,568,1
1604,499,0.53859278392387455
1604,838,0.42711048607444596
1604,1344,0.42117474630688273
1604,243,0.34482209703335953
1604,942,0.3382221349274942
1604,1936,0.23496889291617234
1604,596,0.22453982638404676
1604,1273,0.12856895536772056
1604,232,0.089129472672019594
1604,1330,0.075360519896908645
1604,1283,0.03260865673139271
1604,1684,0.029527879702162137
1604,1818,0.022267919712974562
1605,1605,0
1605,1141,1
1605,740,0.42343672760846268
1605,849,0.40369222408303412
1605,1024,0.36789094947544598
1605,177,0.23343246247617344
1605,765,0.21057012248271711
1605,297,0.19755072457121037
1605,1093,0.19695024254450846
1605,1372,0.16610967673978308
1605,1444,0.16030272377567825
1605,208,0.14008043202863474
1605,25,0.13902410262701087
1605,1748,0.13488122380311063
1605,1794,0.13297302070350053
1606,1606,0
1606,940,1
1606,229,0.89394590897664139
1606,69,0.75711657841657209
1606,1159,0.3892116852730958
1606,1480,0.25069594263463124
1606,453,0.18851606693091097
1606,1255,0.10146823035574362
1606,1950,0.097265328646246998
1606,548,0.081428750907640138
1606,1390,0.053114758657525941
1606,574,0.030314420182844967
1606,806,0.025913605918650058
1606,1380,0.024734726178081229
1606,1909,0.013158315681025715
1607,1607,0
1607,599,1
1607,1602,0.38353998819899104
1607,1436,0.38328483603634966
1607,1922,0.30975929776895222
1607,828,0.29094345863021498
1607,766,0.22229619289581642
1607,1671,0.21294983827477826
1607,716,0.19311911655972985
1607,56,0.1731464462231655
1607,351,0.15818728358057019
1607,661,0.15436079497943431
1607,415,0.14650412429852608
1607,903,0.1442269749708516
1607,690,0.13457560448528796
1608,1608,0
1608,1123,1
1608,1265,0.83413728152776001
1608,742,0.74288654854077441
1608,427,0.27914588513132815
1608,1349,0.2744253161807631
1608,1248,0.12731873936561505
1608,842,0.12329362437425322
1608,522,0.11376287433062107
1608,784,0.11029125332021059
1608,1588,0.072272137106374285
1608,1399,0.070220259536881657
1608,1321,0.060051230707459963
1608,862,0.051480132093712501
1608,25,0.047609865180265401
1609,1609,0
1609,744,1
1609,1234,0.64444004580027991
1609,94,0.48406333402252982
1609,379,0.44802541833999127
1609,918,0.29194823397718211
1609,606,0.22094251863447345
1609,769,0.17797954282001016
1609,1105,0.11783432945677737
1609,1100,0.11274957605258625
1609,100,0.094860111169122963
1609,402,0.090324682536335771
1609,33,0.08350485197213578
1609,53,0.07200905563270206
1609,712,0.068216139414136998
1610,1610,0
1610,1600,1
1610,1127,0.43193630536303484
1610,1564,0.37406982758096091
1610,604,0.27836260491044656
1610,883,0.25350539688896029
1610,1752,0.24785199895224833
1610,165,0.22053973855175293
1610,1002,0.18911545544849001
1610,84,0.17209397124395542
1610,799,0.1684540492239279
1610,1329,0.15555839544194125
1610,1907,0.14566418086499483
1610,820,0.14523739717313922
1610,374,0.12450590486395501
1611,1611,0
1611,953,1
1611,1526,0.47170236189480974
1611,40,0.30228114246516918
1611,530,0.30001156335356105
1611,671,0.27298637693982281
1611,1502,0.24568839025523775
1611,491,0.17189926725334789
1611,1545,0.17183013800478919
1611,1714,0.17096410707754017
1611,848,0.16917426803863825
1611,150,0.16333512292106345
1611,1280,0.15915115838887231
1611,156,0.15566506510027245
1611,1397,0.15220505317297739
1612,1612,0
1612,613,1
1612,1192,0.86339846432341349
1612,1242,0.54671769446229079
1612,1005,0.43240359115955795
1612,77,0.30537124683961692
1612,1808,0.23558506609767274
1612,306,0.12737532122018261
1612,1049,0.096932546654138932
1612,981,0.085814311961576253
1612,912,0.053467291489282677
1612,1782,0.045681333007086149
1612,1633,0.040738964383322335
1612,1027,0.040076508374617556
1612,468,0.033325029997498111
1613,1613,0
1613,735,1
1613,1801,0.41136071271724139
1613,599,0.33598066076365751
1613,440,0.31314105595565234
1613,1922,0.27023446779562349
1613,110,0.23635216097470957
1613,789,0.20233905120208548
1613,1436,0.19322882003312306
1613,778,0.17983265910790644
1613,1607,0.17647316464083293
1613,1129,0.16886197400860009
1613,828,0.15649463188654719
1613,1602,0.1317493166023492
1613,1362,0.13085001331530222
1614,1614,0
1614,279,1
1614,1965,0.82961303889464799
1614,130,0.68208211731131174
1614,1158,0.29502363149879796
1614,1971,0.28275191555589757
1614,521,0.21936093305787677
1614,1185,0.20395307182000277
1614,604,0.12954753903916413
1614,755,0.060778914024920326
1614,1329,0.055756392725819288
1614,877,0.048275024207697984
1614,1887,0.040771474966725688
1614,191,0.030456824879763623
1614,840,0.028521333571091843
1615,1615,0
1615,397,1
1615,970,0.4221544016678081
1615,90,0.35495258819914327
1615,1894,0.28890072458619998
1615,1777,0.2361333887542823
1615,212,0.223191552373568
1615,953,0.20054808283896763
1615,1767,0.18735366220934946
1615,1139,0.17733643266599738
1615,835,0.17690360049202428
1615,1944,0.17667956636234664
1615,689,0.16271823969238444
1615,1012,0.15682314321513005
1615,195,0.14319043189108949
1616,1616,0
1616,309,1
1616,1901,0.50357170148862329
1616,1325,0.33699260858767088
1616,670,0.27378684910480905
1616,720,0.26234103775230722
1616,471,0.24864837159869155
1616,1557,0.21048130790159555
1616,106,0.18080480038793156
1616,1090,0.18058351537077105
1616,56,0.17981858541891249
1616,683,0.15453724407343908
1616,301,0.1318175658669922
1616,1432,0.12519788904381249
1616,1607,0.11831905669416226
1617,1617,0
1617,15,1
1617,135,0.44277742129397474
1617,1699,0.32505352545014199
1617,425,0.27432280448484064
1617,288,0.27000304824495186
1617,1036,0.21301594581110109
1617,1390,0.20587220314918281
1617,811,0.20020870510065203
1617,708,0.19251323032720008
1617,1010,0.17973751517293213
1617,201,0.16834450551339214
1617,277,0.16570360134108328
1617,1678,0.13991352904198093
1617,1255,0.12941732586036114
1618,1618,0
1618,1785,1
1618,1291,0.29621166633627499
1618,85,0.28324219889528374
1618,584,0.27266624480563761
1618,1926,0.25834791579524663
1618,1395,0.24714384874617656
1618,1891,0.23557472515070035
1618,1739,0.22756764013560124
1618,1498,0.223001778081965
1618,1101,0.19169275500702251
1618,589,0.18608262717440216
1618,1723,0.1784982101590715
1618,983,0.15699709759059619
1618,899,0.14986577142886723
1619,1619,0
1619,1342,1
1619,463,0.42271355502576607
1619,910,0.34088249387286657
1619,91,0.3068958959872935
1619,1549,0.30454558600879789
1619,1352,0.26000163026512385
1619,402,0.23686327894354522
1619,157,0.18845886005558446
1619,1435,0.17789986544395708
1619,1747,0.14883749822936218
1619,1141,0.14405402799032604
1619,1089,0.13795580412966568
1619,1339,0.12005735341366951
1619,1512,0.11771955311661811
1620,1620,0
1620,409,1
1620,1402,0.68502839346947775
1620,810,0.3717592286874784
1620,1587,0.32252976156653251
1620,1910,0.22219227806120237
1620,1041,0.19804260288263589
1620,1500,0.16619724856864057
1620,1239,0.1601105136710132
1620,688,0.15522816713925947
1620,1585,0.14322750632464415
1620,1764,0.12564242667111566
1620,152,0.12418596572091843
1620,1884,0.12396465612546131
1620,199,0.1087880918973945
1621,1621,0
1621,749,1
1621,140,0.70261335671468006
1621,97,0.51030630081219441
1621,1630,0.34246404125196234
1621,1004,0.29610735759771623
1621,1161,0.22606374073529059
1621,1423,0.16347692571988892
1621,417,0.14199565043090523
1621,702,0.10192827574287679
1621,850,0.10026700234470051
1621,1773,0.086770775366259364
1621,1488,0.081504004801455421
1621,625,0.077575763018365704
1621,1741,0.075824389663944475
1622,1622,0
1622,1758,1
1622,151,0.43290722911731649
1622,777,0.42637672405081489
1622,1542,0.31293727861144283
1622,1773,0.28472441811825394
1622,1929,0.25400247105691559
1622,1425,0.186512064090222
1622,257,0.17404727553847135
1622,625,0.15955178531222841
1622,708,0.15302883117820396
1622,387,0.14653536425966412
1622,1630,0.1300361982601603
1622,1503,0.12433172496102658
1622,964,0.12189744826834806
1623,1623,0
1623,358,1
1623,872,0.79248600382011458
1623,1326,0.37531721676491042
1623,1021,0.25993814287768024
1623,1499,0.23142458889585554
1623,1447,0.20886572244282059
1623,1629,0.14789138924801903
1623,116,0.14171366946806802
1623,366,0.14113216501869416
1623,496,0.14004474059686775
1623,1211,0.13990779442680226
1623,428,0.11797750563045425
1623,701,0.10795121716921363
1623,391,0.10223902186855671
1624,1624,0
1624,614,1
1624,1370,0.77353521907423151
1624,1832,0.26805779624673548
1624,1176,0.24461536249703608
1624,1933,0.2421752175952977
1624,244,0.20203076145071355
1624,594,0.18918800261695995
1624,311,0.18422580837301225
1624,763,0.17693902384781277
1624,1520,0.16285679362035824
1624,1048,0.14361210056916635
1624,983,0.1215584526866495
1624,1244,0.11437110639794297
1624,1410,0.083716917091626958
1625,1625,0
1625,522,1
1625,1157,0.61255345609319989
1625,876,0.45073865353209441
1625,898,0.38257791047683881
1625,1608,0.37345821968735554
1625,1588,0.28693832137691938
1625,1823,0.19702321717340565
1625,1478,0.14922656093770467
1625,8,0.10638807286514614
1625,834,0.10433677748663947
1625,1642,0.07955583341153967
1625,1175,0.060942619295650355
1625,1248,0.056309417005328981
1625,1353,0.04684854541727633
1626,1626,0
1626,1749,1
1626,47,0.71893474472629071
1626,1310,0.38125532868031015
1626,636,0.25687512274178853
1626,1135,0.21193961511910345
1626,1063,0.20147469540294091
1626,866,0.1697991234438406
1626,1068,0.157298820366508
1626,1067,0.15674196430020043
1626,399,0.14920152488018748
1626,666,0.1405013481895114
1626,1980,0.12814892075279755
1626,1124,0.12670233550452259
1626,585,0.10801502756937931
1627,1627,0
1627,1486,1
1627,129,0.44574805979395471
1627,429,0.304756920953901
1627,329,0.29689772873290338
1627,1487,0.26680795259801443
1627,669,0.23191971181011928
1627,771,0.22731833810971333
1627,1869,0.21579243864829684
1627,764,0.18298810832327059
1627,663,0.17407155069422919
1627,1399,0.15157322057520414
1627,1466,0.13871751019708914
1627,1234,0.13625705158947349
1627,164,0.1340443104078575
1628,1628,0
1628,931,1
1628,267,0.82128029597386554
1628,1074,0.59340995605469249
1628,1767,0.32725294360016277
1628,829,0.17943133182610041
1628,848,0.14242740545394281
1628,1092,0.13373648585101838
1628,419,0.12492175042552756
1628,1460,0.12038436194469557
1628,1532,0.11741543878570056
1628,232,0.090111644747407377
1628,1317,0.086628280033072685
1628,1652,0.086580530818901574
1628,1894,0.083310192136906963
1629,1629,0
1629,701,1
1629,1504,0.67827448883908248
1629,1623,0.63377413383225922
1629,1430,0.28145967406961342
1629,1174,0.21165588711708544
1629,366,0.17359852439109474
1629,1932,0.16964656034179026
1629,1064,0.15907951729448236
1629,889,0.13610466443154784
1629,391,0.10656155290903271
1629,1102,0.095536968863809635
1629,1211,0.094654087942885962
1629,1973,0.08797999551253112
1629,1177,0.07856356564832194
1630,1630,0
1630,364,1
1630,1773,0.85048097198161265
1630,1425,0.77604074145809721
1630,746,0.27777771307990146
1630,1622,0.19995017795742132
1630,1716,0.16696232782584716
1630,702,0.15236203565309819
1630,1842,0.14100618931539682
1630,1240,0.12364668716265692
1630,1004,0.1100679063545041
1630,387,0.033671031842745822
1630,1488,0.027541050382122834
1630,1852,0.026061595400317984
1630,1347,0.02133201841767941
1631,1631,0
1631,1262,1
1631,1254,0.64905104078266229
1631,78,0.54309215899125807
1631,488,0.33305778791072954
1631,194,0.18447916447891841
1631,1956,0.17134038213442729
1631,1068,0.1618383122130925
1631,289,0.15958611531557798
1631,1188,0.13403328328809641
1631,326,0.13013152079881732
1631,314,0.11333829690585839
1631,1482,0.11208631501469765
1631,659,0.10926583573330011
1631,380,0.10558851869144667
1632,1632,0
1632,1066,1
1632,1644,0.81510235708246925
1632,504,0.41312956094971398
1632,1120,0.25248414943957775
1632,1366,0.24597390537829383
1632,163,0.23982110205475035
1632,1878,0.1809725896102454
1632,699,0.14604178559696399
1632,518,0.13889180238880031
1632,1354,0.11621559560876851
1632,1882,0.11183329999897215
1632,219,0.10258646163003217
1632,513,0.082947069323349581
1632,754,0.060882462740723411
1633,1633,0
1633,131,1
1633,708,0.54207714279501529
1633,0,0.33208469358556636
1633,1678,0.25824636158300196
1633,613,0.22045832299772949
1633,1008,0.20986447887607343
1633,1562,0.18331711102803597
1633,1837,0.17486311196251964
1633,1921,0.16734790593650339
1633,306,0.16725203418423173
1633,1539,0.16657023055745074
1633,1902,0.16509856833388392
1633,1005,0.16025745672752742
1633,1791,0.15945274614697497
1634,1634,0
1634,105,1
1634,1774,0.33348620664563478
1634,923,0.29304360975142757
1634,245,0.27376783356621842
1634,194,0.23430853562589704
1634,359,0.23038685050929
1634,1081,0.20531791131686977
1634,1825,0.20514249054624181
1634,184,0.20438072902891316
1634,1715,0.19628037763242548
1634,1413,0.19190563614570363
1634,1256,0.18396103085040422
1634,1995,0.17823421733230627
1634,401,0.1766802922374294
1635,1635,0
1635,922,1
1635,1511,0.96291848896427557
1635,1935,0.75296943547237871
1635,333,0.26084954751921091
1635,731,0.16588520911491425
1635,1841,0.10480447653914196
1635,776,0.09915810695319334
1635,1328,0.096284655310364037
1635,444,0.092798837376226267
1635,531,0.07896754469720918
1635,539,0.075049257438262684
1635,1663,0.074737635211422584
1635,220,0.072686747696043594
1635,1270,0.0697844744887548
1636,1636,0
1636,1984,1
1636,22,0.39903766643426924
1636,1030,0.3544798434127493
1636,803,0.34012358943017335
1636,1153,0.3352395514194032
1636,835,0.30532529721654134
1636,609,0.16438913132296673
1636,535,0.16163524978470414
1636,1333,0.15895356063717106
1636,953,0.15619325747740018
1636,401,0.15459040898963902
1636,976,0.13504919342814431
1636,1268,0.12387059868552759
1636,1413,0.11799385462406704
1637,1637,0
1637,175,1
1637,800,0.46591666555098454
1637,465,0.42602426604650567
1637,233,0.27310546496945171
1637,848,0.263520206408563
1637,298,0.24445598727697668
1637,1418,0.19748420600389555
1637,720,0.19390580510944552
1637,469,0.16315900262562189
1637,953,0.15380656209610807
1637,1528,0.15073743798657477
1637,1790,0.13227694244791777
1637,56,0.12629279047612274
1637,361,0.11620590650684881
1638,1638,0
1638,1699,1
1638,186,0.43425215146205098
1638,1010,0.41391172212345134
1638,16,0.35228601465963161
1638,447,0.3469595230262128
1638,288,0.22466158971728153
1638,818,0.20801544802775909
1638,1617,0.17919471656197902
1638,441,0.1395118222797618
1638,490,0.1387422495802742
1638,811,0.13661254967876257
1638,425,0.1299220797701969
1638,1574,0.1069715732168868
1638,1590,0.095858071136108003
1639,1639,0
1639,1396,1
1639,455,0.82032112790311984
1639,184,0.61092295309719002
1639,1713,0.39537830288265946
1639,1280,0.16485149883535374
1639,1460,0.14301683621308928
1639,273,0.11747553071396342
1639,835,0.10923377848662363
1639,1774,0.10495126062978399
1639,1012,0.1026614764307764
1639,195,0.0971540354142474
1639,550,0.085962661262717677
1639,1230,0.07946916881939986
1639,1873,0.075492377077802902
1640,1640,0
1640,1242,1
1640,949,0.9520562456338364
1640,515,0.47088436711988135
1640,1522,0.3517077268920395
1640,1154,0.17025327224554332
1640,1102,0.14743118909834671
1640,814,0.14138895112238614
1640,1156,0.11673611894109873
1640,1005,0.11328262083852002
1640,534,0.11122783397465243
1640,452,0.10337461892141669
1640,1199,0.089216552306454755
1640,1597,0.071436434593823914
1640,730,0.067890972845836631
1641,1641,0
1641,539,1
1641,346,0.39957856169719058
1641,1468,0.26218804593879047
1641,1479,0.25725393164952298
1641,1853,0.24706870676906234
1641,1514,0.23419141117875575
1641,731,0.21303270970134197
1641,220,0.21286503320469635
1641,798,0.20152303357954832
1641,1635,0.19003776211275558
1641,528,0.18417329937511659
1641,776,0.17334752069479523
1641,1525,0.17064087367896885
1641,1567,0.16098790035416416
1642,1642,0
1642,871,1
1642,999,0.73546293741833224
1642,177,0.40364724601797258
1642,1478,0.36209859164257563
1642,58,0.29038853208853432
1642,1507,0.24987594626528561
1642,1349,0.2402814952879371
1642,360,0.16494818066362618
1642,769,0.10800403091231897
1642,1890,0.096521886122610645
1642,1248,0.076757753971749276
1642,1470,0.075935610293701564
1642,218,0.054934744542936502
1642,87,0.048031198539453722
1643,1643,0
1643,591,1
1643,1039,0.58534845566032201
1643,1878,0.53495343527610606
1643,868,0.51181529947081772
1643,190,0.41822618576501069
1643,1764,0.17042256656372182
1643,968,0.15319046622890051
1643,1132,0.11441623223339924
1643,934,0.10913132730211755
1643,481,0.085595969700013402
1643,1784,0.078877265927118911
1643,1013,0.056598930349821809
1643,1723,0.049559841189630943
1643,319,0.038755280932093503
1644,1644,0
1644,1066,1
1644,520,0.63732462416268487
1644,1632,0.42126761358568016
1644,504,0.3307216170614482
1644,1366,0.27050068598996807
1644,1685,0.25448332439659743
1644,822,0.25345468414285544
1644,754,0.15597295310359732
1644,1305,0.12628618724707411
1644,1979,0.10716315183672311
1644,349,0.1025216872037574
1644,101,0.09192964042289338
1644,1760,0.078819975881532556
1644,955,0.076451994760160097
1645,1645,0
1645,1027,1
1645,534,0.50108314447281666
1645,86,0.47003506105589438
1645,708,0.27728787514765085
1645,1255,0.25144468630570327
1645,792,0.22125861551068809
1645,1909,0.19156351137346828
1645,949,0.17701249839088892
1645,205,0.17181334667573273
1645,1597,0.16722865514866481
1645,387,0.13694124551000542
1645,1242,0.12351335007614478
1645,963,0.11698612541378482
1645,468,0.10072437101576044
1646,1646,0
1646,886,1
1646,1745,0.77063027831432251
1646,1519,0.30653551207981417
1646,460,0.29544951482171233
1646,873,0.27329024246496847
1646,403,0.22167452457171355
1646,1979,0.19291734491139023
1646,1538,0.19275415655020633
1646,446,0.16823904104712106
1646,1920,0.13134974643850222
1646,604,0.099698257746568125
1646,1847,0.094159732604039745
1646,1216,0.082825402172061885
1646,1799,0.077363012123141339
1647,1647,0
1647,1924,1
1647,203,0.34492465705445585
1647,1243,0.26344202716548787
1647,580,0.25349889347928239
1647,1245,0.23598276593118045
1647,808,0.23478161921778468
1647,1013,0.22582444082190967
1647,1799,0.22178459893353106
1647,319,0.2145420904922552
1647,1752,0.19340797495513501
1647,1972,0.19061575168636621
1647,1600,0.1886554378561863
1647,517,0.17184803390841874
1647,165,0.1675751214981572
1648,1648,0
1648,973,1
1648,0,0.85117653813406702
1648,1539,0.51778812039998268
1648,1001,0.34971865829809584
1648,1952,0.26999259933178482
1648,420,0.21170202596849755
1648,1633,0.15764880497867584
1648,131,0.11550637453635398
1648,174,0.11208368693588831
1648,1036,0.087777191470567645
1648,1380,0.078238085820615005
1648,1008,0.066512769593049678
1648,1322,0.065606629917491527
1648,135,0.023146136485900765
1649,1649,0
1649,1902,1
1649,1272,0.89973416253428584
1649,335,0.27819896575316794
1649,582,0.25781246881068681
1649,1036,0.21831974701175794
1649,1699,0.20193734721769074
1649,1380,0.16260048342097286
1649,1678,0.15137728964518501
1649,1027,0.14618057953934646
1649,1503,0.14254965365093081
1649,417,0.11767855436919686
1649,131,0.11627287498060404
1649,1051,0.10853738173982347
1649,1633,0.10569205971277483
1650,1650,0
1650,508,1
1650,1159,0.51462458626410523
1650,574,0.4194410442464136
1650,512,0.39891495645772568
1650,758,0.37222479101799238
1650,1447,0.25898091749495039
1650,576,0.21065965222605793
1650,443,0.19976107727178868
1650,1205,0.11406255330641211
1650,1925,0.10165193526050416
1650,1412,0.094695526437831884
1650,187,0.085626412103287475
1650,548,0.069373728382733313
1650,940,0.066873428844353364
1651,1651,0
1651,62,1
1651,1725,0.39828256355754171
1651,829,0.30869374928645926
1651,848,0.26827197199810909
1651,1219,0.2367976789755746
1651,1092,0.21654201216743654
1651,523,0.21401748673033191
1651,2,0.20562748292666483
1651,1122,0.18974301881623959
1651,1557,0.18614200583785265
1651,1855,0.17991798228790529
1651,1681,0.17736607354435405
1651,469,0.16342377073109246
1651,1660,0.16206811639963398
1652,1652,0
1652,1795,1
1652,1845,0.74082426196401518
1652,524,0.66358111838972644
1652,1628,0.51674275995624863
1652,1460,0.32305663070989332
1652,273,0.29738539971788297
1652,931,0.1057025485411572
1652,1162,0.094757087561688824
1652,267,0.076738573395047666
1652,1331,0.024758380681426408
1652,997,0.023444580437226154
1652,1067,0.016414905373383113
1652,972,0.014977260672194778
1652,1983,0.0085077752654061835
1653,1653,0
1653,704,1
1653,1444,0.66262882750723884
1653,692,0.4446519743782078
1653,1748,0.39658376657431971
1653,794,0.1657455765254241
1653,878,0.16505456089729434
1653,333,0.15804754796888823
1653,1776,0.14962734153874796
1653,1003,0.1494545935973749
1653,1859,0.13570764665435062
1653,463,0.12936446827244361
1653,514,0.12676761073469311
1653,1088,0.11423329018439453
1653,334,0.10901583943527055
1654,1654,0
1654,1655,1
1654,1371,0.75973622632216586
1654,1555,0.63368790239136508
1654,1254,0.35790615153211836
1654,1786,0.20686422533711288
1654,716,0.20625630815167698
1654,690,0.16618692932255485
1654,1584,0.10456318142560404
1654,505,0.089030850176804358
1654,1720,0.085941661426230262
1654,48,0.083449848218871886
1654,1276,0.079670758839285954
1654,766,0.068378118477058061
1654,350,0.065217697712063233
1655,1655,0
1655,1555,1
1655,1654,0.52177322165449858
1655,1786,0.27791447201007063
1655,350,0.23674629380566845
1655,1371,0.23040063007108993
1655,1992,0.21836811990242153
1655,1188,0.19898001629133932
1655,264,0.18926399555040491
1655,1077,0.1855536442243495
1655,1276,0.17851360184273787
1655,1720,0.16981625991365615
1655,505,0.16914673742189407
1655,348,0.16626126970968622
1655,1200,0.16414437517557606
1656,1656,0
1656,1054,1
1656,7,0.76948818545048769
1656,467,0.70067860075688337
1656,1910,0.27183754854184711
1656,213,0.22442758562226706
1656,338,0.15177837971388944
1656,250,0.133298076755891
1656,405,0.12415063193312656
1656,1998,0.11260627645504975
1656,44,0.10480040188077759
1656,1309,0.083607441022550771
1656,1955,0.080516195725030271
1656,448,0.080051869110459015
1656,883,0.069649562323131547
1657,1657,0
1657,1046,1
1657,1990,0.48689240440493725
1657,57,0.39939839563013646
1657,1727,0.3629690690076558
1657,171,0.24296234323366414
1657,815,0.21590025485781655
1657,1544,0.20092324312478324
1657,1223,0.19715865801396248
1657,1585,0.18263389063271657
1657,1594,0.15818425654043794
1657,1071,0.12656870003155632
1657,45,0.11971140021005536
1657,66,0.10993616339828506
1657,271,0.1036486552238015
1658,1658,0
1658,566,1
1658,1678,0.79383288711333133
1658,1672,0.46366893647234225
1658,511,0.36745619382690731
1658,680,0.30253133560221079
1658,420,0.17396981971988421
1658,376,0.16987031090960067
1658,490,0.15907516499989044
1658,1180,0.095871870207458423
1658,1469,0.087982699806848752
1658,435,0.083833887222765816
1658,1364,0.075773332224436538
1658,756,0.068260331174565994
1658,1902,0.06476901137408117
1659,1659,0
1659,1050,1
1659,1194,0.87959706435954632
1659,274,0.30047199569280181
1659,207,0.29659520011334911
1659,487,0.28518649113584865
1659,22,0.2559971246906958
1659,397,0.209594851607281
1659,286,0.17347159497162323
1659,970,0.14260196346667778
1659,1759,0.13899691707635953
1659,615,0.067740765852404614
1659,1266,0.055798489795432483
1659,1615,0.051676019145016065
1659,1883,0.04915455448119864
1660,1660,0
1660,525,1
1660,1096,0.67924338880556079
1660,523,0.37260572490525035
1660,1651,0.25212040302693772
1660,1219,0.20720783708722385
1660,788,0.20406578304029713
1660,1080,0.20323723414004921
1660,243,0.19155365677850186
1660,829,0.18238785088710543
1660,1092,0.17486640740636794
1660,1283,0.1411882896087823
1660,1681,0.11851316323287363
1660,242,0.091101656707660017
1660,62,0.088792650211841018
1661,1661,0
1661,609,1
1661,1450,0.96133241643987488
1661,183,0.54474354686379911
1661,1397,0.28292604506737129
1661,976,0.19193629883677643
1661,340,0.16054798483486171
1661,298,0.15042505740643464
1661,1777,0.14639961985893671
1661,359,0.09867999917949502
1661,1082,0.084598395391378048
1661,1389,0.079485162508295987
1661,401,0.069405421001749137
1661,903,0.069118652729221006
1661,469,0.067282279450866664
1662,1662,0
1662,1285,1
1662,1744,0.58183393201451727
1662,1704,0.47452302627015336
1662,1943,0.47335201567830909
1662,510,0.28396925330822564
1662,1850,0.22970685124140663
1662,1530,0.15755283796284308
1662,1264,0.136685204406196
1662,346,0.12501076237419542
1662,473,0.10502444795718086
1662,887,0.10224835182172111
1662,531,0.097438185941819355
1662,1440,0.095118599101135431
1662,731,0.044418548953538681
1663,1663,0
1663,1270,1
1663,424,0.68321089858898232
1663,1635,0.41221129463801071
1663,1536,0.41188941696676906
1663,514,0.36490739267490907
1663,444,0.22420744195931497
1663,333,0.18057885030557824
1663,1859,0.17335571615601994
1663,1511,0.16357306952851619
1663,107,0.11430351392362556
1663,1285,0.056744143179652637
1663,704,0.053583935399745625
1663,539,0.044641363923696005
1663,1479,0.023692549642185711
1664,1664,0
1664,957,1
1664,828,0.69311010659840111
1664,1405,0.36735129983552273
1664,1586,0.30632924041441029
1664,1927,0.24796072823938781
1664,1720,0.23213757565426099
1664,661,0.21051014759995698
1664,255,0.18974343570614657
1664,1669,0.16126079729691145
1664,789,0.15612846299972355
1664,415,0.10278617842428305
1664,1602,0.087485508789469771
1664,1362,0.079964259786440228
1664,269,0.072128826333224247
1665,1665,0
1665,661,1
1665,415,0.4165141257677375
1665,396,0.41496122429273025
1665,1681,0.26765218670899588
1665,1725,0.22692224921977291
1665,1116,0.19967990207144784
1665,523,0.19747377188465956
1665,340,0.19672831161941998
1665,1557,0.16821364838496519
1665,1405,0.16780322051482677
1665,351,0.16696838119170779
1665,382,0.16344937984823874
1665,1777,0.16169230873176413
1665,1873,0.15884106042263862
1666,1666,0
1666,1449,1
1666,722,0.98892171696809816
1666,905,0.6466988556395511
1666,687,0.50357301160648327
1666,1534,0.19422587780777145
1666,107,0.10711405720589008
1666,678,0.09401345646802127
1666,1183,0.067585511461495371
1666,444,0.056261191214341144
1666,1335,0.054847964149683244
1666,608,0.04983022997144753
1666,478,0.049010578233534392
1666,1270,0.047424524005404776
1666,1328,0.047388895910136009
1667,1667,0
1667,910,1
1667,393,0.64256766752636296
1667,377,0.42666869378515315
1667,316,0.38550350107999781
1667,1201,0.37249602314609231
1667,1043,0.30659046498213655
1667,1218,0.15826228070083273
1667,1222,0.12498565153894771
1667,918,0.1146564970029923
1667,208,0.10648698718629285
1667,1089,0.084201181361143976
1667,1794,0.066770895357389587
1667,638,0.059846316651433647
1667,427,0.057863653394963827
1668,1668,0
1668,408,1
1668,1495,0.90042514479311431
1668,1780,0.30453030534195757
1668,1148,0.29528804982547668
1668,1071,0.23226993543310259
1668,1401,0.19641409674843641
1668,1775,0.19506775477091287
1668,1127,0.1830695662943049
1668,1858,0.15814005510054471
1668,1600,0.13039243666981201
1668,66,0.11788900640468311
1668,409,0.077866484449976348
1668,1862,0.060031909445160389
1668,1041,0.055515783738026854
1669,1669,0
1669,1967,1
1669,856,0.93318118862604582
1669,1586,0.85734971258598547
1669,1094,0.83475399566486719
1669,1276,0.26872126337394525
1669,654,0.0055979478959867629
1669,294,0.0044561639442580354
1669,1548,0.00073089848262538649
1669,415,0.0006967605638729384
1669,340,0.00037916482513138203
1669,1318,0.00037885956395845909
1669,450,0.00037590009270214628
1669,255,0.00018523811861790581
1669,1777,8.3484355351304889e-05
1670,1670,0
1670,1383,1
1670,1158,0.8156248699456341
1670,158,0.68388163811652947
1670,1771,0.18514737591757788
1670,944,0.18433795495729305
1670,822,0.16594689893793649
1670,1882,0.14578000746176822
1670,352,0.13734467243307552
1670,132,0.12947118967276391
1670,831,0.1232457120499092
1670,1340,0.093989369182765847
1670,1543,0.092549972100656477
1670,1685,0.081657300050378939
1670,1209,0.067919250092430952
1671,1671,0
1671,351,1
1671,469,0.56545242159121323
1671,1607,0.44101250578034479
1671,1056,0.29953308677749696
1671,970,0.25193783346149573
1671,845,0.2500024745404642
1671,599,0.23755270296998562
1671,233,0.17177900324009621
1671,56,0.14900059204047403
1671,465,0.12137347903713935
1671,1615,0.11920422265413644
1671,903,0.11309396880160828
1671,1074,0.10107779420244906
1671,1922,0.085869853689716794
1672,1672,0
1672,1180,1
1672,680,0.94646594332624923
1672,1840,0.32266064860669541
1672,985,0.22404989076603615
1672,435,0.20620541752601987
1672,1649,0.19578640657701632
1672,657,0.17749098866761295
1672,364,0.13514977585905494
1672,1852,0.12678769429187298
1672,1364,0.11888304556469682
1672,425,0.11708963101751843
1672,376,0.11439837274420903
1672,72,0.11342184874161097
1672,303,0.10849595619205271
1673,1673,0
1673,1545,1
1673,267,0.67740767438171978
1673,419,0.67077582085554466
1673,1460,0.31910477530473819
1673,1999,0.21326024010255634
1673,396,0.16544358437248843
1673,546,0.1345038723940768
1673,829,0.12610875624730083
1673,1873,0.11817208818062992
1673,661,0.11094886167748264
1673,626,0.10732313377234928
1673,1651,0.1042992756049332
1673,62,0.081930833490539076
1673,1628,0.077619316011061285
1674,1674,0
1674,1314,1
1674,601,0.75257942858177984
1674,753,0.65182090750130472
1674,1512,0.40047252802230354
1674,58,0.37922501187534768
1674,762,0.12009226621284216
1674,218,0.11893787053193183
1674,1349,0.08940076024196876
1674,1506,0.084312186162385047
1674,849,0.076779322318855772
1674,237,0.065609979023820097
1674,1619,0.062932612138586724
1674,1285,0.053435643379692366
1674,1663,0.051282512001103966
1675,1675,0
1675,768,1
1675,268,0.35498615907730607
1675,339,0.34886643454244198
1675,1923,0.32665953988868851
1675,851,0.32554131866547947
1675,1933,0.2413501075577022
1675,163,0.22444755798686025
1675,614,0.20337177122022365
1675,1871,0.19663226037643658
1675,885,0.19479987101318522
1675,1624,0.13820903373754009
1675,398,0.12991852122167161
1675,1520,0.11705852431479263
1675,99,0.10504456042550643
1676,1676,0
1676,1890,1
1676,1190,0.77715730524917392
1676,1478,0.34211392532439544
1676,999,0.22512886351951547
1676,1642,0.22365539735077072
1676,1314,0.21722622324445603
1676,1809,0.2100325789133014
1676,995,0.18891492059577084
1676,1182,0.16808027907549719
1676,1100,0.15538691144647274
1676,871,0.11532794670766544
1676,769,0.095788910493855906
1676,1476,0.095626279722254612
1676,58,0.09245101937878715
1677,1677,0
1677,1366,1
1677,707,0.77889595488841723
1677,518,0.38287513356654118
1677,506,0.30149716807137894
1677,520,0.21309421361967804
1677,1565,0.17487135684699101
1677,1644,0.15582621025160967
1677,1817,0.14383268565549515
1677,513,0.14106277759788532
1677,17,0.13994136977277113
1677,896,0.1344873108870436
1677,1632,0.121614641889967
1677,1953,0.11542258217850183
1677,1806,0.10346428384875916
1678,1678,0
1678,306,1
1678,1902,0.89855799654087132
1678,1633,0.28951341655593221
1678,708,0.27942121470411879
1678,1469,0.27867387850603548
1678,131,0.26858585233156385
1678,566,0.2184574694089739
1678,912,0.15592174601066489
1678,1921,0.13511122368860823
1678,1617,0.084243683461495647
1678,1709,0.082077328268666885
1678,227,0.078807643720778725
1678,425,0.070395143466882457
1678,1027,0.06712865927292494
1679,1679,0
1679,90,1
1679,1165,0.4692782910833766
1679,212,0.46404474374309679
1679,1777,0.37818076548760671
1679,1615,0.32853842069605499
1679,491,0.30265990488686062
1679,109,0.19071046150165466
1679,1012,0.15012515906433704
1679,79,0.13199172777158594
1679,479,0.11986246043350994
1679,1053,0.11768636951929347
1679,970,0.087651745828586314
1679,689,0.083307967513735523
1679,1967,0.082850113990948479
1680,1680,0
1680,579,1
1680,1324,0.56554430612994644
1680,257,0.2420750102671847
1680,625,0.2365399406854114
1680,1978,0.226664389531885
1680,240,0.22485631356757368
1680,560,0.21936442303291437
1680,1792,0.21231029283069769
1680,593,0.1936290678406212
1680,1531,0.18191048852341471
1680,1773,0.17437650873981311
1680,303,0.14930114051594931
1680,225,0.14182265862804735
1680,605,0.13849404403913165
1681,1681,0
1681,1092,1
1681,546,0.48325429944627102
1681,1767,0.2763699691049144
1681,523,0.26736051749953776
1681,243,0.25369758954517946
1681,1665,0.25032630184508259
1681,1080,0.21529531410492819
1681,1457,0.21345026958519786
1681,1568,0.210829254308178
1681,1219,0.20473097013497588
1681,1725,0.17375469527342463
1681,469,0.13478098748221529
1681,62,0.11177853024564409
1681,1651,0.11125621120434304
1682,1682,0
1682,257,1
1682,796,0.50210995309416584
1682,1505,0.4179978501042666
1682,93,0.36271792110277884
1682,1425,0.29830651587079826
1682,732,0.26243015088368832
1682,151,0.22426605018523346
1682,715,0.22006343694323044
1682,452,0.17192600324829665
1682,981,0.11948906045321393
1682,1798,0.11455569345829356
1682,1149,0.082173294336156208
1682,588,0.068216316712294334
1682,777,0.062647655272741576
1683,1683,0
1683,117,1
1683,5,0.68990162855798909
1683,227,0.37199798273277684
1683,1345,0.25000954017766758
1683,288,0.24210162034233831
1683,936,0.23378133443519913
1683,879,0.16161972992720711
1683,1678,0.15745175813670972
1683,1958,0.1539642315306573
1683,1491,0.14359090349944231
1683,812,0.12957972662919726
1683,306,0.12842327718181665
1683,196,0.12250070050844848
1683,303,0.12196093927220006
1684,1684,0
1684,568,1
1684,649,0.70958588404369283
1684,1283,0.60836453108948729
1684,1378,0.45747947819183599
1684,341,0.21887968702638497
1684,243,0.16997347554365341
1684,1651,0.13640833167410818
1684,1604,0.10645231623208799
1684,1096,0.089240680273710377
1684,1581,0.086453164205462479
1684,1556,0.085889595496266485
1684,1184,0.085051732260464225
1684,1107,0.077538107312560625
1684,1928,0.075582674274811926
1685,1685,0
1685,1305,1
1685,754,0.39190177027701995
1685,414,0.32100983180781223
1685,101,0.28573579682339606
1685,400,0.27584914530618526
1685,1644,0.22830002556772372
1685,1760,0.21895930617495324
1685,354,0.20128371200653081
1685,1066,0.19796271355654549
1685,520,0.18856640203711206
1685,1564,0.17366673821652318
1685,517,0.16677725077735889
1685,822,0.14577106771777804
1685,345,0.11110388800832519
1686,1686,0
1686,879,1
1686,1722,0.35049830988955333
1686,1964,0.29149635631623338
1686,1324,0.28146913171658505
1686,1086,0.25443270930109591
1686,906,0.22691370873204672
1686,1782,0.22649691410937192
1686,1599,0.2183476712853876
1686,578,0.2031016619754818
1686,27,0.1976273869277736
1686,257,0.17298533534490868
1686,665,0.16910533444055634
1686,5,0.15723343838012208
1686,579,0.15717442968416351
1687,1687,0
1687,342,1
1687,1338,0.50646331141755963
1687,1695,0.3319545532053973
1687,1467,0.3143248014936007
1687,1534,0.31037629962501506
1687,1517,0.23066555349990778
1687,775,0.22597920760679316
1687,722,0.22500198037082647
1687,1935,0.15389096977379452
1687,858,0.13111789498516035
1687,922,0.1235463502485831
1687,444,0.12241057507081331
1687,1797,0.1157931587058816
1687,1834,0.1153685161540977
1688,1688,0
1688,1539,1
1688,621,0.5648148421558099
1688,1480,0.44605725006776442
1688,1235,0.43373995491266437
1688,790,0.28851574427021803
1688,940,0.27281987596699997
1688,1036,0.17187106813853961
1688,658,0.1449281596257789
1688,548,0.12516596396537183
1688,792,0.12428560204692055
1688,1376,0.099658098032159873
1688,1272,0.093523802715731671
1688,973,0.073910535192833679
1688,241,0.067604328189054541
1689,1689,0
1689,248,1
1689,1458,0.90153570051800025
1689,1437,0.42656425704289785
1689,1199,0.25382604003947579
1689,410,0.24459851109339265
1689,796,0.15043688371168876
1689,746,0.14184459240115141
1689,1522,0.13832470833292915
1689,226,0.13680778522817261
1689,418,0.12905486291194929
1689,1083,0.11820104228509121
1689,452,0.10095325733501312
1689,1361,0.083426971811385808
1689,1499,0.081308780835199532
1690,1690,0
1690,1855,1
1690,903,0.844016464938244
1690,1116,0.43143783988170853
1690,572,0.39038806769248102
1690,505,0.33555554426571488
1690,1371,0.32671290561995037
1690,209,0.10940985232647431
1690,1922,0.09967808536736808
1690,1787,0.092502544441370765
1690,351,0.065166288483270343
1690,124,0.063364342174427379
1690,1546,0.058262255099591924
1690,1034,0.047771418477708431
1690,1256,0.042617960715824722
1691,1691,0
1691,1337,1
1691,446,0.94630724956300716
1691,1810,0.72812463973070152
1691,1646,0.44607903056815762
1691,158,0.21298659599242226
1691,598,0.14938336126621421
1691,1538,0.11959010319574093
1691,521,0.11379919850106933
1691,604,0.085309714755888846
1691,822,0.044323887514261411
1691,564,0.038664226848179238
1691,873,0.015785430693736811
1691,1026,0.006240058541211276
1691,1920,0.00028786119179895209
1692,1692,0
1692,1360,1
1692,1449,0.58662682807291688
1692,1468,0.49395426716701579
1692,1328,0.34865318608911988
1692,1525,0.23323215837636643
1692,107,0.21138690415552477
1692,157,0.18322969479855017
1692,1265,0.14109258239571509
1692,346,0.13678982109197715
1692,164,0.12666382229304313
1692,951,0.11793234566052566
1692,1466,0.11500748293628654
1692,1123,0.10921969502524732
1692,1666,0.10309313629051647
1693,1693,0
1693,442,1
1693,1332,0.70607912213938651
1693,388,0.49606158746908446
1693,1834,0.2204989486762908
1693,1442,0.21128348765209479
1693,1821,0.20495486418044845
1693,948,0.18773766143776077
1693,1416,0.18538300488166504
1693,1828,0.1598766143645706
1693,639,0.14120101920944222
1693,178,0.13327009059907152
1693,709,0.10393154748475157
1693,444,0.078721940762586373
1693,1863,0.077886463074139739
1694,1694,0
1694,1583,1
1694,472,0.45357338109469597
1694,152,0.31172977296596688
1694,1811,0.30547707952713815
1694,1865,0.26660518741673478
1694,1521,0.25424337179976303
1694,854,0.21843558930564802
1694,1287,0.1859072010746079
1694,475,0.18263647699632876
1694,1121,0.16866147182924879
1694,899,0.15343711836170379
1694,1812,0.13823786631864787
1694,23,0.13724715270644416
1694,575,0.13069830238985414
1695,1695,0
1695,858,1
1695,531,0.5230902778360621
1695,444,0.39081143834811694
1695,296,0.27765660622793947
1695,878,0.27527362647521453
1695,969,0.26929328312069689
1695,1259,0.17857836441526562
1695,731,0.17818728464262776
1695,1635,0.15243785642941543
1695,333,0.14116538986374941
1695,285,0.13513919583517611
1695,1938,0.13250859806177434
1695,1935,0.12718286372112886
1695,922,0.12555982961244355
1696,1696,0
1696,590,1
1696,866,0.68980719233813614
1696,1081,0.60912747136702883
1696,666,0.60435144271066921
1696,1936,0.33355466435516956
1696,1715,0.19627449822101656
1696,1918,0.11769264850543786
1696,988,0.11010114031699633
1696,1807,0.059715482301513474
1696,841,0.044723122147354931
1696,194,0.042169966087662533
1696,1418,0.036170930264521464
1696,585,0.034912051777907176
1696,459,0.028286593440701061
1697,1697,0
1697,693,1
1697,1099,0.47950831111964565
1697,1224,0.44623338453141614
1697,1343,0.39077720861807719
1697,322,0.21543673586334566
1697,304,0.21320806505751538
1697,868,0.17953077798418723
1697,1329,0.1674965732810369
1697,210,0.16086247634780726
1697,883,0.15942954170795534
1697,1982,0.14494601342753571
1697,1924,0.12519749166144781
1697,1907,0.11310171811174467
1697,1972,0.11116546916724072
1698,1698,0
1698,1170,1
1698,1144,0.69319219599100457
1698,1216,0.30551501619011578
1698,1988,0.29450561261972152
1698,302,0.28442267985523101
1698,95,0.2228527968978839
1698,272,0.20019291381751042
1698,1365,0.19672841976460037
1698,1849,0.19422372813731462
1698,37,0.16144916891160804
1698,785,0.11336736059634483
1698,1915,0.10329663621443624
1698,1406,0.072691405248324154
1698,1417,0.064446924521740404
1699,1699,0
1699,1617,1
1699,1010,0.91525811052647321
1699,425,0.43220682988948778
1699,1638,0.27489499742496631
1699,811,0.22941778871485108
1699,1036,0.14940877360630075
1699,729,0.1488331368106709
1699,1562,0.14860172465504226
1699,15,0.13548460400991455
1699,1902,0.13250917142553717
1699,818,0.10741828480390933
1699,1505,0.096150919029923412
1699,1649,0.082713410573976368
1699,288,0.053985199903227907
1700,1700,0
1700,2,1
1700,1303,0.33594555845425544
1700,1330,0.29265740703183701
1700,411,0.24152600497523516
1700,865,0.23626264415889825
1700,62,0.2130851926477296
1700,568,0.21024086672940118
1700,1283,0.20873223077907549
1700,618,0.20285153683798732
1700,1781,0.2011305396370183
1700,1260,0.19899715142481098
1700,1122,0.1952054411863883
1700,1253,0.1888397611219588
1700,1651,0.18142245364652726
1701,1701,0
1701,1361,1
1701,509,0.58256538186701545
1701,410,0.57104710162698624
1701,662,0.25493374954963399
1701,1441,0.22811984185741713
1701,418,0.219070559638854
1701,773,0.21736602047820569
1701,959,0.18951792557476971
1701,1347,0.18147863714813731
1701,1178,0.14852156913001691
1701,578,0.08159703178711683
1701,225,0.078788185641532699
1701,1750,0.076960454484441748
1701,27,0.076918970853733198
1702,1702,0
1702,235,1
1702,163,0.76637605642069939
1702,1881,0.45745248017902107
1702,339,0.22229402881261906
1702,1675,0.1826850626941314
1702,1120,0.16300035165137411
1702,1477,0.15555139538931348
1702,1632,0.14500811780821243
1702,1343,0.14498578209812724
1702,389,0.14491737654774225
1702,743,0.13809267194991995
1702,1577,0.13594017043302428
1702,55,0.12715453262008561
1702,714,0.12342323501593901
1703,1703,0
1703,1070,1
1703,1422,0.53542983533906185
1703,1871,0.35383369627346978
1703,1565,0.28234134794079074
1703,1251,0.25478900021488537
1703,520,0.20122397946223308
1703,614,0.19733107020334781
1703,1892,0.19340885583837852
1703,1133,0.17336931135227587
1703,112,0.15807017415971572
1703,171,0.15089389768461728
1703,768,0.14568998314933387
1703,518,0.13868361792339148
1703,1677,0.12182105260806327
1704,1704,0
1704,531,1
1704,678,0.44680152076158608
1704,1530,0.26586194206225766
1704,1248,0.25875374531159628
1704,731,0.24908473495143521
1704,1943,0.22529227443478902
1704,1007,0.21675696974557357
1704,444,0.19645818076333804
1704,25,0.18924182802138032
1704,429,0.1850397465661672
1704,1695,0.17599026191092432
1704,1662,0.17111663424445636
1704,687,0.16462738453135708
1704,1635,0.16185860663212978
1705,1705,0
1705,363,1
1705,355,0.44694793952095069
1705,743,0.41878791213287697
1705,1267,0.34385502718116356
1705,807,0.32860210980478943
1705,815,0.24891828292131332
1705,536,0.22685568275685422
1705,235,0.15305675067290134
1705,1337,0.15078662993550054
1705,1675,0.12985049831112544
1705,1702,0.12378796261581676
1705,283,0.11337428670484795
1705,1979,0.11218817852404203
1705,1866,0.10988404865846027
1706,1706,0
1706,955,1
1706,998,0.81833396880758125
1706,464,0.57172612687024227
1706,74,0.31277074364214702
1706,41,0.21526951289615556
1706,1961,0.19925017069845219
1706,1359,0.18614870732145011
1706,111,0.18591774177616791
1706,747,0.093808354547578604
1706,1109,0.093418045066817085
1706,768,0.074713958269714734
1706,271,0.062359672552796244
1706,1459,0.053617711294891679
1706,172,0.039560723213292917
1707,1707,0
1707,1451,1
1707,790,0.49683434169799479
1707,875,0.39741868579831657
1707,1842,0.34536399508771221
1707,35,0.28505774879551266
1707,1345,0.26434705164099098
1707,484,0.25480239015929057
1707,498,0.18403568714973687
1707,1380,0.13196204229070321
1707,532,0.12105755303467593
1707,1480,0.11823275468868555
1707,77,0.11292946416729555
1707,1808,0.10134608890706738
1707,548,0.093498663666424328
1708,1708,0
1708,492,1
1708,354,0.82388756674977603
1708,494,0.66696719734296106
1708,960,0.36416173172056227
1708,448,0.31486751859855133
1708,28,0.16961013490821408
1708,1401,0.15249098153563476
1708,400,0.1498908434524765
1708,1959,0.065177817133074731
1708,1948,0.057991616275288704
1708,250,0.044348980189163861
1708,224,0.036037008917595113
1708,41,0.032500964649663129
1708,914,0.028963935340607715
1709,1709,0
1709,1950,1
1709,1049,0.91133983314174472
1709,713,0.90352185031719268
1709,1272,0.30290008290182985
1709,73,0.22297630690038228
1709,912,0.10073412537370872
1709,1475,0.099078804777822119
1709,306,0.076206372400404079
1709,1678,0.054425470303814914
1709,981,0.05286911481820411
1709,328,0.049916625244375339
1709,77,0.049126929992200953
1709,1027,0.044655698393803317
1709,613,0.039144013982891704
1710,1710,0
1710,1456,1
1710,1454,0.50924384293409841
1710,44,0.34063995090375732
1710,1535,0.30367407068435781
1710,1245,0.2938110909791361
1710,250,0.2573843908698854
1710,526,0.24099485653358119
1710,1596,0.2259423921696479
1710,1924,0.22542259162572909
1710,1359,0.16082168136971051
1710,431,0.099620942325099548
1710,339,0.09343444375205974
1710,877,0.089154157227996106
1710,203,0.066741019542864752
1711,1711,0
1711,1023,1
1711,1338,0.91394525017078665
1711,917,0.65438751055074207
1711,342,0.2646196854845464
1711,1088,0.14111250773672859
1711,878,0.13350185005446014
1711,1444,0.12189047229094936
1711,60,0.11547009813021554
1711,1058,0.10691041667236566
1711,1084,0.1057261408453167
1711,1439,0.095707136415808469
1711,1292,0.089125675899022969
1711,631,0.085036335695744883
1711,1467,0.079455450058577015
1712,1712,0
1712,1988,1
1712,1406,0.41390587344563001
1712,1155,0.37452662727836211
1712,1098,0.35540017512298266
1712,1698,0.33866957056767816
1712,1075,0.27802204017425836
1712,1144,0.22500549621159829
1712,738,0.19362455864415254
1712,85,0.17778076761591083
1712,1755,0.15064789811913007
1712,1494,0.13522285005642723
1712,302,0.097406281991428742
1712,1583,0.088366669235902487
1712,757,0.078311829045735054
1713,1713,0
1713,1827,1
1713,1639,0.8955616045118534
1713,294,0.61709010550135091
1713,1396,0.21448663079245581
1713,992,0.21028026629524088
1713,455,0.21014572125814512
1713,550,0.14563361343868594
1713,1230,0.13215497543756435
1713,1094,0.10704893485218969
1713,382,0.091508799517740047
1713,1592,0.086687980496729211
1713,622,0.073492056511907433
1713,1548,0.06639071181890438
1713,1460,0.05641351636140899
1714,1714,0
1714,1413,1
1714,401,0.54318914478355973
1714,1219,0.50473366360068861
1714,75,0.39768723920302551
1714,530,0.35488398003587796
1714,124,0.28334385305788495
1714,671,0.16791421956719738
1714,1546,0.15776254655308458
1714,183,0.11239803968870501
1714,972,0.094180182390334183
1714,1450,0.09202890357892167
1714,976,0.076187441984916809
1714,359,0.06200255710755373
1714,1725,0.060578645748944192
1715,1715,0
1715,401,1
1715,1069,0.53465738235585436
1715,1696,0.52901353526558859
1715,1268,0.39495995984469479
1715,1219,0.32083754553251387
1715,861,0.22731729704690323
1715,194,0.16212403909815137
1715,1030,0.1397964208707822
1715,359,0.1173449647613803
1715,1081,0.11418005940554561
1715,1283,0.10565313155333962
1715,1774,0.10265869346364329
1715,242,0.080065415074964216
1715,590,0.078277610395235134
1716,1716,0
1716,1425,1
1716,964,0.8257280783983042
1716,452,0.25585668445567988
1716,1630,0.24761799770880716
1716,1975,0.22991419388051468
1716,507,0.2015835447063406
1716,915,0.19970218300217141
1716,1682,0.19488016663842472
1716,1766,0.19095648004640814
1716,746,0.16082586460656989
1716,246,0.11093459171777607
1716,1791,0.10686474984419198
1716,1578,0.10616777563513564
1716,1622,0.075852241745611629
1717,1717,0
1717,1002,1
1717,1206,0.44551537385462658
1717,1976,0.37676885834603635
1717,1907,0.29839222987410069
1717,968,0.29018611197071237
1717,1518,0.26414127518307545
1717,1039,0.21489744405122491
1717,1239,0.16897884908183292
1717,481,0.16383910607161359
1717,374,0.15427142579183259
1717,840,0.13614712376673344
1717,190,0.13606921925950044
1717,883,0.13002304912247151
1717,349,0.12765743354391318
1718,1718,0
1718,100,1
1718,607,0.30737747695225376
1718,129,0.26666595544589311
1718,1113,0.23559115695593652
1718,238,0.22886696736080711
1718,1136,0.22762020157902604
1718,1467,0.21471303508748465
1718,365,0.21229338512540949
1718,969,0.21192892265696858
1718,370,0.20921412579594081
1718,1733,0.2057950633577694
1718,342,0.19794576909459816
1718,1588,0.1956001773558988
1718,1893,0.19328636194076379
1719,1719,0
1719,1143,1
1719,805,0.40699607262635346
1719,46,0.30956925913681527
1719,1183,0.30519013580600435
1719,1282,0.29575217668794762
1719,119,0.28919855560824143
1719,1911,0.21992303033619498
1719,834,0.19559167914700193
1719,516,0.17242420995910632
1719,1238,0.16259248980890459
1719,748,0.15313004321971407
1719,1265,0.14733555133008366
1719,1816,0.13625678228951812
1719,709,0.11292217531378046
1720,1720,0
1720,255,1
1720,716,0.57198296884362543
1720,957,0.26517721394117638
1720,1581,0.22678999457049262
1720,499,0.21746452452039594
1720,1786,0.21212821103228172
1720,56,0.21094081140990853
1720,568,0.19984191426447079
1720,415,0.18858577025749798
1720,1584,0.18224777292421268
1720,62,0.16607442707550257
1720,1330,0.16171236676474102
1720,341,0.15240787791588586
1720,350,0.15153628096485483
1721,1721,0
1721,1107,1
1721,1581,0.93026084633519768
1721,828,0.66664795049097303
1721,957,0.61490343868724695
1721,1786,0.30125780620211473
1721,1356,0.1925327142341528
1721,966,0.10746578332191355
1721,1602,0.077381759727755947
1721,766,0.0061824681032714227
1721,1254,0.0053867361341704972
1721,326,0.0042421161757237686
1721,649,0.00037596690304507826
1721,1548,0.00014140433283623088
1721,1956,0.00011537253588908185
1722,1722,0
1722,879,1
1722,1686,0.46828520824291103
1722,1108,0.44309372543509912
1722,1782,0.32419789840687496
1722,1227,0.30226125457115016
1722,1086,0.24965491571469292
1722,906,0.16613774780956608
1722,5,0.15539919167556088
1722,458,0.14013989502971042
1722,665,0.1387934209687248
1722,1964,0.13835098066851281
1722,1973,0.12987793460077743
1722,1945,0.12848988357079411
1722,758,0.12220943994963061
1723,1723,0
1723,983,1
1723,591,0.58710861589076491
1723,1603,0.47112945763470149
1723,313,0.37491348904773225
1723,319,0.37094184548232445
1723,570,0.29606080720685013
1723,1803,0.1734624497256157
1723,1395,0.17324815134686142
1723,322,0.089944646600630951
1723,594,0.089759697477943448
1723,705,0.085044910407122712
1723,1580,0.070629994480089608
1723,1849,0.063643989216333019
1723,1402,0.060998761886059211
1724,1724,0
1724,1507,1
1724,1642,0.36296987124460861
1724,291,0.30734575416110255
1724,327,0.28842467624991663
1724,871,0.27659309691584655
1724,1207,0.25430976342109646
1724,218,0.20197490683403668
1724,565,0.20088355837504746
1724,200,0.1938832697697663
1724,87,0.19069642132019823
1724,697,0.16397189200336001
1724,600,0.16317787802055503
1724,58,0.15279966434731793
1724,1478,0.14986346112423102
1725,1725,0
1725,62,1
1725,523,0.50391049509664176
1725,1651,0.36770591464257246
1725,340,0.36360807388380667
1725,1855,0.31954611185695098
1725,976,0.30052596117574937
1725,415,0.2131076560096011
1725,1122,0.15309986763430403
1725,1829,0.13890342403025971
1725,1546,0.13761040994338344
1725,1681,0.11294349914708172
1725,1665,0.10409905802523582
1725,1116,0.097707039045678207
1725,1219,0.094124870148104139
1726,1726,0
1726,72,1
1726,239,0.40076985053209857
1726,855,0.32629301812716954
1726,1621,0.27553476265391769
1726,1840,0.27378310736712269
1726,1240,0.27370050673374074
1726,680,0.22634875210932473
1726,1672,0.20135807189803426
1726,657,0.18229745636190761
1726,544,0.16601902160546739
1726,1004,0.15532468270328537
1726,1488,0.1483813901679869
1726,364,0.14221136583739757
1726,1630,0.13486683777283731
1727,1727,0
1727,102,1
1727,1594,0.57773031215239656
1727,1657,0.25613128539857183
1727,1865,0.23412896010436005
1727,1543,0.22905545111740117
1727,556,0.22566766701537064
1727,352,0.21603546948205868
1727,408,0.18815309922789919
1727,1780,0.18676570279002186
1727,675,0.17447848749656117
1727,1884,0.16853635369470904
1727,271,0.15520060501235922
1727,1961,0.14797595919212164
1727,1544,0.14702552334151009
1728,1728,0
1728,1471,1
1728,655,0.34112051874518673
1728,38,0.31459738996618136
1728,1604,0.29770286292123371
1728,1936,0.27896894882995787
1728,1273,0.23176936541316945
1728,1283,0.22079624077023766
1728,1253,0.20392793775644202
1728,242,0.19484407143380231
1728,844,0.17649480008704344
1728,1684,0.17317389276617962
1728,1262,0.16722708898109878
1728,942,0.15359757531277954
1728,466,0.15267815383080699
1729,1729,0
1729,704,1
1729,1514,0.31946213799427348
1729,1391,0.31925842467255333
1729,776,0.31846876940825536
1729,692,0.3087684996585191
1729,333,0.28331454168573483
1729,1536,0.23585861376669504
1729,798,0.18618433360277761
1729,1567,0.17562289758240951
1729,1079,0.17401963960714023
1729,1663,0.1625488498364582
1729,1776,0.14635083613225788
1729,1411,0.14144944804920173
1729,141,0.13557889331878917
1730,1730,0
1730,1016,1
1730,703,0.55202084831132303
1730,103,0.38894471376227796
1730,424,0.35920842491638966
1730,437,0.31290775583167296
1730,884,0.2807210494200576
1730,892,0.23173933467426044
1730,381,0.196839605992505
1730,1943,0.18430017281764891
1730,139,0.113497514952731
1730,1930,0.098012056692107774
1730,1157,0.087841253286628423
1730,371,0.054265972780499758
1730,1515,0.046594163317185452
1731,1731,0
1731,1935,1
1731,308,0.90972858920903188
1731,220,0.5076925622434717
1731,371,0.36358358952867587
1731,1258,0.23654409883957109
1731,1635,0.19299901608279454
1731,1115,0.16186990327970621
1731,1931,0.11957590379508198
1731,860,0.075850412682443524
1731,1249,0.074673540742812031
1731,1468,0.073591004041907743
1731,1588,0.066342344739375239
1731,1411,0.062921884982087353
1731,333,0.061522283072259133
1732,1732,0
1732,1144,1
1732,210,0.43958659483391138
1732,95,0.43180187913453066
1732,1924,0.42581571386007833
1732,1454,0.37393719094897981
1732,1524,0.19782531878168655
1732,1406,0.17023722367642091
1732,1145,0.15694343598568858
1732,1061,0.14723336598767928
1732,1155,0.14103620250818905
1732,300,0.11495739369739483
1732,1988,0.10593929184543853
1732,960,0.10351523792158747
1732,152,0.098060022958546336
1733,1733,0
1733,1751,1
1733,370,0.43058058606693689
1733,1588,0.39063101589653554
1733,253,0.33589653530421043
1733,1218,0.31962927473615821
1733,157,0.30507623562346114
1733,308,0.20068539088763282
1733,1136,0.19295536444904188
1733,402,0.1613522567942077
1733,1731,0.14206454801371879
1733,1935,0.12561830770773558
1733,148,0.11838303798240639
1733,1323,0.095746393790505702
1733,663,0.088270225999935795
1734,1734,0
1734,358,1
1734,428,0.34876314422919996
1734,366,0.29488794736762697
1734,1761,0.27189121204133659
1734,1423,0.23416321650127711
1734,665,0.21086833663687152
1734,167,0.21030187361841249
1734,1233,0.2066303549235558
1734,792,0.20083486214376239
1734,1623,0.19877893146894526
1734,1840,0.19074768724358515
1734,1989,0.19055758343870288
1734,1861,0.189166607587092
1734,1326,0.15930236008567764
1735,1735,0
1735,1056,1
1735,684,0.39918442684306471
1735,649,0.3408671581526258
1735,1187,0.28873623909931467
1735,1906,0.28213871686269659
1735,1999,0.27114529056443976
1735,1432,0.25115987192733358
1735,1462,0.22141452585877303
1735,351,0.18203504232500578
1735,1107,0.15748991983402275
1735,62,0.13425956787452842
1735,1651,0.1303320406526485
1735,1581,0.12917494088767742
1735,1607,0.11896132405954252
1736,1736,0
1736,1230,1
1736,125,0.6279235028056549
1736,530,0.47298412263564132
1736,1714,0.2171726373793556
1736,273,0.19990795094528144
1736,1460,0.19156979715885736
1736,4,0.17806851505505142
1736,1219,0.16053245761102269
1736,1413,0.15492044551607326
1736,523,0.15462244034073744
1736,1639,0.14757581950435333
1736,1546,0.13988883730561977
1736,455,0.13350648804180579
1736,124,0.12820839949544627
1737,1737,0
1737,1781,1
1737,1557,0.29958282496649846
1737,2,0.2596977445911085
1737,558,0.25583039277788272
1737,106,0.25119542605760015
1737,1700,0.24061970891609497
1737,723,0.23630842905328642
1737,1793,0.22511870233521819
1737,618,0.21948929904119652
1737,848,0.20203372038608458
1737,865,0.19110499249152238
1737,419,0.17834404640763352
1737,1851,0.17484797556182666
1737,215,0.17272034920723653
1738,1738,0
1738,1119,1
1738,1490,0.90366893607872845
1738,1591,0.38001859310762992
1738,1531,0.36676664044450247
1738,560,0.23029612516049586
1738,906,0.14969747727445049
1738,225,0.12909652300139995
1738,1798,0.12090503200992286
1738,996,0.11517138555437877
1738,777,0.11291965185883675
1738,1062,0.10813264101526526
1738,977,0.10430318596437778
1738,715,0.10388620843843295
1738,19,0.08203699978650511
1739,1739,0
1739,1198,1
1739,1891,0.6634386976936284
1739,1239,0.34954278670300037
1739,475,0.28469177289287967
1739,1395,0.22353412341651296
1739,133,0.21378033174624247
1739,883,0.16305118451185749
1739,84,0.16150555628464813
1739,1610,0.15845812393513334
1739,319,0.15591131467281755
1739,412,0.13556206106809512
1739,1600,0.13431825990351842
1739,1988,0.13313501233920511
1739,152,0.12995931606359556
1740,1740,0
1740,715,1
1740,874,0.74613461109531232
1740,1875,0.44928738232509763
1740,441,0.39014031924681708
1740,818,0.38593359787097026
1740,507,0.27968961544848087
1740,777,0.13399830740297081
1740,1840,0.10338218098352477
1740,657,0.092369754763325998
1740,1761,0.086950650746163038
1740,1773,0.069527051919690774
1740,658,0.06279245260781012
1740,325,0.054016848098776743
1740,1425,0.052674166663724098
1741,1741,0
1741,913,1
1741,1630,0.5561150038801036
1741,1161,0.48037059581815089
1741,979,0.32230987919496773
1741,364,0.23242536705898229
1741,1240,0.22882394941401657
1741,1773,0.19841022630769911
1741,749,0.15335658708674013
1741,1347,0.13860402325650792
1741,1789,0.13323515683544576
1741,198,0.1277869976851104
1741,746,0.11253836052341093
1741,1672,0.11160480294387747
1741,729,0.11130814355610988
1742,1742,0
1742,1334,1
1742,320,0.52028861840020546
1742,949,0.49362942317148095
1742,428,0.36245145297235187
1742,1481,0.27359476196216426
1742,1898,0.2577030818562932
1742,205,0.1859731083691297
1742,534,0.15501495705016755
1742,1645,0.13824263132779704
1742,86,0.10908696936067597
1742,1597,0.10864412730067463
1742,1281,0.10413227104712448
1742,792,0.10274645218469131
1742,1499,0.095383673820324796
1743,1743,0
1743,1493,1
1743,53,0.43268495598471246
1743,164,0.2904221012809709
1743,1853,0.29033418165756714
1743,220,0.27360571518330146
1743,922,0.2436992959246215
1743,1797,0.22821169447119674
1743,12,0.2043302745940512
1743,945,0.2017665473712687
1743,381,0.17649367718551465
1743,379,0.16135326926992408
1743,1930,0.13696755857671777
1743,437,0.13545442416614015
1743,731,0.13156536549898526
1744,1744,0
1744,1662,1
1744,1943,0.48628451437504638
1744,457,0.38143074850181657
1744,1704,0.36933276663515058
1744,1264,0.34629207250316174
1744,1893,0.26075577061891786
1744,429,0.18425312852169459
1744,1930,0.17787709414799383
1744,945,0.17763873418476203
1744,531,0.15332136430232435
1744,540,0.10622530211315188
1744,188,0.10541675742634035
1744,437,0.080201692493232404
1744,1399,0.077864094829373412
1745,1745,0
1745,886,1
1745,403,0.52230293396143324
1745,873,0.38131645232977718
1745,1979,0.33723166990379627
1745,1847,0.30472125615453932
1745,446,0.24637109848373739
1745,1646,0.20884195349624793
1745,1216,0.15765002880079984
1745,536,0.15708464989241869
1745,1799,0.14655142799091805
1745,1365,0.12853609620141077
1745,349,0.11143563966881494
1745,1580,0.10830390861354761
1745,1519,0.096544865536187907
1746,1746,0
1746,645,1
1746,1136,0.3676765025682518
1746,1277,0.31865476596119868
1746,775,0.27928073268420128
1746,905,0.24850009829105038
1746,1270,0.24773686044086704
1746,1529,0.22618573205033041
1746,1751,0.19514374813909521
1746,687,0.1946302331912787
1746,82,0.18334974872466897
1746,107,0.17834028907154401
1746,1467,0.1636030588221718
1746,1435,0.16106023442832212
1746,1896,0.14272498783927931
1747,1747,0
1747,1307,1
1747,849,0.45112923796632903
1747,1059,0.4146549077981837
1747,299,0.28056006688634033
1747,1342,0.25709238592020023
1747,1363,0.25129592312846583
1747,862,0.21824833279484396
1747,33,0.20913069340719717
1747,1619,0.20144748506631013
1747,876,0.19089732371604692
1747,1393,0.1493407382574988
1747,918,0.11027031201158567
1747,1886,0.099550710598163977
1747,1506,0.073263190620926746
1748,1748,0
1748,1776,1
1748,1444,0.67390572812366245
1748,402,0.5429714028641025
1748,1653,0.45115887878174726
1748,1605,0.39870436264244247
1748,1141,0.36013193629580947
1748,1003,0.30423038222633048
1748,1433,0.095073691438881183
1748,208,0.022801049429168465
1748,704,0.021456729392959357
1748,547,0.011393772785596966
1748,765,0.010036078980031426
1748,1115,0.0094670319448880713
1748,645,0.0055588651251437353
1749,1749,0
1749,1626,1
1749,47,0.71937889891171314
1749,636,0.27826689310978442
1749,1063,0.25784603520553773
1749,652,0.23899904661179847
1749,1191,0.20346326233994871
1749,1124,0.17615669680909485
1749,1462,0.17059559595387902
1749,1135,0.16917221476787098
1749,1310,0.1562570712970956
1749,1497,0.14201302581807285
1749,956,0.13851997648152201
1749,772,0.12976128961084199
1749,971,0.12645125039515334
1750,1750,0
1750,1178,1
1750,1347,0.29068001155560752
1750,711,0.2838117800941109
1750,605,0.24358616318434881
1750,746,0.2414029735899372
1750,328,0.23466502701527142
1750,875,0.22645294478148845
1750,1004,0.22303151849029385
1750,573,0.21459662188234302
1750,702,0.21380426659199689
1750,532,0.21351458097908121
1750,1981,0.17927075460566441
1750,980,0.17191372436774482
1750,410,0.17015987104373126
1751,1751,0
1751,157,1
1751,1136,0.56757474603119096
1751,1947,0.34195175998142402
1751,1733,0.33530210212215927
1751,107,0.24660475674438492
1751,995,0.20566963483775874
1751,370,0.17151683586231131
1751,1352,0.16834330675908876
1751,1935,0.15851030139150094
1751,200,0.15119155898543035
1751,1449,0.14967855711411898
1751,1890,0.14897120388242441
1751,878,0.13239579889606828
1751,1809,0.12917615459664206
1752,1752,0
1752,203,1
1752,165,0.89365142492080163
1752,1600,0.81166137307228892
1752,1245,0.26893013365825363
1752,1948,0.20755256569771818
1752,1610,0.15534214606800176
1752,840,0.12100252427722241
1752,1243,0.095650089650502423
1752,1647,0.079586072588774939
1752,1148,0.06695336359297159
1752,1127,0.05749211996274952
1752,1564,0.056350136378012505
1752,517,0.049196339176646689
1752,1596,0.043519644106427592
1753,1753,0
1753,1106,1
1753,139,0.97487577606245668
1753,1841,0.88253146004724525
1753,1935,0.34985442339031797
1753,202,0.1621100184215794
1753,836,0.16157378395689304
1753,371,0.15242454641655304
1753,1511,0.075927891226012748
1753,381,0.056248713171515585
1753,925,0.031751612825115225
1753,1635,0.027940556797076545
1753,547,0.014481295320494096
1753,922,0.0094182656861900079
1753,1118,0.0077445055560360285
1754,1754,0
1754,893,1
1754,1386,0.42713177653179007
1754,1031,0.39793931935340265
1754,370,0.3775293986771513
1754,1804,0.3749916149573248
1754,1100,0.20124804170060764
1754,1304,0.1695429007297313
1754,463,0.15641079414961906
1754,1045,0.15222123307583485
1754,1171,0.14485810082712289
1754,71,0.13973908073380464
1754,1997,0.12988530656345401
1754,726,0.12226788760349384
1754,476,0.1131341436334706
1755,1755,0
1755,1521,1
1755,960,0.31949396642239408
1755,688,0.27044789179388418
1755,1865,0.25173014344244776
1755,1583,0.23269766904731254
1755,475,0.23264404855541748
1755,199,0.22855101823523352
1755,1694,0.21087582859609408
1755,1571,0.20009901164756713
1755,1198,0.19990006864546864
1755,770,0.1949545769584129
1755,738,0.19221999860631661
1755,1398,0.18991621890589436
1755,152,0.18336417293624255
1756,1756,0
1756,457,1
1756,1893,0.68939213014358169
1756,416,0.41310917531297997
1756,1963,0.38697592200017805
1756,769,0.38040463864675517
1756,1399,0.17165182154618472
1756,406,0.12674741881458462
1756,1341,0.12584227103024687
1756,1938,0.11916798005528988
1756,1112,0.11442901047693343
1756,878,0.10857976290767396
1756,1439,0.099800616266734518
1756,1248,0.09084220132502982
1756,161,0.079956876874821489
1757,1757,0
1757,1569,1
1757,1348,0.62072543990473494
1757,962,0.37313633404424007
1757,1818,0.27140466289821419
1757,596,0.20222125912743269
1757,1050,0.19863887830257554
1757,212,0.19352161008583041
1757,686,0.18056814566096979
1757,624,0.15556526892248912
1757,655,0.14701701018057325
1757,450,0.14457916337250987
1757,911,0.14433875603628524
1757,861,0.14095329666643081
1757,1936,0.13421942545316812
1758,1758,0
1758,1622,1
1758,151,0.48163796529986974
1758,1929,0.32104152058338981
1758,1503,0.31519307525731105
1758,1542,0.24757156807659889
1758,1032,0.21994895203925235
1758,708,0.20340697012164702
1758,1154,0.20288521518785996
1758,1242,0.17907569054628658
1758,814,0.1703432867193716
1758,1156,0.15759942629624554
1758,777,0.14096052266745035
1758,198,0.13582746043627791
1758,1640,0.13140087478988274
1759,1759,0
1759,737,1
1759,1162,0.55701965275107435
1759,1200,0.30490242928648281
1759,368,0.26733248538000026
1759,274,0.2305639910985707
1759,1194,0.22599857028479234
1759,1076,0.21329345084740567
1759,1276,0.18963745654803385
1759,487,0.17940762722992801
1759,195,0.16557891589839116
1759,223,0.15065159026279615
1759,1659,0.15035037846080307
1759,286,0.14085938587181168
1759,620,0.13129375024359519
1760,1760,0
1760,517,1
1760,1948,0.44057240979940215
1760,101,0.33978646517607047
1760,955,0.31139741974439289
1760,1308,0.25419282357143003
1760,349,0.22608250867145957
1760,203,0.22096016221039091
1760,1685,0.21500695612284976
1760,1847,0.20248884640117834
1760,1204,0.17838082842976632
1760,882,0.17227507011025497
1760,1535,0.13421415910525789
1760,1803,0.11129132302930865
1760,536,0.10024639889456578
1761,1761,0
1761,874,1
1761,1861,0.44754415139942166
1761,658,0.35498618232083246
1761,325,0.34107445115871621
1761,1836,0.32099786039762024
1761,1945,0.25772354233343459
1761,241,0.2152562035603153
1761,758,0.21297510557137303
1761,1740,0.17730433601741719
1761,1840,0.14784338141583467
1761,715,0.13733260046296722
1761,167,0.12388324798217476
1761,665,0.10262722878895236
1761,507,0.067346635435961741
1762,1762,0
1762,766,1
1762,651,0.65377452141133419
1762,1831,0.39806563334751904
1762,935,0.31055138128712112
1762,1602,0.2630348210998848
1762,1777,0.25494100857913748
1762,278,0.24942934432120126
1762,340,0.19835083103727069
1762,921,0.13060116557265669
1762,1548,0.11249423258649782
1762,1097,0.091330102600488586
1762,1336,0.090036793655363975
1762,92,0.08931591604862342
1762,828,0.064960593003744502
1763,1763,0
1763,1203,1
1763,1791,0.43868062869527114
1763,1542,0.41489707872138548
1763,1027,0.31732591709265806
1763,1211,0.2999726587889438
1763,454,0.28158846504479651
1763,1576,0.21164922317539586
1763,889,0.20362424573361831
1763,1103,0.13353427728626177
1763,1005,0.13097737150715685
1763,695,0.12755129366468929
1763,793,0.12376388707467138
1763,1126,0.11310914851687552
1763,1503,0.11022567007643932
1764,1764,0
1764,1239,1
1764,1382,0.41219694757982911
1764,1892,0.38449311404616054
1764,409,0.36364360510662036
1764,1954,0.33016863762465148
1764,591,0.30307555125843982
1764,1587,0.2119282881968137
1764,1291,0.20221967859192114
1764,518,0.14434006827900139
1764,481,0.13961410437740474
1764,1620,0.11890780749339663
1764,1354,0.10014360163963559
1764,1723,0.098834035331536688
1764,1013,0.097327879756214375
1765,1765,0
1765,259,1
1765,571,0.35484081594085848
1765,473,0.34711635052190443
1765,478,0.27545829168762281
1765,687,0.25963387098306756
1765,231,0.25867767890734172
1765,1172,0.22679086883970218
1765,678,0.20692940362464277
1765,51,0.19391890563058095
1765,1666,0.18625917520221474
1765,1943,0.15735344366485635
1765,510,0.15519693013827465
1765,1270,0.14767451209221788
1765,608,0.13704488957367056
1766,1766,0
1766,1578,1
1766,1975,0.48679971607171491
1766,452,0.33102295964007716
1766,1716,0.30383518205719817
1766,248,0.25797599211469469
1766,814,0.24455073684767023
1766,387,0.22818267088688157
1766,454,0.21827931512831505
1766,1423,0.18576702197394881
1766,949,0.14102606498488957
1766,1237,0.13610588448833358
1766,792,0.13156941769888364
1766,116,0.12788648579569259
1766,613,0.11388357282853272
1767,1767,0
1767,848,1
1767,1092,0.65024988580621634
1767,397,0.35578601980883257
1767,972,0.28491390574149417
1767,1681,0.27173890019782643
1767,1219,0.23201877158387055
1767,242,0.21541946284621916
1767,546,0.14833087604331566
1767,558,0.14671761547587914
1767,1067,0.1446006352829502
1767,1628,0.14149911644695881
1767,1283,0.11229538940135594
1767,469,0.10910062257039164
1767,1651,0.094214102515840267
1768,1768,0
1768,1212,1
1768,639,0.38851051682379195
1768,571,0.26478175610772869
1768,107,0.26204282170004084
1768,1512,0.26116404821727551
1768,1663,0.2568485315471245
1768,950,0.25429176844277196
1768,514,0.21889413910148919
1768,424,0.1858169378692392
1768,346,0.18235227746687732
1768,390,0.16962903982567368
1768,706,0.16642823971419618
1768,1515,0.1481722644713511
1768,473,0.1479579607990375
1769,1769,0
1769,1133,1
1769,1098,0.86163019196203683
1769,1422,0.67962199903253617
1769,230,0.33268221444409068
1769,757,0.23163833054824337
1769,88,0.14842389107473175
1769,786,0.14548768668940673
1769,557,0.11096593014011812
1769,398,0.087387458318577568
1769,1170,0.073701256303547499
1769,1357,0.068404644999501316
1769,1939,0.057496364055614292
1769,1520,0.056490057930371963
1769,68,0.052963210204309455
1770,1770,0
1770,983,1
1770,705,0.69618626545690088
1770,934,0.67521391995446756
1770,313,0.4097976206961611
1770,955,0.2227691627047329
1770,1151,0.19778111368706014
1770,1803,0.17707393768299515
1770,808,0.17173969707643902
1770,594,0.14023246520008592
1770,101,0.061116118606953922
1770,1308,0.041727252188880709
1770,895,0.039675316414810827
1770,553,0.037411278134561611
1770,319,0.036171929872294867
1771,1771,0
1771,1941,1
1771,1340,0.89960489948579525
1771,517,0.37703378921759217
1771,312,0.32697784797914059
1771,1564,0.24482097660255556
1771,1847,0.23179179147657691
1771,1158,0.21628863856685021
1771,1308,0.15505843019074722
1771,203,0.097612713475765459
1771,1803,0.093993910913922715
1771,408,0.085304333944491995
1771,158,0.083753198655618893
1771,313,0.054672542370117712
1771,580,0.039983743157359836
1772,1772,0
1772,890,1
1772,208,0.92827257038661337
1772,1321,0.52473075784158452
1772,316,0.2676058766235499
1772,1093,0.22155482130637141
1772,377,0.17533157999585264
1772,631,0.16490777137872825
1772,1140,0.14294758013801787
1772,740,0.1272519163721702
1772,393,0.084005915933036107
1772,1238,0.083637074913456164
1772,910,0.075218032419286068
1772,427,0.056664792348121884
1772,1172,0.054768531406333774
1773,1773,0
1773,1622,1
1773,1630,0.72773425364732769
1773,1425,0.70453245729817537
1773,588,0.2867703341418375
1773,151,0.24718905968683735
1773,1531,0.23966716131678203
1773,777,0.22208124491382727
1773,257,0.2101364854893876
1773,715,0.093490165881041365
1773,1682,0.082261048497946757
1773,702,0.029905828450894806
1773,682,0.023645482206219922
1773,364,0.019857099958896358
1773,977,0.019611192004589759
1774,1774,0
1774,455,1
1774,622,0.52363223337968945
1774,1453,0.39449334920498436
1774,1825,0.33045912335422617
1774,105,0.30609413008251379
1774,664,0.26757356281735351
1774,184,0.21928987920615786
1774,1715,0.19972114812924596
1774,1634,0.1497626882189082
1774,1639,0.13077214259854469
1774,115,0.1111770420546077
1774,1012,0.093815050837842931
1774,4,0.092211293492118013
1774,1526,0.087879700015344203
1775,1775,0
1775,1668,1
1775,1071,0.50496249071713195
1775,1858,0.43158721253029259
1775,1148,0.24551946528715354
1775,1495,0.21519867544966104
1775,1127,0.20542323939900192
1775,222,0.19695182137448891
1775,1780,0.19408701189485164
1775,1833,0.16745093254156312
1775,1610,0.1623599947687378
1775,1518,0.15598727765920303
1775,1002,0.15176496970191822
1775,699,0.13846060085700007
1775,1600,0.13713911708678078
1776,1776,0
1776,1078,1
1776,1536,0.6520539528676077
1776,1141,0.43708569868997271
1776,1748,0.30546449390685831
1776,704,0.27219600258607052
1776,1444,0.22780547842357293
1776,924,0.1942527378410934
1776,1605,0.12843392252135721
1776,297,0.12397753404637589
1776,623,0.11881291358106444
1776,1115,0.11509411997230251
1776,1024,0.11461739221826726
1776,1653,0.10901404532315566
1776,1391,0.10809066894311729
1777,1777,0
1777,340,1
1777,976,0.4626619592367549
1777,856,0.26418693050058062
1777,1548,0.23960857117472975
1777,1012,0.23699748685808839
1777,415,0.21985256197675332
1777,953,0.21546062792528806
1777,1967,0.20959601001742839
1777,921,0.19913946973551405
1777,1829,0.19410949302846855
1777,1615,0.17663967703324213
1777,1725,0.17602229492044449
1777,1669,0.15815403178534593
1777,479,0.15445651600186758
1778,1778,0
1778,458,1
1778,1473,0.54991240156709786
1778,1782,0.33839177023091849
1778,1791,0.3180427960394786
1778,306,0.2060765726448503
1778,1108,0.19984025844447365
1778,19,0.1997540530506178
1778,1875,0.1914273894761834
1778,879,0.17630233721129179
1778,441,0.16580833520221042
1778,131,0.15725094558370889
1778,507,0.14602503686540205
1778,1324,0.12967963099578095
1778,1358,0.12838559324077972
1779,1779,0
1779,947,1
1779,589,0.46290309103013078
1779,1799,0.3021092674920613
1779,808,0.2606368858010607
1779,1998,0.23727314406937752
1779,1955,0.22580800620615474
1779,133,0.19574490195237434
1779,1987,0.19506761965535621
1779,1483,0.1827426190534881
1779,1243,0.17602732404381016
1779,412,0.17168963018012059
1779,1101,0.17128742842639164
1779,1946,0.16395242870126023
1779,826,0.16164503222933929
1780,1780,0
1780,408,1
1780,675,0.80527656596736874
1780,414,0.36209528684941927
1780,1305,0.3008779670557386
1780,604,0.24710651011556323
1780,820,0.17177548898563291
1780,400,0.17057126003408027
1780,1543,0.14878282696158773
1780,345,0.1451883579479509
1780,1668,0.14470537504219488
1780,1685,0.12978246371537833
1780,1401,0.094448314461399563
1780,224,0.094232107397223097
1780,1862,0.092044868855054904
1781,1781,0
1781,1737,1
1781,723,0.73048709449173788
1781,1700,0.39337025486855504
1781,843,0.36528363479640147
1781,232,0.2116877486342309
1781,1532,0.19765670747444358
1781,2,0.17515202746938718
1781,1077,0.16267442664215412
1781,931,0.15404024374771749
1781,1851,0.13757850151453949
1781,1252,0.10249106843556875
1781,1628,0.098119992053857283
1781,865,0.095103122088133402
1781,267,0.083242930722152247
1782,1782,0
1782,879,1
1782,981,0.88414463202144633
1782,303,0.84053712671140213
1782,306,0.72677783218059389
1782,996,0.12739185087809876
1782,1108,0.1256357124590157
1782,1792,0.081032730462543154
1782,5,0.074892661933784979
1782,507,0.018472289121696434
1782,658,0.011602579026328452
1782,484,0.0053616947064387315
1782,758,0.0040826548423564223
1782,257,0.0036306960698504003
1782,708,0.003320893675005915
1783,1783,0
1783,237,1
1783,1549,0.54449475278913695
1783,1342,0.51296863720595209
1783,1674,0.49964565228832086
1783,1747,0.41842449472875776
1783,249,0.15768007082677801
1783,218,0.13657461980216301
1783,817,0.13425382720332019
1783,1619,0.13260663981316184
1783,178,0.10218671073115512
1783,762,0.078578779249813976
1783,1507,0.070821818980682211
1783,1506,0.061068167449263008
1783,1319,0.057577557976969895
1784,1784,0
1784,934,1
1784,1151,0.92914402360047321
1784,808,0.51796417003517359
1784,272,0.25856269276425686
1784,481,0.18703838327189959
1784,1770,0.14499131713486266
1784,1520,0.13044944167050881
1784,1998,0.12235627575593762
1784,349,0.12055417784207033
1784,319,0.11699912714093401
1784,591,0.10742475606145829
1784,705,0.090923787006633963
1784,1575,0.090673938688681385
1784,1799,0.08981572764514853
1785,1785,0
1785,1618,1
1785,589,0.60535408795391565
1785,322,0.36327160294972732
1785,1891,0.25675455949772147
1785,1723,0.22713350394716531
1785,449,0.21991764623550158
1785,1101,0.20266069578150775
1785,412,0.19759182351062687
1785,319,0.1712353385657335
1785,1395,0.16679861058548889
1785,1811,0.15129095561887743
1785,1739,0.11848175417531984
1785,1483,0.1164975818131159
1785,313,0.10989792875410929
1786,1786,0
1786,1548,1
1786,766,0.5196612269027493
1786,1581,0.32401186721208847
1786,856,0.3143477955739849
1786,1188,0.23983671891131048
1786,921,0.23854583861498299
1786,935,0.23588098907706592
1786,992,0.20240430524896361
1786,1720,0.19011716047399813
1786,716,0.18012075932162483
1786,1669,0.14895418857769083
1786,1721,0.11308941558611224
1786,1336,0.10122436115879009
1786,340,0.098690692406570649
1787,1787,0
1787,48,1
1787,903,0.45848502493501386
1787,615,0.37667828468625209
1787,499,0.34142902109114015
1787,1557,0.28790678417171073
1787,505,0.25911941166380614
1787,970,0.23142401352450484
1787,1586,0.20801396344668027
1787,1922,0.15355678067882797
1787,1607,0.13138970994440582
1787,690,0.12476051383062817
1787,599,0.12236056969617254
1787,716,0.10761606660684866
1787,832,0.1041452302130897
1788,1788,0
1788,1428,1
1788,300,0.56440916265110663
1788,1868,0.38081974178276951
1788,629,0.26378408533882763
1788,939,0.2300049446155786
1788,714,0.21994781203680838
1788,1346,0.21234138280335227
1788,1231,0.19894510200672802
1788,1223,0.17531837821969637
1788,45,0.15354222825999433
1788,1657,0.13216163709767598
1788,74,0.13150853159057996
1788,275,0.12796604802958642
1788,311,0.11614642295752131
1789,1789,0
1789,1503,1
1789,198,0.5579921989558343
1789,1052,0.25926960340194982
1789,1758,0.25581205958295888
1789,1522,0.22569058568915415
1789,73,0.20879469607934167
1789,1562,0.20010833832859057
1789,151,0.18959556909361255
1789,1458,0.18194861684464944
1789,727,0.17642702545483144
1789,201,0.16838429756789136
1789,226,0.16204400534195917
1789,1852,0.16067679427402934
1789,1542,0.16014607566917205
1790,1790,0
1790,361,1
1790,1637,0.82641305486915861
1790,98,0.37221428153250652
1790,683,0.30600993161819617
1790,1418,0.21694183690131524
1790,800,0.19699563151900909
1790,1095,0.17384873581856458
1790,618,0.17251860297869365
1790,943,0.12433556154258232
1790,465,0.11722510641386638
1790,848,0.10635838534014866
1790,720,0.098475824143894414
1790,1303,0.098116781938482917
1790,1090,0.097441001316663958
1791,1791,0
1791,1473,1
1791,613,0.62166395989186307
1791,1542,0.48690864058590183
1791,507,0.35528485894907286
1791,1763,0.28931145178239048
1791,981,0.21456114129773093
1791,1475,0.17963522689409794
1791,682,0.15512495187716072
1791,1633,0.12549653807337161
1791,588,0.1002046659572276
1791,830,0.099299722931881898
1791,658,0.095994030476427655
1791,1425,0.093602789976178699
1791,1149,0.089794473363181304
1792,1792,0
1792,579,1
1792,981,0.61836959143919201
1792,303,0.56982968916607268
1792,1981,0.44304836412119275
1792,306,0.30987794266806762
1792,1425,0.20049670868122732
1792,1782,0.13876316489024212
1792,484,0.13369951115938761
1792,257,0.10267406266857415
1792,613,0.08866355356295072
1792,5,0.088494009918023836
1792,1192,0.076422229127360533
1792,1475,0.072733271660387927
1792,713,0.063819309219024956
1793,1793,0
1793,1122,1
1793,62,0.73442989290223704
1793,848,0.23024578222444383
1793,1725,0.22904551101465043
1793,1651,0.22399120712122148
1793,2,0.22261367685921182
1793,1700,0.21283368284286736
1793,1191,0.19157857676339127
1793,503,0.17530702874139986
1793,1124,0.15998607502744358
1793,953,0.13744214901737595
1793,233,0.13726109297828981
1793,843,0.12705940716659841
1793,1485,0.12510545040151191
1794,1794,0
1794,667,1
1794,1141,0.9723134133349759
1794,910,0.67730552643554642
1794,918,0.42520191725165524
1794,1043,0.4161543600177095
1794,849,0.16371221484822471
1794,1307,0.13261161526997575
1794,316,0.049593194756091093
1794,1249,0.022390298891760023
1794,402,0.013669770959452973
1794,445,0.013118386016366538
1794,381,0.010857296326405346
1794,393,0.0066807715684659456
1794,94,0.0032859124224536543
1795,1795,0
1795,1117,1
1795,1162,0.82767861757076788
1795,1652,0.47557167988460397
1795,356,0.36852321152683121
1795,368,0.29477817058612737
1795,1228,0.27747999455650296
1795,733,0.15886763484029506
1795,620,0.13288458250690896
1795,737,0.092410022136393738
1795,1845,0.086493434637536865
1795,1759,0.07302570695710138
1795,273,0.0655412393561772
1795,1851,0.030051881360591667
1795,411,0.023593804116215315
1796,1796,0
1796,1231,1
1796,392,0.5136355937778736
1796,283,0.4161353874674783
1796,939,0.37717526215513258
1796,275,0.36524117182192517
1796,1872,0.28928057789259076
1796,1920,0.2311473413759739
1796,81,0.22049971359282269
1796,45,0.11712996100982072
1796,1121,0.093301450536686703
1796,474,0.086186242936280563
1796,1337,0.077897418856764669
1796,104,0.077429681251434235
1796,1355,0.041826633462597962
1797,1797,0
1797,731,1
1797,1486,0.60761696197049164
1797,945,0.32090873895343697
1797,429,0.30126986884907764
1797,164,0.2480497798704451
1797,819,0.24443366424572557
1797,1853,0.20991752885098869
1797,922,0.19717013244658246
1797,188,0.1827676660690204
1797,1743,0.16915468808789663
1797,1335,0.13168548140245576
1797,1493,0.10651882312838404
1797,687,0.098614757471090553
1797,437,0.088772739846531251
1798,1798,0
1798,676,1
1798,151,0.63010609143919838
1798,1062,0.49455132060211582
1798,996,0.44837453448579517
1798,1682,0.347745082192155
1798,715,0.17375815448492604
1798,708,0.16947940633885084
1798,1505,0.13506546693267968
1798,257,0.098605199431431534
1798,1929,0.092353788946022794
1798,534,0.085121975267040295
1798,777,0.08322589250465752
1798,205,0.076242215730497151
1798,277,0.072255797184685625
1799,1799,0
1799,1101,1
1799,808,0.87295445368810565
1799,1243,0.54372543743485136
1799,1459,0.41780206260326486
1799,1564,0.22936336176772557
1799,1151,0.22836997923458149
1799,165,0.12419030002462308
1799,1745,0.08251539325537241
1799,589,0.077199648449836844
1799,1312,0.07323844875866653
1799,1847,0.069137022751121519
1799,1647,0.063287093491026042
1799,755,0.06261482269111425
1799,1998,0.062482969818591631
1800,1800,0
1800,1939,1
1800,1895,0.66998124192486974
1800,824,0.45526503781891381
1800,1417,0.25298582104400108
1800,1015,0.22395958217142745
1800,1120,0.18498544504264877
1800,1132,0.18478251406964419
1800,1434,0.15766274691156063
1800,807,0.15091601970091784
1800,738,0.13689337115148723
1800,564,0.13667428956872363
1800,88,0.13304767896788308
1800,355,0.11011846096059781
1800,644,0.10961993473716765
1801,1801,0
1801,109,1
1801,79,0.78087400996524703
1801,599,0.56111157363913577
1801,1986,0.51059875553086853
1801,459,0.14833571925569988
1801,841,0.14615320719657182
1801,270,0.13818825856826319
1801,1129,0.10499049988017162
1801,735,0.095164734111387525
1801,1012,0.093620767174951922
1801,195,0.09024851652046316
1801,690,0.084850497439404635
1801,122,0.076988314934024707
1801,1273,0.075759284122744242
1802,1802,0
1802,505,1
1802,1371,0.34288303455449065
1802,350,0.31067954606157167
1802,52,0.30836760331399393
1802,1690,0.25022921210177784
1802,1555,0.21922588561253151
1802,318,0.21835848579856379
1802,903,0.20946803054873309
1802,22,0.20218009509282789
1802,1654,0.18446492678574197
1802,690,0.17337008432411211
1802,1787,0.16651481135167251
1802,274,0.16329920724606445
1802,1949,0.15785451371589942
1803,1803,0
1803,101,1
1803,536,0.60619100421782879
1803,1603,0.51198815536103237
1803,1580,0.44425106147750959
1803,45,0.33632138369835762
1803,313,0.19374257610508858
1803,594,0.15135397683498503
1803,1847,0.1439609698190733
1803,983,0.13516107843765043
1803,517,0.12980762719946326
1803,1564,0.079902775182022448
1803,1770,0.06269173992551598
1803,955,0.057940580401699471
1803,1395,0.053576900175304719
1804,1804,0
1804,1304,1
1804,1997,0.6166999564336948
1804,370,0.43376661989583426
1804,1292,0.3235797773649991
1804,1386,0.27187982359279228
1804,764,0.26520116842629227
1804,1754,0.25215464656752273
1804,1321,0.1555602914353065
1804,1404,0.1501780950470927
1804,726,0.13134735642194453
1804,794,0.12157153742675103
1804,1339,0.067453383081009621
1804,1136,0.060699186510548744
1804,721,0.056804149708773163
1805,1805,0
1805,865,1
1805,801,0.4529212267545708
1805,1984,0.33750519878468155
1805,1104,0.3303716033634897
1805,535,0.29211502350152357
1805,1295,0.27748621016708297
1805,970,0.20663338154324795
1805,497,0.19435521130111674
1805,301,0.17650764178572681
1805,1276,0.14733489846223469
1805,1992,0.1361470244898719
1805,1967,0.12797943806211448
1805,1153,0.12259062560025807
1805,1819,0.10495046962751849
1806,1806,0
1806,513,1
1806,1354,0.89926454204901562
1806,1026,0.53622667964162818
1806,1366,0.44247608203280603
1806,1537,0.2695871607784327
1806,564,0.2354301820407953
1806,1882,0.087009477103138444
1806,1780,0.086283940931307784
1806,408,0.077421955708023654
1806,352,0.065174903548241056
1806,1594,0.064214576664653106
1806,1644,0.051341266225377942
1806,1632,0.046783401679951576
1806,1994,0.045670310760301466
1807,1807,0
1807,1918,1
1807,590,0.57274062311814233
1807,1502,0.54462944654670442
1807,1022,0.25474846190448563
1807,1081,0.18599614333949344
1807,1696,0.18085310963530482
1807,666,0.17924647959726714
1807,1556,0.17652659927618328
1807,491,0.16015011696080106
1807,1068,0.15526517981045426
1807,121,0.1354537876964251
1807,459,0.13273472597761279
1807,122,0.11526728340510255
1807,465,0.1132832747716777
1808,1808,0
1808,1612,1
1808,77,0.77048140375657903
1808,1345,0.31998364235614912
1808,613,0.2767064357332969
1808,421,0.27433533028052681
1808,1299,0.15749401296545334
1808,131,0.15718729575119414
1808,1633,0.14907137245579852
1808,912,0.14807016284855989
1808,830,0.14597392490224328
1808,1001,0.13937569932345437
1808,1192,0.12564891603658376
1808,306,0.12503758913313312
1808,468,0.11751805080500378
1809,1809,0
1809,200,1
1809,1182,0.33164728604456717
1809,1947,0.29033238909490156
1809,871,0.25063213735267703
1809,1890,0.24421076626895774
1809,137,0.23548961153139103
1809,969,0.23385296460579766
1809,1751,0.22955554510843679
1809,995,0.20423965767062191
1809,444,0.19880662159312773
1809,1824,0.17989729800780485
1809,58,0.17509409097590511
1809,1431,0.17118169689104712
1809,1885,0.16194718538887984
1810,1810,0
1810,265,1
1810,446,0.97072751603134833
1810,324,0.52769483067104928
1810,598,0.45370873516093607
1810,1990,0.17336136239352096
1810,1209,0.15149167620919934
1810,761,0.13521636854484659
1810,1752,0.10893789982646347
1810,203,0.082463233811276487
1810,1538,0.072184052837308166
1810,470,0.069133575281227322
1810,104,0.061970860968076129
1810,1392,0.053198468468376538
1810,1564,0.046794830757363959
1811,1811,0
1811,322,1
1811,1987,0.35514944736378312
1811,1891,0.30236586711455815
1811,210,0.30028053256920229
1811,635,0.2840762821831932
1811,430,0.26607881879302447
1811,1395,0.22874773036374646
1811,1406,0.20410268283395447
1811,338,0.18977281257746453
1811,673,0.17888743142395824
1811,1463,0.17827936114162685
1811,477,0.16960827668525591
1811,1329,0.15616930866035036
1811,304,0.093370841400854276
1812,1812,0
1812,1899,1
1812,673,0.7940364166099515
1812,1817,0.43461087313580077
1812,1042,0.32379743032594266
1812,65,0.20737478918817615
1812,594,0.16338822302707312
1812,1176,0.14733105778056019
1812,338,0.13820821126084021
1812,282,0.130029526803074
1812,1193,0.12827549472169161
1812,592,0.12616739764438331
1812,99,0.11374021273365224
1812,896,0.10059190881512481
1812,1387,0.099337462275312052
1813,1813,0
1813,1507,1
1813,834,0.59435093735877154
1813,1238,0.55982917500069473
1813,1608,0.38808494359627327
1813,742,0.33785406834353487
1813,178,0.21937548304484855
1813,1349,0.15545806206540988
1813,1222,0.13352047656648328
1813,1642,0.10296971501051343
1813,427,0.099719323364629506
1813,1282,0.091704997461357629
1813,1265,0.08593316999323522
1813,516,0.07692082444895415
1813,876,0.061175598134181768
1814,1814,0
1814,996,1
1814,1861,0.79028328314454044
1814,262,0.37323611473082047
1814,468,0.36379623499621705
1814,1192,0.25662832693596693
1814,1242,0.2500270906639131
1814,1645,0.23332839246359999
1814,576,0.12017729635456831
1814,205,0.11442631853441296
1814,1612,0.10483138119684775
1814,86,0.09201773595548815
1814,1836,0.08010591852551717
1814,534,0.066805698186332821
1814,964,0.06121985654987263
1815,1815,0
1815,103,1
1815,1140,0.61938058340876567
1815,740,0.36630688264144418
1815,1264,0.26830862922465992
1815,762,0.25965509647429835
1815,1093,0.21476101182763285
1815,849,0.21281052022149835
1815,166,0.18913945795620982
1815,1930,0.17960224272525444
1815,631,0.16075519969963475
1815,1496,0.12285981181322397
1815,177,0.11045389422775137
1815,1172,0.10377910349581165
1815,853,0.099070390343258555
1816,1816,0
1816,1968,1
1816,1134,0.46293659633452505
1816,1201,0.4623532241146554
1816,1143,0.42162578124555122
1816,890,0.29456350942791054
1816,1991,0.18119152024873564
1816,393,0.16972934659768099
1816,316,0.15119731635136607
1816,894,0.14842402134575272
1816,926,0.14020792668094001
1816,407,0.13743983183138372
1816,1265,0.12442212044800624
1816,445,0.10860229722614653
1816,253,0.1041907278459791
1817,1817,0
1817,1193,1
1817,1812,0.40454799018900428
1817,673,0.38457774488483981
1817,1368,0.27720813864015709
1817,506,0.27221814714310083
1817,1899,0.25785564074881251
1817,282,0.25276068125181911
1817,1305,0.1846387281907359
1817,1366,0.16217185195547845
1817,594,0.15449982966373552
1817,345,0.14259180118491158
1817,520,0.1392968407179449
1817,1543,0.13921556133844035
1817,338,0.13530433881965889
1818,1818,0
1818,1936,1
1818,1260,0.58106757718463864
1818,844,0.39739682206773408
1818,861,0.28280462937340994
1818,1604,0.23772025016946002
1818,1138,0.23412449697729598
1818,368,0.18633337510692399
1818,866,0.17662424559567591
1818,1757,0.17391219502306637
1818,353,0.14521637024540845
1818,655,0.14161284992316353
1818,686,0.13614899153884991
1818,1283,0.1092559966491613
1818,1295,0.10467929914322617
1819,1819,0
1819,293,1
1819,189,0.37327671073439994
1819,801,0.26028481296293132
1819,301,0.25459053867921505
1819,718,0.23855507650296331
1819,1831,0.23331608549305999
1819,1276,0.21221356152912429
1819,118,0.21195937216814573
1819,1186,0.20324646481851216
1819,380,0.19906182269631617
1819,1805,0.19621235102410892
1819,1325,0.19149146409861864
1819,690,0.17303224264640069
1819,841,0.15964608240930528
1820,1820,0
1820,637,1
1820,795,0.36020807361670687
1820,1319,0.27857223680402149
1820,1088,0.27310525636813743
1820,1172,0.2634747033544465
1820,721,0.2541450817414535
1820,442,0.21985486502518181
1820,413,0.19831119046230308
1820,231,0.19422484307660984
1820,1277,0.18209942875676521
1820,950,0.17702763406767508
1820,1970,0.1767926761556054
1820,178,0.16904468116917321
1820,1449,0.16003871484396215
1821,1821,0
1821,902,1
1821,639,0.57310635204219496
1821,500,0.3153689502312087
1821,565,0.26990760192858348
1821,1033,0.25166184956887516
1821,1856,0.23724252113947797
1821,600,0.23296473865043701
1821,200,0.21481091536803018
1821,1885,0.15415989394399221
1821,1693,0.14126714892302653
1821,1768,0.13356263466700705
1821,388,0.13124540708179505
1821,950,0.12704189557480272
1821,442,0.12455772102424312
1822,1822,0
1822,1944,1
1822,741,0.43368328269629824
1822,1873,0.33631971725002996
1822,997,0.28225032241596099
1822,1035,0.25412333102897278
1822,1074,0.22873555661929174
1822,661,0.20316498886016304
1822,1362,0.19049871454660464
1822,1405,0.1718486815020808
1822,195,0.16750317935162534
1822,1894,0.16396415381181853
1822,212,0.16267856126630284
1822,1615,0.15671467398371211
1822,351,0.15540269198691545
1823,1823,0
1823,379,1
1823,483,0.73730418814278609
1823,1588,0.55207095957294139
1823,8,0.29610061569507001
1823,137,0.25414136949146976
1823,1731,0.2110830440863504
1823,220,0.1614920052042976
1823,1478,0.13747813087919328
1823,1625,0.12159574375478473
1823,1157,0.11262171361493846
1823,522,0.10469599207436321
1823,1399,0.084665681392645534
1823,1175,0.069193557551613841
1823,784,0.064448466932481269
1824,1824,0
1824,1449,1
1824,1431,0.42358190200449219
1824,1809,0.41893099747046186
1824,1666,0.31312212866810402
1824,1692,0.30054537544662457
1824,1360,0.29576507780524053
1824,200,0.2725831963815093
1824,1848,0.16991074825247668
1824,1277,0.16370585338025395
1824,1869,0.135465256784048
1824,639,0.10419325149538837
1824,1931,0.10390373457881692
1824,157,0.10323210702381781
1824,1332,0.10195580172885713
1825,1825,0
1825,1774,1
1825,105,0.52638633328902074
1825,1715,0.45108842130072618
1825,622,0.29263772861506415
1825,455,0.22413370753115652
1825,664,0.20628406074529029
1825,1634,0.19932621175111759
1825,1081,0.17447127715832242
1825,115,0.16519500491195727
1825,844,0.16465331626227819
1825,1000,0.16237766880667784
1825,861,0.15552190613467051
1825,184,0.094614751035165756
1825,1696,0.090204368005183888
1826,1826,0
1826,1049,1
1826,1229,0.64850178764477173
1826,404,0.53172255586442385
1826,566,0.42722787740230428
1826,1192,0.3382068786201855
1826,1981,0.27369882945658708
1826,1029,0.12548165369331843
1826,35,0.094537897826296624
1826,912,0.089018310854292626
1826,328,0.088582050893837486
1826,1589,0.083061034716328849
1826,1009,0.071345102098885227
1826,1709,0.068411105040992029
1826,196,0.067092420582669593
1827,1827,0
1827,1713,1
1827,455,0.76095866911533183
1827,1094,0.31146467355477964
1827,660,0.24878015267769996
1827,1639,0.1927189218572016
1827,550,0.18157226593052436
1827,622,0.18021214199842703
1827,382,0.17692989731414463
1827,1396,0.16782552178421609
1827,1829,0.15663110894285057
1827,294,0.14589071066392598
1827,523,0.1436643125424987
1827,115,0.12253846044113548
1827,1230,0.11771091003870628
1828,1828,0
1828,748,1
1828,1900,0.56933128815434653
1828,709,0.42503475711813343
1828,1327,0.3278157590021567
1828,1007,0.27494427445175312
1828,1416,0.2380936076910789
1828,643,0.20545534800608994
1828,1332,0.18808291480660916
1828,782,0.17381666738647295
1828,1328,0.115906118878304
1828,1442,0.11534690980044944
1828,29,0.095455771707176784
1828,444,0.091270472011451664
1828,178,0.086337335518927694
1829,1829,0
1829,340,1
1829,523,0.61475221584282658
1829,976,0.61366908350615557
1829,1725,0.49779785546862093
1829,991,0.27239594818736174
1829,1777,0.22108164688873619
1829,1094,0.15973481526204145
1829,1122,0.15830643132471578
1829,1570,0.15044392346712659
1829,1548,0.055503918225242248
1829,856,0.053363349147851645
1829,660,0.043287650994196118
1829,1213,0.036579401771387521
1829,1413,0.02997181059541924
1830,1830,0
1830,1445,1
1830,881,0.48141031326344158
1830,1820,0.40721492697557404
1830,1880,0.27523987138799605
1830,780,0.25640198427047722
1830,1863,0.2305760802554129
1830,261,0.22567628336140669
1830,1134,0.21101470001474867
1830,1674,0.19862558966414473
1830,67,0.13966053482347798
1830,753,0.12983224203880073
1830,1440,0.12400560052668638
1830,1342,0.11454691903297527
1830,1970,0.11267825333385265
1831,1831,0
1831,801,1
1831,1762,0.87621138951461297
1831,766,0.33533989835759964
1831,1819,0.29528034010564203
1831,1528,0.26795504051695213
1831,1325,0.21570545547500278
1831,298,0.19186993489251819
1831,118,0.18099391391592604
1831,690,0.10687871975218451
1831,718,0.1010608890496786
1831,278,0.091151871966327846
1831,935,0.088604453243410125
1831,970,0.078794506903414122
1831,48,0.077037283535706672
1832,1832,0
1832,763,1
1832,1624,0.52603828966200894
1832,1370,0.38985422340870057
1832,1520,0.36137579535913267
1832,464,0.29483503084203155
1832,244,0.22091714120491543
1832,1170,0.21125437654595441
1832,1048,0.17627488964561328
1832,403,0.16060476102589744
1832,630,0.15386867217336789
1832,1933,0.1538357771407316
1832,1501,0.093695317246972498
1832,37,0.090595338520913296
1832,311,0.073749542999994019
1833,1833,0
1833,1858,1
1833,1775,0.65923831991757331
1833,1976,0.54018010729615873
1833,759,0.49204162308932514
1833,1015,0.29533622592591524
1833,1148,0.13502658505630083
1833,1072,0.12089257029227053
1833,1668,0.11751801048338023
1833,644,0.11686132249539509
1833,1401,0.093674482522680597
1833,1434,0.089295352166012115
1833,216,0.085352927385678345
1833,1251,0.083124937331710017
1833,1518,0.078347102335610291
1834,1834,0
1834,388,1
1834,775,0.54511976658862671
1834,1666,0.37369129947114549
1834,1332,0.29356928660435272
1834,1885,0.26452754287266206
1834,444,0.25254039572510401
1834,1534,0.17339379568845417
1834,1416,0.16355465204052613
1834,678,0.16343083198187899
1834,722,0.15963952111190544
1834,442,0.15440932095383009
1834,1328,0.15437939872773493
1834,1449,0.11571470222041552
1834,1935,0.092910190290897823
1835,1835,0
1835,973,1
1835,1648,0.36387422385061308
1835,576,0.301354828235262
1835,1159,0.28311936193846493
1835,1001,0.25313050208922772
1835,1376,0.2243016174007485
1835,574,0.22345840724762009
1835,1390,0.21997125023934108
1835,1539,0.20304966394967802
1835,1480,0.20207660342529415
1835,420,0.18606851152245238
1835,1247,0.17006285646212538
1835,468,0.1418191235941729
1835,1958,0.13459539570804632
1836,1836,0
1836,1861,1
1836,586,0.84406024909612609
1836,512,0.32504250723257161
1836,850,0.24300244587685541
1836,964,0.24149253575067423
1836,1237,0.16225472395320056
1836,790,0.14324430866423285
1836,658,0.14300756525220251
1836,241,0.1425774876579716
1836,1761,0.13900239573903653
1836,1842,0.13848969915613335
1836,443,0.12913596564497742
1836,468,0.12813515377074428
1836,59,0.12743746607806666
1837,1837,0
1837,708,1
1837,452,0.49958375542666245
1837,1633,0.37244223833171058
1837,1505,0.33371782400246131
1837,454,0.2691152757131185
1837,1473,0.1798159839577482
1837,814,0.1794967434552511
1837,1562,0.17734539653333789
1837,425,0.16297398422574749
1837,201,0.16266091749506739
1837,1578,0.1595838701216063
1837,1522,0.14604712634985695
1837,151,0.13836127033741324
1837,1682,0.12574532758342574
1838,1838,0
1838,960,1
1838,1990,0.51511791283344444
1838,57,0.41022090401405203
1838,324,0.3477710806049199
1838,899,0.22486849974119558
1838,1865,0.19771804905814588
1838,271,0.19334707160251946
1838,104,0.19128279695235315
1838,728,0.15689193151573438
1838,378,0.14193338462495433
1838,1279,0.14121128722765208
1838,494,0.13796542547107488
1838,1987,0.13494231534710913
1838,1904,0.11362806433796245
1839,1839,0
1839,1478,1
1839,1182,0.45280179604536908
1839,332,0.42619434599025802
1839,871,0.32027886995646604
1839,58,0.27874074114674724
1839,137,0.23966180688842537
1839,200,0.1876269580465513
1839,1809,0.1651187884215766
1839,1314,0.15973050079852746
1839,8,0.15159967913917788
1839,483,0.14826587304572725
1839,951,0.13771352025749212
1839,1559,0.12340801342631905
1839,1352,0.11574826309283799
1840,1840,0
1840,985,1
1840,657,0.84567994460515983
1840,874,0.73420092038676366
1840,680,0.37023422328721567
1840,417,0.21280885471500538
1840,1672,0.19392025138980645
1840,186,0.16303905706635952
1840,325,0.09401641998106211
1840,241,0.082911742650416245
1840,582,0.079914326075577954
1840,658,0.037757095116531685
1840,1425,0.035948563207185813
1840,425,0.02896272143435049
1840,1740,0.027486489009716751
1841,1841,0
1841,836,1
1841,1635,0.55458179048469713
1841,1511,0.37654684505026315
1841,1479,0.34355034098123222
1841,445,0.30166508173868706
1841,1506,0.26515736818243879
1841,297,0.22955901151977093
1841,922,0.18448079597765357
1841,1935,0.14793715853468997
1841,1416,0.10763751446424237
1841,643,0.10723698027708355
1841,1934,0.10064134675639404
1841,1605,0.094855355284755902
1841,1024,0.093032172673025548
1842,1842,0
1842,1237,1
1842,1425,0.64290320768889486
1842,241,0.3786530600673102
1842,790,0.32785439846007181
1842,484,0.32411706550692376
1842,964,0.2640778614759503
1842,658,0.24284624392629725
1842,1630,0.14811727406637706
1842,702,0.13784189453376597
1842,875,0.1147665367779218
1842,981,0.089438773355623821
1842,1792,0.087432457241292547
1842,711,0.083553254403692129
1842,507,0.065292667104023969
1843,1843,0
1843,647,1
1843,747,0.55839762411666083
1843,907,0.55250249807928364
1843,553,0.36139414645382922
1843,1817,0.25389191768870295
1843,520,0.21937424474091424
1843,1048,0.20885730535936176
1843,944,0.13671889876475371
1843,1368,0.12064655300691762
1843,1953,0.11272024858939617
1843,1957,0.10746508652195486
1843,955,0.1004305685801255
1843,1472,0.088071515857594179
1843,1770,0.086410873519888465
1844,1844,0
1844,1274,1
1844,1885,0.88603257051790041
1844,308,0.57278061262356039
1844,1931,0.20179395535204303
1844,1350,0.19052031730590963
1844,639,0.16210378735413808
1844,1183,0.13099872019002709
1844,1731,0.12642059740198808
1844,1751,0.11645960041315455
1844,1258,0.11100349010568561
1844,1106,0.11022554947758406
1844,852,0.10588109584258867
1844,1753,0.10384584596643698
1844,200,0.088826994085562688
1845,1845,0
1845,31,1
1845,1162,0.92637963729813699
1845,1460,0.4187191471435901
1845,1474,0.34572429301464391
1845,954,0.33663450472399503
1845,1318,0.22357632423572457
1845,1652,0.2097634722079052
1845,1462,0.14499598933511909
1845,624,0.069297336944662932
1845,617,0.063209276164719275
1845,255,0.058091576577590093
1845,294,0.043662706333885297
1845,654,0.035257243992801161
1845,1117,0.031579812985936047
1846,1846,0
1846,1424,1
1846,315,0.99088094262937554
1846,1261,0.61121099717732896
1846,644,0.16001786672794471
1846,1401,0.15200758688536276
1846,230,0.13815992299292312
1846,28,0.13517312365521841
1846,567,0.12933405180008722
1846,1498,0.11801285527024503
1846,331,0.10389155822674374
1846,882,0.10176139462948948
1846,41,0.09621237286451674
1846,256,0.089770387421279144
1846,1858,0.080456723989226708
1847,1847,0
1847,349,1
1847,1803,0.3836669222499155
1847,1564,0.29704695053429125
1847,481,0.26497347311464403
1847,1745,0.25845424813842865
1847,1760,0.25583137542374873
1847,873,0.23195205066121136
1847,1979,0.21666178337375436
1847,886,0.19405722948835852
1847,45,0.17418224697297985
1847,1382,0.16945836368038208
1847,408,0.16890437202490199
1847,536,0.16054082052265345
1847,882,0.13115845498940973
1848,1848,0
1848,214,1
1848,1824,0.64069968790196286
1848,329,0.43234233909819131
1848,1809,0.36895215590406311
1848,1431,0.20700825156574079
1848,712,0.19858170059614769
1848,146,0.16978769353140896
1848,1525,0.15449149853690192
1848,200,0.13759000775257896
1848,332,0.13532963827350475
1848,611,0.12821243267086468
1848,1486,0.12706343063438075
1848,1352,0.10821102998621739
1848,1466,0.098623275386950746
1849,1849,0
1849,1144,1
1849,1698,0.36356603683028049
1849,785,0.31259470824736896
1849,1395,0.2437326403359282
1849,1924,0.23950171853562741
1849,1603,0.23422127465105058
1849,1723,0.22806113110815146
1849,1099,0.22089054579767498
1849,272,0.20334793617460922
1849,37,0.19438315067346898
1849,1647,0.19403986509634774
1849,1145,0.17407720564706303
1849,868,0.16085132824682405
1849,95,0.13762196427315834
1850,1850,0
1850,1084,1
1850,687,0.44436839660142075
1850,214,0.33313256974432498
1850,429,0.26823385399590116
1850,1695,0.25332333147685526
1850,905,0.2378769824724232
1850,781,0.21871209748697648
1850,611,0.20555752732547861
1850,1461,0.20348537481042656
1850,510,0.19931222723314629
1850,917,0.16225339666436575
1850,878,0.13806203166605949
1850,1662,0.12220978778913118
1850,146,0.12036955875315195
1851,1851,0
1851,318,1
1851,1983,0.96401643956068872
1851,558,0.34287072234483851
1851,1532,0.29892828510733249
1851,1700,0.19945288075615566
1851,273,0.19895650657232686
1851,535,0.12959030451104045
1851,350,0.1292301717349163
1851,1781,0.12088445593926124
1851,865,0.11642742337665304
1851,356,0.10587011539593458
1851,1077,0.1051287683283692
1851,1153,0.10234281455702865
1851,1181,0.093197223548158736
1852,1852,0
1852,1562,1
1852,376,0.69857817332520844
1852,1380,0.31798796492500386
1852,387,0.28991318344805517
1852,151,0.25250146739626389
1852,1633,0.24452903211396457
1852,1622,0.22496317812735503
1852,790,0.1634876342033813
1852,729,0.14974057429109927
1852,1429,0.13269524770809374
1852,1921,0.11840066855632535
1852,0,0.11350369446782571
1852,1798,0.10192855152050687
1852,1630,0.098666697252859148
1853,1853,0
1853,892,1
1853,1399,0.81723122615049537
1853,945,0.4935915082031973
1853,1930,0.44352402498491456
1853,1323,0.27774122758753317
1853,539,0.19922189399702747
1853,220,0.15472885036225717
1853,1486,0.12026797160439558
1853,285,0.085073985913744238
1853,424,0.078053777500244975
1853,922,0.064203440098321199
1853,437,0.061757359982463005
1853,731,0.059078293950698357
1853,1943,0.052417069997979772
1854,1854,0
1854,418,1
1854,143,0.63737904026500369
1854,217,0.59837830873567999
1854,151,0.4884102993679123
1854,605,0.28386631219566688
1854,773,0.19629112738977453
1854,593,0.13751899301119583
1854,1531,0.094645274658819112
1854,1062,0.09123667545685217
1854,1951,0.083040080113040551
1854,1574,0.078502715749113064
1854,1798,0.076491188232883575
1854,198,0.074944952241862345
1854,1505,0.066191211365735012
1855,1855,0
1855,351,1
1855,1725,0.55506561385778952
1855,1546,0.50734039981075096
1855,903,0.3538005586001034
1855,1690,0.24136376755597219
1855,1116,0.16926467857147365
1855,124,0.16537480401475388
1855,1651,0.15817016289342536
1855,976,0.15127838988828188
1855,62,0.13667724266182665
1855,340,0.13329034565945994
1855,523,0.12549357747622042
1855,183,0.10685832516849515
1855,1371,0.10290328433529171
1856,1856,0
1856,202,1
1856,600,0.83726949312950538
1856,1288,0.57024354869065474
1856,500,0.40112606179089616
1856,1859,0.35527401859985402
1856,902,0.2769085784976405
1856,1118,0.10466708282112945
1856,1821,0.083123713480428019
1856,60,0.072570999870562175
1856,1470,0.060627745923138701
1856,444,0.041938453377906748
1856,1663,0.038377515233658122
1856,424,0.032444410738919176
1856,967,0.032321680330336257
1857,1857,0
1857,560,1
1857,1680,0.7358308238672876
1857,240,0.55330116308671784
1857,1294,0.43359484397749337
1857,1531,0.25287836645835454
1857,19,0.24966910441425649
1857,579,0.17515461951656874
1857,1005,0.11807037505959038
1857,260,0.079953330497988154
1857,1475,0.07980578641957134
1857,306,0.077173046034014425
1857,627,0.054146404424903899
1857,70,0.052238783330399663
1857,1229,0.045072983680179465
1858,1858,0
1858,1127,1
1858,1668,0.35124843178511178
1858,1148,0.34718557499987585
1858,1401,0.28320459902530781
1858,1976,0.26163147927589686
1858,644,0.24608573155331398
1858,349,0.23799717230185727
1858,1015,0.21002575135525631
1858,840,0.18280604239319256
1858,1600,0.16486433512731363
1858,1780,0.16283614529728629
1858,1308,0.15721137105634031
1858,1847,0.15126019880688249
1858,408,0.15053756500130308
1859,1859,0
1859,600,1
1859,1663,0.40902352686695997
1859,202,0.32533931769671248
1859,424,0.2572737148305928
1859,1270,0.23813092651210158
1859,565,0.23765736837590459
1859,444,0.2121194650659835
1859,878,0.20960815100626018
1859,1515,0.19078043063985761
1859,858,0.18909044524288515
1859,1536,0.18197932775479383
1859,1935,0.16944613623735535
1859,1444,0.14548136932741554
1859,547,0.1409553419370885
1860,1860,0
1860,1149,1
1860,288,0.7563370854775191
1860,1599,0.33904336449869993
1860,3,0.32092554706831106
1860,646,0.2295647598546775
1860,732,0.22292127825734989
1860,1876,0.19305291041175962
1860,1473,0.15121891743696375
1860,867,0.12812630617713433
1860,252,0.12506967140844641
1860,711,0.12084438382807235
1860,981,0.11219601458752194
1860,1523,0.10549713335465379
1860,582,0.10208620444527704
1861,1861,0
1861,1836,1
1861,658,0.67370584465703165
1861,1814,0.5893245483919225
1861,964,0.46753350675573457
1861,1645,0.23361350694174493
1861,468,0.15151115121212991
1861,996,0.13996953590952568
1861,1761,0.13052683217990929
1861,777,0.1100912111187259
1861,1481,0.10493571537832032
1861,1233,0.092740667647482788
1861,387,0.07980717171723023
1861,850,0.074022389640440917
1861,1197,0.059107009182009125
1862,1862,0
1862,1305,1
1862,400,0.62220251801083259
1862,1072,0.47489380920032059
1862,224,0.33625427091573523
1862,592,0.28072287437735666
1862,1041,0.22428231068481649
1862,216,0.19941422653718782
1862,472,0.16305039005257135
1862,345,0.1291986979662646
1862,754,0.12141326380016473
1862,1865,0.11579275168591247
1862,1495,0.085971400710424251
1862,1780,0.082843842611451265
1862,354,0.070850555991500419
1863,1863,0
1863,1445,1
1863,13,0.45502487626312171
1863,141,0.44468349655931205
1863,780,0.33460211615687546
1863,721,0.26193553399074004
1863,1444,0.25497374614854212
1863,1141,0.22595683166402189
1863,1776,0.19091941729512318
1863,1605,0.14178762046116306
1863,442,0.13938016227418612
1863,704,0.13019960928597615
1863,1536,0.11871670971515315
1863,1342,0.10621545671360674
1863,388,0.10249818230378853
1864,1864,0
1864,794,1
1864,388,0.48039358666683007
1864,476,0.45357744471195172
1864,1304,0.40636068466834147
1864,1384,0.27159021579055859
1864,1136,0.26353965812684771
1864,1751,0.23129220013765087
1864,1277,0.21913245475718096
1864,1834,0.10510118102431586
1864,721,0.099331452506661741
1864,1666,0.098145870407894478
1864,1301,0.097300289395563067
1864,612,0.094185100382192494
1864,764,0.086942788376096175
1865,1865,0
1865,1543,1
1865,354,0.8878581023405363
1865,224,0.28883289061132744
1865,1862,0.27768820707501657
1865,102,0.2634538267117752
1865,1305,0.22148524409645853
1865,99,0.2055296551141417
1865,400,0.17640426469625042
1865,820,0.15241316386287324
1865,1398,0.11712520631791476
1865,960,0.099329699012106629
1865,345,0.078308802800814398
1865,1780,0.07578890674578001
1865,556,0.062680614758586439
1866,1866,0
1866,1872,1
1866,1519,0.84135418714234766
1866,1706,0.47298144328626096
1866,464,0.31837079794615758
1866,363,0.1919108124729961
1866,460,0.1678290446662194
1866,886,0.15032929711241227
1866,1414,0.1334539714178003
1866,1279,0.1290229854488544
1866,11,0.1162009233811061
1866,1109,0.10952916061078208
1866,41,0.10729524339091967
1866,331,0.084453326741224646
1866,1917,0.084155693774796411
1867,1867,0
1867,1208,1
1867,1873,0.61718532695561978
1867,9,0.55957579746640307
1867,1541,0.53094288896646868
1867,479,0.35657466109375596
1867,450,0.20011554316887287
1867,772,0.18411462760083794
1867,624,0.18269135110163473
1867,681,0.15232977198154565
1867,123,0.044913810195576283
1867,1396,0.024865752589983053
1867,1,0.018465349995141545
1867,654,0.018424854073165298
1867,1191,0.016690751980452251
1868,1868,0
1868,809,1
1868,1788,0.757378019040025
1868,1428,0.43423205757536215
1868,1657,0.34783224312633704
1868,1223,0.34401886964673389
1868,1346,0.27565436397835741
1868,422,0.13929449740843636
1868,1544,0.12608401071060416
1868,1231,0.11541080756554911
1868,300,0.11385315200572001
1868,598,0.086097123756473382
1868,275,0.06037953135698481
1868,714,0.053779780226274498
1868,629,0.052883275901118784
1869,1869,0
1869,1360,1
1869,164,0.91686815811363676
1869,1486,0.50545023673822342
1869,771,0.22883294921785879
1869,1692,0.20669637110806099
1869,1666,0.19275171923080062
1869,722,0.16289466410549375
1869,1525,0.11595493490744992
1869,1534,0.10882257065857687
1869,1449,0.10835197712948282
1869,1265,0.098965437435017248
1869,1853,0.090809728947972221
1869,495,0.086462511079492141
1869,1931,0.084030497835411583
1870,1870,0
1870,836,1
1870,751,0.62036083902379102
1870,1841,0.48740076096336465
1870,162,0.26746359032483158
1870,1479,0.25702354321113302
1870,1753,0.22406102444123716
1870,1731,0.21816654071109379
1870,371,0.15655015585789148
1870,1249,0.1361685976757506
1870,1934,0.11384770552383587
1870,528,0.11345575821523159
1870,1506,0.10660404278349062
1870,297,0.10579469526109181
1870,220,0.099991619616388305
1871,1871,0
1871,99,1
1871,1566,0.63010496466025634
1871,754,0.51751620078066363
1871,592,0.25088112023108861
1871,1316,0.22412062892905796
1871,1899,0.18467179783993851
1871,1387,0.16680980722469879
1871,112,0.16298643617095004
1871,520,0.16240354656229561
1871,1366,0.13667931460138416
1871,1410,0.1353971657052265
1871,1812,0.11367733358823746
1871,556,0.11201886480550813
1871,1070,0.10962147984711477
1872,1872,0
1872,1601,1
1872,1920,0.82971875401799811
1872,104,0.38792996039014832
1872,271,0.27032387651304507
1872,460,0.23490954913639669
1872,45,0.21674652176072262
1872,331,0.20071524449125797
1872,474,0.14045515471413947
1872,728,0.11962417039176329
1872,1279,0.11437059152995879
1872,41,0.11424889738458047
1872,864,0.10248756377454456
1872,464,0.088365079594142484
1872,57,0.086990202557800073
1873,1873,0
1873,681,1
1873,546,0.61598117749842662
1873,479,0.3658523491303286
1873,624,0.32449606476921705
1873,212,0.26832517888390961
1873,450,0.21495812506020576
1873,1867,0.1930703593108343
1873,1067,0.15346389509415354
1873,1541,0.14379330836372636
1873,1822,0.12806949224226982
1873,856,0.12603461323561671
1873,459,0.12565247388323719
1873,661,0.12408367216047243
1873,1967,0.12310926974118823
1874,1874,0
1874,617,1
1874,80,0.48091071192110707
1874,788,0.31731407858481425
1874,626,0.30777960263207454
1874,1331,0.25601514401935394
1874,686,0.22336828138980674
1874,1110,0.21199039553684551
1874,1260,0.17427593814044895
1874,1069,0.17078895803408087
1874,419,0.16758694564424673
1874,624,0.16552531053933137
1874,1889,0.15310315740535918
1874,1568,0.14013915525588944
1874,1080,0.13809929754951739
1875,1875,0
1875,441,1
1875,26,0.98612372303810858
1875,1473,0.37594860384508899
1875,715,0.30916944190724355
1875,1740,0.24333581982816971
1875,507,0.23019286913990336
1875,277,0.14467848055312071
1875,818,0.13619957574402997
1875,874,0.13243463690911289
1875,777,0.12947939755925192
1875,1358,0.074431693484915282
1875,665,0.050516015481856767
1875,240,0.047682707660956135
1875,257,0.046701159934011763
1876,1876,0
1876,1036,1
1876,1860,0.84413687325260889
1876,63,0.68470299806260315
1876,1272,0.42765957564328261
1876,3,0.20065128307153893
1876,867,0.14765728454154256
1876,226,0.14176142577378192
1876,248,0.1028543957493059
1876,1539,0.06571538980093479
1876,453,0.062182481070236849
1876,646,0.059226529905344778
1876,288,0.058048095059210762
1876,362,0.057684854091917349
1876,1766,0.054602237906279986
1877,1877,0
1877,793,1
1877,855,0.60993422372958384
1877,335,0.42159929631400922
1877,1126,0.33094215280183303
1877,1649,0.29891147580659266
1877,1146,0.29107188464589773
1877,680,0.25192217651680121
1877,417,0.24561808872610724
1877,1763,0.10597711944142546
1877,239,0.094556865949784574
1877,1840,0.082155319716875688
1877,544,0.077639352588096538
1877,303,0.049481468940228687
1877,582,0.047077190597686579
1878,1878,0
1878,518,1
1878,219,0.41566392896772708
1878,481,0.39405821221244569
1878,190,0.34244683938361598
1878,1632,0.3082293732174079
1878,699,0.30731510975899606
1878,705,0.28207564921705125
1878,1354,0.24238205637741345
1878,868,0.23228908748945223
1878,594,0.10341707250331665
1878,1577,0.076892937667565692
1878,163,0.074544450220115258
1878,591,0.071643367393426388
1878,506,0.055926435440301202
1879,1879,0
1879,555,1
1879,396,0.50587009968704999
1879,649,0.33642294544000761
1879,1665,0.31816383734107473
1879,1096,0.29293252847210449
1879,1552,0.23930956770394446
1879,1660,0.23205007598569005
1879,1056,0.16507269643041228
1879,1681,0.15468320503486421
1879,661,0.15215819610420514
1879,1184,0.13943865936073238
1879,525,0.12830085640063107
1879,351,0.12365262829774112
1879,529,0.11884265736014221
1880,1880,0
1880,674,1
1880,1674,0.8249712846656424
1880,950,0.61965628173532383
1880,237,0.31561201055426047
1880,753,0.22167738796954731
1880,1512,0.20720432748998688
1880,1212,0.18830535361353987
1880,1319,0.12170131809313929
1880,1820,0.089225673368910505
1880,1549,0.087995663596803761
1880,1277,0.071270424431808435
1880,1783,0.056083473196475206
1880,1342,0.055319096628809732
1880,1830,0.047863165735659123
1881,1881,0
1881,55,1
1881,1477,0.72998018564508937
1881,815,0.516808511298949
1881,1702,0.47960634356141446
1881,163,0.26851711206893769
1881,714,0.17738886318610084
1881,1657,0.11244259039867945
1881,743,0.10997270252606696
1881,312,0.099133164785477124
1881,1577,0.092839971324956222
1881,1046,0.089539565325674364
1881,807,0.080597763399668079
1881,171,0.077863726879921644
1881,300,0.072206432499006379
1882,1882,0
1882,846,1
1882,1366,0.48115941724964706
1882,219,0.40388181334339551
1882,513,0.35402716488318942
1882,699,0.31444074954478435
1882,1884,0.26897512832453652
1882,1066,0.26123813104465271
1882,1305,0.24457488445692094
1882,1632,0.16385406138694503
1882,673,0.13672321803244053
1882,1644,0.093038600365706187
1882,1566,0.078411588093431073
1882,1685,0.064306305622090831
1882,163,0.042257371313465505
1883,1883,0
1883,911,1
1883,1050,0.56290872749019982
1883,626,0.42284550814544702
1883,931,0.40432541274302264
1883,397,0.31258664536875924
1883,1110,0.27671488925197285
1883,1894,0.18130858551658538
1883,1767,0.17234631805626055
1883,1260,0.14216845340327011
1883,1659,0.12589498605520769
1883,1067,0.10145442748991658
1883,212,0.069615226824085774
1883,471,0.069570348479252822
1883,1628,0.065143827801153825
1884,1884,0
1884,673,1
1884,1305,0.60304299143525097
1884,408,0.46473617338539391
1884,1585,0.35007810940106815
1884,409,0.34862074873391979
1884,1543,0.33229527716256263
1884,477,0.20378065516673613
1884,1882,0.18421439441077553
1884,345,0.16575654579867805
1884,1402,0.10059599602221547
1884,1495,0.075468898599890727
1884,820,0.03526370293451038
1884,846,0.021940272701440625
1884,1564,0.021087752608566997
1885,1885,0
1885,1274,1
1885,444,0.38808518444324758
1885,1935,0.32415193599261238
1885,1844,0.24333972757805297
1885,1834,0.24264376212062624
1885,1809,0.24080744421024541
1885,1751,0.22489118383020623
1885,858,0.20288618503646416
1885,200,0.19844441444033328
1885,600,0.1975772381884828
1885,1859,0.17277103278848099
1885,1695,0.16385366538253621
1885,1931,0.15455050025504949
1885,1411,0.15288903002072382
1886,1886,0
1886,33,1
1886,423,0.90531369082579061
1886,1903,0.48943580933420849
1886,1363,0.30862165849765377
1886,480,0.18220994233497467
1886,1506,0.13910133867231717
1886,486,0.12606551712190006
1886,1747,0.12532575392393713
1886,825,0.12209010799445656
1886,173,0.11381999779723251
1886,1393,0.10487646717219519
1886,918,0.10148148623707624
1886,445,0.097042075470320635
1886,784,0.091507339073878771
1887,1887,0
1887,254,1
1887,1329,0.43751727207600694
1887,883,0.4328321488840487
1887,430,0.30840238079931248
1887,1002,0.29279630093137843
1887,130,0.24756315527091174
1887,477,0.20461584221792353
1887,449,0.19727885882267301
1887,475,0.13981179762708881
1887,1518,0.13758751667293884
1887,1614,0.13005243866569455
1887,589,0.12889639910001005
1887,1965,0.12483652021003745
1887,224,0.1247068558818049
1888,1888,0
1888,584,1
1888,567,0.47285956789787803
1888,1308,0.40883450361188139
1888,1243,0.34606310045391708
1888,172,0.29011420835629631
1888,882,0.26501227616190082
1888,1770,0.22018356692844476
1888,1101,0.17314471909696719
1888,272,0.15282704888494336
1888,808,0.14046668671236937
1888,1799,0.12892511775147991
1888,313,0.11276461804047848
1888,634,0.10991476750563786
1888,826,0.085783664093936243
1889,1889,0
1889,1260,1
1889,1095,0.533092771806431
1889,1715,0.39309050320343264
1889,375,0.37740116800036033
1889,1080,0.27450672281409072
1889,1069,0.25148759441659552
1889,80,0.19012589028394394
1889,1333,0.15676999342524636
1889,866,0.14399913641270845
1889,1030,0.14265176324996412
1889,1268,0.13121477111851623
1889,1700,0.11018683143137792
1889,672,0.10204999294151822
1889,242,0.10032318931523024
1890,1890,0
1890,1100,1
1890,1947,0.47580177010101826
1890,878,0.38141462333390808
1890,1476,0.34107101581264171
1890,1292,0.23948552169262591
1890,769,0.20087212444774125
1890,157,0.19644708619839682
1890,1024,0.17995548490805355
1890,177,0.16118810956036098
1890,1642,0.15633791601701771
1890,416,0.15045757511663416
1890,1751,0.14899427955489494
1890,1809,0.14294022983437044
1890,601,0.13193151981035392
1891,1891,0
1891,1739,1
1891,412,0.71513721882800918
1891,1329,0.46043582657573923
1891,64,0.35495833057130011
1891,1811,0.19513868750650792
1891,322,0.19403126373689542
1891,430,0.18816599216845473
1891,1198,0.15574454249060396
1891,1395,0.14276004439248782
1891,831,0.12294178084050125
1891,1483,0.1167443390351055
1891,477,0.098655984066932476
1891,589,0.089096269894493901
1891,883,0.073071950912972958
1892,1892,0
1892,518,1
1892,1764,0.3823524138423966
1892,1354,0.32048502097602855
1892,409,0.30016719876686687
1892,1251,0.29848475861925461
1892,199,0.24056464535695762
1892,1041,0.23196006082064827
1892,163,0.20147406260537123
1892,213,0.18178759243262171
1892,1070,0.16888660014781362
1892,1309,0.15425042155109628
1892,1878,0.14771056633546242
1892,1417,0.14105826092035986
1892,171,0.13769916348602695
1893,1893,0
1893,457,1
1893,1756,0.37119031887251286
1893,1399,0.36615551114087208
1893,1248,0.30404462350466094
1893,1439,0.22055440488521397
1893,1930,0.21661689892367825
1893,531,0.20029467220437391
1893,1234,0.19027720237660933
1893,188,0.1805093176809299
1893,437,0.17721530353455245
1893,1853,0.17319590537019394
1893,1938,0.17308924867447681
1893,1487,0.17006231536126193
1893,1496,0.16367519581997556
1894,1894,0
1894,397,1
1894,1615,0.59025762985700381
1894,1767,0.30152971988896865
1894,1944,0.28326887373902138
1894,741,0.27290809033523566
1894,90,0.1958337943951228
1894,1074,0.18712518912488169
1894,1628,0.17144125680824102
1894,1822,0.1710416082073235
1894,1139,0.17011770264854006
1894,212,0.15686586347677883
1894,1883,0.147524879809694
1894,1035,0.13037734384487357
1894,1050,0.12859829573724774
1895,1895,0
1895,824,1
1895,1939,0.65926261626967142
1895,1800,0.5724745769358387
1895,1417,0.22567378756870721
1895,1132,0.22269652623850048
1895,1120,0.20893484009320754
1895,1382,0.19895377544387061
1895,545,0.18467134197222046
1895,88,0.14386055696430353
1895,807,0.13093091077678559
1895,1365,0.1004327380280835
1895,564,0.091729533286707049
1895,355,0.083936158063738733
1895,45,0.083331632677376991
1896,1896,0
1896,1338,1
1896,1467,0.99118734095349281
1896,82,0.33420568572312292
1896,884,0.32924902416428314
1896,905,0.1977688737421342
1896,878,0.17837618815049597
1896,547,0.15763313127978942
1896,611,0.15213423868407047
1896,687,0.13719123610159559
1896,1746,0.13603138318661753
1896,858,0.10390589123934965
1896,424,0.073366847337196492
1896,1084,0.064442529991926664
1896,1270,0.051390802808976961
1897,1897,0
1897,404,1
1897,328,0.41018691741726143
1897,69,0.33074227187877897
1897,1126,0.28467456712657063
1897,1709,0.24360956649605095
1897,793,0.23730433694605502
1897,1146,0.22896901390667684
1897,1049,0.21824073019007215
1897,940,0.20064601439103819
1897,573,0.17409573832165848
1897,1981,0.15926363766516974
1897,1027,0.14321486631433356
1897,1950,0.1386340867954467
1897,909,0.13731029324462576
1898,1898,0
1898,1975,1
1898,949,0.48012179960657786
1898,796,0.46538937943304726
1898,1929,0.46345674123687941
1898,181,0.40909839331638326
1898,1742,0.37051322297846323
1898,1578,0.19465690992860249
1898,676,0.11128245135214894
1898,167,0.099987457844491381
1898,1271,0.070517059866629817
1898,428,0.065227480293551507
1898,891,0.06279807412278765
1898,850,0.058949565011022997
1898,1233,0.054898187503692679
1899,1899,0
1899,1812,1
1899,398,0.4183695008814215
1899,1387,0.35735197448252376
1899,1817,0.28717511527005996
1899,1410,0.28039454783924539
1899,594,0.26837165404739172
1899,99,0.22239521313802685
1899,1048,0.20071106563453384
1899,1042,0.19669566705397995
1899,1871,0.17847953947393858
1899,1368,0.14342950506367283
1899,614,0.12618704937361022
1899,1176,0.11994245584441547
1899,338,0.10738079848916521
1900,1900,0
1900,1828,1
1900,1007,0.59210733307822661
1900,29,0.48668333140761283
1900,782,0.37337022181744911
1900,748,0.27231817003396297
1900,742,0.23953813004882815
1900,1393,0.1584468879802759
1900,1327,0.14213048613687376
1900,709,0.12375132370215981
1900,249,0.12373281489024009
1900,1123,0.11189371751034156
1900,178,0.10808612114358024
1900,967,0.090159864997926595
1900,1442,0.084664959791275848
1901,1901,0
1901,309,1
1901,1616,0.58878811254355501
1901,670,0.28774338793063192
1901,471,0.24836665816949707
1901,301,0.22136747210728824
1901,114,0.21136219029964615
1901,723,0.20473410301773695
1901,970,0.20031915964145164
1901,603,0.17397563190180798
1901,179,0.15733180506054925
1901,56,0.1567466167203487
1901,857,0.15641327435559577
1901,1325,0.15036189891966706
1901,801,0.14937156842038921
1902,1902,0
1902,1921,1
1902,1678,0.49354673390305598
1902,1649,0.32827512538377768
1902,713,0.28237393066552191
1902,729,0.21468027713952176
1902,588,0.21400311855117252
1902,1505,0.18744944795651397
1902,73,0.18739501190020552
1902,1475,0.18731738055902966
1902,1272,0.18434117885716067
1902,1699,0.17049630249413555
1902,306,0.16333794484078126
1902,1633,0.16235212980310842
1902,1709,0.13132204619233057
1903,1903,0
1903,1886,1
1903,423,0.89739645432638659
1903,33,0.67239083296069835
1903,1363,0.2349249105705401
1903,825,0.14214567138969844
1903,445,0.1385548670572036
1903,910,0.11877925285090407
1903,393,0.11797732869539927
1903,94,0.11540285052773902
1903,918,0.11266269762558281
1903,1794,0.091561944644848584
1903,480,0.091156190643224055
1903,784,0.090198978946530603
1903,402,0.083741313210795171
1904,1904,0
1904,1961,1
1904,998,0.79556483311547088
1904,104,0.70738891624391298
1904,728,0.30545945391268675
1904,74,0.19657723183696404
1904,1075,0.16636986052994926
1904,265,0.12284496592620145
1904,172,0.10343342656923517
1904,324,0.10317943920051356
1904,1428,0.094911416544236196
1904,1312,0.087916297541643623
1904,57,0.080747032870669644
1904,517,0.072740272949834511
1904,1406,0.069757364613614481
1905,1905,0
1905,805,1
1905,342,0.860181334660436
1905,1746,0.74260970592683251
1905,794,0.29351776437058746
1905,645,0.19532042294700633
1905,775,0.18926551995423654
1905,547,0.12787350887917023
1905,1003,0.11897539790633919
1905,1350,0.10034104440728581
1905,1296,0.074685455371262116
1905,1748,0.056115494397598165
1905,1467,0.05397989058277522
1905,1136,0.047331399267702155
1905,253,0.046692189818026239
1906,1906,0
1906,415,1
1906,683,0.66437807122148695
1906,1735,0.42477780596542031
1906,1124,0.27361330824163677
1906,661,0.25428889946843686
1906,1191,0.22017583650041858
1906,1097,0.21795890915708818
1906,503,0.141470790135407
1906,1405,0.13453747418815096
1906,1484,0.12850416667695216
1906,684,0.12801971121585326
1906,62,0.10861596319510324
1906,396,0.10545298339235484
1906,1602,0.10510649016567888
1907,1907,0
1907,968,1
1907,868,0.5891174794488383
1907,374,0.56191580048343981
1907,1577,0.35404490929356247
1907,481,0.26925841862569716
1907,928,0.16513735645191027
1907,1013,0.14972121572359592
1907,349,0.14564142210179984
1907,1239,0.13830522999942618
1907,1847,0.13701284875383526
1907,699,0.12492807235693054
1907,1610,0.1003563880445464
1907,1002,0.086734440940456625
1907,799,0.084719051022626488
1908,1908,0
1908,1060,1
1908,197,0.33064498306376494
1908,759,0.29834055222939504
1908,158,0.25305320327971448
1908,1882,0.25023645900862207
1908,846,0.23319968943960831
1908,1585,0.22478761381473336
1908,1884,0.2126579009387079
1908,914,0.20957768470781271
1908,1685,0.19346194348926166
1908,265,0.19022710550757682
1908,517,0.18198194545722435
1908,163,0.17162889880519985
1908,1066,0.15709706627980938
1909,1909,0
1909,1255,1
1909,387,0.8178332472220835
1909,1447,0.49683624367830742
1909,1027,0.32678064077618491
1909,1925,0.19809765540326602
1909,1645,0.17433934218141234
1909,1597,0.15172932839844616
1909,949,0.13739718300492593
1909,582,0.13099281024980194
1909,1199,0.12478484565345756
1909,1503,0.108139349564257
1909,981,0.085966007371916037
1909,574,0.083686706312194117
1909,534,0.070314405954389425
1910,1910,0
1910,405,1
1910,213,0.55920132938740108
1910,1402,0.47228507822005078
1910,1587,0.39627442154527959
1910,409,0.35200263188853359
1910,1620,0.20615092992288969
1910,1656,0.19368298745417242
1910,1309,0.18829484899040433
1910,688,0.14817277222253408
1910,1041,0.13178932319247422
1910,475,0.078362904679344342
1910,338,0.074501387394488597
1910,1495,0.066054912859288037
1910,44,0.040117034287615039
1911,1911,0
1911,1301,1
1911,669,0.49763623333323581
1911,1201,0.44403961021403804
1911,1319,0.23571513190794122
1911,516,0.23330965249310529
1911,1339,0.22973110551604262
1911,1449,0.21566520419808571
1911,1409,0.17291655773148043
1911,1282,0.17126075629499257
1911,926,0.15716850750483319
1911,1363,0.15651974786320466
1911,795,0.14350439442499704
1911,365,0.12892212295185845
1911,1342,0.12050217221216922
1912,1912,0
1912,1153,1
1912,535,0.90486203882768768
1912,1030,0.56959066829350824
1912,1268,0.23433442470366181
1912,1636,0.16570905104523345
1912,1104,0.15487148300107995
1912,804,0.13719913553947771
1912,1333,0.13055637776878604
1912,865,0.12651867470375158
1912,1226,0.11896020466223273
1912,1295,0.10294615774190324
1912,150,0.090167834799348645
1912,1700,0.089645850259207432
1912,558,0.081529129200675773
1913,1913,0
1913,693,1
1913,1946,0.57537410485372209
1913,575,0.54199026005670858
1913,1971,0.43511052393287208
1913,1121,0.24391041989493165
1913,221,0.19837257228704347
1913,1387,0.18726676327803585
1913,1329,0.13120676851519922
1913,757,0.13024114370263837
1913,604,0.10735629151724353
1913,367,0.09900359228794664
1913,1224,0.093037146835928869
1913,1355,0.083682323230833439
1913,474,0.08033709718202478
1914,1914,0
1914,904,1
1914,310,0.94493254977294916
1914,1329,0.67022869823689413
1914,693,0.24548423108123699
1914,831,0.15803505003832943
1914,190,0.1319172408864272
1914,1891,0.12450084337585353
1914,219,0.11757739119336026
1914,64,0.1113972457049396
1914,282,0.1003543394048149
1914,477,0.079261410867420834
1914,1121,0.075365968956017423
1914,1193,0.074876781060851744
1914,1882,0.072954105268315389
1915,1915,0
1915,28,1
1915,230,0.97264476323003157
1915,1054,0.49042781816219194
1915,1698,0.4063116313257345
1915,1170,0.31986302013641271
1915,11,0.26268971260622398
1915,1917,0.14679336414752772
1915,302,0.099472208489553182
1915,1769,0.053611367011619081
1915,1133,0.049269229929362966
1915,290,0.04221941465019631
1915,1167,0.038032164181567289
1915,1357,0.013717885837715603
1915,770,0.011845408971092502
1916,1916,0
1916,1419,1
1916,1469,0.60114412116286553
1916,117,0.55276641162386608
1916,227,0.33890664246573349
1916,1617,0.30653802621681708
1916,1160,0.24237532233795114
1916,1958,0.2212908261959774
1916,135,0.13942334788685903
1916,288,0.11565024136701443
1916,1103,0.113314089177161
1916,1950,0.090690194765658733
1916,362,0.074788149781040023
1916,252,0.060854855233980099
1916,1598,0.049145469932817896
1917,1917,0
1917,1915,1
1917,41,0.44044292130082191
1917,634,0.36157610006986513
1917,656,0.33099124670698288
1917,1706,0.28625447691139977
1917,464,0.26145809918981888
1917,1519,0.1904509433405947
1917,302,0.18372025729569247
1917,826,0.16683812581261442
1917,230,0.15282515886800799
1917,1414,0.14775115077495626
1917,1866,0.14761942283709437
1917,28,0.14186683268398487
1917,1459,0.095092348743456762
1918,1918,0
1918,666,1
1918,1807,0.45589996538030242
1918,1556,0.38413029517613567
1918,1502,0.37921643295913493
1918,1068,0.36875684018036192
1918,459,0.28459573860357729
1918,109,0.21080008274324091
1918,491,0.16734393096504346
1918,1022,0.16650357685517814
1918,465,0.15048874287075903
1918,966,0.1336034570982976
1918,1418,0.090232643460336465
1918,649,0.062129263297853357
1918,1696,0.053189744361578611
1919,1919,0
1919,1970,1
1919,538,0.82965785665943859
1919,1349,0.59846743469018659
1919,1442,0.23046505669406442
1919,25,0.22648544964969625
1919,36,0.20170240853649432
1919,881,0.18897283425547873
1919,742,0.18073843483757124
1919,1319,0.1115210681779578
1919,1093,0.080638215604663555
1919,1007,0.072258843711844115
1919,1381,0.068177341056408519
1919,1608,0.064246013797203169
1919,862,0.0535591145104422
1920,1920,0
1920,1601,1
1920,1872,0.45240160660330431
1920,1979,0.32617682277411525
1920,824,0.27745538961831739
1920,564,0.27177173689321737
1920,886,0.22981536823943893
1920,45,0.21417001685565479
1920,1847,0.19130106960102256
1920,331,0.17978616804432204
1920,864,0.17841749821792452
1920,1337,0.16968802220255194
1920,1745,0.1629455174589618
1920,1646,0.12804600744032116
1920,604,0.12491941669461536
1921,1921,0
1921,1902,1
1921,588,0.54223193982582718
1921,729,0.31134084971483317
1921,1505,0.28056606102056275
1921,1678,0.25067814394158294
1921,1633,0.20995739893303164
1921,1562,0.2056188775135428
1921,306,0.17936681173093605
1921,1163,0.16810233772467603
1921,1475,0.16520455794513472
1921,682,0.1577682254906547
1921,151,0.14867428563609242
1921,0,0.14455013346428119
1921,713,0.1428361315728586
1922,1922,0
1922,599,1
1922,1607,0.59892824604203465
1922,1436,0.26321930394740561
1922,1074,0.23652305960316175
1922,1787,0.23142920415546689
1922,351,0.21792858085532604
1922,1690,0.20020118762361266
1922,1671,0.19026497736323156
1922,1855,0.17209911218570728
1922,735,0.17079690299786449
1922,832,0.16660350552318315
1922,903,0.15876683100068617
1922,828,0.15717074907977899
1922,1142,0.1429508881356161
1923,1923,0
1923,1933,1
1923,268,0.36778081646940575
1923,536,0.30075744767486329
1923,313,0.29264607629347411
1923,1359,0.25510425467714398
1923,339,0.25329405265762922
1923,1370,0.24169548625489926
1923,763,0.21651035013255424
1923,244,0.19054220098796198
1923,1244,0.16781448867546361
1923,1803,0.16173906516002196
1923,1675,0.15890236610715244
1923,1603,0.15189097214281813
1923,1535,0.14821512300371226
1924,1924,0
1924,1647,1
1924,1245,0.3572930529218416
1924,1732,0.33427284785613642
1924,203,0.29760859489908437
1924,1596,0.28621670043753666
1924,536,0.271259843589715
1924,1144,0.20563479601146431
1924,37,0.19326897194934778
1924,877,0.18779837848839154
1924,95,0.18502126008136383
1924,1972,0.16146183633067721
1924,322,0.15491641235976089
1924,517,0.14952193833753652
1924,1099,0.12261259559894269
1925,1925,0
1925,1447,1
1925,1909,0.56848812170685437
1925,410,0.49832437697807591
1925,1199,0.45757400076535604
1925,1255,0.27397484693995772
1925,949,0.20465382129115628
1925,1173,0.16781957563092215
1925,1281,0.1499187100131899
1925,187,0.13168942970056563
1925,534,0.10179464904307048
1925,1645,0.093265292054349205
1925,1102,0.091653468624090434
1925,387,0.086853925182029196
1925,1412,0.080880563596656935
1926,1926,0
1926,907,1
1926,1291,0.56730646356648973
1926,1472,0.53917274664670023
1926,839,0.31185804026936048
1926,616,0.301291067313949
1926,707,0.22791143448180151
1926,1994,0.20837485532988231
1926,1498,0.18802195071989133
1926,432,0.12653080252195728
1926,1953,0.12586418301844099
1926,629,0.10296199063153436
1926,553,0.093830595659341001
1926,1618,0.079279909868119919
1926,1843,0.034480638661256967
1927,1927,0
1927,1405,1
1927,1664,0.36507985926680181
1927,1037,0.3365176429065499
1927,382,0.28544382972538984
1927,255,0.25587950350596406
1927,957,0.22761271089980714
1927,853,0.21949341174010875
1927,211,0.2136781638945961
1927,661,0.20474685802649187
1927,415,0.16489513736063066
1927,1720,0.16359557693515167
1927,503,0.16148836578249018
1927,1460,0.15447097889097736
1927,829,0.15398717838581746
1928,1928,0
1928,31,1
1928,1432,0.43778692140876524
1928,568,0.34212211089076039
1928,1684,0.25470706420044453
1928,954,0.24879430683725262
1928,1090,0.23727067415389536
1928,1330,0.20321365559178486
1928,1462,0.19683789194900167
1928,232,0.19343656257745478
1928,2,0.19330814976922625
1928,683,0.18248337293129982
1928,1124,0.14068554302833092
1928,1191,0.13866050593594553
1928,649,0.13759153443667033
1929,1929,0
1929,777,1
1929,257,0.41206063722730396
1929,1622,0.4069980714169959
1929,814,0.34164199700168374
1929,1758,0.28319372332660114
1929,452,0.20773897362681865
1929,1682,0.19928724590728361
1929,151,0.19296968580335966
1929,996,0.18109900451033814
1929,796,0.14970195422372662
1929,625,0.14932799567625907
1929,1032,0.14280385707445636
1929,949,0.12234474164628462
1929,1798,0.11773012054694706
1930,1930,0
1930,103,1
1930,740,0.63458735280163991
1930,1853,0.41575877064043537
1930,1399,0.3784442600377958
1930,1496,0.3479838592255205
1930,892,0.20919352821799306
1930,1248,0.14726279508774953
1930,1093,0.1469519883494631
1930,424,0.13380687508372702
1930,1323,0.13082715089690544
1930,1381,0.10529156804914776
1930,918,0.094129829517694566
1930,884,0.084333542262780808
1930,1493,0.078316687708523583
1931,1931,0
1931,32,1
1931,308,0.90871623955815839
1931,1731,0.47507249859246398
1931,1360,0.34302505385715215
1931,1809,0.2625381118576865
1931,1885,0.20664224769349798
1931,1751,0.17033175528555933
1931,1869,0.112168294149739
1931,483,0.090480182062001549
1931,1692,0.077744758161246361
1931,384,0.07441454284031343
1931,1525,0.063956418787966193
1931,1183,0.060969057204771956
1931,1328,0.060836056043966691
1932,1932,0
1932,889,1
1932,391,0.58727941719031218
1932,1576,0.55627604140711528
1932,170,0.3149394098576237
1932,701,0.23607667732803092
1932,1174,0.20086609212793438
1932,1523,0.16761150470116959
1932,1103,0.16257637801974364
1932,496,0.13494969832181286
1932,366,0.12137624560570064
1932,461,0.11749789226890414
1932,27,0.1104131694806245
1932,16,0.10697620578866994
1932,1629,0.09004970129212396
1933,1933,0
1933,1923,1
1933,763,0.73893331051118005
1933,1370,0.57543542977445961
1933,536,0.24945135409601465
1933,244,0.22041187968431203
1933,268,0.21264608218686512
1933,313,0.15717271387583351
1933,1624,0.14408148832230436
1933,464,0.12975286607491907
1933,1803,0.10705431755899215
1933,1244,0.099443185157112271
1933,101,0.096311377267303933
1933,955,0.090476125657774187
1933,1580,0.085722644997952097
1934,1934,0
1934,780,1
1934,1506,0.52425863747895007
1934,1841,0.41747272468011326
1934,1249,0.29969427824078287
1934,1078,0.26227253533198308
1934,297,0.23054609504744969
1934,1536,0.22351094012313474
1934,1416,0.22083895826599115
1934,1391,0.14775270937249474
1934,1141,0.14687145636890445
1934,836,0.12779596799045945
1934,852,0.10900654771068546
1934,1274,0.098629634007533981
1934,1115,0.098237246859346969
1935,1935,0
1935,333,1
1935,1635,0.73331830845887769
1935,922,0.66143264364203624
1935,444,0.22113458252339524
1935,1270,0.17018192331245691
1935,860,0.1512897215440849
1935,220,0.15030726944920147
1935,1731,0.13840276939425428
1935,643,0.13677063893286914
1935,107,0.12647198095309631
1935,1328,0.1257423181310095
1935,1274,0.10810356586537295
1935,1751,0.0921107273552315
1935,371,0.091616628328009139
1936,1936,0
1936,1273,1
1936,1818,0.46145426745058871
1936,1138,0.44395181198567291
1936,942,0.41060823830296539
1936,844,0.3223658070389861
1936,1696,0.24295586207925932
1936,1604,0.20809842538696555
1936,459,0.17458894976254313
1936,655,0.13290414481453727
1936,988,0.119656203247613
1936,1283,0.1033887185848584
1936,666,0.10290442240048542
1936,1918,0.097280172520310779
1936,1260,0.08672613428309757
1937,1937,0
1937,535,1
1937,1636,0.75152804050123501
1937,1104,0.51899076307902825
1937,1912,0.30492677028586912
1937,1153,0.21722423677733016
1937,679,0.19017134019612134
1937,1984,0.1806924105241951
1937,561,0.1476218744543917
1937,803,0.11603428362958988
1937,1333,0.10979678386372975
1937,1485,0.10248110802135987
1937,49,0.093475083983763405
1937,276,0.087326387119987428
1937,501,0.086614409795476452
1938,1938,0
1938,969,1
1938,878,0.51038524868190216
1938,871,0.33192790437258402
1938,531,0.26679165421673434
1938,285,0.24348072104962018
1938,1399,0.23191907082207405
1938,858,0.21016698212537277
1938,1496,0.20562595881722395
1938,1248,0.18712798151583016
1938,1323,0.18569408214214758
1938,61,0.14609888982845154
1938,1890,0.13467874493648663
1938,1695,0.1344107894430589
1938,1341,0.118577775003012
1939,1939,0
1939,1800,1
1939,1895,0.62402289320528259
1939,824,0.39971874493770448
1939,88,0.39190229375117708
1939,1769,0.26538415694533685
1939,1417,0.26073619668814985
1939,1120,0.21556131184712288
1939,1015,0.1575679007316132
1939,11,0.1441983387898669
1939,1979,0.12472212765225539
1939,644,0.087292275244869794
1939,230,0.087261258697883232
1939,1892,0.074400331546732562
1939,807,0.074128380416640854
1940,1940,0
1940,961,1
1940,942,0.44730891138129875
1940,1604,0.33081876699797264
1940,596,0.32929976641386882
1940,1344,0.24635579665464
1940,1474,0.23088626126253811
1940,654,0.218211887426108
1940,269,0.20319029784652684
1940,1586,0.17326578335767173
1940,1273,0.16431402924220995
1940,293,0.15555623483544614
1940,189,0.14182106332361208
1940,499,0.13655871821645449
1940,1936,0.12930445961622933
1941,1941,0
1941,1209,1
1941,1771,0.61639089651029277
1941,312,0.3524894457382079
1941,265,0.248900589499636
1941,517,0.23811471777953119
1941,635,0.2283488624901206
1941,203,0.17969600054659002
1941,1585,0.16260198528215275
1941,108,0.1612887419056197
1941,1564,0.15964837637350301
1941,1101,0.15582776071957974
1941,172,0.14650458147410264
1941,570,0.13164691967596484
1941,1752,0.12543155353028179
1942,1942,0
1942,248,1
1942,1211,0.75001152628461099
1942,889,0.72931859292044532
1942,1689,0.21218402359883223
1942,30,0.16423922194272547
1942,1576,0.15827937185819055
1942,1876,0.1373485502014859
1942,1522,0.12689273559360384
1942,461,0.12436479250569352
1942,1065,0.11297942540077029
1942,453,0.10930014212884208
1942,1447,0.10068967438707642
1942,1199,0.093950944770278683
1942,746,0.087339028712788064
1943,1943,0
1943,424,1
1943,473,0.82169197247442016
1943,687,0.47030309997205066
1943,1853,0.37736916073636245
1943,1930,0.19945365075622196
1943,531,0.19227561962288522
1943,346,0.15486499788487412
1943,188,0.12503876681374118
1943,540,0.12230197247411026
1943,437,0.09780219734824476
1943,1704,0.090662291973710785
1943,1270,0.08820014869087478
1943,678,0.087955485342861198
1943,842,0.078970185271615659
1944,1944,0
1944,1822,1
1944,997,0.60319272945498303
1944,1035,0.49891540371193144
1944,741,0.29549015350909613
1944,1615,0.2053418436116061
1944,1894,0.18059055425125917
1944,1873,0.17495114575053353
1944,397,0.15959470810733986
1944,179,0.14379515328225709
1944,195,0.14123159823302317
1944,970,0.14069142975578885
1944,524,0.13619480829063521
1944,1983,0.11587382691670343
1944,1557,0.11103056894497237
1945,1945,0
1945,1599,1
1945,482,0.82627681478734283
1945,758,0.56368843205490682
1945,1415,0.53860736091313233
1945,468,0.22809550908738713
1945,1761,0.15589892082235079
1945,1782,0.10608189325965385
1945,574,0.098061957250794085
1945,1412,0.096413413076360449
1945,732,0.075088008688018848
1945,665,0.060708095840327242
1945,658,0.055370218418862555
1945,241,0.05206927344729418
1945,1108,0.050523528745878871
1946,1946,0
1946,1971,1
1946,1998,0.71327374592590487
1946,1988,0.6644933693957894
1946,1913,0.50657522259529963
1946,1387,0.45561016088169654
1946,95,0.20862036286193764
1946,1459,0.10604075359541211
1946,552,0.051077812390503095
1946,1406,0.048371536990799976
1946,1224,0.03905165717921609
1946,1955,0.038456141040038916
1946,1357,0.034182356444372668
1946,575,0.020934672165977861
1946,693,0.020194405206818925
1947,1947,0
1947,1890,1
1947,1751,0.50050266424008216
1947,1136,0.4625909211889086
1947,721,0.38230140504711557
1947,444,0.28306284650705393
1947,1809,0.22193035113102835
1947,1332,0.21313638188238723
1947,878,0.18250828898370422
1947,1304,0.14901444729396324
1947,669,0.1246203583088219
1947,1328,0.10104940385498598
1947,995,0.10084413396203117
1947,1534,0.097671712094492893
1947,296,0.087667673884485361
1948,1948,0
1948,1760,1
1948,517,0.62661506401322842
1948,165,0.41939082631416574
1948,203,0.3324885058129155
1948,1279,0.27943870288837186
1948,1456,0.22731055491734081
1948,1459,0.22166826639226914
1948,1752,0.19781583049553805
1948,1600,0.14108992864148939
1948,354,0.10227411696685507
1948,44,0.094516441425569572
1948,1243,0.090859509396746654
1948,1401,0.088121596665884636
1948,1685,0.085307926297711736
1949,1949,0
1949,22,1
1949,1181,0.47889395972125348
1949,233,0.46662997567377729
1949,921,0.32602903231657271
1949,690,0.31977847293840755
1949,1546,0.20873256823966627
1949,976,0.17602352175295932
1949,1076,0.17504400218868393
1949,505,0.17226463650419249
1949,970,0.14381712280353109
1949,195,0.13100152215058364
1949,1450,0.11850787607715534
1949,671,0.10071362957364119
1949,318,0.089455840388289853
1950,1950,0
1950,1709,1
1950,1272,0.47534909497180783
1950,912,0.44441586701793262
1950,362,0.41351895423793822
1950,1255,0.30959143547851503
1950,1380,0.23975915131914241
1950,77,0.19289580180485663
1950,1083,0.14179123301126931
1950,713,0.13846925963247084
1950,1036,0.11807768910509621
1950,1909,0.11202886142866041
1950,227,0.11049271961529036
1950,328,0.1074293216702065
1950,63,0.1030733054103181
1951,1951,0
1951,227,1
1951,773,0.65060797856450758
1951,418,0.43642601200615522
1951,727,0.20939770817601727
1951,605,0.19141464096467739
1951,394,0.18671236814022318
1951,713,0.17302455003861331
1951,247,0.16842809254647625
1951,117,0.1594796133036348
1951,1854,0.15362379448623412
1951,252,0.15221561656524885
1951,1040,0.15030180783236219
1951,1160,0.14034732132900102
1951,217,0.13490808316843556
1952,1952,0
1952,131,1
1952,1648,0.58839126835511224
1952,420,0.42199298283853842
1952,1633,0.38932016234826161
1952,0,0.23641767514508191
1952,1008,0.21400597959219539
1952,973,0.21351477093727667
1952,1380,0.14898179083425342
1952,1678,0.13692971716817767
1952,1108,0.12094252621741622
1952,1539,0.11584850752257578
1952,1958,0.11515398653005789
1952,1649,0.10536799756555683
1952,1808,0.10001934571005631
1953,1953,0
1953,537,1
1953,616,0.52347168570610914
1953,520,0.36226525933679871
1953,553,0.30639212472613248
1953,1601,0.243798257290889
1953,41,0.20542699585365018
1953,1070,0.18877347237840181
1953,1291,0.18659540239463704
1953,331,0.15967727869165477
1953,414,0.15920786257007791
1953,707,0.15733412489066959
1953,946,0.14235641002795985
1953,345,0.13783332368651227
1953,354,0.13376438300579882
1954,1954,0
1954,1298,1
1954,1764,0.89757422418978194
1954,629,0.65547502798851887
1954,1587,0.27046214651307965
1954,228,0.24258645896177383
1954,1723,0.16023209094995275
1954,1620,0.15763073111698486
1954,85,0.093588648613884579
1954,810,0.090427868496956096
1954,409,0.078155026406448683
1954,1500,0.073238773199486656
1954,199,0.071638445760515146
1954,1402,0.065706484742339186
1954,725,0.050183478842168734
1955,1955,0
1955,877,1
1955,1245,0.63067804176315012
1955,1946,0.39664349737059923
1955,947,0.31440467001610017
1955,1987,0.27438815023784691
1955,304,0.26103724181163313
1955,1998,0.23674165196055394
1955,1779,0.15704595419999232
1955,130,0.13872191213750593
1955,1811,0.12644701231636496
1955,1463,0.10966497522827845
1955,883,0.10442458288244967
1955,526,0.084241941895638273
1955,1656,0.072447413801944083
1956,1956,0
1956,1986,1
1956,326,0.6321932681733321
1956,298,0.36987984964974685
1956,1022,0.32595075885690428
1956,1556,0.32115408339607476
1956,1546,0.20959355969474849
1956,1254,0.17684123209938421
1956,78,0.16527791267416267
1956,194,0.14657481146481516
1956,359,0.13494825839859975
1956,1721,0.13183004784308636
1956,690,0.10257029868182059
1956,923,0.099957079916685426
1956,1528,0.090121976914081581
1957,1957,0
1957,136,1
1957,553,0.4437729568446534
1957,448,0.40698479859152187
1957,1403,0.36069408201557679
1957,1472,0.31607980901062743
1957,839,0.18357358711408661
1957,290,0.17907784325091491
1957,1558,0.15801525244478973
1957,823,0.15679397002069301
1957,28,0.15521526360604918
1957,432,0.14742138993877116
1957,345,0.14409734964076906
1957,338,0.13335815532891193
1957,506,0.12179804783199281
1958,1958,0
1958,1617,1
1958,963,0.85823338422473938
1958,756,0.66859157056005036
1958,117,0.46779739781185853
1958,1916,0.32615355841284088
1958,420,0.1802435266531533
1958,1469,0.099649545461797967
1958,391,0.067616853441993044
1958,847,0.064602623421789282
1958,1678,0.060560161602564874
1958,288,0.040152744948105092
1958,916,0.028896104806937425
1958,277,0.022951072126240622
1958,1227,0.021449727605393688
1959,1959,0
1959,41,1
1959,1708,0.94253301085267738
1959,675,0.75243741253510199
1959,494,0.45733522793076903
1959,400,0.16677618034584407
1959,537,0.14398767852948538
1959,414,0.089621969251211728
1959,1401,0.077216218272292678
1959,271,0.074619498992413477
1959,331,0.071592553422340555
1959,556,0.069809674538292163
1959,1953,0.021385399160106126
1959,1872,0.021285109542119249
1959,354,0.018289604883508791
1960,1960,0
1960,811,1
1960,1499,0.42610180014762999
1960,15,0.4241318436099914
1960,700,0.34515269518994102
1960,1390,0.32596150120998951
1960,1196,0.23172307188171476
1960,425,0.22489513259855237
1960,792,0.22379895685298887
1960,1326,0.16101909708320003
1960,1617,0.11191052332379126
1960,1909,0.1119082859714625
1960,454,0.11164681960045655
1960,387,0.10943106702600192
1960,1649,0.099206542419537913
1961,1961,0
1961,101,1
1961,1904,0.98387914114427955
1961,74,0.6188018375165274
1961,998,0.4069295932083023
1961,517,0.30155290181856109
1961,1585,0.27569908901681628
1961,271,0.11518306672643504
1961,57,0.049975689497202123
1961,104,0.042553960795285652
1961,955,0.034744809626443544
1961,287,0.022435444453941401
1961,265,0.019160046670035204
1961,44,0.018930292031354205
1961,815,0.017039740587281374
1962,1962,0
1962,1123,1
1962,51,0.67719572851868692
1962,1265,0.55927926044287479
1962,1816,0.30302569070356922
1962,1373,0.29281402533242207
1962,742,0.22851992752021458
1962,371,0.12743719926691502
1962,1692,0.12732728931730927
1962,1608,0.12175827256820719
1962,316,0.11844721173800898
1962,1134,0.094871244999342547
1962,1143,0.088255397392009091
1962,1172,0.085136184179574262
1962,1563,0.082824456961561127
1963,1963,0
1963,726,1
1963,631,0.76851914250641296
1963,1093,0.66298343190139175
1963,1112,0.51441579968553364
1963,161,0.44862317035881299
1963,1089,0.25935861182207087
1963,1292,0.087481597006697012
1963,177,0.048057190156309194
1963,1756,0.046850174381006908
1963,740,0.032735758648426691
1963,402,0.01682673629368097
1963,208,0.01327776664084084
1963,1088,0.003990297015235093
1963,1341,0.0037611565134266578
1964,1964,0
1964,879,1
1964,990,0.87384436125484921
1964,1686,0.77671236342758865
1964,1086,0.46828190591714297
1964,185,0.17487422085121221
1964,458,0.13714338573463353
1964,1367,0.12638291848610034
1964,1722,0.085617398464277045
1964,252,0.073017144978471601
1964,1448,0.068174156456500851
1964,260,0.03217828286668574
1964,1358,0.030967214214978479
1964,306,0.02988022194833214
1964,560,0.02982160833902216
1965,1965,0
1965,20,1
1965,1185,0.68545261711292649
1965,1072,0.33729998857916682
1965,472,0.30967116678182144
1965,1225,0.18433245183195179
1965,1862,0.17904395022526701
1965,1329,0.17457816916901212
1965,1392,0.15905769471241016
1965,1320,0.1565538000536269
1965,846,0.15316473715898027
1965,1614,0.14636001487691938
1965,1685,0.14388024669208851
1965,693,0.1404602314037284
1965,521,0.13703323983819626
1966,1966,0
1966,645,1
1966,1282,0.57592011639276164
1966,1529,0.35424517149358653
1966,1372,0.3189149058077172
1966,178,0.27959352869009668
1966,709,0.2507484502239215
1966,1238,0.2503746990190322
1966,1435,0.20710665560639085
1966,1746,0.16568163352605644
1966,901,0.13425788081227538
1966,1222,0.11943444167327222
1966,413,0.093862970958843411
1966,436,0.079367746682622239
1966,381,0.07739184073055097
1967,1967,0
1967,1094,1
1967,1669,0.78596197157024872
1967,212,0.60705638174617849
1967,450,0.54042284256788209
1967,856,0.20525782452021862
1967,1457,0.10367752888564853
1967,1777,0.10197391926430378
1967,369,0.088655710423566139
1967,654,0.088226724233463408
1967,596,0.0876886139098942
1967,1568,0.085685614701477938
1967,243,0.079265257295718872
1967,861,0.07501395023931462
1967,1276,0.058002841997534679
1968,1968,0
1968,1816,1
1968,890,0.78093837719227011
1968,253,0.41226533270701288
1968,663,0.39368575185181043
1968,643,0.24323802379912526
1968,1134,0.22089770978999268
1968,1321,0.1616498790049084
1968,748,0.14602751948598627
1968,1143,0.10430450951375016
1968,1123,0.10252361749047069
1968,784,0.090277773221962218
1968,445,0.087596894468652792
1968,1991,0.083935391059094852
1968,1608,0.079541929218657867
1969,1969,0
1969,1311,1
1969,164,0.29181744246261088
1969,842,0.26560209449447636
1969,1704,0.25718401931802432
1969,541,0.25009389965861595
1969,608,0.22708790606256152
1969,1608,0.22608927098962137
1969,771,0.22108751982297659
1969,1486,0.20937270126704169
1969,1869,0.20295329127521153
1969,1627,0.19557617364351101
1969,238,0.19491934031363187
1969,742,0.18421945645408019
1969,1353,0.18087755802231251
1970,1970,0
1970,1919,1
1970,1140,0.84651418725428318
1970,1264,0.52760873181692658
1970,510,0.29795694930445293
1970,1349,0.26540836942146973
1970,742,0.18481615804146323
1970,1093,0.17137018315539754
1970,1172,0.16849032505761805
1970,25,0.1293763671308556
1970,1772,0.092132693027164064
1970,1037,0.08619170462528479
1970,631,0.049852062796435372
1970,538,0.044441353069419598
1970,1815,0.042721775279696422
1971,1971,0
1971,755,1
1971,1368,0.45666827435839108
1971,1946,0.35341112662904378
1971,474,0.24324793133132488
1971,1913,0.22345839049112803
1971,1564,0.22167539744680254
1971,763,0.21463623320128858
1971,604,0.20652021794860859
1971,944,0.20002021632962486
1971,1459,0.17476023911142835
1971,728,0.1695684209992471
1971,1329,0.16431543957216471
1971,1685,0.14138459944180559
1971,877,0.13723038844189328
1972,1972,0
1972,203,1
1972,580,0.39167155226439465
1972,1151,0.34371422837454729
1972,349,0.29981121817334283
1972,873,0.24862883832857466
1972,1647,0.24538992878378432
1972,808,0.23282923494100566
1972,1924,0.20714210529743848
1972,1158,0.16895223377928489
1972,1771,0.16488579700514047
1972,304,0.16298145047801157
1972,1799,0.15156605189925398
1972,1847,0.14533619221684166
1972,840,0.14398164390001128
1973,1973,0
1973,1227,1
1973,508,0.38136310345879915
1973,1504,0.36848372981929955
1973,303,0.30399476725173125
1973,196,0.28911515571875707
1973,5,0.24859577915536316
1973,1412,0.22088535678418506
1973,1978,0.21341568620000453
1973,963,0.20849755323762481
1973,1981,0.1638572601690004
1973,1324,0.15840313392081412
1973,758,0.12335154370987057
1973,879,0.11670743027311815
1973,1086,0.11021168325443172
1974,1974,0
1974,1250,1
1974,525,0.52037484867194395
1974,1226,0.37497788950681837
1974,1568,0.31907874343021925
1974,1034,0.29101650306300253
1974,115,0.28176527937954932
1974,861,0.20462863240865831
1974,455,0.18586937833271494
1974,1069,0.15742692150087992
1974,243,0.12823205914696478
1974,1681,0.11864465615266531
1974,788,0.11744265789176753
1974,1660,0.10465192241155183
1974,369,0.10277194960893951
1975,1975,0
1975,1766,1
1975,246,0.86008370304339288
1975,814,0.54875766229882705
1975,1716,0.40553303371432003
1975,1898,0.25348721364140997
1975,964,0.21316261943707548
1975,1233,0.1541192786860934
1975,1578,0.12410595859791146
1975,385,0.095430346362189625
1975,1929,0.072941580200860306
1975,452,0.051104035724718
1975,1423,0.050039910939872388
1975,1837,0.041947752475957834
1975,1622,0.036187224545010527
1976,1976,0
1976,1002,1
1976,1600,0.45372884540320685
1976,1127,0.3929810577368954
1976,883,0.33241976627749753
1976,1858,0.23148546384927363
1976,1148,0.22836706815690686
1976,481,0.22269937162563791
1976,840,0.19911174760774394
1976,1610,0.17441027759763977
1976,349,0.16491720026624754
1976,1224,0.13373053096989654
1976,1015,0.1255565965789168
1976,928,0.12443380622952206
1976,1518,0.12305013034174057
1977,1977,0
1977,332,1
1977,390,0.32894259934855274
1977,1641,0.31609664952266764
1977,706,0.29301835885364103
1977,346,0.23895263227732916
1977,1512,0.23643456118404843
1977,1249,0.22435737292541366
1977,892,0.22336048698037847
1977,1043,0.20884051440801954
1977,144,0.17709129682975019
1977,539,0.17572085673905086
1977,1768,0.17259620504484208
1977,1212,0.1639716976165507
1977,103,0.14750829336400664
1978,1978,0
1978,1324,1
1978,579,0.78699275792894829
1978,1792,0.27332348955335656
1978,573,0.24220586567589106
1978,1680,0.2370378313751127
1978,303,0.18301475060075931
1978,625,0.18045102003077559
1978,1425,0.17533060509000684
1978,1973,0.16066980492084482
1978,981,0.15013762651656276
1978,1686,0.14775298618037858
1978,1981,0.13780527480694399
1978,257,0.12492440506705003
1978,1763,0.1072413207461102
1979,1979,0
1979,886,1
1979,349,0.45127419590979578
1979,1519,0.38524816621792868
1979,1745,0.33493560236704162
1979,464,0.270687511423927
1979,1847,0.24127208786077475
1979,1520,0.21472931279797869
1979,536,0.1818244259295673
1979,481,0.1735632942990655
1979,11,0.15347396230869453
1979,1920,0.14006433056352846
1979,1120,0.1283538799209068
1979,1760,0.12563072513848184
1979,873,0.10584292762042213
1980,1980,0
1980,1315,1
1980,866,0.93176534902392216
1980,585,0.61021237301116371
1980,1457,0.37438545895968894
1980,1095,0.31199126271691491
1980,47,0.25416763130515285
1980,1069,0.11257537999286699
1980,1135,0.061837094815376838
1980,1626,0.050184999587638897
1980,666,0.047644320440572846
1980,683,0.045907801450243924
1980,1344,0.041199043941272169
1980,633,0.033640478386438702
1980,568,0.03137259221217905
1981,1981,0
1981,328,1
1981,303,0.56044141215788901
1981,1792,0.52802286023130118
1981,196,0.34897386148940346
1981,5,0.27371452172150229
1981,713,0.20311711981687874
1981,1561,0.15901716802176563
1981,1709,0.14394337503155033
1981,855,0.13052499616319205
1981,306,0.12411209655149272
1981,579,0.11976279854180168
1981,566,0.1113605487698465
1981,981,0.10430254464184001
1981,605,0.099595210684447211
1982,1982,0
1982,1697,1
1982,20,0.42100091760439134
1982,1965,0.41961080806922957
1982,1887,0.28219149173569225
1982,1002,0.25481534284930446
1982,1463,0.22824496721773577
1982,1185,0.19917113805801404
1982,883,0.18142725968896686
1982,1329,0.16464440743687292
1982,693,0.16066243751286705
1982,1225,0.1592478237308721
1982,1343,0.1500574429267813
1982,1206,0.14772845142646585
1982,699,0.13809639626156425
1983,1983,0
1983,1851,1
1983,273,0.83709396924586088
1983,558,0.78247706751611246
1983,524,0.50673676332721229
1983,318,0.19888681339048173
1983,997,0.12683326070937323
1983,1767,0.10457780604183406
1983,1628,0.079809711591227517
1983,1944,0.075034467847582484
1983,1035,0.045535475244279408
1983,150,0.038702668232408671
1983,1181,0.03739986265490855
1983,671,0.037375159352899964
1983,1546,0.03643331467413264
1984,1984,0
1984,1636,1
1984,1104,0.58352081098186337
1984,1153,0.44111380034238989
1984,1295,0.38551449534491644
1984,1805,0.3215125956576611
1984,1030,0.19621622102428227
1984,1194,0.18178682675902938
1984,535,0.17660561481908257
1984,801,0.14563069260979472
1984,679,0.11916875976412421
1984,865,0.10688667581817526
1984,22,0.10169914523646997
1984,970,0.082421552265734568
1984,803,0.064822411126583379
1985,1985,0
1985,1144,1
1985,785,0.51876691593140012
1985,1732,0.40904672936630854
1985,1924,0.32573098631246977
1985,1145,0.27637622816204777
1985,1698,0.20941540857646204
1985,1216,0.2069212012981741
1985,1524,0.19525898814000675
1985,1849,0.15333310619680532
1985,275,0.14537687109053565
1985,1647,0.12471738174506346
1985,536,0.12436953554206238
1985,95,0.10906712855181648
1985,1596,0.10851514956571534
1986,1986,0
1986,1801,1
1986,1956,0.97045826547027003
1986,270,0.65289595453809435
1986,79,0.18552276927842373
1986,78,0.17975200634064384
1986,599,0.16995753777064479
1986,326,0.14383660755925512
1986,690,0.11909076786691822
1986,109,0.11267334473226413
1986,923,0.096257398143936995
1986,921,0.07678402955356653
1986,787,0.068015893703728209
1986,195,0.066632733286640725
1986,1082,0.065013990681601644
1987,1987,0
1987,378,1
1987,899,0.31479528552864072
1987,1312,0.29528018016388979
1987,1600,0.27506573942355361
1987,475,0.26129323118792092
1987,165,0.21586568398606834
1987,1988,0.20027524994113083
1987,1406,0.19876814247074331
1987,1998,0.19781428980680979
1987,1101,0.19771810483843502
1987,1811,0.19557384071148382
1987,354,0.18743286563301675
1987,1395,0.18410663088639917
1987,1459,0.18289683206709367
1988,1988,0
1988,95,1
1988,1406,0.7256893204003908
1988,84,0.39637292232798826
1988,757,0.23458810114024445
1988,1144,0.22241963215361094
1988,302,0.18703529683827888
1988,1387,0.18254083726538897
1988,1946,0.16750473979879008
1988,1459,0.1566918823752757
1988,1395,0.14010478814510088
1988,1998,0.1287827352163935
1988,133,0.12819633828077076
1988,1987,0.12697940036668096
1988,1198,0.10998766070120193
1989,1989,0
1989,186,1
1989,482,0.95749682951866433
1989,325,0.68415718765406686
1989,874,0.29672145352342905
1989,391,0.18453168729586211
1989,657,0.1582688527646515
1989,1761,0.13573972555713729
1989,1945,0.1019585050602637
1989,27,0.10018204203244668
1989,916,0.085867473277934744
1989,1412,0.075480007209161398
1989,758,0.058302101448882947
1989,1599,0.043138713509278497
1989,366,0.025049851233140037
1990,1990,0
1990,1838,1
1990,761,0.70774992429516159
1990,324,0.55347582654866834
1990,1657,0.39826829380160522
1990,1810,0.27306084871483544
1990,598,0.2085426383691692
1990,57,0.18322487110736524
1990,1025,0.182098226456681
1990,66,0.10293372393455595
1990,815,0.068833765953726311
1990,1752,0.068586083355430941
1990,265,0.059405135460299859
1990,960,0.058958211967153562
1990,1668,0.041755935808618423
1991,1991,0
1991,445,1
1991,323,0.67050932918925055
1991,1134,0.45676064400678834
1991,1567,0.42303162505310754
1991,643,0.21318072983034955
1991,623,0.17800299857181276
1991,1384,0.16396904593497616
1991,1286,0.15712952047255749
1991,825,0.14122039173175818
1991,107,0.12559714073289441
1991,1328,0.10344678884872606
1991,480,0.10047355426480419
1991,253,0.093873968190676574
1991,157,0.0796992094664081
1992,1992,0
1992,535,1
1992,1276,0.85074570478824785
1992,827,0.68739253727524774
1992,497,0.63494602534403388
1992,737,0.16295668397684379
1992,1805,0.075260212236388957
1992,348,0.071354298340303171
1992,1077,0.070584881780108244
1992,356,0.067211080790628985
1992,718,0.066535488900084497
1992,664,0.061467867741380293
1992,856,0.061335261994245147
1992,865,0.056424193054101533
1992,289,0.040679075432975997
1993,1993,0
1993,569,1
1993,1004,0.48334340594988706
1993,746,0.34923928611815475
1993,527,0.28899987854118236
1993,711,0.24459627403236014
1993,16,0.23290592360832446
1993,1773,0.23116126553202643
1993,1574,0.19208310555304717
1993,1441,0.17564661715971383
1993,1347,0.15774335849535309
1993,364,0.14166640277685977
1993,729,0.13784138174103883
1993,1425,0.13636852283447951
1993,588,0.13529515358616809
1994,1994,0
1994,1537,1
1994,567,0.34639696251778385
1994,1540,0.31787384861320855
1994,1926,0.24378116990810234
1994,1884,0.24091566599002343
1994,1594,0.23400772539863918
1994,409,0.22698726291513005
1994,408,0.20305621180636679
1994,907,0.20037560587183217
1994,1533,0.19302720796348322
1994,1291,0.18148913091135779
1994,1771,0.17815451149431963
1994,1585,0.17529448230339451
1994,312,0.16553286058607763
1995,1995,0
1995,1000,1
1995,125,0.4007701015693691
1995,75,0.32734186896657341
1995,401,0.31224976847196534
1995,348,0.30910317141511823
1995,1219,0.2799242138635481
1995,1546,0.22603283031504315
1995,1573,0.2124016266111467
1995,194,0.20284355930358311
1995,1096,0.14234428043270808
1995,1283,0.14108168331162052
1995,359,0.12172890520422276
1995,523,0.11756650925431272
1995,1413,0.11351050488508475
1996,1996,0
1996,1220,1
1996,471,0.49218122837583256
1996,14,0.46141341912307227
1996,301,0.3565204306789585
1996,353,0.35548908908744686
1996,309,0.28726560869666906
1996,1940,0.22077113976905088
1996,1569,0.1627727316413127
1996,1138,0.14923912603290629
1996,269,0.10219069677108961
1996,1252,0.093055033483480334
1996,911,0.089518468049944414
1996,942,0.073798692667607815
1996,1006,0.062672987400229085
1997,1997,0
1997,1804,1
1997,764,0.34783539919383566
1997,1292,0.30515629470031302
1997,794,0.2562056196761443
1997,1404,0.25206910457477716
1997,1304,0.24863526080353571
1997,71,0.23258005960433695
1997,1963,0.23104627971231642
1997,726,0.21438417493343212
1997,1386,0.20073715506757991
1997,1003,0.19794253886643093
1997,1754,0.16370674999536799
1997,146,0.13173170095484732
1997,208,0.12485520710030534
1998,1998,0
1998,1459,1
1998,448,0.49198633238930428
1998,28,0.41507420981267329
1998,808,0.3090574797455562
1998,354,0.28263660098341054
1998,1357,0.24809441113758265
1998,1395,0.19057574005171932
1998,1946,0.16119210495672781
1998,304,0.14788230678512856
1998,1243,0.14559209057513059
1998,95,0.13969798677176198
1998,165,0.13344396058191499
1998,1988,0.12238799273025427
1998,1987,0.11927606931253193
1999,1999,0
1999,1545,1
1999,1735,0.34235180505963025
1999,736,0.31663386566489921
1999,649,0.28034958623577866
1999,1556,0.25807935209533639
1999,267,0.2576554330562707
1999,1673,0.23895217862671081
1999,1460,0.23325483202464248
1999,954,0.18601041422234685
1999,972,0.1660631552213743
1999,1056,0.15986016885480159
1999,672,0.15924390692807133
1999,1502,0.15514672217215153
1999,1651,0.15328818512159548
