0,0,0
0,1633,1
0,1562,0.45924007892608643
0,131,0.42281985282897949
0,1648,0.39289551973342896
0,1375,0.28449422121047974
0,708,0.18443974852561951
0,1678,0.18300770223140717
0,1921,0.15645256638526917
0,1322,0.14418745040893555
0,1380,0.14297030866146088
0,420,0.14174586534500122
0,1505,0.13371451199054718
0,973,0.13241954147815704
0,135,0.12851178646087646
1,1,0
1,1526,1
1,1280,0.73260796070098877
1,479,0.49938735365867615
1,652,0.44107386469841003
1,491,0.21624410152435303
1,880,0.18210560083389282
1,40,0.16995193064212799
1,399,0.15647554397583008
1,206,0.11794576793909073
1,1275,0.083957172930240631
1,1873,0.080857738852500916
1,636,0.076787814497947693
1,1374,0.076365105807781219
1,123,0.073133118450641632
2,2,0
2,1700,1
2,1330,0.66170692443847656
2,1303,0.42969781160354614
2,1092,0.23152817785739899
2,568,0.22225598990917206
2,618,0.21650891005992889
2,62,0.20774121582508087
2,1651,0.17819482088088989
2,865,0.14924590289592743
2,1122,0.13566447794437408
2,982,0.13145838677883148
2,419,0.11804415285587311
2,838,0.11388322710990906
2,829,0.11095920205116272
3,3,0
3,1149,1
3,93,0.60569643974304199
3,226,0.41250357031822205
3,252,0.26392450928688049
3,288,0.25944265723228455
3,646,0.25716316699981689
3,1860,0.2478504478931427
3,711,0.17653043568134308
3,1451,0.15778999030590057
3,394,0.15272948145866394
3,1505,0.12073393911123276
3,1010,0.089820466935634613
3,63,0.088238433003425598
3,1593,0.074465095996856689
4,4,0
4,1356,1
4,1774,0.56734490394592285
4,1736,0.39138302206993103
4,992,0.26381191611289978
4,125,0.24209262430667877
4,622,0.21693053841590881
4,530,0.21682342886924744
4,455,0.19756469130516052
4,1081,0.17856499552726746
4,523,0.15243814885616302
4,651,0.13561683893203735
4,1827,0.12933941185474396
4,1548,0.12043959647417068
4,668,0.094534844160079956
5,5,0
5,303,1
5,196,0.97504633665084839
5,1683,0.53184157609939575
5,879,0.42037850618362427
5,1981,0.21844668686389923
5,758,0.16809235513210297
5,1782,0.15639959275722504
5,981,0.10628107935190201
5,1792,0.086281567811965942
5,1345,0.0639662966132164
5,916,0.063504621386528015
5,1227,0.049769051373004913
5,484,0.033534526824951172
5,306,0.033348999917507172
6,6,0
6,677,1
6,1186,0.46645918488502502
6,994,0.31590193510055542
6,549,0.24425880610942841
6,1374,0.23580263555049896
6,1275,0.22092923521995544
6,1076,0.21640197932720184
6,79,0.19990727305412292
6,1266,0.19989848136901855
6,491,0.19613794982433319
6,78,0.17441384494304657
6,399,0.16653013229370117
6,1526,0.13882322609424591
6,1194,0.13143256306648254
7,7,0
7,1656,1
7,448,0.59151631593704224
7,338,0.45260748267173767
7,1054,0.38049301505088806
7,405,0.37044793367385864
7,250,0.23795686662197113
7,1403,0.18442593514919281
7,1309,0.17353056371212006
7,1957,0.12921352684497833
7,136,0.10817842930555344
7,1708,0.083159662783145905
7,1910,0.068141661584377289
7,1167,0.064520053565502167
7,354,0.062692083418369293
8,8,0
8,1559,1
8,1157,0.82181280851364136
8,1323,0.26802805066108704
8,1265,0.26395449042320251
8,148,0.2481900155544281
8,1399,0.16837869584560394
8,1510,0.16599848866462708
8,1823,0.16366223990917206
8,842,0.16072040796279907
8,722,0.15737572312355042
8,871,0.14433659613132477
8,1534,0.11868763715028763
8,483,0.11449810862541199
8,188,0.11125408858060837
9,9,0
9,1867,1
9,450,0.82961106300354004
9,1873,0.44866567850112915
9,1362,0.38405200839042664
9,485,0.3352217972278595
9,269,0.14453013241291046
9,772,0.14326491951942444
9,1541,0.11304165422916412
9,1191,0.10629319399595261
9,661,0.10075780749320984
9,479,0.098073914647102356
9,1669,0.07110220193862915
9,654,0.066263243556022644
9,652,0.066004455089569092
10,10,0
10,386,1
10,1343,0.4811585545539856
10,1039,0.27786567807197571
10,1697,0.25062248110771179
10,1849,0.24980022013187408
10,1784,0.22287580370903015
10,1054,0.21119558811187744
10,1656,0.20381361246109009
10,1924,0.18441154062747955
10,37,0.17173129320144653
10,1224,0.16934409737586975
10,1698,0.16608212888240814
10,1524,0.15911883115768433
10,1647,0.15887315571308136
11,11,0
11,1519,1
11,886,0.46370065212249756
11,1979,0.38573062419891357
11,1015,0.35821408033370972
11,770,0.28653392195701599
11,1575,0.24944959580898285
11,644,0.19984163343906403
11,1357,0.19584523141384125
11,552,0.13858279585838318
11,1915,0.13592904806137085
11,1946,0.12919704616069794
11,1745,0.12437770515680313
11,1170,0.12078256160020828
11,1939,0.11869604140520096
12,12,0
12,1743,1
12,922,0.37101626396179199
12,748,0.28577220439910889
12,643,0.27468881011009216
12,1493,0.23437763750553131
12,1517,0.23415927588939667
12,29,0.21210609376430511
12,765,0.19816038012504578
12,919,0.19764645397663116
12,1327,0.1956314891576767
12,1797,0.18509888648986816
12,1635,0.17375724017620087
12,731,0.17373235523700714
12,53,0.17074529826641083
13,13,0
13,141,1
13,142,0.72468310594558716
13,388,0.43601664900779724
13,721,0.43068477511405945
13,442,0.18838362395763397
13,623,0.18436115980148315
13,860,0.16502845287322998
13,1863,0.15129324793815613
13,1416,0.13462547957897186
13,1444,0.11348271369934082
13,333,0.11137808859348297
13,1445,0.0992140993475914
13,958,0.084246858954429626
13,476,0.083493463695049286
14,14,0
14,1918,1
14,109,0.52191966772079468
14,122,0.4392504096031189
14,90,0.36705157160758972
14,1220,0.35907542705535889
14,459,0.26401817798614502
14,779,0.17724452912807465
14,988,0.1735776960849762
14,1273,0.12082666158676147
14,720,0.1199674978852272
14,666,0.11283273994922638
14,180,0.094943538308143616
14,1936,0.079370349645614624
14,79,0.076806001365184784
15,15,0
15,1617,1
15,811,0.59827685356140137
15,425,0.36548313498497009
15,135,0.28955522179603577
15,1390,0.26622152328491211
15,1960,0.22852043807506561
15,1010,0.18731348216533661
15,201,0.17276099324226379
15,1699,0.15699175000190735
15,295,0.13953155279159546
15,1255,0.13041612505912781
15,646,0.12992396950721741
15,511,0.12107636034488678
15,1036,0.1208280473947525
16,16,0
16,186,1
16,496,0.47211834788322449
16,1574,0.37127158045768738
16,1638,0.24742613732814789
16,490,0.23278942704200745
16,569,0.22642366588115692
16,425,0.22272634506225586
16,855,0.21793285012245178
16,646,0.20739845931529999
16,657,0.1959434300661087
16,582,0.14496833086013794
16,391,0.12914259731769562
16,711,0.12150634080171585
16,978,0.11724166572093964
17,17,0
17,783,1
17,896,0.40992900729179382
17,230,0.32795456051826477
17,1769,0.307169109582901
17,190,0.30068543553352356
17,757,0.28746041655540466
17,786,0.2862544059753418
17,1357,0.23046576976776123
17,707,0.18415020406246185
17,644,0.15455722808837891
17,518,0.14840197563171387
17,594,0.099723979830741882
17,1878,0.085656851530075073
17,1601,0.084475480020046234
18,18,0
18,1418,1
18,118,0.73917633295059204
18,497,0.72347342967987061
18,1528,0.19658638536930084
18,549,0.16492539644241333
18,298,0.16101038455963135
18,535,0.15687274932861328
18,1295,0.13972879946231842
18,289,0.13874064385890961
18,380,0.12769663333892822
18,1030,0.10889036953449249
18,988,0.08960520476102829
18,865,0.086392149329185486
18,801,0.073793023824691772
19,19,0
19,1531,1
19,1921,0.43250051140785217
19,588,0.34505155682563782
19,1778,0.27757707238197327
19,1633,0.26759544014930725
19,1798,0.2662283182144165
19,1875,0.18906007707118988
19,1163,0.18732351064682007
19,306,0.18098844587802887
19,708,0.17041736841201782
19,441,0.17040196061134338
19,682,0.14479424059391022
19,1837,0.13780954480171204
19,1562,0.1371442973613739
20,20,0
20,846,1
20,1965,0.89372014999389648
20,1225,0.37763100862503052
20,1463,0.21384260058403015
20,1185,0.20936009287834167
20,1072,0.20283381640911102
20,877,0.17184613645076752
20,1465,0.13035118579864502
20,1882,0.12959609925746918
20,1320,0.12501591444015503
20,592,0.12054534256458282
20,1685,0.11430420726537704
20,472,0.11332659423351288
20,279,0.10451818257570267
21,21,0
21,921,1
21,1276,0.9367135763168335
21,1076,0.46182721853256226
21,195,0.26563253998756409
21,189,0.26048752665519714
21,270,0.23842023313045502
21,1186,0.19149334728717804
21,184,0.18125711381435394
21,1555,0.068090341985225677
21,78,0.06636326014995575
21,1200,0.064359523355960846
21,1012,0.061816684901714325
21,1992,0.058744791895151138
21,1819,0.051675170660018921
22,22,0
22,274,1
22,1949,0.55451005697250366
22,1194,0.47884434461593628
22,1076,0.4278428852558136
22,1636,0.2433440089225769
22,233,0.20948825776576996
22,835,0.19021263718605042
22,970,0.18218240141868591
22,690,0.1432182639837265
22,549,0.14156487584114075
22,1659,0.090346924960613251
22,1546,0.08317285031080246
22,298,0.083097949624061584
22,1767,0.079061008989810944
23,23,0
23,734,1
23,1316,0.33702048659324646
23,99,0.32569083571434021
23,81,0.27178627252578735
23,104,0.24218064546585083
23,575,0.23496556282043457
23,728,0.23435425758361816
23,1387,0.23273925483226776
23,1865,0.19407238066196442
23,1355,0.19256225228309631
23,556,0.16346226632595062
23,1406,0.16141045093536377
23,885,0.15889342129230499
23,1155,0.15775451064109802
24,24,0
24,695,1
24,1446,0.3732946515083313
24,1197,0.3437962532043457
24,335,0.2976410984992981
24,1008,0.2405259907245636
24,1364,0.23182937502861023
24,1672,0.22848959267139435
24,1542,0.1826976090669632
24,749,0.17946766316890717
24,1622,0.17855143547058105
24,985,0.17386886477470398
24,1180,0.16741718351840973
24,1791,0.15976125001907349
24,1778,0.14954917132854462
25,25,0
25,1381,1
25,538,0.63975411653518677
25,1093,0.54406589269638062
25,1024,0.47993201017379761
25,740,0.32087665796279907
25,1248,0.1832331120967865
25,849,0.17122626304626465
25,1930,0.10549264401197433
25,922,0.095432154834270477
25,1605,0.083690628409385681
25,531,0.081469237804412842
25,1608,0.071757107973098755
25,1919,0.067041203379631042
25,890,0.062914066016674042
26,26,0
26,277,1
26,1875,0.34519413113594055
26,27,0.31281891465187073
26,708,0.28558835387229919
26,665,0.2805178165435791
26,257,0.25246980786323547
26,1473,0.22879868745803833
26,796,0.22650495171546936
26,1358,0.19945167005062103
26,534,0.19395260512828827
26,441,0.17748986184597015
26,167,0.1370016485452652
26,205,0.13392308354377747
26,425,0.13317075371742249
27,27,0
27,662,1
27,26,0.47390186786651611
27,578,0.36199527978897095
27,257,0.29984176158905029
27,1177,0.26871684193611145
27,1599,0.2685510516166687
27,732,0.26694309711456299
27,277,0.22728441655635834
27,796,0.20616745948791504
27,1199,0.11861640214920044
27,1441,0.11296654492616653
27,325,0.11058394610881805
27,665,0.097608000040054321
27,167,0.093716591596603394
28,28,0
28,448,1
28,1998,0.82533866167068481
28,41,0.28389427065849304
28,1357,0.27443724870681763
28,354,0.25533831119537354
28,1261,0.24626873433589935
28,136,0.19781659543514252
28,553,0.15638534724712372
28,1054,0.12708552181720734
28,1291,0.1191936731338501
28,1395,0.11264754086732864
28,1708,0.1114363893866539
28,1459,0.10594510287046432
28,302,0.091099828481674194
29,29,0
29,748,1
29,1900,0.61214888095855713
29,1028,0.48287492990493774
29,782,0.32230335474014282
29,1828,0.2884548008441925
29,709,0.22831931710243225
29,967,0.16706418991088867
29,1123,0.14676076173782349
29,234,0.13957644999027252
29,1327,0.1237230971455574
29,1841,0.11058481782674789
29,1608,0.10694215446710587
29,742,0.095857575535774231
29,1625,0.082280248403549194
30,30,0
30,1065,1
30,1174,0.95641154050827026
30,889,0.29124665260314941
30,727,0.26138794422149658
30,1083,0.2219163179397583
30,1942,0.2158401757478714
30,1211,0.2152988463640213
30,1203,0.14254917204380035
30,978,0.11841104179620743
30,461,0.099943794310092926
30,1503,0.098748661577701569
30,1126,0.097913168370723724
30,774,0.094071432948112488
30,328,0.093148507177829742
31,31,0
31,1928,1
31,568,0.5783841609954834
31,1432,0.37986370921134949
31,1191,0.37222757935523987
31,1462,0.36347770690917969
31,1330,0.24984671175479889
31,255,0.2343389093875885
31,269,0.16298656165599823
31,232,0.12957438826560974
31,1581,0.10113441199064255
31,411,0.094989165663719177
31,2,0.085388928651809692
31,1845,0.082186199724674225
31,1067,0.07249276340007782
32,32,0
32,308,1
32,1931,0.45264700055122375
32,1751,0.2632271945476532
32,663,0.24650594592094421
32,669,0.2398218959569931
32,784,0.2312673032283783
32,384,0.22403343021869659
32,1731,0.21723905205726624
32,43,0.19666029512882233
32,1733,0.19270490109920502
32,519,0.16531512141227722
32,486,0.16285872459411621
32,157,0.16102173924446106
32,643,0.15359127521514893
33,33,0
33,1886,1
33,1903,0.41568917036056519
33,423,0.37574639916419983
33,1747,0.23401966691017151
33,1307,0.23373545706272125
33,1363,0.22530020773410797
33,667,0.21255828440189362
33,918,0.20986580848693848
33,1506,0.19891943037509918
33,94,0.18244612216949463
33,1794,0.17409421503543854
33,1059,0.17132052779197693
33,522,0.14349222183227539
33,486,0.12970957159996033
34,34,0
34,1476,1
34,538,0.88211202621459961
34,36,0.43790578842163086
34,917,0.22736081480979919
34,1292,0.22474412620067596
34,726,0.18282473087310791
34,767,0.16610883176326752
34,930,0.12628167867660522
34,1024,0.12530073523521423
34,710,0.12251099199056625
34,721,0.11597990244626999
34,1438,0.11435564607381821
34,1114,0.10142207145690918
34,1408,0.079979553818702698
35,35,0
35,404,1
35,376,0.34571507573127747
35,1852,0.29474201798439026
35,909,0.29040950536727905
35,69,0.28548339009284973
35,1707,0.28113594651222229
35,1049,0.25221315026283264
35,328,0.21664690971374512
35,484,0.20967493951320648
35,1380,0.19756516814231873
35,790,0.14439152181148529
35,806,0.13699768483638763
35,1709,0.12800893187522888
35,724,0.12390872091054916
36,36,0
36,538,1
36,1476,0.76559978723526001
36,1059,0.36998605728149414
36,1919,0.33095160126686096
36,1381,0.28474470973014832
36,862,0.19813205301761627
36,1190,0.19648410379886627
36,1292,0.14944817125797272
36,1093,0.13454622030258179
36,1363,0.11284677684307098
36,1579,0.10413945466279984
36,769,0.090358257293701172
36,1024,0.087385609745979309
36,1886,0.082265183329582214
37,37,0
37,1170,1
37,95,0.9623647928237915
37,1520,0.69513022899627686
37,536,0.37083661556243896
37,1099,0.30452612042427063
37,1365,0.14361456036567688
37,304,0.077948935329914093
37,1924,0.076338350772857666
37,268,0.076146721839904785
37,1745,0.047122728079557419
37,398,0.044030956923961639
37,464,0.041024096310138702
37,1575,0.038120973855257034
37,1406,0.029686873778700829
38,38,0
38,1553,1
38,466,0.58585357666015625
38,844,0.44926032423973083
38,942,0.33704644441604614
38,525,0.19138327240943909
38,1283,0.18745832145214081
38,1147,0.18239621818065643
38,1684,0.1810719221830368
38,1728,0.17201569676399231
38,1936,0.15130959451198578
38,1604,0.14388068020343781
38,1273,0.11713960021734238
38,242,0.10710083693265915
38,954,0.10096921026706696
39,39,0
39,1241,1
39,1173,0.76829439401626587
39,229,0.42294606566429138
39,1361,0.34138911962509155
39,1689,0.24259747564792633
39,1018,0.18745557963848114
39,193,0.18613019585609436
39,410,0.18474921584129333
39,453,0.15661361813545227
39,619,0.089613452553749084
39,1458,0.085657775402069092
39,527,0.082949012517929077
39,551,0.080046892166137695
39,63,0.078449435532093048
40,40,0
40,1397,1
40,1187,0.6949421763420105
40,1545,0.31194818019866943
40,953,0.3076079785823822
40,1611,0.27675247192382812
40,1,0.24264369904994965
40,479,0.19141839444637299
40,1873,0.1700885146856308
40,469,0.14652411639690399
40,351,0.12759532034397125
40,183,0.12390006333589554
40,1822,0.10844728350639343
40,1280,0.10306743532419205
40,652,0.10194721072912216
41,41,0
41,1601,1
41,553,0.95695716142654419
41,28,0.5767054557800293
41,354,0.38851422071456909
41,1312,0.20498453080654144
41,1357,0.13015776872634888
41,414,0.10271815955638885
41,955,0.1012001633644104
41,448,0.09819108247756958
41,464,0.098133087158203125
41,1459,0.081593997776508331
41,302,0.066956602036952972
41,1706,0.051071152091026306
41,1048,0.04970429465174675
42,42,0
42,892,1
42,884,0.71580368280410767
42,1323,0.33620184659957886
42,703,0.23656463623046875
42,1510,0.21950320899486542
42,220,0.1910243034362793
42,161,0.1894693523645401
42,285,0.17497962713241577
42,1853,0.15814055502414703
42,744,0.15359936654567719
42,1859,0.1413944810628891
42,918,0.1360979825258255
42,1930,0.13112242519855499
42,94,0.1229906901717186
43,43,0
43,308,1
43,1258,0.78893876075744629
43,623,0.36774817109107971
43,32,0.34916925430297852
43,1115,0.27431389689445496
43,860,0.26354578137397766
43,1731,0.18963079154491425
43,1079,0.14067108929157257
43,423,0.11972091346979141
43,1991,0.11109476536512375
43,1274,0.091257363557815552
43,480,0.079283729195594788
43,852,0.068526722490787506
43,1391,0.062986031174659729
44,44,0
44,1535,1
44,517,0.4979265034198761
44,101,0.32261708378791809
44,250,0.26408618688583374
44,955,0.25390514731407166
44,1309,0.21114365756511688
44,1760,0.19572626054286957
44,1961,0.19453087449073792
44,1803,0.1852772980928421
44,1395,0.1669120192527771
44,1585,0.16083849966526031
44,354,0.16009703278541565
44,536,0.14882376790046692
44,338,0.14500820636749268
45,45,0
45,1803,1
45,1580,0.62029898166656494
45,101,0.59809178113937378
45,946,0.24200375378131866
45,815,0.22857026755809784
45,1847,0.184109166264534
45,1603,0.17915631830692291
45,57,0.15330536663532257
45,536,0.14535422623157501
45,355,0.1332085132598877
45,1231,0.12759432196617126
45,1961,0.10590843856334686
45,1267,0.096948765218257904
45,1382,0.092334970831871033
46,46,0
46,1143,1
46,581,0.57126790285110474
46,308,0.29773548245429993
46,32,0.28890970349311829
46,1265,0.22833529114723206
46,1134,0.2063998281955719
46,643,0.20494648814201355
46,1332,0.19883343577384949
46,639,0.17938624322414398
46,748,0.15730878710746765
46,1934,0.15717758238315582
46,1123,0.15020088851451874
46,1183,0.13546113669872284
46,1327,0.13093723356723785
47,47,0
47,636,1
47,1626,0.60929977893829346
47,1749,0.55846720933914185
47,1124,0.30261540412902832
47,1135,0.29450744390487671
47,1310,0.22058317065238953
47,880,0.1603962630033493
47,1191,0.14008724689483643
47,1484,0.13909162580966949
47,1980,0.11129558086395264
47,1528,0.10805856436491013
47,1063,0.10540229082107544
47,1418,0.085145667195320129
47,971,0.071933969855308533
48,48,0
48,1325,1
48,1787,0.55172950029373169
48,278,0.39533048868179321
48,499,0.33282855153083801
48,766,0.23939989507198334
48,716,0.23420871794223785
48,1669,0.18052250146865845
48,1584,0.17230214178562164
48,903,0.15076477825641632
48,1720,0.14110632240772247
48,1006,0.131050705909729
48,828,0.12827745079994202
48,301,0.12743383646011353
48,1557,0.12193163484334946
49,49,0
49,399,1
49,1526,0.44581174850463867
49,752,0.35172554850578308
49,664,0.30096036195755005
49,194,0.27356964349746704
49,804,0.24587038159370422
49,803,0.19354671239852905
49,359,0.18366405367851257
49,956,0.18054038286209106
49,1135,0.17917096614837646
49,935,0.14647306501865387
49,501,0.14048738777637482
49,373,0.13522066175937653
49,1268,0.12984730303287506
50,50,0
50,366,1
50,391,0.77600109577178955
50,889,0.59346634149551392
50,1523,0.4488624632358551
50,454,0.16272757947444916
50,490,0.13180291652679443
50,1326,0.11328209936618805
50,1932,0.1084333211183548
50,1211,0.10836698114871979
50,1960,0.10716083645820618
50,15,0.10453041642904282
50,295,0.097524836659431458
50,1390,0.085236229002475739
50,1499,0.069501519203186035
51,51,0
51,1172,1
51,894,0.38401103019714355
51,1222,0.3680591881275177
51,742,0.35912933945655823
51,842,0.29979965090751648
51,1140,0.20794975757598877
51,1943,0.19555771350860596
51,1435,0.18512986600399017
51,1349,0.17994047701358795
51,1238,0.15776588022708893
51,1265,0.15053704380989075
51,687,0.14983919262886047
51,1512,0.13866685330867767
51,1962,0.1304987370967865
52,52,0
52,341,1
52,1371,0.75249367952346802
52,1584,0.58346128463745117
52,318,0.19870269298553467
52,75,0.17370246350765228
52,1546,0.16409437358379364
52,505,0.1526627242565155
52,903,0.14824283123016357
52,1130,0.13871337473392487
52,348,0.1376650482416153
52,1333,0.13449414074420929
52,976,0.12399962544441223
52,350,0.10523939877748489
52,233,0.093425460159778595
53,53,0
53,220,1
53,379,0.51169282197952271
53,1743,0.32521653175354004
53,94,0.26258161664009094
53,1234,0.21961475908756256
53,1377,0.20237219333648682
53,922,0.19132909178733826
53,1853,0.19014565646648407
53,606,0.18843081593513489
53,285,0.1797204464673996
53,445,0.17168089747428894
53,1731,0.1614735871553421
53,528,0.1542314738035202
53,1935,0.14840160310268402
54,54,0
54,635,1
54,1577,0.59243154525756836
54,1907,0.52176511287689209
54,374,0.31239756941795349
54,1402,0.3046107292175293
54,1206,0.22287601232528687
54,1739,0.15153868496417999
54,1239,0.1332545131444931
54,868,0.13006493449211121
54,570,0.1215522438287735
54,1002,0.11789929866790771
54,430,0.11722570657730103
54,904,0.099417716264724731
54,699,0.081864677369594574
55,55,0
55,761,1
55,1881,0.60979068279266357
55,743,0.33621329069137573
55,815,0.27632132172584534
55,1025,0.26073750853538513
55,1810,0.20912249386310577
55,739,0.20411022007465363
55,235,0.16367624700069427
55,265,0.16244791448116302
55,1990,0.15906238555908203
55,714,0.13771812617778778
55,1477,0.13409759104251862
55,363,0.1338309645652771
55,1702,0.11975448578596115
56,56,0
56,716,1
56,233,0.61293840408325195
56,1556,0.22999025881290436
56,465,0.22722698748111725
56,1557,0.21204376220703125
56,1022,0.20713499188423157
56,1418,0.20268192887306213
56,970,0.19072876870632172
56,298,0.18589885532855988
56,880,0.18414197862148285
56,856,0.17244136333465576
56,1528,0.16396088898181915
56,62,0.16281068325042725
56,1432,0.15488371253013611
57,57,0
57,960,1
57,271,0.53718340396881104
57,1961,0.36195558309555054
57,45,0.27874666452407837
57,1585,0.26520028710365295
57,815,0.25170570611953735
57,1838,0.20537607371807098
57,1267,0.18588507175445557
57,1046,0.17280855774879456
57,494,0.15634062886238098
57,199,0.13376383483409882
57,1657,0.12257739901542664
57,354,0.12157145887613297
57,1904,0.11377407610416412
58,58,0
58,1470,1
58,1349,0.53226590156555176
58,1314,0.37160378694534302
58,1182,0.29406139254570007
58,1642,0.28113806247711182
58,762,0.24244272708892822
58,360,0.2034018486738205
58,200,0.18194602429866791
58,1674,0.17631992697715759
58,1478,0.15416689217090607
58,1285,0.1419077068567276
58,218,0.12752923369407654
58,871,0.11926914751529694
58,177,0.080828629434108734
59,59,0
59,1421,1
59,610,0.4085424542427063
59,574,0.3225802481174469
59,1480,0.27073493599891663
59,676,0.25353735685348511
59,1682,0.22988045215606689
59,619,0.22859972715377808
59,959,0.19864797592163086
59,193,0.19550767540931702
59,1415,0.17758367955684662
59,1836,0.16852195560932159
59,468,0.15325824916362762
59,1018,0.15318784117698669
59,1271,0.14631538093090057
60,60,0
60,234,1
60,531,0.67020058631896973
60,1157,0.44729843735694885
60,437,0.40612167119979858
60,547,0.40532556176185608
60,967,0.2072700709104538
60,188,0.1382908821105957
60,444,0.11823061108589172
60,600,0.11785402148962021
60,1248,0.10957998037338257
60,424,0.10111905634403229
60,922,0.066167451441287994
60,740,0.062348682433366776
60,1270,0.057092819362878799
61,61,0
61,1431,1
61,148,0.82511413097381592
61,871,0.54016971588134766
61,1938,0.40656951069831848
61,200,0.25060850381851196
61,1323,0.24919939041137695
61,878,0.11347007751464844
61,905,0.095042355358600616
61,858,0.092670552432537079
61,1559,0.076181128621101379
61,188,0.071708440780639648
61,600,0.071417823433876038
61,602,0.060757402330636978
61,8,0.053988490253686905
62,62,0
62,1651,1
62,1725,0.64361709356307983
62,1122,0.38731330633163452
62,523,0.26190394163131714
62,848,0.1959088146686554
62,1219,0.19397930800914764
62,1793,0.1799241304397583
62,415,0.17682091891765594
62,2,0.16982381045818329
62,340,0.16934823989868164
62,341,0.14090891182422638
62,1557,0.1341438889503479
62,56,0.12793868780136108
62,1546,0.12525330483913422
63,63,0
63,226,1
63,1876,0.48928794264793396
63,3,0.4671817421913147
63,362,0.4212566614151001
63,1950,0.26621142029762268
63,93,0.24509081244468689
63,1451,0.21274265646934509
63,1036,0.19777894020080566
63,1505,0.14793139696121216
63,1160,0.14135518670082092
63,1598,0.098267830908298492
63,394,0.08154742419719696
63,452,0.069698140025138855
63,1448,0.068537913262844086
64,64,0
64,1891,1
64,68,0.50465148687362671
64,190,0.47344869375228882
64,1176,0.32176151871681213
64,757,0.30401292443275452
64,412,0.22402448952198029
64,1812,0.19362492859363556
64,1329,0.17461113631725311
64,868,0.15905590355396271
64,896,0.14246389269828796
64,1121,0.13117016851902008
64,1878,0.10453148931264877
64,1483,0.088744357228279114
64,1914,0.084791108965873718
65,65,0
65,1812,1
65,1560,0.66698342561721802
65,1871,0.35381442308425903
65,725,0.27668750286102295
65,673,0.25739786028862
65,896,0.22252969443798065
65,1042,0.20594896376132965
65,99,0.16982974112033844
65,1070,0.14452779293060303
65,1566,0.13240621984004974
65,1882,0.12907245755195618
65,592,0.12018714100122452
65,846,0.11842218786478043
65,1899,0.10908780992031097
66,66,0
66,1025,1
66,743,0.76883488893508911
66,1267,0.43429777026176453
66,363,0.31644979119300842
66,1401,0.30763170123100281
66,355,0.26615670323371887
66,1668,0.22080770134925842
66,1760,0.13969907164573669
66,815,0.10138827562332153
66,1015,0.09926430881023407
66,564,0.076529495418071747
66,331,0.063720531761646271
66,928,0.060181874781847
66,57,0.051934782415628433
67,67,0
67,765,1
67,641,0.71298688650131226
67,919,0.61610621213912964
67,323,0.41502487659454346
67,1134,0.3908134400844574
67,445,0.19030572474002838
67,1605,0.16957631707191467
67,780,0.13080811500549316
67,297,0.075488440692424774
67,316,0.060537662357091904
67,1141,0.045521717518568039
67,1991,0.034319046884775162
67,25,0.03394564613699913
67,1567,0.031451184302568436
68,68,0
68,757,1
68,64,0.38116216659545898
68,1198,0.38056430220603943
68,1769,0.26008671522140503
68,1042,0.23627085983753204
68,88,0.23449856042861938
68,1988,0.22275069355964661
68,1121,0.19371265172958374
68,1387,0.19339188933372498
68,95,0.16685360670089722
68,738,0.16198858618736267
68,1417,0.15971995890140533
68,1309,0.15824815630912781
68,1395,0.15764190256595612
69,69,0
69,909,1
69,940,0.61883389949798584
69,404,0.47130739688873291
69,1272,0.23169676959514618
69,1027,0.21571184694766998
69,1380,0.2139439582824707
69,1255,0.17242361605167389
69,1126,0.17065730690956116
69,1019,0.16582432389259338
69,1897,0.16191327571868896
69,1159,0.13160236179828644
69,548,0.12484899163246155
69,1649,0.11758225411176682
69,1909,0.11053934693336487
70,70,0
70,1475,1
70,1437,0.71203440427780151
70,814,0.6415671706199646
70,452,0.43573617935180664
70,240,0.23712082207202911
70,532,0.15302076935768127
70,257,0.12504912912845612
70,867,0.12126194685697556
70,1005,0.093552686274051666
70,981,0.092393063008785248
70,260,0.083495534956455231
70,613,0.078713700175285339
70,1103,0.067668482661247253
70,170,0.065270453691482544
71,71,0
71,1038,1
71,1218,0.39737233519554138
71,377,0.3049406111240387
71,161,0.27012401819229126
71,1089,0.23785416781902313
71,1386,0.22581177949905396
71,764,0.21590742468833923
71,1997,0.21441778540611267
71,1804,0.19970214366912842
71,1667,0.19288460910320282
71,893,0.17949847877025604
71,1112,0.16615031659603119
71,393,0.15497112274169922
71,1754,0.1472618579864502
72,72,0
72,239,1
72,1672,0.95324116945266724
72,680,0.42375785112380981
72,1792,0.38299402594566345
72,303,0.27127343416213989
72,484,0.24750237166881561
72,855,0.13916471600532532
72,1726,0.12864629924297333
72,657,0.087243758141994476
72,1981,0.070609092712402344
72,35,0.069257751107215881
72,579,0.049324147403240204
72,251,0.048600472509860992
72,364,0.035275433212518692
73,73,0
73,713,1
73,1009,0.37820789217948914
73,1475,0.33656463027000427
73,1709,0.33424293994903564
73,1229,0.28620770573616028
73,1902,0.24275179207324982
73,306,0.20327015221118927
73,912,0.17568615078926086
73,1503,0.17444773018360138
73,198,0.17439796030521393
73,1678,0.16946117579936981
73,1005,0.14513397216796875
73,1049,0.14362514019012451
73,1542,0.1428913027048111
74,74,0
74,1961,1
74,747,0.50311583280563354
74,287,0.34297764301300049
74,1904,0.32492220401763916
74,998,0.27501615881919861
74,101,0.21716630458831787
74,112,0.21679918467998505
74,1706,0.20164453983306885
74,104,0.19519026577472687
74,955,0.16973298788070679
74,271,0.12876778841018677
74,537,0.11929198354482651
74,432,0.1151646226644516
74,728,0.097094126045703888
75,75,0
75,401,1
75,1714,0.51926344633102417
75,1219,0.48558551073074341
75,1413,0.43505704402923584
75,124,0.40886566042900085
75,1546,0.18614485859870911
75,359,0.14637354016304016
75,1333,0.13356441259384155
75,523,0.12413042783737183
75,1995,0.10722270607948303
75,52,0.10198384523391724
75,341,0.092616967856884003
75,1725,0.085261315107345581
75,976,0.080814003944396973
76,76,0
76,103,1
76,1815,0.62860530614852905
76,1930,0.52475166320800781
76,406,0.39438244700431824
76,1496,0.30179834365844727
76,842,0.23273380100727081
76,1264,0.18900388479232788
76,1381,0.12869875133037567
76,1140,0.12691468000411987
76,144,0.12595924735069275
76,1970,0.072868481278419495
76,862,0.068763658404350281
76,1093,0.057789131999015808
76,1349,0.054613273590803146
77,77,0
77,1612,1
77,830,0.71396219730377197
77,613,0.52490234375
77,1709,0.36964935064315796
77,1808,0.3604852557182312
77,1598,0.3489755392074585
77,1950,0.22071678936481476
77,532,0.10012400150299072
77,1049,0.089168533682823181
77,981,0.05054926872253418
77,1272,0.046354137361049652
77,912,0.03704138845205307
77,1001,0.025050254538655281
77,1539,0.019907677546143532
78,78,0
78,1374,1
78,1076,0.66610443592071533
78,880,0.26715150475502014
78,1186,0.25674432516098022
78,752,0.21413588523864746
78,841,0.19791422784328461
78,1631,0.19347025454044342
78,1956,0.18522882461547852
78,79,0.18149621784687042
78,1986,0.17487438023090363
78,195,0.16295444965362549
78,690,0.1526855081319809
78,1526,0.12911045551300049
78,1280,0.12502014636993408
79,79,0
79,491,1
79,109,0.58577710390090942
79,1012,0.39551734924316406
79,787,0.27195835113525391
79,459,0.24214285612106323
79,90,0.23502013087272644
79,195,0.17916467785835266
79,1801,0.17718085646629333
79,1022,0.17070089280605316
79,298,0.16052858531475067
79,1374,0.13010881841182709
79,1280,0.12660889327526093
79,184,0.12035221606492996
79,1918,0.11183493584394455
80,80,0
80,150,1
80,1080,0.73489713668823242
80,648,0.32127022743225098
80,156,0.2818034291267395
80,626,0.24722114205360413
80,585,0.23243997991085052
80,1135,0.21437735855579376
80,972,0.14732576906681061
80,1611,0.14422707259654999
80,1122,0.1441626101732254
80,1889,0.12475892156362534
80,1095,0.11734096705913544
80,1124,0.10768551379442215
80,1502,0.089376524090766907
81,81,0
81,1392,1
81,1316,0.96324092149734497
81,474,0.2788250744342804
81,1279,0.23011426627635956
81,104,0.22327093780040741
81,99,0.21005533635616302
81,23,0.20542377233505249
81,556,0.14449712634086609
81,754,0.11900586634874344
81,885,0.11717856675386429
81,1287,0.11688756197690964
81,1872,0.10454985499382019
81,1810,0.10445065051317215
81,1796,0.08939826488494873
82,82,0
82,1351,1
82,436,0.73634719848632812
82,645,0.59830206632614136
82,463,0.5227435827255249
82,291,0.19767260551452637
82,1896,0.16983979940414429
82,884,0.15029329061508179
82,161,0.12374212592840195
82,1746,0.12274836748838425
82,602,0.10766158998012543
82,1112,0.063759692013263702
82,1467,0.040100488811731339
82,878,0.038209527730941772
82,416,0.035469166934490204
83,83,0
83,1042,1
83,1899,0.93090665340423584
83,398,0.84353780746459961
83,1422,0.56989884376525879
83,1871,0.1616775244474411
83,1133,0.094682678580284119
83,975,0.079621918499469757
83,1675,0.063370965421199799
83,1098,0.059273906052112579
83,1387,0.030317379161715508
83,1309,0.02228674478828907
83,1410,0.018612772226333618
83,1812,0.01637030765414238
83,557,0.016325345262885094
84,84,0
84,133,1
84,1988,0.41677120327949524
84,1312,0.30580058693885803
84,1127,0.28521588444709778
84,899,0.23796063661575317
84,1198,0.21886114776134491
84,302,0.21404923498630524
84,1610,0.19836203753948212
84,1261,0.19325117766857147
84,1987,0.18111653625965118
84,1600,0.17851799726486206
84,1799,0.16799859702587128
84,460,0.15597845613956451
84,1564,0.15301145613193512
85,85,0
85,1382,1
85,1498,0.74260413646697998
85,1239,0.60309880971908569
85,1223,0.4129677414894104
85,1291,0.37839552760124207
85,1261,0.17194683849811554
85,1764,0.16875524818897247
85,1618,0.15661162137985229
85,1739,0.15399189293384552
85,629,0.042425312101840973
85,1144,0.034925911575555801
85,57,0.01680680550634861
85,1587,0.015016087330877781
85,1954,0.0093529513105750084
86,86,0
86,1645,1
86,1242,0.72652524709701538
86,534,0.71389365196228027
86,963,0.31782066822052002
86,708,0.20276489853858948
86,205,0.19768986105918884
86,1597,0.16092047095298767
86,511,0.10719513148069382
86,847,0.10523664206266403
86,1027,0.098246932029724121
86,320,0.093206621706485748
86,912,0.065680019557476044
86,1192,0.062591336667537689
86,1678,0.055116277188062668
87,87,0
87,1023,1
87,436,0.79260802268981934
87,1642,0.37229520082473755
87,602,0.31317651271820068
87,1529,0.29407525062561035
87,177,0.19006620347499847
87,1507,0.18052734434604645
87,999,0.15226398408412933
87,416,0.14728748798370361
87,697,0.11605168133974075
87,1579,0.10285987704992294
87,365,0.089800193905830383
87,327,0.077989280223846436
87,463,0.077896155416965485
88,88,0
88,1120,1
88,1520,0.67464309930801392
88,1769,0.4191892147064209
88,1939,0.39157643914222717
88,786,0.36950814723968506
88,757,0.21964159607887268
88,1979,0.14024600386619568
88,68,0.13628484308719635
88,653,0.11393080651760101
88,1575,0.092266879975795746
88,1224,0.091949865221977234
88,1632,0.086763203144073486
88,37,0.086110316216945648
88,1170,0.084779649972915649
89,89,0
89,179,1
89,832,0.44509533047676086
89,970,0.29048213362693787
89,1787,0.26661628484725952
89,1165,0.24937321245670319
89,1944,0.24744658172130585
89,1822,0.20289775729179382
89,1615,0.19969815015792847
89,1671,0.19551122188568115
89,741,0.18099525570869446
89,309,0.16395506262779236
89,114,0.1600269228219986
89,1901,0.1576988697052002
89,372,0.1470894068479538
90,90,0
90,689,1
90,1615,0.93150848150253296
90,212,0.54034143686294556
90,79,0.49502778053283691
90,491,0.25813698768615723
90,1679,0.20021712779998779
90,397,0.13991664350032806
90,459,0.092666067183017731
90,469,0.075852237641811371
90,109,0.052594438195228577
90,1397,0.051977258175611496
90,1681,0.027129342779517174
90,1012,0.022036794573068619
90,1022,0.019491471350193024
91,91,0
91,1549,1
91,1342,0.83240419626235962
91,1619,0.43165770173072815
91,476,0.21877418458461761
91,1751,0.17653451859951019
91,486,0.17512853443622589
91,1150,0.16912813484668732
91,370,0.14508132636547089
91,910,0.13302497565746307
91,1386,0.1309032142162323
91,623,0.12905853986740112
91,995,0.12825711071491241
91,157,0.12143836915493011
91,463,0.11550642549991608
92,92,0
92,651,1
92,1457,0.79413199424743652
92,145,0.72565829753875732
92,1967,0.36493292450904846
92,243,0.18251405656337738
92,1295,0.16847582161426544
92,1094,0.14258801937103271
92,1268,0.12047454714775085
92,856,0.10086783766746521
92,1184,0.075824089348316193
92,113,0.064876995980739594
92,1069,0.057813841849565506
92,340,0.056086543947458267
92,1548,0.052644796669483185
93,93,0
93,1505,1
93,1448,0.9712948203086853
93,1149,0.36306056380271912
93,1682,0.31078213453292847
93,1475,0.17646165192127228
93,732,0.16227059066295624
93,3,0.1596318781375885
93,981,0.12381315976381302
93,452,0.12195158004760742
93,532,0.11916841566562653
93,619,0.1133180558681488
93,252,0.10855632275342941
93,257,0.096861690282821655
93,605,0.079727672040462494
94,94,0
94,918,1
94,53,0.33212864398956299
94,744,0.31644138693809509
94,144,0.29045724868774414
94,1479,0.26270687580108643
94,667,0.24063804745674133
94,1269,0.22677707672119141
94,220,0.20725196599960327
94,1794,0.20196685194969177
94,1930,0.18139466643333435
94,528,0.16773015260696411
94,33,0.16074560582637787
94,1381,0.1604292094707489
94,1496,0.15822876989841461
95,95,0
95,1988,1
95,1406,0.77137351036071777
95,37,0.33813443779945374
95,1144,0.31576001644134521
95,1387,0.23767232894897461
95,1459,0.18667113780975342
95,536,0.17486158013343811
95,1732,0.15160965919494629
95,552,0.13759751617908478
95,1803,0.13095094263553619
95,1395,0.12155861407518387
95,1998,0.11714769899845123
95,101,0.11556223034858704
95,1224,0.10798313468694687
96,96,0
96,153,1
96,929,0.88347452878952026
96,1315,0.38751626014709473
96,122,0.30956125259399414
96,121,0.19832509756088257
96,1081,0.19219823181629181
96,529,0.15800195932388306
96,966,0.12839291989803314
96,666,0.1259593665599823
96,169,0.11955684423446655
96,92,0.10355851799249649
96,1807,0.10184629261493683
96,1918,0.099423639476299286
96,1184,0.099073626101016998
97,97,0
97,1032,1
97,1622,0.38079801201820374
97,814,0.25762391090393066
97,980,0.25455310940742493
97,1630,0.24855348467826843
97,1773,0.24714607000350952
97,702,0.22940266132354736
97,777,0.19532936811447144
97,1156,0.1946263313293457
97,246,0.19171661138534546
97,1716,0.18310777842998505
97,1758,0.1819550096988678
97,1929,0.17961099743843079
97,625,0.16246864199638367
98,98,0
98,1124,1
98,683,0.94882261753082275
98,1513,0.38575699925422668
98,1122,0.25326734781265259
98,1906,0.18616898357868195
98,1135,0.18233776092529297
98,1980,0.15218788385391235
98,1378,0.13565197587013245
98,1095,0.12714722752571106
98,1790,0.12676136195659637
98,160,0.11214564740657806
98,503,0.10392500460147858
98,361,0.10125482827425003
98,618,0.091469377279281616
99,99,0
99,754,1
99,1387,0.68961095809936523
99,1871,0.51290851831436157
99,474,0.19986984133720398
99,1316,0.19973805546760559
99,354,0.19553188979625702
99,556,0.19177751243114471
99,592,0.18347723782062531
99,520,0.15085433423519135
99,400,0.14851701259613037
99,1305,0.13436529040336609
99,1685,0.110679030418396
99,1865,0.094869934022426605
99,1899,0.094691798090934753
100,100,0
100,1718,1
100,969,0.27002862095832825
100,1756,0.26205059885978699
100,1893,0.24554099142551422
100,607,0.24078749120235443
100,1938,0.24031078815460205
100,457,0.2322441041469574
100,285,0.22196178138256073
100,1234,0.20915722846984863
100,1467,0.20411233603954315
100,1609,0.20251651108264923
100,769,0.19767017662525177
100,379,0.19476523995399475
100,129,0.18575359880924225
101,101,0
101,1803,1
101,955,0.7878379225730896
101,517,0.70985144376754761
101,1961,0.25586479902267456
101,354,0.19492901861667633
101,1564,0.181462362408638
101,45,0.1589873731136322
101,594,0.14949028193950653
101,1760,0.11665467917919159
101,1685,0.095589160919189453
101,44,0.082078367471694946
101,520,0.061859719455242157
101,1305,0.056657176464796066
101,536,0.055632192641496658
102,102,0
102,556,1
102,1727,0.7167542576789856
102,1543,0.58359235525131226
102,944,0.26874029636383057
102,755,0.20719166100025177
102,474,0.17226952314376831
102,1865,0.16086634993553162
102,414,0.14582301676273346
102,1685,0.13699695467948914
102,675,0.12252962589263916
102,104,0.1123553067445755
102,354,0.095842786133289337
102,400,0.092779979109764099
102,1780,0.09114568680524826
103,103,0
103,1930,1
103,1815,0.57559692859649658
103,740,0.37395361065864563
103,892,0.29408451914787292
103,1496,0.27433550357818604
103,884,0.22446770966053009
103,424,0.22183488309383392
103,849,0.14728456735610962
103,1093,0.14103540778160095
103,918,0.14088539779186249
103,1140,0.13484802842140198
103,1479,0.12801088392734528
103,1853,0.12695838510990143
103,1794,0.1235881894826889
104,104,0
104,728,1
104,1904,0.90884816646575928
104,1961,0.3699442446231842
104,1872,0.26638638973236084
104,324,0.2384822815656662
104,265,0.1786767840385437
104,271,0.16514261066913605
104,74,0.14003199338912964
104,102,0.13572981953620911
104,474,0.12046383321285248
104,998,0.11615210771560669
104,1279,0.10033845156431198
104,1428,0.088003210723400116
104,81,0.078681580722332001
105,105,0
105,1634,1
105,1774,0.37681674957275391
105,1280,0.30133649706840515
105,1825,0.2721802294254303
105,194,0.24199357628822327
105,1715,0.23756802082061768
105,1068,0.22361114621162415
105,184,0.20977987349033356
105,245,0.20537380874156952
105,1556,0.17899039387702942
105,1807,0.17182847857475281
105,1022,0.16447032988071442
105,1639,0.16444326937198639
105,359,0.15850305557250977
106,106,0
106,1557,1
106,970,0.58632427453994751
106,720,0.35767427086830139
106,415,0.32348206639289856
106,903,0.25713178515434265
106,800,0.22502321004867554
106,233,0.1988513320684433
106,56,0.16149255633354187
106,469,0.14793896675109863
106,848,0.13587264716625214
106,276,0.13127234578132629
106,845,0.1298593133687973
106,801,0.12873460352420807
106,1616,0.12323246151208878
107,107,0
107,157,1
107,1449,0.5718885064125061
107,1270,0.34660974144935608
107,1212,0.28129330277442932
107,639,0.21222518384456635
107,514,0.20604687929153442
107,1512,0.19311045110225677
107,1751,0.16394104063510895
107,539,0.15914557874202728
107,1692,0.15621624886989594
107,1328,0.15538115799427032
107,1666,0.15490007400512695
107,333,0.15393468737602234
107,1935,0.15219952166080475
108,108,0
108,1941,1
108,431,0.52240496873855591
108,1585,0.4863109290599823
108,1961,0.46618857979774475
108,287,0.27955639362335205
108,714,0.25971144437789917
108,1904,0.19439151883125305
108,265,0.1657777726650238
108,998,0.16271473467350006
108,647,0.10596001148223877
108,517,0.07359546422958374
108,1428,0.071433946490287781
108,44,0.061729878187179565
108,312,0.057124271988868713
109,109,0
109,79,1
109,491,0.55087995529174805
109,1801,0.32459822297096252
109,1918,0.31861370801925659
109,459,0.27081987261772156
109,122,0.20665580034255981
109,666,0.17167922854423523
109,90,0.16954466700553894
109,1374,0.16936779022216797
109,123,0.16849818825721741
109,1012,0.16390626132488251
109,880,0.13700737059116364
109,1022,0.13440582156181335
109,841,0.12092055380344391
110,110,0
110,1129,1
110,735,0.51487749814987183
110,1801,0.33290603756904602
110,1613,0.2326803058385849
110,1639,0.22102536261081696
110,942,0.21440653502941132
110,1147,0.20620428025722504
110,844,0.18666307628154755
110,459,0.18440718948841095
110,123,0.17939078807830811
110,789,0.17818880081176758
110,1356,0.15723112225532532
110,929,0.15225620567798615
110,122,0.14664481580257416
111,111,0
111,1706,1
111,768,0.7058563232421875
111,1368,0.35287109017372131
111,955,0.33586981892585754
111,1048,0.24715831875801086
111,74,0.24498541653156281
111,1403,0.22551235556602478
111,464,0.17428804934024811
111,747,0.11897361278533936
111,112,0.1142469123005867
111,728,0.10751763731241226
111,1959,0.096998542547225952
111,914,0.092687033116817474
111,41,0.08992728590965271
112,112,0
112,914,1
112,747,0.33684661984443665
112,74,0.3117184042930603
112,354,0.25789529085159302
112,494,0.2502131462097168
112,1871,0.24970057606697083
112,1961,0.23171402513980865
112,287,0.20909187197685242
112,520,0.19156873226165771
112,99,0.1878218799829483
112,400,0.18775655329227448
112,250,0.17222389578819275
112,556,0.16080640256404877
112,102,0.15952742099761963
113,113,0
113,1295,1
113,92,0.65008443593978882
113,1378,0.49073603749275208
113,1457,0.32266703248023987
113,243,0.2239656001329422
113,361,0.21352246403694153
113,145,0.20856773853302002
113,988,0.14776690304279327
113,1303,0.13212049007415771
113,1315,0.12277523428201675
113,1696,0.11884396523237228
113,1125,0.11876584589481354
113,1069,0.081476643681526184
113,590,0.075593188405036926
114,114,0
114,276,1
114,970,0.41256928443908691
114,1901,0.3933388888835907
114,179,0.35969263315200806
114,106,0.26366379857063293
114,1944,0.21047693490982056
114,801,0.20924943685531616
114,89,0.19649508595466614
114,953,0.15947625041007996
114,1035,0.15723225474357605
114,1777,0.15324662625789642
114,1485,0.14620476961135864
114,479,0.12877723574638367
114,233,0.11646521091461182
115,115,0
115,455,1
115,1974,0.41535884141921997
115,1774,0.34731593728065491
115,1226,0.3277258574962616
115,1202,0.28393745422363281
115,835,0.26756900548934937
115,1715,0.20503717660903931
115,1256,0.17004628479480743
115,1573,0.16071616113185883
115,1995,0.15840339660644531
115,124,0.15073145925998688
115,1827,0.14921547472476959
115,1257,0.14004135131835938
115,1284,0.13078907132148743
116,116,0
116,167,1
116,1233,0.76239109039306641
116,1423,0.55420660972595215
116,428,0.23493184149265289
116,796,0.22120136022567749
116,248,0.21706181764602661
116,872,0.16886387765407562
116,1578,0.14058978855609894
116,949,0.13716199994087219
116,1766,0.10039782524108887
116,1499,0.094868369400501251
116,984,0.093078248202800751
116,1237,0.091773755848407745
116,625,0.09036429226398468
117,117,0
117,1683,1
117,227,0.86681276559829712
117,288,0.68175607919692993
117,1916,0.3163764476776123
117,1491,0.17999003827571869
117,812,0.16959008574485779
117,1958,0.15445221960544586
117,1617,0.13809268176555634
117,1160,0.072584323585033417
117,252,0.069518923759460449
117,646,0.068880729377269745
117,1951,0.068877577781677246
117,1678,0.063892163336277008
117,5,0.056073199957609177
118,118,0
118,1528,1
118,1418,0.74616491794586182
118,380,0.63710349798202515
118,880,0.63636362552642822
118,18,0.22188468277454376
118,857,0.10596660524606705
118,293,0.10091429203748703
118,1325,0.093044169247150421
118,636,0.080602340400218964
118,716,0.077578909695148468
118,56,0.074019938707351685
118,488,0.058343056589365005
118,1138,0.03956916555762291
118,841,0.035339090973138809
119,119,0
119,427,1
119,1321,0.52404993772506714
119,937,0.42105135321617126
119,1813,0.26255321502685547
119,1579,0.21044141054153442
119,1911,0.20943872630596161
119,253,0.20357872545719147
119,1968,0.18997536599636078
119,890,0.17039060592651367
119,821,0.16048593819141388
119,1608,0.1592428982257843
119,795,0.15795771777629852
119,685,0.1477712094783783
119,522,0.089962944388389587
120,120,0
120,1196,1
120,811,0.52863740921020508
120,1562,0.43912422657012939
120,435,0.30461898446083069
120,1010,0.28515967726707458
120,1960,0.22967778146266937
120,1458,0.19394730031490326
120,729,0.17426589131355286
120,1426,0.15492071211338043
120,610,0.14090371131896973
120,1789,0.13929429650306702
120,1898,0.10841615498065948
120,151,0.10435687750577927
120,569,0.10356086492538452
121,121,0
121,681,1
121,788,0.99333703517913818
121,396,0.38785117864608765
121,929,0.28194430470466614
121,861,0.17643912136554718
121,123,0.17582416534423828
121,1807,0.16296270489692688
121,525,0.12378830462694168
121,459,0.11563989520072937
121,624,0.10654491186141968
121,1568,0.10184124112129211
121,1681,0.10014971345663071
121,1665,0.094479411840438843
121,1069,0.086088456213474274
122,122,0
122,109,1
122,180,0.57301449775695801
122,153,0.31404545903205872
122,1807,0.26689374446868896
122,929,0.24422678351402283
122,1918,0.23919220268726349
122,14,0.23886087536811829
122,666,0.20470058917999268
122,96,0.1625313013792038
122,79,0.14963546395301819
122,1801,0.1449604332447052
122,459,0.1376139372587204
122,1081,0.11744679510593414
122,841,0.11376577615737915
123,123,0
123,966,1
123,459,0.62527382373809814
123,269,0.39230439066886902
123,1220,0.34681111574172974
123,1873,0.28305733203887939
123,681,0.24801445007324219
123,666,0.24459415674209595
123,1602,0.16818641126155853
123,109,0.1365901380777359
123,396,0.10064877569675446
123,661,0.096201576292514801
123,1918,0.093374550342559814
123,624,0.090848803520202637
123,450,0.08098265528678894
124,124,0
124,1413,1
124,75,0.38845902681350708
124,991,0.36318165063858032
124,1714,0.36280974745750427
124,835,0.33487546443939209
124,1855,0.30213278532028198
124,1546,0.22940857708454132
124,401,0.18392989039421082
124,694,0.16902334988117218
124,1219,0.15815941989421844
124,523,0.12520314753055573
124,1725,0.10254430770874023
124,1034,0.09419599175453186
124,976,0.09297584742307663
125,125,0
125,530,1
125,1736,0.49645790457725525
125,1546,0.28449484705924988
125,204,0.25184938311576843
125,1995,0.23345339298248291
125,348,0.20939333736896515
125,1219,0.20543161034584045
125,1556,0.19874650239944458
125,194,0.19679602980613708
125,1714,0.18215186893939972
125,1413,0.17988583445549011
125,1230,0.16626620292663574
125,62,0.15138132870197296
125,1460,0.15057358145713806
126,126,0
126,220,1
126,1259,0.72750526666641235
126,969,0.40080425143241882
126,462,0.33599522709846497
126,53,0.2580656111240387
126,379,0.20579643547534943
126,285,0.19572971761226654
126,1935,0.17980372905731201
126,1234,0.12871111929416656
126,1635,0.11402197927236557
126,1439,0.10751417279243469
126,1687,0.098983429372310638
126,437,0.081762969493865967
126,1695,0.072201520204544067
127,127,0
127,1520,1
127,895,0.75265628099441528
127,1176,0.37563151121139526
127,1832,0.3341805636882782
127,304,0.28681579232215881
127,1624,0.26738190650939941
127,1193,0.21856322884559631
127,412,0.14400327205657959
127,837,0.13101708889007568
127,244,0.11405196785926819
127,268,0.087005004286766052
127,37,0.085582062602043152
127,221,0.0575060173869133
127,630,0.052502606064081192
128,128,0
128,1000,1
128,294,0.801902174949646
128,992,0.56672912836074829
128,651,0.2635079026222229
128,1094,0.25751990079879761
128,1825,0.21679592132568359
128,789,0.19024157524108887
128,1548,0.11777416616678238
128,1827,0.09169422835111618
128,451,0.083392716944217682
128,455,0.083361268043518066
128,1081,0.080777063965797424
128,92,0.077216789126396179
128,1774,0.075985565781593323
129,129,0
129,1487,1
129,1627,0.34347832202911377
129,365,0.28471666574478149
129,1890,0.27720403671264648
129,669,0.24669349193572998
129,1947,0.24217328429222107
129,769,0.21245236694812775
129,1756,0.21123884618282318
129,296,0.20257118344306946
129,871,0.20040722191333771
129,1100,0.17745043337345123
129,1304,0.1759476363658905
129,1718,0.17270836234092712
129,1399,0.15985749661922455
130,130,0
130,449,1
130,254,0.33694103360176086
130,1955,0.3355710506439209
130,1225,0.32459613680839539
130,279,0.24104659259319305
130,338,0.23904816806316376
130,1614,0.22401006519794464
130,589,0.21467523276805878
130,1368,0.18570119142532349
130,304,0.17623913288116455
130,1887,0.15980677306652069
130,1329,0.15720802545547485
130,877,0.15679161250591278
130,1543,0.15526145696640015
131,131,0
131,1633,1
131,1678,0.33608555793762207
131,1952,0.29788929224014282
131,0,0.28847017884254456
131,708,0.26791015267372131
131,1008,0.22407715022563934
131,420,0.22076447308063507
131,1902,0.20292714238166809
131,306,0.19243393838405609
131,1649,0.18450222909450531
131,1921,0.18077008426189423
131,1005,0.17501504719257355
131,1027,0.16900064051151276
131,1791,0.16703604161739349
132,132,0
132,1383,1
132,944,0.48346838355064392
132,1670,0.42978823184967041
132,1158,0.3360382616519928
132,755,0.33226165175437927
132,1547,0.24534401297569275
132,1209,0.21267129480838776
132,822,0.17030729353427887
132,470,0.15488359332084656
132,760,0.13804295659065247
132,831,0.10907305777072906
132,102,0.10743950307369232
132,1368,0.097202010452747345
132,1971,0.090370364487171173
133,133,0
133,84,1
133,1127,0.41939312219619751
133,1198,0.33899566531181335
133,1261,0.2726958692073822
133,1988,0.27248930931091309
133,1600,0.20966599881649017
133,1739,0.19250074028968811
133,1312,0.19243884086608887
133,28,0.19009062647819519
133,302,0.18315759301185608
133,1610,0.18252894282341003
133,1987,0.15769332647323608
133,770,0.14797265827655792
133,1799,0.14725989103317261
134,134,0
134,1364,1
134,511,0.8330579400062561
134,277,0.76232379674911499
134,26,0.29814067482948303
134,154,0.21686150133609772
134,1247,0.18320256471633911
134,490,0.12166662514209747
134,708,0.11590184271335602
134,425,0.090388961136341095
134,756,0.06778264045715332
134,205,0.067231647670269012
134,847,0.054032839834690094
134,534,0.049637183547019958
134,1358,0.04666171595454216
135,135,0
135,201,1
135,1617,0.81519681215286255
135,15,0.50026017427444458
135,420,0.23204800486564636
135,1036,0.20284496247768402
135,708,0.14824248850345612
135,362,0.14577955007553101
135,534,0.14000929892063141
135,0,0.13993784785270691
135,1916,0.12277110666036606
135,1160,0.12139804661273956
135,912,0.1205698549747467
135,1505,0.11301597952842712
135,1539,0.10481186211109161
136,136,0
136,1957,1
136,290,0.85171550512313843
136,553,0.48600131273269653
136,839,0.37600609660148621
136,28,0.28644323348999023
136,448,0.22741304337978363
136,1472,0.095065943896770477
136,345,0.092644020915031433
136,1291,0.090066947042942047
136,1395,0.088655136525630951
136,230,0.088215462863445282
136,1403,0.076266400516033173
136,1357,0.074449814856052399
136,1770,0.073953583836555481
137,137,0
137,483,1
137,1182,0.88387870788574219
137,1809,0.6170838475227356
137,969,0.59082728624343872
137,1478,0.33325383067131042
137,1823,0.14549016952514648
137,1839,0.10746683925390244
137,951,0.052354604005813599
137,1885,0.034095842391252518
137,8,0.03409157320857048
137,898,0.030445445328950882
137,1938,0.029850291088223457
137,1731,0.026854267343878746
137,1559,0.021200582385063171
138,138,0
138,676,1
138,534,0.96911764144897461
138,551,0.77163416147232056
138,154,0.21157483756542206
138,205,0.20980232954025269
138,468,0.17304649949073792
138,1448,0.16442392766475677
138,181,0.14934755861759186
138,383,0.14686639606952667
138,847,0.031000563874840736
138,1001,0.022451477125287056
138,730,0.021981637924909592
138,996,0.018886197358369827
138,1798,0.016751207411289215
139,139,0
139,381,1
139,703,0.90661430358886719
139,1753,0.32483687996864319
139,638,0.24185612797737122
139,901,0.21373172104358673
139,371,0.19532696902751923
139,1249,0.18128742277622223
139,706,0.16333690285682678
139,1794,0.15333153307437897
139,632,0.14725516736507416
139,1730,0.12590895593166351
139,852,0.097953304648399353
139,162,0.079506300389766693
139,1115,0.075940124690532684
140,140,0
140,625,1
140,701,0.47917476296424866
140,1621,0.42749187350273132
140,496,0.2775532603263855
140,1978,0.23184593021869659
140,749,0.22839346528053284
140,1347,0.22480437159538269
140,984,0.21940256655216217
140,1623,0.2027115523815155
140,116,0.15153419971466064
140,1004,0.13668212294578552
140,872,0.13162912428379059
140,1161,0.098405756056308746
140,97,0.097264140844345093
141,141,0
141,860,1
141,1416,0.85570609569549561
141,13,0.74904590845108032
141,480,0.4591468870639801
141,623,0.32442185282707214
141,1445,0.084446907043457031
141,930,0.081131599843502045
141,1328,0.079233258962631226
141,643,0.066125959157943726
141,825,0.054071925580501556
141,1863,0.046991676092147827
141,333,0.046340931206941605
141,1024,0.030574370175600052
141,1536,0.02965046651661396
142,142,0
142,13,1
142,692,0.37438708543777466
142,141,0.29901307821273804
142,623,0.2961229681968689
142,388,0.28768208622932434
142,860,0.26075467467308044
142,1653,0.22390107810497284
142,476,0.216579869389534
142,1444,0.20225995779037476
142,721,0.17059043049812317
142,333,0.15795442461967468
142,1863,0.15663941204547882
142,1079,0.13295109570026398
142,1536,0.12806083261966705
143,143,0
143,1854,1
143,1531,0.31988877058029175
143,198,0.26500555872917175
143,418,0.26041111350059509
143,151,0.23549717664718628
143,1062,0.23180265724658966
143,605,0.22809158265590668
143,773,0.21930861473083496
143,1798,0.20581229031085968
143,560,0.19674807786941528
143,217,0.19478815793991089
143,1773,0.18494170904159546
143,509,0.1825469583272934
143,225,0.18204100430011749
144,144,0
144,1496,1
144,1381,0.47526350617408752
144,1479,0.30987942218780518
144,94,0.30145925283432007
144,601,0.28561118245124817
144,332,0.23794220387935638
144,918,0.2184441089630127
144,1169,0.18677891790866852
144,103,0.17347449064254761
144,1641,0.15759693086147308
144,1930,0.14632457494735718
144,849,0.14048823714256287
144,166,0.14017611742019653
144,1314,0.13345122337341309
145,145,0
145,243,1
145,1303,0.89937019348144531
145,92,0.60498863458633423
145,1284,0.39553913474082947
145,982,0.18001589179039001
145,596,0.16965635120868683
145,1568,0.14530928432941437
145,1378,0.11134051531553268
145,1967,0.10578558593988419
145,1289,0.10538143664598465
145,1184,0.060002144426107407
145,1457,0.059460233896970749
145,1295,0.035353619605302811
145,1069,0.03467981144785881
146,146,0
146,712,1
146,214,0.88693642616271973
146,764,0.39864388108253479
146,416,0.33775421977043152
146,781,0.1700521856546402
146,1339,0.16703598201274872
146,1890,0.1531011164188385
146,769,0.14699792861938477
146,1476,0.14356504380702972
146,674,0.10596473515033722
146,878,0.1055527999997139
146,1093,0.099716775119304657
146,1292,0.097105860710144043
146,1963,0.094456709921360016
147,147,0
147,1474,1
147,654,0.40866807103157043
147,1318,0.29285800457000732
147,1344,0.25851422548294067
147,1077,0.24389946460723877
147,1586,0.2172672301530838
147,1940,0.21464133262634277
147,1006,0.20815199613571167
147,1845,0.20716145634651184
147,1330,0.20085982978343964
147,1162,0.19434179365634918
147,269,0.15582168102264404
147,189,0.15263062715530396
147,456,0.1520656943321228
148,148,0
148,1323,1
148,722,0.3314545750617981
148,188,0.28816267848014832
148,1399,0.25177276134490967
148,905,0.2455233633518219
148,516,0.240144282579422
148,884,0.23628190159797668
148,1534,0.20662271976470947
148,61,0.20561352372169495
148,871,0.1891917884349823
148,892,0.18833823502063751
148,161,0.17814730107784271
148,878,0.17471089959144592
148,1136,0.17092457413673401
149,149,0
149,1517,1
149,691,0.71906775236129761
149,925,0.46100753545761108
149,413,0.30486041307449341
149,641,0.28383398056030273
149,1118,0.18001261353492737
149,775,0.15975953638553619
149,234,0.14881004393100739
149,547,0.1363653689622879
149,60,0.1203802227973938
149,678,0.1108003556728363
149,1905,0.10175593197345734
149,231,0.090743452310562134
149,709,0.089500695466995239
150,150,0
150,156,1
150,848,0.4944722056388855
150,558,0.48918366432189941
150,1767,0.33298179507255554
150,953,0.31307974457740784
150,1122,0.18604621291160583
150,1139,0.18573693931102753
150,546,0.16811840236186981
150,800,0.15513291954994202
150,1268,0.1500125378370285
150,972,0.12012474238872528
150,1067,0.11277849227190018
150,1080,0.10769594460725784
150,1219,0.091530047357082367
151,151,0
151,1622,1
151,1458,0.59719741344451904
151,1798,0.53775912523269653
151,1505,0.44977155327796936
151,1758,0.32688957452774048
151,1682,0.29934841394424438
151,425,0.26144924759864807
151,708,0.2306196540594101
151,257,0.1562751829624176
151,1773,0.013245345093309879
151,198,0.012887337245047092
151,676,0.0088930176571011543
151,1562,0.0069903484545648098
151,1854,0.0055656200274825096
152,152,0
152,475,1
152,192,0.78103697299957275
152,1524,0.28721234202384949
152,1732,0.23691907525062561
152,1811,0.20464067161083221
152,1521,0.19294123351573944
152,1402,0.18974961340427399
152,635,0.18167594075202942
152,1694,0.17772655189037323
152,1454,0.17179504036903381
152,1987,0.12854364514350891
152,1620,0.11988526582717896
152,1583,0.11869536340236664
152,1198,0.11606451869010925
153,153,0
153,96,1
153,929,0.74779534339904785
153,122,0.34001436829566956
153,1315,0.2868783175945282
153,966,0.2762969434261322
153,169,0.16740041971206665
153,1918,0.1579691469669342
153,666,0.14880730211734772
153,942,0.14872390031814575
153,1696,0.14492093026638031
153,1220,0.13730983436107635
153,841,0.12576530873775482
153,1936,0.11664138734340668
153,466,0.10837379842996597
154,154,0
154,205,1
154,138,0.34821707010269165
154,277,0.34777671098709106
154,662,0.33061102032661438
154,534,0.30476516485214233
154,134,0.26936721801757812
154,1177,0.25255241990089417
154,1086,0.24708643555641174
154,847,0.2107398509979248
154,578,0.13113296031951904
154,295,0.12753124535083771
154,1247,0.12194334715604782
154,418,0.11465608328580856
154,26,0.10050878673791885
155,155,0
155,1284,1
155,369,0.3424232006072998
155,1295,0.31009045243263245
155,1094,0.30264899134635925
155,145,0.26632151007652283
155,1104,0.26569294929504395
155,660,0.19920879602432251
155,838,0.1942521333694458
155,1371,0.19226725399494171
155,1276,0.18977135419845581
155,1153,0.183238685131073
155,1967,0.16819760203361511
155,1805,0.16201546788215637
155,1984,0.13076044619083405
156,156,0
156,150,1
156,1611,0.34180310368537903
156,953,0.31185749173164368
156,848,0.28562438488006592
156,671,0.27498811483383179
156,972,0.2268349677324295
156,558,0.22338999807834625
156,1139,0.21635547280311584
156,1714,0.20095072686672211
156,800,0.17833346128463745
156,1767,0.17023013532161713
156,530,0.16647845506668091
156,1793,0.16244871914386749
156,1035,0.14759808778762817
157,157,0
157,107,1
157,1339,0.61749327182769775
157,1751,0.53190487623214722
157,1449,0.28841543197631836
157,1218,0.2836202085018158
157,1352,0.21111465990543365
157,1512,0.1915716826915741
157,1890,0.1301720142364502
157,1328,0.12916815280914307
157,1692,0.12434345483779907
157,1619,0.10844399780035019
157,539,0.10543109476566315
157,1935,0.092624008655548096
157,1212,0.092580489814281464
158,158,0
158,1158,1
158,1771,0.5988495945930481
158,1670,0.49723994731903076
158,352,0.44588810205459595
158,1685,0.25396120548248291
158,822,0.22171424329280853
158,1066,0.21134990453720093
158,1644,0.15029816329479218
158,1760,0.11731536686420441
158,1908,0.11290940642356873
158,197,0.087243527173995972
158,408,0.084507271647453308
158,349,0.075802072882652283
158,759,0.049808666110038757
159,159,0
159,676,1
159,650,0.61013638973236084
159,1421,0.4828488826751709
159,138,0.32436466217041016
159,610,0.22997769713401794
159,1087,0.19361777603626251
159,59,0.19139271974563599
159,1001,0.18206501007080078
159,1798,0.12727679312229156
159,973,0.12619000673294067
159,1322,0.11816990375518799
159,912,0.11331948637962341
159,0,0.10696280747652054
159,383,0.10057367384433746
160,160,0
160,1122,1
160,1135,0.64571285247802734
160,651,0.57295918464660645
160,1829,0.42901137471199036
160,935,0.23435288667678833
160,1268,0.18765556812286377
160,340,0.17259940505027771
160,92,0.16199126839637756
160,501,0.097464941442012787
160,976,0.091661222279071808
160,1570,0.081625580787658691
160,359,0.079511910676956177
160,1777,0.078855499625205994
160,585,0.073481760919094086
161,161,0
161,1112,1
161,884,0.41701212525367737
161,1963,0.37326684594154358
161,1323,0.32489493489265442
161,402,0.26431703567504883
161,892,0.23690620064735413
161,148,0.18980924785137177
161,918,0.18624569475650787
161,1089,0.17179276049137115
161,631,0.15881916880607605
161,602,0.15691490471363068
161,208,0.14341171085834503
161,740,0.14322775602340698
161,463,0.1402776688337326
162,162,0
162,1106,1
162,1115,0.52876085042953491
162,1582,0.36942869424819946
162,371,0.36852067708969116
162,1731,0.34151393175125122
162,1870,0.31548812985420227
162,139,0.18507075309753418
162,1567,0.16088233888149261
162,1753,0.13574233651161194
162,1411,0.12444078922271729
162,1274,0.10757968574762344
162,852,0.10132394731044769
162,1249,0.090426944196224213
162,1935,0.077718444168567657
163,163,0
163,1632,1
163,1309,0.34790855646133423
163,1702,0.32443663477897644
163,1354,0.29236632585525513
163,699,0.26294851303100586
163,1066,0.25290367007255554
163,518,0.21746940910816193
163,743,0.19350007176399231
163,1878,0.18861816823482513
163,1803,0.18604271113872528
163,409,0.17735627293586731
163,1267,0.17464582622051239
163,101,0.15114662051200867
163,1535,0.13754820823669434
164,164,0
164,1869,1
164,1486,0.55056929588317871
164,1360,0.43852737545967102
164,1797,0.28960776329040527
164,1692,0.26196664571762085
164,1743,0.25419530272483826
164,1853,0.20938634872436523
164,1468,0.15182450413703918
164,1943,0.143651083111763
164,731,0.13383245468139648
164,1525,0.12328371405601501
164,371,0.12080889195203781
164,1666,0.11866544932126999
164,1493,0.11057598143815994
165,165,0
165,1243,1
165,1101,0.30408322811126709
165,840,0.2927250862121582
165,1600,0.27342018485069275
165,1752,0.26827850937843323
165,1564,0.23114776611328125
165,1308,0.22791285812854767
165,1948,0.21612900495529175
165,1459,0.21150444447994232
165,517,0.20102569460868835
165,203,0.192477747797966
165,1547,0.16794732213020325
165,1799,0.16287882626056671
165,1148,0.15736883878707886
166,166,0
166,1341,1
166,1815,0.38604578375816345
166,1169,0.36654675006866455
166,1369,0.32889828085899353
166,767,0.2859550416469574
166,1496,0.26678666472434998
166,144,0.21760596334934235
166,927,0.20454223453998566
166,218,0.1680789440870285
166,762,0.14031581580638885
166,601,0.13969863951206207
166,1285,0.13718666136264801
166,924,0.13655304908752441
166,103,0.1286812424659729
167,167,0
167,116,1
167,796,0.71357327699661255
167,1233,0.33545255661010742
167,27,0.20432464778423309
167,26,0.20421653985977173
167,428,0.20204967260360718
167,1423,0.1939832866191864
167,241,0.17476288974285126
167,325,0.1696859747171402
167,732,0.15809451043605804
167,1425,0.15213216841220856
167,1682,0.13447961211204529
167,949,0.13412822782993317
167,277,0.1300012469291687
168,168,0
168,915,1
168,1682,0.59794867038726807
168,1011,0.55350208282470703
168,1550,0.30493542551994324
168,1716,0.28189098834991455
168,715,0.25617438554763794
168,1837,0.15900933742523193
168,1163,0.15400153398513794
168,588,0.13586282730102539
168,1578,0.12125275284051895
168,818,0.12058190256357193
168,796,0.083320952951908112
168,1740,0.071340762078762054
168,777,0.06707058846950531
169,169,0
169,1936,1
169,466,0.87885653972625732
169,153,0.56787461042404175
169,38,0.42938661575317383
169,1553,0.30644792318344116
169,1696,0.25303596258163452
169,1315,0.1592770516872406
169,929,0.078439414501190186
169,96,0.064494691789150238
169,1918,0.044565130025148392
169,1807,0.043873488903045654
169,686,0.03634951263666153
169,243,0.025488127022981644
169,1818,0.018805913627147675
170,170,0
170,461,1
170,1576,0.70379191637039185
170,70,0.49972939491271973
170,438,0.42096880078315735
170,1103,0.33908826112747192
170,1932,0.19919754564762115
170,1437,0.14245156943798065
170,1763,0.13200660049915314
170,938,0.11680825054645538
170,889,0.10965258628129959
170,1942,0.069339700043201447
170,814,0.061451740562915802
170,1522,0.056250456720590591
170,867,0.056150216609239578
171,171,0
171,1046,1
171,199,0.67016226053237915
171,1070,0.45773398876190186
171,1041,0.24812918901443481
171,409,0.22323991358280182
171,1657,0.21508890390396118
171,1585,0.18296073377132416
171,163,0.15866385400295258
171,1544,0.14634066820144653
171,815,0.13411341607570648
171,1309,0.12423419952392578
171,112,0.11675211787223816
171,57,0.11543732136487961
171,45,0.11402749270200729
172,172,0
172,882,1
172,1547,0.38601422309875488
172,998,0.32183298468589783
172,517,0.31854888796806335
172,1760,0.23911069333553314
172,955,0.22391685843467712
172,1961,0.2074829488992691
172,1847,0.18466947972774506
172,1904,0.18353216350078583
172,1308,0.18054255843162537
172,101,0.17430204153060913
172,1888,0.1739686131477356
172,1101,0.15651501715183258
172,1564,0.15645110607147217
173,173,0
173,486,1
173,1886,0.4209340512752533
173,1363,0.41110438108444214
173,1393,0.35219877958297729
173,423,0.29282617568969727
173,1747,0.20743267238140106
173,33,0.1979631781578064
173,480,0.18117004632949829
173,1190,0.16567446291446686
173,299,0.1556185781955719
173,876,0.15004335343837738
173,1059,0.13078662753105164
173,249,0.12923562526702881
173,669,0.11190123856067657
174,174,0
174,1001,1
174,1597,0.58323067426681519
174,1020,0.54804533720016479
174,806,0.47536051273345947
174,1539,0.26978862285614014
174,1648,0.23996227979660034
174,792,0.15678022801876068
174,1036,0.13304626941680908
174,1380,0.095450267195701599
174,1322,0.08795502781867981
174,1481,0.086669109761714935
174,973,0.08627619594335556
174,1272,0.079032383859157562
174,912,0.065293826162815094
175,175,0
175,1637,1
175,465,0.33769512176513672
175,848,0.2878909707069397
175,233,0.28413823246955872
175,953,0.26795205473899841
175,800,0.25444099307060242
175,469,0.2091841846704483
175,276,0.20000660419464111
175,1450,0.19356276094913483
175,720,0.19233717024326324
175,1611,0.19217380881309509
175,1418,0.1750316321849823
175,298,0.15836763381958008
175,1528,0.15411704778671265
176,176,0
176,980,1
176,97,0.34717118740081787
176,1630,0.33375948667526245
176,1032,0.2900775671005249
176,1429,0.24187670648097992
176,1842,0.23193883895874023
176,702,0.22522155940532684
176,35,0.19797933101654053
176,1622,0.19306126236915588
176,187,0.17545925080776215
176,1836,0.17411766946315765
176,850,0.16909950971603394
176,1119,0.16891364753246307
176,964,0.15821544826030731
177,177,0
177,740,1
177,1024,0.54127705097198486
177,1093,0.38705658912658691
177,1529,0.33626097440719604
177,1642,0.29299205541610718
177,1248,0.24016736447811127
177,917,0.21422430872917175
177,1088,0.15462552011013031
177,1349,0.15131798386573792
177,878,0.14210940897464752
177,1605,0.11773828417062759
177,1140,0.11100509017705917
177,218,0.10934663563966751
177,849,0.10876461118459702
178,178,0
178,709,1
178,1238,0.78769016265869141
178,742,0.58893334865570068
178,1172,0.18074801564216614
178,177,0.16561776399612427
178,1265,0.15375103056430817
178,967,0.15314918756484985
178,1529,0.15172044932842255
178,1349,0.1457081139087677
178,1007,0.13825100660324097
178,1828,0.12309538573026657
178,1332,0.11517480760812759
178,748,0.10453829169273376
178,1435,0.098512940108776093
179,179,0
179,89,1
179,1944,0.34434381127357483
179,832,0.3433201014995575
179,970,0.30551403760910034
179,1787,0.25224372744560242
179,114,0.24235077202320099
179,1822,0.22032718360424042
179,1901,0.19507528841495514
179,309,0.18483185768127441
179,1035,0.18049485981464386
179,1181,0.16319000720977783
179,1671,0.16316710412502289
179,741,0.15611399710178375
179,505,0.15591453015804291
180,180,0
180,122,1
180,14,0.44373461604118347
180,1801,0.35004952549934387
180,778,0.30996599793434143
180,109,0.24429304897785187
180,153,0.22386267781257629
180,841,0.21334512531757355
180,466,0.17335601150989532
180,779,0.17294028401374817
180,1273,0.16924972832202911
180,79,0.16586890816688538
180,487,0.15356849133968353
180,90,0.1512819230556488
180,1918,0.13537700474262238
181,181,0
181,676,1
181,730,0.39733853936195374
181,1087,0.36040809750556946
181,1154,0.34268224239349365
181,307,0.34249347448348999
181,138,0.30488595366477966
181,1898,0.2474137544631958
181,1929,0.18482454121112823
181,1798,0.1433677077293396
181,796,0.14227928221225739
181,534,0.12745404243469238
181,1550,0.11867133527994156
181,154,0.1007487028837204
181,1458,0.094325169920921326
182,182,0
182,57,1
182,1585,0.43870267271995544
182,1025,0.2654358446598053
182,533,0.25552478432655334
182,256,0.2417992502450943
182,1620,0.21697874367237091
182,960,0.21636441349983215
182,1524,0.20883700251579285
182,85,0.2057347446680069
182,1046,0.19792741537094116
182,1657,0.18995577096939087
182,271,0.16907098889350891
182,1424,0.15469560027122498
182,199,0.14587144553661346
183,183,0
183,1450,1
183,976,0.41140797734260559
183,351,0.34059163928031921
183,1397,0.29597997665405273
183,1413,0.23329086601734161
183,469,0.2152286171913147
183,1546,0.21480514109134674
183,671,0.20023660361766815
183,1855,0.18901704251766205
183,1130,0.17244213819503784
183,953,0.17236003279685974
183,340,0.16811324656009674
183,1714,0.15718543529510498
183,1725,0.13623338937759399
184,184,0
184,1012,1
184,195,0.48088157176971436
184,664,0.32876819372177124
184,835,0.31256169080734253
184,1396,0.26828870177268982
184,1639,0.20208995044231415
184,1280,0.1794104129076004
184,455,0.17798109352588654
184,856,0.16516853868961334
184,1548,0.16394107043743134
184,459,0.16169962286949158
184,1276,0.16085216403007507
184,245,0.16019952297210693
184,921,0.14504612982273102
185,185,0
185,458,1
185,1964,0.66880625486373901
185,1299,0.36539408564567566
185,1598,0.34205260872840881
185,1686,0.28845638036727905
185,1448,0.21078555285930634
185,867,0.17845985293388367
185,1358,0.14980395138263702
185,70,0.14354775846004486
185,1473,0.1306280791759491
185,879,0.11608978360891342
185,421,0.106023870408535
185,1599,0.10443657636642456
185,830,0.10239817947149277
186,186,0
186,657,1
186,16,0.48250323534011841
186,441,0.38380849361419678
186,874,0.31331774592399597
186,1638,0.21339362859725952
186,325,0.20952245593070984
186,1840,0.18767711520195007
186,818,0.18389731645584106
186,490,0.17503570020198822
186,425,0.15907968580722809
186,391,0.15311072766780853
186,756,0.151136115193367
186,277,0.14809417724609375
186,496,0.14632076025009155
187,187,0
187,875,1
187,1925,0.73336797952651978
187,1018,0.33249333500862122
187,383,0.32085302472114563
187,980,0.27139335870742798
187,1650,0.21796499192714691
187,1447,0.17036989331245422
187,949,0.16179491579532623
187,1205,0.13851431012153625
187,1836,0.1287599503993988
187,1909,0.11929437518119812
187,587,0.11637111753225327
187,1281,0.098544634878635406
187,1192,0.097175136208534241
188,188,0
188,437,1
188,148,0.54945158958435059
188,1399,0.31456011533737183
188,722,0.30206328630447388
188,238,0.27042347192764282
188,905,0.21804048120975494
188,945,0.20188882946968079
188,540,0.19646887481212616
188,1853,0.18570147454738617
188,687,0.18382203578948975
188,1534,0.13631467521190643
188,1323,0.12646476924419403
188,1797,0.11330120265483856
188,1943,0.10838405787944794
189,189,0
189,1200,1
189,1276,0.66349738836288452
189,1586,0.48837012052536011
189,1819,0.3002375066280365
189,293,0.26350268721580505
189,1669,0.23414939641952515
189,1318,0.23334620893001556
189,737,0.20059399306774139
189,654,0.16816714406013489
189,21,0.096900604665279388
189,1555,0.070894964039325714
189,294,0.069438368082046509
189,1006,0.062692269682884216
189,690,0.055091708898544312
190,190,0
190,1878,1
190,64,0.5142664909362793
190,868,0.31984716653823853
190,481,0.30622342228889465
190,1518,0.29380425810813904
190,783,0.2783033549785614
190,653,0.19816198945045471
190,1329,0.19216792285442352
190,412,0.18295149505138397
190,1002,0.16642720997333527
190,883,0.11854911595582962
190,17,0.11809974908828735
190,705,0.11183341592550278
190,1914,0.1062525287270546
191,191,0
191,604,1
191,1780,0.79759520292282104
191,310,0.67771899700164795
191,224,0.32029309868812561
191,1543,0.16646143794059753
191,820,0.15148802101612091
191,1610,0.14764136075973511
191,675,0.11374011635780334
191,414,0.1103493869304657
191,1865,0.10005787760019302
191,783,0.084990933537483215
191,521,0.08117368072271347
191,1329,0.080510057508945465
191,1862,0.074866063892841339
192,192,0
192,152,1
192,475,0.47937139868736267
192,1987,0.30434891581535339
192,1583,0.28547945618629456
192,1524,0.26913094520568848
192,1521,0.24805560708045959
192,899,0.23789863288402557
192,378,0.2086985856294632
192,210,0.16176201403141022
192,1454,0.15979565680027008
192,1600,0.15410228073596954
192,1694,0.14485065639019012
192,1838,0.12937922775745392
192,1732,0.12400952726602554
193,193,0
193,959,1
193,619,0.75565773248672485
193,59,0.33978915214538574
193,1361,0.24925583600997925
193,1173,0.20838993787765503
193,1415,0.18813407421112061
193,574,0.18462952971458435
193,509,0.17364533245563507
193,39,0.16633132100105286
193,1491,0.15575619041919708
193,325,0.13660110533237457
193,662,0.12813299894332886
193,732,0.1154613196849823
193,498,0.10510627180337906
194,194,0
194,359,1
194,401,0.44420963525772095
194,590,0.35254380106925964
194,1556,0.25584203004837036
194,49,0.22097769379615784
194,1526,0.21399681270122528
194,1715,0.21168331801891327
194,298,0.206247478723526
194,1022,0.18161177635192871
194,1528,0.1777232438325882
194,1696,0.16734273731708527
194,752,0.16334684193134308
194,1000,0.15659412741661072
194,125,0.15477113425731659
195,195,0
195,184,1
195,1012,0.82003051042556763
195,1275,0.61036723852157593
195,1280,0.18373642861843109
195,856,0.17867520451545715
195,491,0.17292183637619019
195,921,0.16485679149627686
195,690,0.16092859208583832
195,79,0.13809318840503693
195,1276,0.12031721323728561
195,970,0.096597924828529358
195,459,0.088645756244659424
195,1186,0.085912838578224182
195,994,0.085804037749767303
196,196,0
196,5,1
196,1981,0.50355303287506104
196,1086,0.4662112295627594
196,662,0.41301798820495605
196,306,0.20138521492481232
196,303,0.17730541527271271
196,1589,0.16832081973552704
196,963,0.16446948051452637
196,916,0.15954269468784332
196,1227,0.15476413071155548
196,1782,0.12771168351173401
196,758,0.12683741748332977
196,509,0.1247488409280777
196,574,0.11902056634426117
197,197,0
197,203,1
197,1204,0.47327455878257751
197,759,0.462668776512146
197,1908,0.32423073053359985
197,280,0.22030735015869141
197,158,0.2008674293756485
197,1148,0.1889641135931015
197,1760,0.17733590304851532
197,1245,0.17186059057712555
197,1948,0.16935598850250244
197,1752,0.14217540621757507
197,1072,0.1364351361989975
197,517,0.12052358686923981
197,840,0.11888851970434189
198,198,0
198,151,1
198,73,0.49827834963798523
198,1789,0.45907336473464966
198,1052,0.27463641762733459
198,1758,0.25396960973739624
198,1154,0.2242676317691803
198,1505,0.17321942746639252
198,1458,0.17134250700473785
198,1854,0.16510255634784698
198,913,0.16082611680030823
198,1009,0.16050823032855988
198,1503,0.13744974136352539
198,979,0.12078498303890228
198,1921,0.1074276939034462
199,199,0
199,171,1
199,1070,0.64023536443710327
199,1046,0.48562058806419373
199,1309,0.38476443290710449
199,1267,0.34141737222671509
199,57,0.2808336615562439
199,960,0.1436438262462616
199,1041,0.14219102263450623
199,409,0.13650611042976379
199,494,0.12135481089353561
199,1892,0.075832568109035492
199,1417,0.059994205832481384
199,688,0.054180067032575607
199,1620,0.040310259908437729
200,200,0
200,1809,1
200,871,0.40078753232955933
200,58,0.31535470485687256
200,1033,0.2479071170091629
200,1431,0.23545624315738678
200,1751,0.21487611532211304
200,1559,0.20522509515285492
200,565,0.20197999477386475
200,1352,0.19824501872062683
200,444,0.19760838150978088
200,1182,0.18969537317752838
200,1277,0.18544711172580719
200,148,0.16026037931442261
200,1449,0.15404672920703888
201,201,0
201,1052,1
201,135,0.95815837383270264
201,1617,0.28672623634338379
201,15,0.27762889862060547
201,226,0.20578868687152863
201,1010,0.20527254045009613
201,1505,0.20191836357116699
201,1837,0.15112176537513733
201,1522,0.12810626626014709
201,1699,0.10157302767038345
201,362,0.099328227341175079
201,1154,0.099182553589344025
201,1036,0.097601369023323059
201,1458,0.094485469162464142
202,202,0
202,1859,1
202,600,0.89725214242935181
202,1856,0.79158270359039307
202,547,0.25527846813201904
202,1118,0.24984954297542572
202,1753,0.17653857171535492
202,1350,0.10879357904195786
202,902,0.10462077707052231
202,642,0.099479295313358307
202,1444,0.060397688299417496
202,1078,0.051374312490224838
202,1885,0.038930412381887436
202,1274,0.037249676883220673
202,462,0.035546634346246719
203,203,0
203,1245,1
203,517,0.67173236608505249
203,877,0.3604997992515564
203,1752,0.34703758358955383
203,1760,0.2682088315486908
203,1972,0.1951545774936676
203,165,0.16936250030994415
203,1948,0.16758276522159576
203,1600,0.15010537207126617
203,1647,0.13530002534389496
203,197,0.12860760092735291
203,1564,0.11835455894470215
203,1924,0.11252620816230774
203,580,0.082414954900741577
204,204,0
204,125,1
204,326,0.69870966672897339
204,1735,0.43786162137985229
204,1230,0.39120012521743774
204,1460,0.3673112690448761
204,1581,0.21611002087593079
204,1188,0.21487525105476379
204,1130,0.11601001769304276
204,1107,0.11543192714452744
204,206,0.092768549919128418
204,1462,0.087875209748744965
204,1999,0.061736222356557846
204,1546,0.059198617935180664
204,957,0.047802433371543884
205,205,0
205,534,1
205,1645,0.31028005480766296
205,277,0.29764539003372192
205,1412,0.29504069685935974
205,154,0.25408411026000977
205,996,0.2503591775894165
205,86,0.24804602563381195
205,468,0.21515107154846191
205,662,0.21019485592842102
205,847,0.18448176980018616
205,574,0.16896602511405945
205,708,0.16895300149917603
205,26,0.16520699858665466
205,665,0.13848541676998138
206,206,0
206,1280,1
206,880,0.63863193988800049
206,1188,0.49891850352287292
206,1462,0.3556658923625946
206,326,0.30639046430587769
206,1556,0.23474675416946411
206,1581,0.18239296972751617
206,1,0.17731763422489166
206,636,0.15521252155303955
206,935,0.07989770919084549
206,195,0.078599363565444946
206,204,0.074289433658123016
206,1187,0.062694326043128967
206,1191,0.062142267823219299
207,207,0
207,286,1
207,1659,0.60212433338165283
207,994,0.43914416432380676
207,787,0.42858424782752991
207,931,0.23230801522731781
207,1883,0.17724967002868652
207,1759,0.16076208651065826
207,779,0.14635257422924042
207,22,0.13842944800853729
207,1894,0.13151237368583679
207,274,0.13055288791656494
207,1050,0.12198219448328018
207,911,0.10327265411615372
207,487,0.094621159136295319
208,208,0
208,1093,1
208,910,0.57925534248352051
208,1321,0.34032770991325378
208,393,0.3392777144908905
208,402,0.25759372115135193
208,1772,0.23289476335048676
208,377,0.20251795649528503
208,740,0.17996160686016083
208,1339,0.17883193492889404
208,1003,0.14663749933242798
208,316,0.12067502737045288
208,631,0.11655998975038528
208,1024,0.11088705807924271
208,764,0.10147044807672501
209,209,0
209,572,1
209,829,0.51618480682373047
209,1690,0.37467992305755615
209,838,0.32442957162857056
209,1922,0.2000700980424881
209,1474,0.19806475937366486
209,1586,0.19516138732433319
209,1532,0.18564040958881378
209,525,0.16568389534950256
209,223,0.16422656178474426
209,957,0.15306827425956726
209,1855,0.15156950056552887
209,382,0.14352713525295258
209,1092,0.13458350300788879
210,210,0
210,1732,1
210,1811,0.58165884017944336
210,635,0.33704844117164612
210,1245,0.26549407839775085
210,877,0.23204748332500458
210,1406,0.212763711810112
210,1924,0.19975747168064117
210,1454,0.18338796496391296
210,265,0.18190987408161163
210,885,0.17861004173755646
210,322,0.17794619500637054
210,1697,0.13362047076225281
210,693,0.11190268397331238
210,1987,0.11074375361204147
211,211,0
211,853,1
211,51,0.62282413244247437
211,1222,0.33894738554954529
211,103,0.26587134599685669
211,1927,0.24311178922653198
211,1962,0.2273898720741272
211,1172,0.19963568449020386
211,1730,0.19492387771606445
211,762,0.1744680255651474
211,1435,0.15950743854045868
211,1815,0.14598052203655243
211,550,0.11484994739294052
211,382,0.1112443283200264
211,1768,0.1081322506070137
212,212,0
212,1967,1
212,450,0.86726665496826172
212,1873,0.53683197498321533
212,1569,0.37247386574745178
212,397,0.30205211043357849
212,90,0.20820224285125732
212,459,0.20577624440193176
212,546,0.12477858364582062
212,624,0.091167569160461426
212,1615,0.052697829902172089
212,471,0.049673836678266525
212,1557,0.041527196764945984
212,681,0.027365900576114655
212,689,0.027076549828052521
213,213,0
213,1309,1
213,1910,0.58574450016021729
213,405,0.35064581036567688
213,44,0.33785802125930786
213,1402,0.3181801438331604
213,1039,0.20823709666728973
213,319,0.16526733338832855
213,1535,0.15422527492046356
213,163,0.14954701066017151
213,705,0.14360480010509491
213,1656,0.13675467669963837
213,290,0.13583539426326752
213,1013,0.1139141321182251
213,338,0.1070697158575058
214,214,0
214,146,1
214,712,0.9482542872428894
214,329,0.35464248061180115
214,764,0.22483804821968079
214,346,0.17718334496021271
214,285,0.15355823934078217
214,1853,0.14560966193675995
214,611,0.14380376040935516
214,406,0.14250917732715607
214,1850,0.12990079820156097
214,878,0.12891578674316406
214,1890,0.12209288030862808
214,781,0.12029888480901718
214,1339,0.11528755724430084
215,215,0
215,1006,1
215,499,0.84622418880462646
215,1330,0.58808416128158569
215,723,0.38713648915290833
215,1077,0.30161967873573303
215,1090,0.13379551470279694
215,1344,0.11342377215623856
215,255,0.10626980662345886
215,717,0.087163716554641724
215,1252,0.082158796489238739
215,456,0.066537074744701385
215,1297,0.066380225121974945
215,232,0.065912649035453796
215,2,0.062193550169467926
216,216,0
216,1862,1
216,400,0.89266842603683472
216,754,0.3225681483745575
216,1251,0.28651824593544006
216,1041,0.26778939366340637
216,1072,0.26135039329528809
216,1398,0.20101483166217804
216,1316,0.16602630913257599
216,1566,0.13336582481861115
216,592,0.10198598355054855
216,675,0.096545770764350891
216,1305,0.065023891627788544
216,1066,0.058531701564788818
216,99,0.053496148437261581
217,217,0
217,1854,1
217,593,0.87212121486663818
217,773,0.52269643545150757
217,566,0.5151631236076355
217,979,0.26130950450897217
217,913,0.21151372790336609
217,932,0.1315712034702301
217,1951,0.10990950465202332
217,756,0.087033011019229889
217,511,0.043589193373918533
217,1981,0.041919078677892685
217,151,0.038873258978128433
217,605,0.038079362362623215
217,509,0.033102747052907944
218,218,0
218,1470,1
218,927,0.48108381032943726
218,360,0.37666204571723938
218,1527,0.32280531525611877
218,177,0.30182865262031555
218,58,0.27051618695259094
218,1536,0.20513470470905304
218,967,0.18719503283500671
218,762,0.16077415645122528
218,849,0.14944778382778168
218,1642,0.12811924517154694
218,1674,0.11597965657711029
218,1141,0.11469236016273499
218,1529,0.092656806111335754
219,219,0
219,699,1
219,1518,0.53348171710968018
219,1878,0.41353562474250793
219,1882,0.40751746296882629
219,513,0.38390156626701355
219,1632,0.23864327371120453
219,1366,0.17037823796272278
219,518,0.15999358892440796
219,477,0.12881208956241608
219,1305,0.11865181475877762
219,1354,0.096752144396305084
219,506,0.090554684400558472
219,190,0.082874037325382233
219,310,0.081802457571029663
220,220,0
220,53,1
220,922,0.32586273550987244
220,285,0.30775409936904907
220,1853,0.297995924949646
220,1635,0.27759942412376404
220,1935,0.25165224075317383
220,379,0.2430623471736908
220,539,0.22074307501316071
220,1479,0.19373153150081635
220,1731,0.18576344847679138
220,731,0.16878172755241394
220,1234,0.15257290005683899
220,1641,0.14438852667808533
220,1743,0.13698810338973999
221,221,0
221,1420,1
221,1913,0.52842444181442261
221,1946,0.40317270159721375
221,1357,0.32106518745422363
221,1387,0.26869276165962219
221,398,0.25702312588691711
221,1971,0.19960023462772369
221,1215,0.18020269274711609
221,656,0.1536305844783783
221,757,0.14735861122608185
221,630,0.13930106163024902
221,1048,0.12991635501384735
221,786,0.10410266369581223
221,1483,0.074396438896656036
222,222,0
222,1775,1
222,1858,0.49966958165168762
222,1976,0.45120328664779663
222,191,0.41867199540138245
222,1610,0.31348690390586853
222,1127,0.31305843591690063
222,1600,0.13648152351379395
222,1538,0.13437731564044952
222,840,0.11909016966819763
222,1668,0.11798270046710968
222,1148,0.11062463372945786
222,521,0.10659044235944748
222,604,0.10215058922767639
222,1752,0.083496592938899994
223,223,0
223,368,1
223,572,0.44188028573989868
223,274,0.3483368456363678
223,844,0.33443599939346313
223,1162,0.26275935769081116
223,1117,0.23202784359455109
223,655,0.229148268699646
223,1532,0.22248722612857819
223,733,0.21769264340400696
223,1759,0.17915397882461548
223,487,0.13070468604564667
223,242,0.11098413169384003
223,1253,0.10540802031755447
223,1200,0.091877855360507965
224,224,0
224,345,1
224,1305,0.53598517179489136
224,1862,0.35327371954917908
224,354,0.34351804852485657
224,1543,0.30675774812698364
224,414,0.1837504506111145
224,448,0.17657244205474854
224,1865,0.17526228725910187
224,400,0.17303133010864258
224,883,0.17265509068965912
224,1357,0.14070974290370941
224,1780,0.14049753546714783
224,592,0.10902004688978195
224,1329,0.095855057239532471
225,225,0
225,257,1
225,1591,0.53436917066574097
225,715,0.39622744917869568
225,797,0.32843798398971558
225,509,0.32716688513755798
225,662,0.30733895301818848
225,1441,0.2825164794921875
225,27,0.24855837225914001
225,578,0.10776647180318832
225,1773,0.090002141892910004
225,1680,0.081846937537193298
225,625,0.074684202671051025
225,560,0.071741700172424316
225,777,0.056228399276733398
226,226,0
226,3,1
226,727,0.74529308080673218
226,1010,0.50834840536117554
226,63,0.48422974348068237
226,1505,0.26206722855567932
226,201,0.22488375008106232
226,362,0.20066320896148682
226,1036,0.096969708800315857
226,646,0.075827307999134064
226,394,0.073625706136226654
226,1689,0.068265438079833984
226,1458,0.063429795205593109
226,1052,0.05237911269068718
226,15,0.050912097096443176
227,227,0
227,117,1
227,1951,0.7065199613571167
227,1469,0.31052282452583313
227,1678,0.25992205739021301
227,1683,0.25211691856384277
227,1916,0.23684093356132507
227,566,0.21559175848960876
227,756,0.21331210434436798
227,916,0.16594760119915009
227,1086,0.12192695587873459
227,196,0.10929945856332779
227,306,0.10807763040065765
227,963,0.10669318586587906
227,1950,0.10011982917785645
228,228,0
228,1954,1
228,629,0.86641418933868408
228,725,0.49940904974937439
228,1723,0.26577374339103699
228,1764,0.18241806328296661
228,707,0.17697641253471375
228,1560,0.17001207172870636
228,1500,0.16205832362174988
228,1298,0.13405792415142059
228,816,0.11050769686698914
228,570,0.10419876128435135
228,1926,0.091928645968437195
228,1878,0.074955202639102936
228,64,0.068179100751876831
229,229,0
229,39,1
229,1606,0.62134134769439697
229,1173,0.55672037601470947
229,498,0.43917351961135864
229,1241,0.1971469521522522
229,1925,0.17707735300064087
229,453,0.17268924415111542
229,875,0.1644638329744339
229,1950,0.13520295917987823
229,1909,0.12895205616950989
229,1018,0.085872001945972443
229,1255,0.083812333643436432
229,59,0.074311859905719757
229,410,0.070125699043273926
230,230,0
230,1769,1
230,553,0.84408068656921387
230,1357,0.47415617108345032
230,28,0.25726684927940369
230,41,0.24651293456554413
230,1261,0.21233771741390228
230,644,0.15662816166877747
230,1915,0.12686449289321899
230,1291,0.12385691702365875
230,136,0.11440159380435944
230,17,0.10972695797681808
230,946,0.10290366411209106
230,272,0.071736074984073639
230,1601,0.066414229571819305
231,231,0
231,510,1
231,1765,0.73085033893585205
231,1461,0.35755482316017151
231,1172,0.30624684691429138
231,1264,0.27992042899131775
231,413,0.2769191563129425
231,1820,0.2679390013217926
231,687,0.19769009947776794
231,637,0.11017832159996033
231,571,0.10554192960262299
231,641,0.084722548723220825
231,765,0.080267354846000671
231,259,0.073322109878063202
231,1270,0.035744719207286835
232,232,0
232,1090,1
232,1432,0.77440965175628662
232,499,0.73985373973846436
232,829,0.26311472058296204
232,1532,0.25947955250740051
232,1138,0.23303739726543427
232,31,0.15077611804008484
232,1604,0.10894085466861725
232,1006,0.10106593370437622
232,717,0.077342942357063293
232,1330,0.072005555033683777
232,1252,0.045631445944309235
232,1781,0.041656982153654099
232,1273,0.039578910917043686
233,233,0
233,56,1
233,716,0.57354640960693359
233,970,0.33248883485794067
233,953,0.28989344835281372
233,1949,0.22744634747505188
233,350,0.21332789957523346
233,848,0.19416862726211548
233,1181,0.17305849492549896
233,22,0.1717640608549118
233,976,0.16764914989471436
233,690,0.16321861743927002
233,298,0.14000304043292999
233,465,0.13048046827316284
233,62,0.1298542320728302
234,234,0
234,60,1
234,967,0.83224964141845703
234,1028,0.3589400053024292
234,925,0.29811385273933411
234,29,0.24716657400131226
234,462,0.20001265406608582
234,547,0.15548093616962433
234,1605,0.141633540391922
234,1470,0.12852330505847931
234,1841,0.12612022459506989
234,1157,0.12498325109481812
234,740,0.11512336134910583
234,360,0.09518163651227951
234,381,0.083368942141532898
235,235,0
235,1702,1
235,389,0.69868659973144531
235,163,0.35589557886123657
235,1343,0.33895120024681091
235,743,0.26957240700721741
235,1224,0.20910465717315674
235,1465,0.19221773743629456
235,1120,0.16179902851581573
235,1392,0.12901455163955688
235,55,0.12672494351863861
235,552,0.12236208468675613
235,928,0.12071085721254349
235,968,0.093925267457962036
235,1025,0.087932378053665161
236,236,0
236,190,1
236,783,0.77840614318847656
236,1518,0.66238665580749512
236,562,0.35325276851654053
236,1198,0.29790866374969482
236,254,0.29313763976097107
236,1002,0.2353692501783371
236,1739,0.075817033648490906
236,1717,0.059068303555250168
236,1887,0.04136330634355545
236,1239,0.039349492639303207
236,883,0.03307177871465683
236,133,0.019850162789225578
236,68,0.017912143841385841
237,237,0
237,1314,1
237,1619,0.913787841796875
237,674,0.8827701210975647
237,1783,0.33699882030487061
237,1674,0.24142508208751678
237,1352,0.14619863033294678
237,1319,0.14522485435009003
237,1512,0.088082157075405121
237,1549,0.077354982495307922
237,781,0.024200860410928726
237,1880,0.01592705212533474
237,1747,0.013299310579895973
237,601,0.011735172942280769
237,762,0.0098942136391997337
238,238,0
238,516,1
238,1534,0.75299930572509766
238,188,0.74216485023498535
238,771,0.43717128038406372
238,148,0.35185495018959045
238,722,0.34182727336883545
238,685,0.066563919186592102
238,1427,0.064285926520824432
238,1399,0.035861272364854813
238,8,0.02896462194621563
238,608,0.024267749860882759
238,1323,0.021792683750391006
238,1238,0.021407801657915115
238,1431,0.017731551080942154
239,239,0
239,303,1
239,855,0.74953871965408325
239,680,0.45309528708457947
239,1981,0.32469728589057922
239,5,0.28717267513275146
239,72,0.19179548323154449
239,1877,0.14081120491027832
239,1792,0.13165219128131866
239,1126,0.12226515263319016
239,1324,0.12198885530233383
239,1973,0.10915617644786835
239,404,0.10290864855051041
239,579,0.087600529193878174
239,328,0.084207318723201752
240,240,0
240,70,1
240,1473,0.91098290681838989
240,507,0.4924578070640564
240,1791,0.40754902362823486
240,1680,0.31787177920341492
240,1875,0.25521910190582275
240,682,0.19606477022171021
240,257,0.097945950925350189
240,777,0.076032064855098724
240,1425,0.051556896418333054
240,814,0.032709687948226929
240,246,0.026836985722184181
240,579,0.0209943987429142
240,1358,0.02067737840116024
241,241,0
241,1237,1
241,548,0.39613738656044006
241,658,0.39051017165184021
241,1842,0.36860853433609009
241,1425,0.27814587950706482
241,167,0.23607431352138519
241,711,0.19202898442745209
241,582,0.17514029145240784
241,1840,0.16415438055992126
241,512,0.15725398063659668
241,1836,0.14565877616405487
241,940,0.14239133894443512
241,387,0.13067281246185303
241,325,0.13012000918388367
242,242,0
242,1283,1
242,1767,0.33850634098052979
242,1219,0.2938249409198761
242,1092,0.29303315281867981
242,274,0.27663895487785339
242,844,0.2448565661907196
242,1273,0.23375138640403748
242,1260,0.2074863463640213
242,1681,0.19709022343158722
242,1030,0.18292289972305298
242,243,0.162798210978508
242,572,0.16104118525981903
242,1573,0.15872558951377869
242,972,0.15621490776538849
243,243,0
243,596,1
243,1457,0.37247329950332642
243,525,0.36120674014091492
243,1069,0.28833460807800293
243,1568,0.26079884171485901
243,1681,0.2375417947769165
243,861,0.23685319721698761
243,1378,0.22135376930236816
243,145,0.19156418740749359
243,1967,0.16058905422687531
243,568,0.14755022525787354
243,1092,0.14666464924812317
243,1604,0.14156937599182129
243,717,0.14039182662963867
244,244,0
244,1370,1
244,763,0.44764122366905212
244,1933,0.32936340570449829
244,1176,0.28250390291213989
244,1244,0.21035315096378326
244,313,0.20488390326499939
244,1624,0.20334663987159729
244,1580,0.20269638299942017
244,322,0.19426217675209045
244,412,0.17865023016929626
244,983,0.17831271886825562
244,1832,0.1722114235162735
244,1603,0.15325790643692017
244,1195,0.14941065013408661
245,245,0
245,274,1
245,835,0.64359432458877563
245,184,0.59825098514556885
245,1076,0.36880514025688171
245,689,0.24978366494178772
245,1012,0.23458750545978546
245,1194,0.20145100355148315
245,79,0.1687932163476944
245,487,0.12951986491680145
245,22,0.10261879861354828
245,1256,0.072847336530685425
245,1634,0.050029858946800232
245,1759,0.046239078044891357
245,195,0.04037746787071228
246,246,0
246,814,1
246,1975,0.52954751253128052
246,1716,0.36522114276885986
246,1766,0.23840036988258362
246,915,0.22447477281093597
246,240,0.22095490992069244
246,1837,0.197370246052742
246,1578,0.1897042840719223
246,1929,0.17955034971237183
246,97,0.16635710000991821
246,1791,0.15346328914165497
246,1622,0.1497035026550293
246,452,0.14614541828632355
246,454,0.14599154889583588
247,247,0
247,1951,1
247,227,0.91501337289810181
247,135,0.46308028697967529
247,1469,0.40384480357170105
247,511,0.38383761048316956
247,1160,0.23911035060882568
247,201,0.13772273063659668
247,1617,0.092501573264598846
247,1854,0.068361043930053711
247,1678,0.064857028424739838
247,418,0.049928143620491028
247,1916,0.03422192856669426
247,117,0.033861014991998672
247,566,0.020551474764943123
248,248,0
248,1689,1
248,1578,0.72714096307754517
248,1437,0.57021224498748779
248,746,0.22466880083084106
248,1942,0.20951345562934875
248,452,0.20708124339580536
248,116,0.16586241126060486
248,796,0.16284672915935516
248,1766,0.13978679478168488
248,1458,0.13766844570636749
248,1522,0.13209353387355804
248,1199,0.086707800626754761
248,1018,0.083060376346111298
248,949,0.060251045972108841
249,249,0
249,1393,1
249,1900,0.35092175006866455
249,299,0.2801240086555481
249,1783,0.24701625108718872
249,876,0.24468502402305603
249,1747,0.24401876330375671
249,1342,0.23025017976760864
249,173,0.22347302734851837
249,1506,0.2066895067691803
249,178,0.19181804358959198
249,1828,0.1855122298002243
249,1190,0.17483456432819366
249,849,0.17167969048023224
249,218,0.15586519241333008
250,250,0
250,44,1
250,1309,0.65055686235427856
250,1454,0.59129852056503296
250,914,0.53965002298355103
250,960,0.4509303867816925
250,354,0.26601004600524902
250,1456,0.095382362604141235
250,1961,0.077508248388767242
250,338,0.072570182383060455
250,1948,0.036474592983722687
250,1392,0.035204388201236725
250,1585,0.032268427312374115
250,494,0.031577963382005692
250,448,0.02746506966650486
251,251,0
251,909,1
251,69,0.43747210502624512
251,657,0.39687618613243103
251,1019,0.29766499996185303
251,548,0.29074344038963318
251,484,0.23306956887245178
251,1649,0.19072742760181427
251,364,0.1832842081785202
251,582,0.1787085235118866
251,1380,0.17527329921722412
251,1051,0.14185479283332825
251,940,0.14134794473648071
251,1672,0.12205749005079269
251,435,0.11780180037021637
252,252,0
252,605,1
252,1149,0.95461881160736084
252,532,0.51083505153656006
252,93,0.46645447611808777
252,394,0.32537645101547241
252,3,0.25712060928344727
252,745,0.097171656787395477
252,1083,0.095256030559539795
252,1475,0.057252179831266403
252,1367,0.047504037618637085
252,288,0.027049921452999115
252,418,0.025200966745615005
252,713,0.023097649216651917
252,1860,0.019948514178395271
253,253,0
253,1321,1
253,643,0.3414408266544342
253,663,0.28394374251365662
253,1588,0.25702637434005737
253,393,0.25626394152641296
253,1404,0.2542787492275238
253,1433,0.21034988760948181
253,445,0.20872217416763306
253,623,0.20245839655399323
253,370,0.19433067739009857
253,1733,0.18884758651256561
253,784,0.18221333622932434
253,208,0.17406342923641205
253,922,0.15295258164405823
254,254,0
254,883,1
254,1329,0.99408245086669922
254,1887,0.52804058790206909
254,477,0.2813819944858551
254,449,0.1673785001039505
254,783,0.14944897592067719
254,430,0.12807483971118927
254,1193,0.12551257014274597
254,224,0.12259963899850845
254,345,0.10305009037256241
254,412,0.1013282909989357
254,831,0.07507893443107605
254,506,0.069313682615756989
254,589,0.061598137021064758
255,255,0
255,1318,1
255,1720,0.95323866605758667
255,1581,0.8043828010559082
255,1191,0.49423977732658386
255,1330,0.1854594349861145
255,1586,0.11954493075609207
255,568,0.083326160907745361
255,294,0.057460609823465347
255,31,0.05048958957195282
255,269,0.033251605927944183
255,1432,0.032914899289608002
255,1077,0.032282739877700806
255,716,0.032073561102151871
255,856,0.028228258714079857
256,256,0
256,1424,1
256,315,0.52053022384643555
256,66,0.47944742441177368
256,182,0.42266115546226501
256,1401,0.28430268168449402
256,57,0.20344781875610352
256,1846,0.19624142348766327
256,355,0.15051411092281342
256,1025,0.14227207005023956
256,1990,0.13672047853469849
256,533,0.10537535697221756
256,271,0.094506584107875824
256,882,0.086794361472129822
256,1668,0.084083251655101776
257,257,0
257,1682,1
257,1425,0.826313316822052
257,981,0.63481038808822632
257,796,0.17866864800453186
257,151,0.17727087438106537
257,26,0.16214951872825623
257,27,0.15482845902442932
257,1929,0.15255776047706604
257,277,0.1426285058259964
257,732,0.11184874922037125
257,1149,0.11083631217479706
257,662,0.1089726984500885
257,1622,0.073493905365467072
257,777,0.072506919503211975
258,258,0
258,1494,1
258,1355,0.62506669759750366
258,104,0.55035156011581421
258,728,0.43959203362464905
258,102,0.26331618428230286
258,1904,0.23084871470928192
258,537,0.12796664237976074
258,755,0.11400778591632843
258,1872,0.10841191560029984
258,74,0.10654661059379578
258,1601,0.097935423254966736
258,474,0.089472897350788116
258,944,0.078285761177539825
258,899,0.075090229511260986
259,259,0
259,1765,1
259,478,0.34954822063446045
259,1816,0.24977913498878479
259,1666,0.24913977086544037
259,571,0.24085575342178345
259,407,0.23927262425422668
259,894,0.23563387989997864
259,1143,0.21573187410831451
259,1172,0.19692400097846985
259,687,0.19538052380084991
259,371,0.18807278573513031
259,107,0.18465004861354828
259,231,0.18209797143936157
259,1449,0.1798115074634552
260,260,0
260,70,1
260,627,0.91677486896514893
260,869,0.34569635987281799
260,730,0.2860068678855896
260,1388,0.2705015242099762
260,1437,0.20511007308959961
260,1475,0.15571106970310211
260,93,0.13121089339256287
260,1448,0.11000107228755951
260,1964,0.10619668662548065
260,532,0.10145970433950424
260,605,0.096140012145042419
260,418,0.091075368225574493
260,578,0.090998299419879913
261,261,0
261,1514,1
261,1440,0.91683316230773926
261,704,0.54266941547393799
261,346,0.26517269015312195
261,1093,0.21163575351238251
261,25,0.14213293790817261
261,323,0.14099007844924927
261,1641,0.12939834594726562
261,1663,0.11984402686357498
261,798,0.096743129193782806
261,1674,0.096299588680267334
261,539,0.090452902019023895
261,1512,0.080693557858467102
261,1169,0.074026629328727722
262,262,0
262,1814,1
262,1490,0.44420281052589417
262,996,0.43025672435760498
262,1929,0.3920842707157135
262,383,0.29439419507980347
262,1242,0.21204940974712372
262,1192,0.17676931619644165
262,515,0.15735255181789398
262,777,0.15425190329551697
262,468,0.14536403119564056
262,187,0.14040106534957886
262,1119,0.13203729689121246
262,1156,0.12169339507818222
262,949,0.10604310780763626
263,263,0
263,1217,1
263,336,0.52099329233169556
263,779,0.38940247893333435
263,465,0.35164147615432739
263,1552,0.29963910579681396
263,720,0.29540294408798218
263,908,0.29019832611083984
263,1471,0.17995685338973999
263,845,0.14977209270000458
263,986,0.115257628262043
263,1616,0.092489242553710938
263,466,0.079688198864459991
263,1418,0.073235347867012024
263,14,0.069208048284053802
264,264,0
264,451,1
264,411,0.79468834400177002
264,1077,0.31950658559799194
264,568,0.26120725274085999
264,1482,0.1886831521987915
264,843,0.18202361464500427
264,356,0.17453315854072571
264,1330,0.16413567960262299
264,1253,0.16055287420749664
264,1720,0.14490784704685211
264,497,0.13898178935050964
264,289,0.1341119110584259
264,255,0.12249086797237396
264,1700,0.12107500433921814
265,265,0
265,324,1
265,714,0.70988398790359497
265,1810,0.53172445297241211
265,1209,0.39097028970718384
265,1961,0.32508578896522522
265,104,0.16137434542179108
265,1904,0.14394301176071167
265,885,0.13859839737415314
265,877,0.13540415465831757
265,517,0.098703399300575256
265,203,0.091815158724784851
265,1941,0.085108526051044464
265,470,0.057420771569013596
265,1245,0.036857835948467255
266,266,0
266,1683,1
266,1345,0.59528636932373047
266,1778,0.40581151843070984
266,239,0.30287685990333557
266,5,0.23621770739555359
266,303,0.21878449618816376
266,306,0.21012887358665466
266,1709,0.20101296901702881
266,1792,0.1649206131696701
266,72,0.14767201244831085
266,566,0.11938679218292236
266,1108,0.10345163941383362
266,1678,0.10183198750019073
266,879,0.099511034786701202
267,267,0
267,1628,1
267,931,0.93170148134231567
267,1545,0.53266382217407227
267,848,0.25983425974845886
267,1673,0.25027456879615784
267,684,0.16415075957775116
267,1432,0.15938544273376465
267,1067,0.13277716934680939
267,419,0.1072055846452713
267,1767,0.080705314874649048
267,1999,0.078906707465648651
267,1502,0.07748720794916153
267,1651,0.076306410133838654
267,1462,0.055482763797044754
268,268,0
268,1923,1
268,1933,0.9951789379119873
268,536,0.59095162153244019
268,1575,0.37942066788673401
268,895,0.24256777763366699
268,1520,0.20566815137863159
268,37,0.18157777190208435
268,464,0.087280482053756714
268,304,0.076804719865322113
268,768,0.05940932035446167
268,1979,0.029036510735750198
268,1972,0.021689077839255333
268,1675,0.020649740472435951
268,763,0.016650604084134102
269,269,0
269,1484,1
269,123,0.36132627725601196
269,450,0.34923204779624939
269,255,0.31983295083045959
269,31,0.29161253571510315
269,654,0.27174082398414612
269,966,0.26455214619636536
269,1220,0.18019163608551025
269,1432,0.17028097808361053
269,1344,0.16030882298946381
269,1191,0.15098479390144348
269,1581,0.14824944734573364
269,1462,0.12043824046850204
269,568,0.11813429743051529
270,270,0
270,1986,1
270,195,0.55519413948059082
270,1801,0.34791523218154907
270,690,0.33638358116149902
270,1076,0.25121653079986572
270,921,0.25025281310081482
270,21,0.23964762687683105
270,184,0.20656843483448029
270,1200,0.19562868773937225
270,1555,0.16256341338157654
270,1949,0.1212109848856926
270,505,0.091262936592102051
270,78,0.087971113622188568
270,1276,0.061071842908859253
271,271,0
271,494,1
271,57,0.59862077236175537
271,1961,0.54390197992324829
271,533,0.2577548623085022
271,1279,0.25308865308761597
271,1872,0.22104999423027039
271,104,0.17918901145458221
271,815,0.15756161510944366
271,960,0.14190100133419037
271,1046,0.12284240126609802
271,324,0.1220548078417778
271,1025,0.10888852924108505
271,1904,0.10019239783287048
271,1585,0.099836602807044983
272,272,0
272,808,1
272,1784,0.98679667711257935
272,934,0.7218165397644043
272,1151,0.59728443622589111
272,1799,0.096908070147037506
272,591,0.074863828718662262
272,1698,0.073091469705104828
272,1216,0.067148923873901367
272,1770,0.062925726175308228
272,1382,0.061536733061075211
272,1888,0.051893703639507294
272,1170,0.038793422281742096
272,1395,0.0384548120200634
272,785,0.03536662831902504
273,273,0
273,524,1
273,1983,0.90504640340805054
273,997,0.55016213655471802
273,1460,0.19899696111679077
273,1851,0.18461504578590393
273,1546,0.18166831135749817
273,671,0.17814984917640686
273,1767,0.17395488917827606
273,1639,0.10207358002662659
273,835,0.10168814659118652
273,972,0.091308549046516418
273,1181,0.087672784924507141
273,1230,0.079918570816516876
273,1652,0.071639575064182281
274,274,0
274,22,1
274,1194,0.65930980443954468
274,835,0.33042162656784058
274,245,0.29795047640800476
274,242,0.26141828298568726
274,1767,0.18746417760848999
274,1050,0.18387550115585327
274,487,0.15763625502586365
274,1759,0.1454721987247467
274,397,0.14163070917129517
274,1030,0.14080497622489929
274,223,0.13635291159152985
274,1076,0.13398820161819458
274,1659,0.13056789338588715
275,275,0
275,815,1
275,998,0.84003514051437378
275,45,0.44344848394393921
275,1231,0.30715715885162354
275,1904,0.28017237782478333
275,104,0.20443110167980194
275,1346,0.16021512448787689
275,1872,0.13436952233314514
275,1580,0.13296458125114441
275,1796,0.10207163542509079
275,1428,0.077268354594707489
275,864,0.076298683881759644
275,355,0.074812494218349457
275,536,0.073644578456878662
276,276,0
276,114,1
276,970,0.57623821496963501
276,953,0.57281339168548584
276,106,0.44545313715934753
276,233,0.19193829596042633
276,1737,0.15258927643299103
276,679,0.1461416631937027
276,175,0.14288277924060822
276,801,0.13767127692699432
276,1035,0.1349949836730957
276,1615,0.12477432936429977
276,800,0.097927019000053406
276,848,0.094733864068984985
276,1128,0.088725343346595764
277,277,0
277,26,1
277,425,0.54369032382965088
277,708,0.42417308688163757
277,818,0.29920661449432373
277,796,0.26800674200057983
277,441,0.25490555167198181
277,534,0.24921424686908722
277,205,0.15849578380584717
277,257,0.15618282556533813
277,27,0.13576512038707733
277,662,0.10760275274515152
277,325,0.10667787492275238
277,1682,0.1025669202208519
277,1617,0.10040345042943954
278,278,0
278,415,1
278,1669,0.78745019435882568
278,48,0.55376225709915161
278,766,0.42513573169708252
278,1762,0.32775261998176575
278,1325,0.18236216902732849
278,1777,0.12395534664392471
278,1602,0.12089106440544128
278,828,0.11614393442869186
278,1906,0.077072128653526306
278,340,0.067341811954975128
278,1967,0.060609407722949982
278,1097,0.035732951015233994
278,1665,0.02867661789059639
279,279,0
279,877,1
279,526,0.94141238927841187
279,1245,0.32328686118125916
279,1614,0.31869933009147644
279,130,0.27075120806694031
279,20,0.23390266299247742
279,1955,0.18064270913600922
279,1320,0.15467248857021332
279,1225,0.11951768398284912
279,304,0.10346644371747971
279,449,0.072411194443702698
279,1158,0.068294070661067963
279,1972,0.061807546764612198
279,1965,0.058018535375595093
280,280,0
280,1972,1
280,197,0.87775009870529175
280,203,0.66675972938537598
280,840,0.2374735027551651
280,1752,0.19015152752399445
280,928,0.18585832417011261
280,1204,0.12921155989170074
280,1300,0.11197952181100845
280,1976,0.097467683255672455
280,1538,0.096332080662250519
280,968,0.087694942951202393
280,158,0.078704334795475006
280,1810,0.07755531370639801
280,349,0.069951154291629791
281,281,0
281,1530,1
281,1511,0.41503745317459106
281,1416,0.29510912299156189
281,925,0.26973834633827209
281,1663,0.23759977519512177
281,442,0.22011907398700714
281,967,0.21949028968811035
281,1007,0.20053505897521973
281,1536,0.19948947429656982
281,1408,0.19183672964572906
281,141,0.16945524513721466
281,678,0.16854801774024963
281,1509,0.16053469479084015
281,1635,0.15939174592494965
282,282,0
282,1817,1
282,1812,0.62808024883270264
282,1193,0.44015124440193176
282,673,0.31406724452972412
282,896,0.24855196475982666
282,1329,0.22548560798168182
282,1914,0.20732992887496948
282,1176,0.19421790540218353
282,477,0.16731889545917511
282,64,0.12717726826667786
282,310,0.097005531191825867
282,506,0.087594851851463318
282,1891,0.085444867610931396
282,254,0.084467485547065735
283,283,0
283,446,1
283,330,0.6229015588760376
283,1337,0.43287065625190735
283,1370,0.35128360986709595
283,1933,0.33879825472831726
283,1745,0.32158392667770386
283,763,0.23898357152938843
283,1796,0.23847043514251709
283,1979,0.12011002004146576
283,739,0.068266510963439941
283,275,0.052145533263683319
283,1231,0.049472156912088394
283,873,0.037599176168441772
283,1120,0.03440336138010025
284,284,0
284,502,1
284,196,0.70319932699203491
284,1589,0.66725289821624756
284,383,0.3135313093662262
284,509,0.17841942608356476
284,1701,0.17754153907299042
284,959,0.16082866489887238
284,1205,0.15135814249515533
284,410,0.12015063315629959
284,498,0.10400605946779251
284,1826,0.090311460196971893
284,1302,0.082437910139560699
284,1981,0.08022800087928772
284,1504,0.077628716826438904
285,285,0
285,969,1
285,1234,0.68704396486282349
285,220,0.5574183464050293
285,1853,0.3407401442527771
285,1938,0.26163965463638306
285,606,0.19733479619026184
285,878,0.14284329116344452
285,1439,0.14025121927261353
285,1695,0.11999847739934921
285,214,0.10867007821798325
285,858,0.09685882180929184
285,731,0.094571471214294434
285,1399,0.087682835757732391
285,1515,0.071843594312667847
286,286,0
286,207,1
286,1659,0.55396991968154907
286,1759,0.48753082752227783
286,620,0.31450533866882324
286,368,0.21569646894931793
286,931,0.18499714136123657
286,994,0.17920787632465363
286,524,0.15864233672618866
286,1162,0.15756341814994812
286,1795,0.13437110185623169
286,1628,0.13358654081821442
286,274,0.13243590295314789
286,737,0.13132020831108093
286,1194,0.12306442856788635
287,287,0
287,1961,1
287,74,0.96577614545822144
287,1368,0.34648111462593079
287,1543,0.20135611295700073
287,338,0.18806220591068268
287,1585,0.17713166773319244
287,112,0.15341879427433014
287,250,0.14617224037647247
287,1904,0.14450344443321228
287,378,0.13326318562030792
287,354,0.1219879537820816
287,517,0.11798160523176193
287,102,0.10934825241565704
287,431,0.10140161961317062
288,288,0
288,646,1
288,117,0.95893442630767822
288,1860,0.85754019021987915
288,1617,0.65663731098175049
288,619,0.17575381696224213
288,1491,0.096411257982254028
288,3,0.069448962807655334
288,1149,0.026410160586237907
288,732,0.018574206158518791
288,1699,0.012856930494308472
288,93,0.011444354429841042
288,1010,0.010853084735572338
288,582,0.0065387622453272343
288,1683,0.0054871351458132267
289,289,0
289,488,1
289,451,0.77626824378967285
289,380,0.72049444913864136
289,293,0.21032522618770599
289,1131,0.18304014205932617
289,718,0.16724248230457306
289,411,0.16212776303291321
289,18,0.14821653068065643
289,866,0.13484382629394531
289,497,0.10757388919591904
289,118,0.086983062326908112
289,1482,0.073192685842514038
289,1992,0.070363886654376984
289,737,0.06622527539730072
290,290,0
290,136,1
290,1167,0.39295667409896851
290,553,0.27881830930709839
290,1770,0.25425991415977478
290,1957,0.24180752038955688
290,213,0.23059971630573273
290,44,0.22874908149242401
290,28,0.22667904198169708
290,1054,0.18964698910713196
290,934,0.18776263296604156
290,1535,0.18263313174247742
290,1403,0.17960093915462494
290,448,0.15874378383159637
290,1998,0.15464062988758087
291,291,0
291,565,1
291,1207,0.48272132873535156
291,82,0.3873995840549469
291,1507,0.36640357971191406
291,463,0.25916898250579834
291,1724,0.2328212559223175
291,600,0.19979524612426758
291,1351,0.18170684576034546
291,902,0.17232048511505127
291,781,0.13027423620223999
291,1859,0.12676021456718445
291,1619,0.12484003603458405
291,1529,0.12233687937259674
291,218,0.1203383281826973
292,292,0
292,1415,1
292,1599,0.75149780511856079
292,619,0.74720633029937744
292,321,0.2376101166009903
292,288,0.23022539913654327
292,732,0.22755903005599976
292,193,0.16943143308162689
292,1945,0.15289983153343201
292,551,0.095288120210170746
292,959,0.089777931571006775
292,578,0.067277476191520691
292,1491,0.050196636468172073
292,1448,0.048027034848928452
292,574,0.039899025112390518
293,293,0
293,1819,1
293,380,0.39187544584274292
293,488,0.32319343090057373
293,118,0.24579861760139465
293,189,0.24459674954414368
293,289,0.22631967067718506
293,1276,0.20351995527744293
293,459,0.20188459753990173
293,880,0.20031823217868805
293,718,0.19910946488380432
293,1344,0.18277348577976227
293,841,0.16961470246315002
293,856,0.1683967113494873
293,301,0.14948329329490662
294,294,0
294,654,1
294,1318,0.47355368733406067
294,856,0.39941790699958801
294,1094,0.33187490701675415
294,1581,0.32454493641853333
294,1586,0.23698039352893829
294,1669,0.20046950876712799
294,255,0.19137017428874969
294,1276,0.18922485411167145
294,1474,0.14072072505950928
294,1548,0.13653947412967682
294,1191,0.12004652619361877
294,550,0.090560108423233032
294,1713,0.071595571935176849
295,295,0
295,847,1
295,15,0.39918538928031921
295,366,0.36897176504135132
295,391,0.34632405638694763
295,277,0.30254736542701721
295,1263,0.29204058647155762
295,1617,0.24316772818565369
295,534,0.23580354452133179
295,511,0.14610902965068817
295,1334,0.12539274990558624
295,154,0.11932529509067535
295,916,0.11470111459493637
295,26,0.11269374191761017
295,796,0.10063076019287109
296,296,0
296,1695,1
296,878,0.51710206270217896
296,858,0.44942280650138855
296,1114,0.40301957726478577
296,969,0.31836903095245361
296,1947,0.30467396974563599
296,1084,0.15816716849803925
296,1890,0.15004740655422211
296,1136,0.12631651759147644
296,1809,0.11467494815587997
296,1938,0.11126348376274109
296,1058,0.10496123135089874
296,342,0.082947984337806702
296,444,0.065920442342758179
297,297,0
297,1141,1
297,1841,0.5427430272102356
297,1605,0.51462841033935547
297,667,0.41997572779655457
297,1506,0.40342375636100769
297,1794,0.23922894895076752
297,849,0.1964070051908493
297,445,0.13819099962711334
297,1934,0.11728525161743164
297,1776,0.102131687104702
297,1479,0.075982250273227692
297,1078,0.056163966655731201
297,67,0.055441521108150482
297,1249,0.045292243361473083
298,298,0
298,590,1
298,465,0.73045676946640015
298,1528,0.68456900119781494
298,988,0.32077533006668091
298,1022,0.23002614080905914
298,491,0.22842492163181305
298,359,0.21199975907802582
298,1418,0.19351981580257416
298,56,0.098143920302391052
298,1556,0.058580592274665833
298,79,0.046063441783189774
298,720,0.04209601879119873
298,233,0.035523191094398499
298,469,0.026709627360105515
299,299,0
299,1393,1
299,876,0.51241397857666016
299,999,0.48844334483146667
299,1747,0.41846132278442383
299,1372,0.25455522537231445
299,1024,0.19903174042701721
299,1642,0.1865801215171814
299,218,0.17583885788917542
299,177,0.1598486602306366
299,1141,0.13484299182891846
299,862,0.11679978668689728
299,898,0.096922650933265686
299,1579,0.083447672426700592
299,849,0.079707905650138855
300,300,0
300,1428,1
300,714,0.58900952339172363
300,1788,0.46325573325157166
300,1346,0.30325749516487122
300,1603,0.29384234547615051
300,1231,0.24560591578483582
300,1732,0.1758047342300415
300,1144,0.14570678770542145
300,1223,0.14498195052146912
300,1580,0.13673882186412811
300,45,0.1205303966999054
300,635,0.10538814216852188
300,1406,0.097678028047084808
300,1803,0.085092678666114807
301,301,0
301,801,1
301,1325,0.69747710227966309
301,309,0.36408171057701111
301,1569,0.31881704926490784
301,1805,0.2060902863740921
301,212,0.18485830724239349
301,988,0.18077941238880157
301,1819,0.17955033481121063
301,970,0.16832317411899567
301,293,0.162836953997612
301,720,0.13499182462692261
301,471,0.11604343354701996
301,48,0.097943291068077087
301,1901,0.095102876424789429
302,302,0
302,1312,1
302,1459,0.43638193607330322
302,1988,0.3964962363243103
302,1144,0.24621003866195679
302,84,0.24204331636428833
302,41,0.20913137495517731
302,28,0.20073559880256653
302,1698,0.19879521429538727
302,95,0.18949171900749207
302,1216,0.17349953949451447
302,1998,0.16669313609600067
302,1406,0.16316437721252441
302,133,0.15106455981731415
302,728,0.13318374752998352
303,303,0
303,1792,1
303,5,0.84826767444610596
303,1981,0.74884486198425293
303,1027,0.29437392950057983
303,1782,0.24964101612567902
303,1197,0.19829410314559937
303,1324,0.11201145499944687
303,981,0.085896804928779602
303,756,0.080518327653408051
303,306,0.078152276575565338
303,239,0.075431585311889648
303,680,0.063008219003677368
303,855,0.039188403636217117
303,196,0.033267449587583542
304,304,0
304,412,1
304,705,0.8241276741027832
304,1998,0.24020667374134064
304,877,0.22232812643051147
304,1368,0.1950547993183136
304,1520,0.1819806694984436
304,808,0.17103467881679535
304,322,0.15873052179813385
304,1329,0.15825262665748596
304,1395,0.15625952184200287
304,883,0.15576998889446259
304,338,0.15546143054962158
304,1193,0.14783847332000732
304,449,0.1398375928401947
305,305,0
305,686,1
305,1568,0.83625990152359009
305,717,0.33757469058036804
305,1080,0.29333874583244324
305,1110,0.28284132480621338
305,243,0.239322230219841
305,419,0.17719785869121552
305,1681,0.17413073778152466
305,1092,0.13340578973293304
305,1457,0.10946132987737656
305,1660,0.10750984400510788
305,525,0.087863221764564514
305,788,0.070794649422168732
305,618,0.057184815406799316
306,306,0
306,1005,1
306,1475,0.86729538440704346
306,1678,0.65925252437591553
306,981,0.28054732084274292
306,1792,0.21968813240528107
306,1782,0.17340578138828278
306,613,0.11459451168775558
306,1192,0.10101086646318436
306,713,0.098467573523521423
306,708,0.093796640634536743
306,303,0.090019099414348602
306,1709,0.080642037093639374
306,1633,0.064785227179527283
306,1902,0.063390247523784637
307,307,0
307,181,1
307,730,0.41709312796592712
307,138,0.30149200558662415
307,1898,0.25523048639297485
307,1247,0.25272420048713684
307,154,0.24455596506595612
307,676,0.20194359123706818
307,796,0.19517616927623749
307,578,0.1902708113193512
307,1271,0.18480989336967468
307,1550,0.17201040685176849
307,1087,0.1705767959356308
307,1578,0.16191199421882629
307,295,0.15909202396869659
308,308,0
308,32,1
308,1731,0.49753430485725403
308,1931,0.35550773143768311
308,1751,0.29486468434333801
308,1733,0.25602820515632629
308,1258,0.24821010231971741
308,43,0.23178635537624359
308,1844,0.19022335112094879
308,1274,0.16953836381435394
308,1183,0.16509905457496643
308,1588,0.13592702150344849
308,157,0.12491205334663391
308,643,0.12009066343307495
308,784,0.11716482043266296
309,309,0
309,1901,1
309,1616,0.98162078857421875
309,471,0.32692694664001465
309,670,0.2702573835849762
309,301,0.2450920045375824
309,1557,0.1486581414937973
309,970,0.14620387554168701
309,720,0.12621578574180603
309,56,0.12410911917686462
309,723,0.12156000733375549
309,1325,0.11657041311264038
309,1252,0.11262033134698868
309,212,0.097725033760070801
309,232,0.089327208697795868
310,310,0
310,1914,1
310,820,0.97199517488479614
310,191,0.39367726445198059
310,1780,0.32506853342056274
310,1329,0.29471519589424133
310,562,0.18290987610816956
310,408,0.13888515532016754
310,783,0.13209183514118195
310,430,0.10832474380731583
310,219,0.10402818024158478
310,604,0.079292446374893188
310,1543,0.075859472155570984
310,1610,0.050721205770969391
310,1305,0.049320340156555176
311,311,0
311,946,1
311,1580,0.70603668689727783
311,1370,0.34377619624137878
311,939,0.32703396677970886
311,594,0.28788840770721436
311,983,0.20110857486724854
311,1624,0.15897746384143829
311,614,0.15740570425987244
311,45,0.15017838776111603
311,1603,0.14140422642230988
311,1422,0.11966752260923386
311,557,0.11581502109766006
311,1048,0.10606063157320023
311,464,0.091545060276985168
312,312,0
312,1771,1
312,1941,0.74032497406005859
312,570,0.61880218982696533
312,987,0.56191623210906982
312,352,0.14673082530498505
312,1585,0.13192398846149445
312,1300,0.11364863067865372
312,1908,0.10514836013317108
312,172,0.10314074158668518
312,1994,0.095965847373008728
312,1340,0.083434857428073883
312,1537,0.075565166771411896
312,517,0.065760061144828796
312,1881,0.064534150063991547
313,313,0
313,983,1
313,1603,0.55986446142196655
313,1803,0.50723087787628174
313,1580,0.32500094175338745
313,1770,0.32367426156997681
313,101,0.20504839718341827
313,1370,0.14432410895824432
313,955,0.14159186184406281
313,594,0.13871049880981445
313,517,0.12439332902431488
313,1723,0.11894388496875763
313,536,0.11877221614122391
313,1933,0.10300140827894211
313,1923,0.096344210207462311
314,314,0
314,118,1
314,1254,0.48012524843215942
314,380,0.37376976013183594
314,1131,0.35312703251838684
314,659,0.31671050190925598
314,1528,0.29704990983009338
314,18,0.22725284099578857
314,1418,0.20821860432624817
314,986,0.14886331558227539
314,289,0.11346009373664856
314,636,0.10611842572689056
314,1631,0.10248523205518723
314,426,0.092908971011638641
314,488,0.086793780326843262
315,315,0
315,1424,1
315,1261,0.30419012904167175
315,1846,0.30056115984916687
315,1382,0.27496480941772461
315,1216,0.24047575891017914
315,355,0.23448295891284943
315,302,0.22908978164196014
315,882,0.22411501407623291
315,1312,0.19530735909938812
315,272,0.1842946857213974
315,864,0.1841401606798172
315,1267,0.18360307812690735
315,567,0.18055734038352966
315,1127,0.17110650241374969
316,316,0
316,393,1
316,638,0.64780068397521973
316,381,0.54930049180984497
316,910,0.4848746657371521
316,377,0.40020868182182312
316,208,0.27442005276679993
316,1772,0.14508193731307983
316,919,0.13667167723178864
316,1794,0.09661584347486496
316,1667,0.065019041299819946
316,1222,0.053315363824367523
316,445,0.020441336557269096
316,1493,0.017440333962440491
316,740,0.015700072050094604
317,317,0
317,899,1
317,84,0.60848790407180786
317,589,0.35702615976333618
317,1779,0.25109541416168213
317,133,0.23270808160305023
317,755,0.22005519270896912
317,191,0.19439001381397247
317,783,0.18919454514980316
317,1312,0.17137457430362701
317,802,0.16409265995025635
317,1987,0.13478490710258484
317,1215,0.13436616957187653
317,1355,0.12972848117351532
317,1101,0.11959128081798553
318,318,0
318,1851,1
318,350,0.79800403118133545
318,1181,0.39339986443519592
318,505,0.32463231682777405
318,233,0.28969073295593262
318,1983,0.23938579857349396
318,1949,0.17252667248249054
318,52,0.15753635764122009
318,1546,0.11734787374734879
318,558,0.10012278705835342
318,22,0.091792702674865723
318,1371,0.086053572595119476
318,348,0.072875343263149261
318,976,0.063525199890136719
319,319,0
319,591,1
319,705,0.8750312328338623
319,580,0.45191642642021179
319,1395,0.32629045844078064
319,1402,0.27026981115341187
319,934,0.25098785758018494
319,883,0.15865209698677063
319,1770,0.1210343986749649
319,412,0.11981514096260071
319,1723,0.10616445541381836
319,449,0.05995607003569603
319,477,0.058112509548664093
319,1647,0.056699797511100769
319,1013,0.051956456154584885
320,320,0
320,1499,1
320,1742,0.53505986928939819
320,86,0.5162123441696167
320,1334,0.42594954371452332
320,1597,0.20533806085586548
320,511,0.19748738408088684
320,949,0.18948321044445038
320,534,0.16290014982223511
320,1960,0.12403637915849686
320,1645,0.11894570291042328
320,15,0.11784020066261292
320,1281,0.10661318898200989
320,847,0.10496325790882111
320,1326,0.10205841809511185
321,321,0
321,394,1
321,1367,0.60737645626068115
321,3,0.58531522750854492
321,252,0.35009101033210754
321,93,0.34587076306343079
321,745,0.29445630311965942
321,63,0.12638047337532043
321,732,0.10531063377857208
321,288,0.10368558019399643
321,619,0.099715039134025574
321,292,0.097716085612773895
321,1448,0.075661778450012207
321,418,0.073016524314880371
321,527,0.042302239686250687
322,322,0
322,1811,1
322,412,0.51718366146087646
322,1099,0.49574485421180725
322,1891,0.3342018723487854
322,304,0.32739979028701782
322,244,0.22352612018585205
322,319,0.16581179201602936
322,1924,0.16578409075737
322,635,0.15840041637420654
322,1785,0.12315010279417038
322,1395,0.12032309919595718
322,1723,0.10610461235046387
322,1647,0.095451198518276215
322,210,0.073814630508422852
323,323,0
323,1567,1
323,1991,0.52314466238021851
323,514,0.44683113694190979
323,798,0.28470402956008911
323,704,0.22448161244392395
323,445,0.20322142541408539
323,67,0.18948625028133392
323,539,0.18274502456188202
323,208,0.16220727562904358
323,780,0.15835015475749969
323,1391,0.1394055038690567
323,333,0.13707102835178375
323,1003,0.13236516714096069
323,107,0.12288203835487366
324,324,0
324,265,1
324,1279,0.61505675315856934
324,104,0.36890190839767456
324,1810,0.35744914412498474
324,1990,0.26836058497428894
324,761,0.24692098796367645
324,1838,0.23778080940246582
324,1904,0.19015716016292572
324,1961,0.13947358727455139
324,271,0.13757500052452087
324,1025,0.12542133033275604
324,1948,0.08903011679649353
324,470,0.07581821084022522
324,815,0.054950769990682602
325,325,0
325,662,1
325,619,0.87516689300537109
325,574,0.4831981360912323
325,277,0.29669657349586487
325,732,0.24537131190299988
325,27,0.17326270043849945
325,569,0.17005422711372375
325,715,0.11495040357112885
325,874,0.099750086665153503
325,425,0.098789751529693604
325,496,0.093539170920848846
325,657,0.091059021651744843
325,167,0.086699075996875763
325,186,0.078362323343753815
326,326,0
326,1956,1
326,206,0.84251731634140015
326,204,0.6469343900680542
326,1721,0.43749344348907471
326,1188,0.23139408230781555
326,1986,0.17895253002643585
326,1254,0.17656299471855164
326,1556,0.11356242001056671
326,1735,0.086527250707149506
326,880,0.055752690881490707
326,1581,0.053548593074083328
326,1462,0.029986834153532982
326,1280,0.028021642938256264
326,1022,0.025635544210672379
327,327,0
327,1058,1
327,1642,0.34691029787063599
327,999,0.31376880407333374
327,697,0.25510013103485107
327,360,0.2517370879650116
327,1724,0.25013536214828491
327,871,0.23611418902873993
327,1947,0.22661271691322327
327,200,0.19363746047019958
327,1470,0.1804816722869873
327,1559,0.17086471617221832
327,87,0.16616342961788177
327,1809,0.15944403409957886
327,1182,0.15592114627361298
328,328,0
328,1981,1
328,1709,0.33770611882209778
328,713,0.33271545171737671
328,1897,0.33228403329849243
328,1561,0.26032570004463196
328,573,0.25375345349311829
328,404,0.21379564702510834
328,1750,0.21248005330562592
328,1950,0.18758110702037811
328,1178,0.16858689486980438
328,1792,0.16227339208126068
328,582,0.15224955976009369
328,1049,0.14702750742435455
328,855,0.14611989259719849
329,329,0
329,214,1
329,1890,0.38162714242935181
329,346,0.37389996647834778
329,1525,0.30399492383003235
329,1468,0.28859955072402954
329,1466,0.26556044816970825
329,1486,0.20751090347766876
329,1692,0.18984867632389069
329,157,0.17585402727127075
329,1328,0.16974169015884399
329,1476,0.14750160276889801
329,1809,0.14356698095798492
329,1381,0.13983744382858276
329,531,0.11934515833854675
330,330,0
330,1365,1
330,283,0.87193459272384644
330,1121,0.31078869104385376
330,1231,0.26040053367614746
330,575,0.20251218974590302
330,1099,0.19033725559711456
330,868,0.15412870049476624
330,88,0.13968451321125031
330,1370,0.13866211473941803
330,1120,0.137648805975914
330,653,0.13584108650684357
330,1145,0.13340659439563751
330,37,0.12839114665985107
330,1796,0.10315439105033875
331,331,0
331,882,1
331,1401,0.37132567167282104
331,675,0.34861704707145691
331,1760,0.28504875302314758
331,1872,0.27744874358177185
331,1601,0.23298062384128571
331,520,0.22068437933921814
331,644,0.19782388210296631
331,414,0.19467680156230927
331,66,0.17713406682014465
331,1920,0.17146381735801697
331,955,0.16220049560070038
331,172,0.1341436356306076
331,41,0.13334482908248901
332,332,0
332,1314,1
332,1839,0.45076191425323486
332,1977,0.35370168089866638
332,144,0.31154099106788635
332,1496,0.3037780225276947
332,58,0.26908677816390991
332,1478,0.24054451286792755
332,1352,0.20027182996273041
332,406,0.19636847078800201
332,871,0.13791655004024506
332,601,0.13119782507419586
332,1512,0.10946986079216003
332,918,0.10444770753383636
332,390,0.0978049635887146
333,333,0
333,1935,1
333,514,0.43568938970565796
333,1635,0.39967960119247437
333,1567,0.3280322253704071
333,776,0.32557284832000732
333,692,0.23141308128833771
333,860,0.21195279061794281
333,922,0.19796988368034363
333,1411,0.17206951975822449
333,1663,0.15467298030853271
333,107,0.14285741746425629
333,539,0.10938441753387451
333,731,0.10013178735971451
333,1328,0.097468473017215729
334,334,0
334,436,1
334,1084,0.57933962345123291
334,463,0.30307382345199585
334,1088,0.29411965608596802
334,416,0.24723228812217712
334,878,0.22466839849948883
334,1114,0.22348996996879578
334,1653,0.20419807732105255
334,1444,0.15905675292015076
334,1136,0.14850851893424988
334,1467,0.13952653110027313
334,897,0.13920116424560547
334,1529,0.12491818517446518
334,726,0.11955325305461884
335,335,0
335,793,1
335,1649,0.61330980062484741
335,1027,0.45195233821868896
335,1763,0.26839324831962585
335,1542,0.25310349464416504
335,1791,0.22262808680534363
335,404,0.21959413588047028
335,417,0.15161679685115814
335,69,0.13897883892059326
335,1197,0.13657830655574799
335,1877,0.13632400333881378
335,1126,0.12169577926397324
335,1272,0.10305362939834595
335,695,0.089661836624145508
336,336,0
336,779,1
336,14,0.38203456997871399
336,720,0.32991626858711243
336,1050,0.32617148756980896
336,911,0.27994731068611145
336,465,0.27090007066726685
336,1883,0.21661116182804108
336,263,0.20179367065429688
336,549,0.1816629022359848
336,986,0.18069703876972198
336,787,0.15669478476047516
336,1502,0.13388122618198395
336,988,0.12558126449584961
336,1918,0.12100277096033096
337,337,0
337,1200,1
337,1555,0.37639018893241882
337,1276,0.36948740482330322
337,737,0.35757195949554443
337,189,0.26270273327827454
337,550,0.22177666425704956
337,1759,0.20008572936058044
337,1992,0.19768799841403961
337,1586,0.17885608971118927
337,1318,0.1751708984375
337,21,0.16638185083866119
337,1655,0.14855796098709106
337,1162,0.14216150343418121
337,1851,0.11005610972642899
338,338,0
338,673,1
338,1309,0.91171920299530029
338,705,0.66509240865707397
338,1395,0.31752386689186096
338,592,0.26440620422363281
338,448,0.17920742928981781
338,1403,0.12119058519601822
338,477,0.097336709499359131
338,354,0.093133606016635895
338,1305,0.069328561425209045
338,304,0.057454571127891541
338,345,0.056223761290311813
338,44,0.046777158975601196
338,1812,0.027503376826643944
339,339,0
339,1923,1
339,1675,0.43073117733001709
339,163,0.37885770201683044
339,268,0.37131208181381226
339,714,0.30272486805915833
339,1908,0.22015966475009918
339,846,0.20866534113883972
339,1933,0.17089545726776123
339,1535,0.16929106414318085
339,739,0.16846451163291931
339,1702,0.13669823110103607
339,1320,0.13308148086071014
339,1244,0.11230501532554626
339,44,0.10371134430170059
340,340,0
340,1777,1
340,976,0.72093957662582397
340,1548,0.34848645329475403
340,1725,0.32284542918205261
340,856,0.27487164735794067
340,415,0.19555631279945374
340,1829,0.1906171590089798
340,62,0.14249716699123383
340,921,0.13433617353439331
340,766,0.1248687282204628
340,523,0.12412169575691223
340,1022,0.12278196960687637
340,1546,0.10922487825155258
340,1669,0.095746912062168121
341,341,0
341,1584,1
341,52,0.45744162797927856
341,1130,0.45022964477539062
341,62,0.35145172476768494
341,1107,0.31649810075759888
341,1371,0.26345154643058777
341,1651,0.19917622208595276
341,1684,0.19070376455783844
341,1725,0.17399188876152039
341,1720,0.1211664006114006
341,1546,0.11906398832798004
341,340,0.092429503798484802
341,523,0.088805146515369415
341,348,0.0824727863073349
342,342,0
342,1467,1
342,1338,0.97985875606536865
342,1136,0.82926696538925171
342,1687,0.43636509776115417
342,794,0.16447113454341888
342,878,0.11262068152427673
342,1534,0.098069868981838226
342,722,0.080530159175395966
342,775,0.049628783017396927
342,1711,0.045877732336521149
342,1695,0.036981366574764252
342,1404,0.027398006990551949
342,296,0.024484274908900261
342,1947,0.021341888234019279
343,343,0
343,963,1
343,1242,0.48350003361701965
343,1005,0.42387360334396362
343,1469,0.38970178365707397
343,847,0.38868170976638794
343,86,0.21652191877365112
343,1958,0.1970236599445343
343,1227,0.17837947607040405
343,1086,0.11453204602003098
343,134,0.11050121486186981
343,306,0.10482615977525711
343,1263,0.10472541302442551
343,708,0.10025330632925034
343,131,0.094362981617450714
344,344,0
344,1003,1
344,1386,0.39334550499916077
344,476,0.37313035130500793
344,726,0.33692768216133118
344,1748,0.27355653047561646
344,704,0.2124362587928772
344,208,0.20213504135608673
344,910,0.18908703327178955
344,1653,0.18544727563858032
344,1863,0.15993475914001465
344,323,0.15651401877403259
344,1088,0.14881521463394165
344,1269,0.14425358176231384
344,402,0.13131223618984222
345,345,0
345,1305,1
345,224,0.40721297264099121
345,354,0.38725641369819641
345,1543,0.28891485929489136
345,1291,0.27958467602729797
345,408,0.23509813845157623
345,1685,0.19126974046230316
345,414,0.17053411900997162
345,883,0.16511325538158417
345,1884,0.16227811574935913
345,1780,0.16017533838748932
345,448,0.15936093032360077
345,1472,0.15056619048118591
345,1862,0.14953510463237762
346,346,0
346,539,1
346,1512,0.82409203052520752
346,1641,0.65492105484008789
346,1440,0.22274945676326752
346,107,0.15880043804645538
346,1692,0.14883019030094147
346,1525,0.12145035713911057
346,329,0.11996958404779434
346,214,0.11817864328622818
346,424,0.11711747944355011
346,1943,0.10993815213441849
346,1853,0.10661565512418747
346,157,0.1062910407781601
346,894,0.097946092486381531
347,347,0
347,515,1
347,980,0.69576907157897949
347,1156,0.57002872228622437
347,1009,0.51732295751571655
347,869,0.44651880860328674
347,1032,0.20929056406021118
347,1229,0.1686767190694809
347,1192,0.068087972700595856
347,1640,0.056815117597579956
347,1542,0.049732673913240433
347,1758,0.033111508935689926
347,774,0.031880643218755722
347,1178,0.031834457069635391
347,1049,0.027823179960250854
348,348,0
348,1546,1
348,1548,0.42569899559020996
348,1371,0.34536707401275635
348,976,0.33300876617431641
348,341,0.26760926842689514
348,1829,0.26257809996604919
348,856,0.22046782076358795
348,125,0.18115884065628052
348,1786,0.17863985896110535
348,1995,0.16872954368591309
348,1992,0.14251011610031128
348,1413,0.13374078273773193
348,340,0.12376207113265991
348,52,0.12362464517354965
349,349,0
349,481,1
349,1847,0.73172229528427124
349,1979,0.3564307689666748
349,1760,0.27904745936393738
349,1151,0.26922133564949036
349,1308,0.19783933460712433
349,873,0.16711336374282837
349,1803,0.15825346112251282
349,1564,0.13349953293800354
349,886,0.13157446682453156
349,1644,0.12516333162784576
349,1770,0.12125714123249054
349,1907,0.11863057315349579
349,408,0.11712862551212311
350,350,0
350,318,1
350,716,0.96701836585998535
350,505,0.84670048952102661
350,233,0.47740262746810913
350,1720,0.11406520754098892
350,56,0.11101506650447845
350,1181,0.10226341336965561
350,1371,0.079316288232803345
350,1555,0.060416396707296371
350,1546,0.039695926010608673
350,1851,0.038740009069442749
350,690,0.02875710092484951
350,1949,0.022346705198287964
350,52,0.019149079918861389
351,351,0
351,1855,1
351,469,0.66883212327957153
351,1056,0.61627650260925293
351,1397,0.28132358193397522
351,1671,0.25528985261917114
351,183,0.23306500911712646
351,903,0.18036510050296783
351,1725,0.14193461835384369
351,1665,0.10699045658111572
351,1651,0.10393751412630081
351,415,0.082297928631305695
351,1546,0.081611759960651398
351,1735,0.077972248196601868
351,62,0.077003709971904755
352,352,0
352,1594,1
352,408,0.44956016540527344
352,1537,0.38213738799095154
352,158,0.34303832054138184
352,1780,0.26791518926620483
352,1727,0.26715394854545593
352,1771,0.20090179145336151
352,1668,0.19037474691867828
352,820,0.1675909161567688
352,312,0.15672187507152557
352,1884,0.13133987784385681
352,1383,0.12001807987689972
352,1994,0.11518757790327072
352,1670,0.1149466261267662
353,353,0
353,1138,1
353,1252,0.40493148565292358
353,1818,0.38739189505577087
353,1936,0.38563069701194763
353,911,0.2711029052734375
353,986,0.26614069938659668
353,488,0.2172728031873703
353,670,0.20636174082756042
353,1996,0.16018132865428925
353,471,0.14656271040439606
353,866,0.12146735936403275
353,1260,0.12056373804807663
353,301,0.11466409265995026
353,1883,0.10461630672216415
354,354,0
354,448,1
354,1305,0.63065880537033081
354,101,0.50514239072799683
354,345,0.47358244657516479
354,1387,0.34934303164482117
354,1998,0.16441255807876587
354,1685,0.14211958646774292
354,400,0.14201076328754425
354,99,0.099228367209434509
354,224,0.088886849582195282
354,1357,0.083489999175071716
354,1309,0.079149864614009857
354,754,0.074933633208274841
354,1708,0.073927223682403564
355,355,0
355,1267,1
355,807,0.5735514760017395
355,815,0.46272322535514832
355,946,0.28202471137046814
355,45,0.28150451183319092
355,1382,0.21516221761703491
355,66,0.19828832149505615
355,363,0.18011631071567535
355,57,0.15205292403697968
355,743,0.13499842584133148
355,536,0.10975539684295654
355,864,0.10681663453578949
355,1803,0.10609922558069229
355,882,0.10380703210830688
356,356,0
356,559,1
356,411,0.57608598470687866
356,451,0.32629606127738953
356,843,0.28084656596183777
356,1313,0.25748255848884583
356,1228,0.25090229511260986
356,1077,0.19756384193897247
356,737,0.19137558341026306
356,956,0.17583273351192474
356,1795,0.15468759834766388
356,1992,0.15238761901855469
356,1851,0.13845480978488922
356,1318,0.10537173599004745
356,264,0.099604152143001556
357,357,0
357,884,1
357,631,0.82583951950073242
357,377,0.51370888948440552
357,161,0.38213199377059937
357,316,0.23663300275802612
357,892,0.22109998762607574
357,740,0.12386970221996307
357,1815,0.11707035452127457
357,103,0.11008668690919876
357,1112,0.08750663697719574
357,208,0.084450431168079376
357,945,0.082536123692989349
357,1930,0.062661930918693542
357,1269,0.059301752597093582
358,358,0
358,1734,1
358,1623,0.72222799062728882
358,428,0.37433350086212158
358,872,0.22781027853488922
358,1326,0.22430673241615295
358,167,0.18908892571926117
358,366,0.18105493485927582
358,1233,0.17653453350067139
358,1761,0.16708047688007355
358,116,0.14897994697093964
358,1840,0.12638236582279205
358,1423,0.12598225474357605
358,665,0.12286689132452011
358,1989,0.12023445218801498
359,359,0
359,401,1
359,194,0.56959289312362671
359,298,0.33993491530418396
359,590,0.3334801197052002
359,1413,0.32642382383346558
359,1022,0.22850985825061798
359,1526,0.19412118196487427
359,1012,0.14729790389537811
359,1548,0.14482711255550385
359,935,0.13705442845821381
359,1219,0.12587623298168182
359,1556,0.12065131962299347
359,1081,0.11977150291204453
359,75,0.1193520724773407
360,360,0
360,1470,1
360,967,0.32731804251670837
360,1408,0.32461383938789368
360,999,0.30440080165863037
360,58,0.27628055214881897
360,218,0.26693284511566162
360,1642,0.25299704074859619
360,1527,0.21948808431625366
360,927,0.18673615157604218
360,531,0.1694437563419342
360,1248,0.16858154535293579
360,177,0.1539350152015686
360,1478,0.13185550272464752
360,898,0.1243065819144249
361,361,0
361,720,1
361,1790,0.60795384645462036
361,1418,0.36483249068260193
361,988,0.29602769017219543
361,1637,0.29487138986587524
361,1325,0.23894883692264557
361,113,0.22861956059932709
361,800,0.17645645141601562
361,590,0.15849748253822327
361,1457,0.15656541287899017
361,1315,0.12023144960403442
361,801,0.097760900855064392
361,298,0.083426900207996368
361,465,0.08269866555929184
362,362,0
362,1950,1
362,1522,0.78486174345016479
362,912,0.4064176082611084
362,1083,0.351348876953125
362,1272,0.3504454493522644
362,226,0.28252100944519043
362,63,0.14536039531230927
362,135,0.13710491359233856
362,1709,0.12209031730890274
362,1036,0.11248487234115601
362,201,0.061985697597265244
362,1199,0.052257347851991653
362,73,0.050107795745134354
362,1503,0.049909327179193497
363,363,0
363,743,1
363,1760,0.35252812504768372
363,66,0.31609001755714417
363,815,0.2866816520690918
363,355,0.28480967879295349
363,1267,0.25125682353973389
363,1025,0.23509272933006287
363,1337,0.19527961313724518
363,536,0.17805953323841095
363,1279,0.17517675459384918
363,331,0.16375574469566345
363,1872,0.16282883286476135
363,882,0.16042046248912811
363,1948,0.1449120044708252
364,364,0
364,729,1
364,1630,0.48208978772163391
364,582,0.30881103873252869
364,1051,0.30312389135360718
364,588,0.29273766279220581
364,711,0.19655449688434601
364,1488,0.18430356681346893
364,1902,0.17782382667064667
364,1180,0.17454186081886292
364,1649,0.1708846390247345
364,435,0.1629401296377182
364,1240,0.15602180361747742
364,1852,0.14861054718494415
364,1773,0.14844685792922974
365,365,0
365,602,1
365,516,0.78898626565933228
365,1304,0.31641814112663269
365,871,0.24829903244972229
365,1136,0.22316086292266846
365,1031,0.20660296082496643
365,129,0.16590127348899841
365,1431,0.15468132495880127
365,148,0.15405470132827759
365,370,0.15378408133983612
365,1409,0.14237397909164429
365,87,0.12604597210884094
365,1277,0.11580436676740646
365,1804,0.1107802540063858
366,366,0
366,391,1
366,295,0.87041205167770386
366,50,0.4284341037273407
366,428,0.31311315298080444
366,26,0.19883610308170319
366,889,0.17281867563724518
366,847,0.17253609001636505
366,1623,0.13137245178222656
366,1021,0.13123410940170288
366,27,0.12648099660873413
366,1326,0.10754998773336411
366,665,0.10162665694952011
366,277,0.07809147983789444
366,1177,0.074384592473506927
367,367,0
367,575,1
367,693,0.94147807359695435
367,1913,0.40177753567695618
367,1329,0.27946990728378296
367,1121,0.15849967300891876
367,1355,0.15345735847949982
367,1811,0.15058228373527527
367,1971,0.14953678846359253
367,1055,0.1366136223077774
367,1697,0.13614507019519806
367,210,0.11972128599882126
367,885,0.098095729947090149
367,472,0.093713350594043732
367,1946,0.087794624269008636
368,368,0
368,844,1
368,223,0.60550707578659058
368,1162,0.59764868021011353
368,1759,0.3121151328086853
368,620,0.26856744289398193
368,1117,0.23530727624893188
368,1818,0.15178778767585754
368,1283,0.13864156603813171
368,274,0.13664083182811737
368,242,0.11869196593761444
368,1532,0.10757404565811157
368,1795,0.099959805607795715
368,487,0.070774614810943604
368,1273,0.063674725592136383
369,369,0
369,550,1
369,1250,0.41841316223144531
369,1967,0.32128548622131348
369,456,0.28438606858253479
369,654,0.2410329133272171
369,1092,0.22291116416454315
369,1094,0.21562847495079041
369,1568,0.21366089582443237
369,865,0.20467591285705566
369,1226,0.18688388168811798
369,838,0.16928704082965851
369,450,0.15978778898715973
369,1318,0.14509943127632141
369,861,0.12384554743766785
370,370,0
370,1100,1
370,1804,0.38454297184944153
370,1031,0.30084589123725891
370,1386,0.25633135437965393
370,1304,0.25415775179862976
370,402,0.23794358968734741
370,1754,0.22208638489246368
370,486,0.21857653558254242
370,1751,0.20736376941204071
370,1321,0.20534440875053406
370,1733,0.18097592890262604
370,253,0.15180736780166626
370,1136,0.14418566226959229
370,1890,0.14272981882095337
371,371,0
371,539,1
371,1635,0.73218083381652832
371,107,0.53436410427093506
371,922,0.35011693835258484
371,445,0.27048155665397644
371,1935,0.26711323857307434
371,1731,0.22080685198307037
371,1270,0.18591724336147308
371,381,0.069470539689064026
371,424,0.064480796456336975
371,514,0.062205459922552109
371,220,0.054080780595541
371,1567,0.053453218191862106
371,1468,0.04221450537443161
372,372,0
372,439,1
372,1165,0.85242712497711182
372,970,0.65575361251831055
372,1615,0.33846807479858398
372,609,0.25170043110847473
372,1679,0.18547636270523071
372,801,0.12873798608779907
372,690,0.10617367178201675
372,89,0.085919089615345001
372,1984,0.074123658239841461
372,1214,0.070155419409275055
372,903,0.067897006869316101
372,1076,0.04572860524058342
372,1194,0.044331680983304977
373,373,0
373,399,1
373,1310,0.63320493698120117
373,1057,0.37670820951461792
373,1528,0.36757364869117737
373,1135,0.33703869581222534
373,1374,0.2252182811498642
373,718,0.22362139821052551
373,752,0.17014728486537933
373,49,0.16529093682765961
373,47,0.15292824804782867
373,866,0.077303417026996613
373,1696,0.074191108345985413
373,1526,0.05765816941857338
373,636,0.046005174517631531
374,374,0
374,1907,1
374,799,0.32091003656387329
374,868,0.31972867250442505
374,1610,0.31702551245689392
374,1745,0.29639497399330139
374,1972,0.27515572309494019
374,446,0.22937393188476562
374,968,0.2020944207906723
374,1847,0.19488228857517242
374,873,0.17723657190799713
374,1647,0.15968647599220276
374,54,0.14421993494033813
374,1799,0.1388767808675766
374,1206,0.13131079077720642
375,375,0
375,672,1
375,1283,0.52044963836669922
375,972,0.45126312971115112
375,954,0.29799628257751465
375,1502,0.24770237505435944
375,242,0.2341848760843277
375,1260,0.2339259535074234
375,1219,0.18265990912914276
375,267,0.14213097095489502
375,848,0.12684111297130585
375,1067,0.12677808105945587
375,1700,0.11823148280382156
375,1080,0.11448498070240021
375,1068,0.11024667322635651
376,376,0
376,1852,1
376,1429,0.76236850023269653
376,806,0.34914648532867432
376,86,0.27453881502151489
376,1678,0.21103101968765259
376,909,0.20135357975959778
376,1380,0.19696882367134094
376,973,0.14208091795444489
376,1597,0.1358596533536911
376,912,0.13455319404602051
376,1633,0.12882649898529053
376,1645,0.12453434616327286
376,576,0.12412548065185547
376,1027,0.12150344997644424
377,377,0
377,208,1
377,316,0.69162839651107788
377,1201,0.37421321868896484
377,393,0.35853984951972961
377,1667,0.27205312252044678
377,1772,0.26175472140312195
377,910,0.23431992530822754
377,1222,0.1819244921207428
377,894,0.12341464310884476
377,357,0.12339263409376144
377,638,0.10160683840513229
377,1339,0.081897728145122528
377,1003,0.053968556225299835
377,161,0.048175685107707977
378,378,0
378,1987,1
378,165,0.34494784474372864
378,899,0.25858393311500549
378,1600,0.25350180268287659
378,1543,0.2403942197561264
378,287,0.21919997036457062
378,1101,0.2184365838766098
378,1585,0.21726039052009583
378,1245,0.21311815083026886
378,1948,0.20647753775119781
378,1752,0.19072763621807098
378,1312,0.18735137581825256
378,517,0.18608817458152771
378,877,0.17080949246883392
379,379,0
379,53,1
379,1588,0.72493517398834229
379,220,0.46776264905929565
379,1823,0.39228054881095886
379,1234,0.38635638356208801
379,1377,0.171833336353302
379,522,0.13793820142745972
379,94,0.12097764760255814
379,1399,0.095474503934383392
379,918,0.090507633984088898
379,1743,0.087760806083679199
379,1248,0.084532499313354492
379,1731,0.077015645802021027
379,784,0.069515623152256012
380,380,0
380,488,1
380,118,0.60758215188980103
380,289,0.57526934146881104
380,293,0.45051798224449158
380,18,0.20396508276462555
380,841,0.14298486709594727
380,426,0.137714684009552
380,1819,0.13608235120773315
380,1138,0.13383969664573669
380,1344,0.13306929171085358
380,1936,0.1114216148853302
380,1131,0.10100176185369492
380,1252,0.092656634747982025
380,866,0.080782629549503326
381,381,0
381,919,1
381,316,0.98421037197113037
381,139,0.53645002841949463
381,638,0.40205362439155579
381,765,0.40100717544555664
381,1794,0.11464156955480576
381,445,0.11010006815195084
381,424,0.064355917274951935
381,740,0.064291976392269135
381,922,0.061868336051702499
381,371,0.059357725083827972
381,1270,0.056088574230670929
381,1743,0.026346953585743904
381,632,0.026108864694833755
382,382,0
382,661,1
382,1665,0.56728947162628174
382,550,0.41973331570625305
382,1250,0.33363360166549683
382,1460,0.31306594610214233
382,1405,0.22285178303718567
382,396,0.1980317085981369
382,523,0.17399017512798309
382,1592,0.15076200664043427
382,829,0.13019104301929474
382,1855,0.10629963129758835
382,1822,0.10453180968761444
382,1639,0.093903571367263794
382,1873,0.092613875865936279
383,383,0
383,468,1
383,578,0.75142550468444824
383,509,0.5347210168838501
383,551,0.49956002831459045
383,138,0.45664986968040466
383,959,0.26675054430961609
383,205,0.19803649187088013
383,1205,0.13918480277061462
383,996,0.018287738785147667
383,187,0.017934903502464294
383,676,0.010162742808461189
383,534,0.0060866996645927429
383,262,0.0051253144629299641
383,1814,0.002961697056889534
384,384,0
384,32,1
384,1931,0.74601101875305176
384,308,0.53888040781021118
384,483,0.43802478909492493
384,784,0.22296112775802612
384,1588,0.2167951762676239
384,669,0.18370945751667023
384,771,0.1428917795419693
384,1869,0.077026389539241791
384,663,0.072620861232280731
384,1265,0.069543488323688507
384,1809,0.068829908967018127
384,1179,0.065294563770294189
384,486,0.064303018152713776
385,385,0
385,964,1
385,1975,0.67466962337493896
385,1622,0.31012892723083496
385,777,0.29300832748413086
385,1861,0.28621223568916321
385,1758,0.23709888756275177
385,1814,0.2023005336523056
385,1446,0.18263502418994904
385,1852,0.16440820693969727
385,850,0.1362050324678421
385,1542,0.13053424656391144
385,658,0.10033032298088074
385,1929,0.096993319690227509
385,1633,0.092365466058254242
386,386,0
386,10,1
386,1575,0.43630427122116089
386,1784,0.41053915023803711
386,1976,0.36144837737083435
386,1343,0.29224905371665955
386,1224,0.25364565849304199
386,11,0.23891092836856842
386,947,0.18217010796070099
386,1151,0.12899117171764374
386,1946,0.12450890243053436
386,1519,0.12429685890674591
386,552,0.12283015996217728
386,886,0.11803967505693436
386,1697,0.11294863373041153
387,387,0
387,1909,1
387,1027,0.42340263724327087
387,1255,0.32507497072219849
387,949,0.25039005279541016
387,613,0.23807890713214874
387,1447,0.22187511622905731
387,1645,0.21118010580539703
387,1597,0.19984219968318939
387,1503,0.18265727162361145
387,981,0.17916867136955261
387,1237,0.1724236011505127
387,964,0.1709408164024353
387,1539,0.1702154278755188
387,792,0.16163672506809235
388,388,0
388,1834,1
388,442,0.69759285449981689
388,13,0.39771866798400879
388,775,0.3282417356967926
388,444,0.22727085649967194
388,107,0.20932604372501373
388,1416,0.16122822463512421
388,1666,0.15937404334545135
388,1449,0.15570332109928131
388,1332,0.12915685772895813
388,333,0.11992420256137848
388,721,0.11934316158294678
388,1328,0.10435526072978973
388,860,0.097650736570358276
389,389,0
389,235,1
389,1316,0.40843555331230164
389,81,0.32856696844100952
389,1392,0.32136932015419006
389,1465,0.28238320350646973
389,216,0.2458331435918808
389,163,0.19355238974094391
389,1066,0.18568842113018036
389,1072,0.1719183474779129
389,1862,0.16680788993835449
389,1702,0.1622755229473114
389,1566,0.15450266003608704
389,846,0.14468719065189362
389,1398,0.14087241888046265
390,390,0
390,1411,1
390,1249,0.73716908693313599
390,1391,0.48152068257331848
390,1115,0.47290334105491638
390,852,0.27785360813140869
390,706,0.24063898622989655
390,1258,0.19677808880805969
390,157,0.09538065642118454
390,1212,0.08825385570526123
390,539,0.07388102263212204
390,1731,0.072298787534236908
390,1314,0.061268843710422516
390,107,0.054702341556549072
390,1479,0.054243940860033035
391,391,0
391,490,1
391,756,0.5635906457901001
391,511,0.29105749726295471
391,366,0.27336975932121277
391,916,0.26036310195922852
391,425,0.2576524019241333
391,889,0.21192646026611328
391,295,0.2106659859418869
391,277,0.20617203414440155
391,496,0.19867745041847229
391,15,0.1257026195526123
391,1126,0.11111018061637878
391,26,0.10695011168718338
391,186,0.089659683406352997
392,392,0
392,1796,1
392,738,0.68984538316726685
392,1872,0.25274738669395447
392,57,0.18843647837638855
392,824,0.1873578280210495
392,1601,0.1865466982126236
392,1920,0.18627792596817017
392,939,0.18489709496498108
392,537,0.18078421056270599
392,45,0.17690020799636841
392,1155,0.17514365911483765
392,275,0.17330737411975861
392,1800,0.16267338395118713
392,1046,0.16196885704994202
393,393,0
393,638,1
393,910,0.67006266117095947
393,208,0.54441571235656738
393,316,0.37676951289176941
393,1321,0.32879054546356201
393,1667,0.16320303082466125
393,253,0.14898563921451569
393,445,0.14151830971240997
393,377,0.1332629919052124
393,402,0.11404342949390411
393,918,0.076984032988548279
393,1218,0.072658427059650421
393,427,0.068631954491138458
393,1794,0.067567788064479828
394,394,0
394,418,1
394,745,0.75900828838348389
394,252,0.51574146747589111
394,93,0.35875728726387024
394,3,0.2941630482673645
394,627,0.17188426852226257
394,226,0.16347883641719818
394,321,0.15280328691005707
394,605,0.11571571230888367
394,1951,0.10477925837039948
394,1505,0.093088872730731964
394,1160,0.060296371579170227
394,1010,0.059327960014343262
394,1574,0.057849541306495667
395,395,0
395,601,1
395,1674,0.42777350544929504
395,1169,0.42232769727706909
395,218,0.35543987154960632
395,1314,0.32471594214439392
395,1536,0.24020607769489288
395,237,0.19610325992107391
395,1776,0.14556443691253662
395,1150,0.14085221290588379
395,166,0.14028486609458923
395,1783,0.13722282648086548
395,1619,0.13278590142726898
395,927,0.12622661888599396
395,1369,0.11738766729831696
396,396,0
396,661,1
396,1665,0.72586369514465332
396,649,0.33944615721702576
396,529,0.25335928797721863
396,121,0.23341354727745056
396,1879,0.18751390278339386
396,788,0.16934910416603088
396,123,0.16858971118927002
396,1906,0.15102279186248779
396,1673,0.14784823358058929
396,681,0.14534267783164978
396,966,0.1394343227148056
396,1735,0.12676738202571869
396,1873,0.11894204467535019
397,397,0
397,1615,1
397,1894,0.41341927647590637
397,1767,0.34905576705932617
397,212,0.29716446995735168
397,1050,0.28316381573677063
397,689,0.25291529297828674
397,1139,0.2313651442527771
397,970,0.1871827244758606
397,90,0.1829056441783905
397,835,0.1668294370174408
397,546,0.14572814106941223
397,274,0.13553328812122345
397,1681,0.13269440829753876
397,1092,0.1289253830909729
398,398,0
398,1387,1
398,1133,0.54375612735748291
398,1899,0.42865586280822754
398,1520,0.33919990062713623
398,95,0.26707854866981506
398,1422,0.20493325591087341
398,1042,0.1805076003074646
398,1167,0.1755744069814682
398,1357,0.16169777512550354
398,594,0.15549670159816742
398,757,0.15429911017417908
398,1769,0.10792452841997147
398,37,0.094847813248634338
398,1170,0.092926688492298126
399,399,0
399,1526,1
399,49,0.61754810810089111
399,664,0.3529193103313446
399,1135,0.30012425780296326
399,752,0.25066453218460083
399,956,0.20505411922931671
399,585,0.17292442917823792
399,804,0.17130526900291443
399,1275,0.15339106321334839
399,491,0.14372043311595917
399,1280,0.14090676605701447
399,1,0.14067478477954865
399,373,0.13026562333106995
399,1067,0.12738361954689026
400,400,0
400,754,1
400,675,0.7767912745475769
400,1305,0.29735508561134338
400,1685,0.29245176911354065
400,1862,0.26854974031448364
400,354,0.22813509404659271
400,414,0.16872690618038177
400,556,0.16443668305873871
400,1072,0.16033796966075897
400,99,0.13362635672092438
400,1780,0.12329838424921036
400,216,0.11345584690570831
400,1401,0.090586058795452118
400,224,0.089139200747013092
401,401,0
401,359,1
401,1219,0.96954262256622314
401,1413,0.44486159086227417
401,75,0.41193684935569763
401,1714,0.26628965139389038
401,194,0.13339260220527649
401,1022,0.11086784303188324
401,1715,0.10891766101121902
401,523,0.10277193039655685
401,590,0.10179305821657181
401,1546,0.070622444152832031
401,124,0.06645800918340683
401,298,0.062598556280136108
401,1681,0.056835711002349854
402,402,0
402,918,1
402,208,0.85932350158691406
402,161,0.26472598314285278
402,1386,0.19684575498104095
402,1619,0.19346201419830322
402,1024,0.19146133959293365
402,370,0.18710695207118988
402,726,0.17985901236534119
402,910,0.17248325049877167
402,1100,0.14570605754852295
402,393,0.13993988931179047
402,1218,0.13617962598800659
402,1093,0.12438046187162399
402,1963,0.11542174220085144
403,403,0
403,1745,1
403,563,0.42318576574325562
403,873,0.36407750844955444
403,1580,0.34111180901527405
403,545,0.24857161939144135
403,536,0.24558570981025696
403,1216,0.21306838095188141
403,464,0.20778562128543854
403,1603,0.19805067777633667
403,1847,0.17823286354541779
403,886,0.17183507978916168
403,1799,0.1117437332868576
403,1979,0.10646972060203552
403,1170,0.0971708744764328
404,404,0
404,1897,1
404,69,0.56367617845535278
404,1049,0.51387166976928711
404,909,0.27269789576530457
404,1027,0.21659804880619049
404,1709,0.21029022336006165
404,35,0.20597653090953827
404,1126,0.1693798154592514
404,1595,0.15069496631622314
404,328,0.14559376239776611
404,335,0.1418934166431427
404,1981,0.11881645768880844
404,303,0.10301120579242706
404,1909,0.094385839998722076
405,405,0
405,1910,1
405,1309,0.59619253873825073
405,213,0.50009161233901978
405,7,0.36600083112716675
405,338,0.22524282336235046
405,688,0.19557799398899078
405,409,0.1868826150894165
405,1656,0.17670486867427826
405,1041,0.14962613582611084
405,592,0.13088835775852203
405,518,0.10453679412603378
405,1587,0.10228393971920013
405,1892,0.086930215358734131
405,199,0.085925295948982239
406,406,0
406,1496,1
406,769,0.49280628561973572
406,1399,0.29258432984352112
406,1323,0.25581517815589905
406,214,0.25095203518867493
406,892,0.22275771200656891
406,712,0.21841582655906677
406,1756,0.19962131977081299
406,1930,0.1978440135717392
406,842,0.15970265865325928
406,1938,0.15932475030422211
406,1853,0.15494617819786072
406,332,0.15142272412776947
406,918,0.15069781243801117
407,407,0
407,1384,1
407,1991,0.3566819429397583
407,1816,0.33262717723846436
407,819,0.28260061144828796
407,926,0.24930903315544128
407,259,0.22712965309619904
407,795,0.21796394884586334
407,1666,0.19762289524078369
407,1692,0.19335104525089264
407,1449,0.18992897868156433
407,1143,0.18581545352935791
407,1134,0.16300709545612335
407,1328,0.16266666352748871
407,1968,0.1481911838054657
408,408,0
408,820,1
408,1780,0.79340654611587524
408,1564,0.5843004584312439
408,1305,0.3134591281414032
408,345,0.18588404357433319
408,1291,0.18348203599452972
408,1668,0.16843116283416748
408,1884,0.14644098281860352
408,1847,0.12593795359134674
408,101,0.11110358685255051
408,1543,0.0884581059217453
408,352,0.071700692176818848
408,1537,0.068582519888877869
408,1685,0.065712839365005493
409,409,0
409,1041,1
409,1620,0.59135138988494873
409,1402,0.35490778088569641
409,1884,0.30060896277427673
409,1587,0.19387534260749817
409,1309,0.1924268901348114
409,345,0.19074961543083191
409,1305,0.18928004801273346
409,518,0.16404664516448975
409,1291,0.15423867106437683
409,1495,0.15272215008735657
409,1910,0.1482023298740387
409,1239,0.13949033617973328
409,408,0.13498172163963318
410,410,0
410,1925,1
410,1689,0.40131792426109314
410,1361,0.3805726170539856
410,1347,0.34024554491043091
410,1701,0.31452813744544983
410,1178,0.25244876742362976
410,1458,0.22909282147884369
410,1199,0.20275883376598358
410,1009,0.19982828199863434
410,773,0.15763814747333527
410,1173,0.13109400868415833
410,1909,0.12047149986028671
410,509,0.088592424988746643
410,1750,0.088299758732318878
411,411,0
411,451,1
411,568,0.38960778713226318
411,264,0.38725513219833374
411,1077,0.26234406232833862
411,356,0.24813152849674225
411,1330,0.23961438238620758
411,1700,0.23046360909938812
411,982,0.20262788236141205
411,31,0.18178531527519226
411,559,0.17287164926528931
411,1191,0.15396261215209961
411,2,0.15140503644943237
411,289,0.14533759653568268
411,1253,0.14148280024528503
412,412,0
412,304,1
412,831,0.58284014463424683
412,705,0.44680547714233398
412,1483,0.44487422704696655
412,1891,0.40037775039672852
412,1329,0.28650960326194763
412,589,0.11620819568634033
412,983,0.11347391456365585
412,322,0.10908572375774384
412,449,0.095469273626804352
412,319,0.094542481005191803
412,1395,0.075450167059898376
412,1176,0.070904649794101715
412,808,0.070344828069210052
413,413,0
413,1088,1
413,691,0.36969432234764099
413,1529,0.2986016571521759
413,631,0.28848174214363098
413,1820,0.25257259607315063
413,231,0.24848614633083344
413,1172,0.20220696926116943
413,645,0.1994311511516571
413,637,0.18427138030529022
413,1238,0.17865525186061859
413,1966,0.17859317362308502
413,1772,0.17617003619670868
413,1444,0.16576449573040009
413,1605,0.16396158933639526
414,414,0
414,675,1
414,1685,0.79626882076263428
414,1780,0.46298882365226746
414,400,0.24989961087703705
414,520,0.19382517039775848
414,1305,0.18939851224422455
414,354,0.16599456965923309
414,755,0.14636914432048798
414,604,0.13718821108341217
414,345,0.13537676632404327
414,1357,0.13024969398975372
414,754,0.12529371678829193
414,224,0.091648504137992859
414,944,0.082397095859050751
415,415,0
415,1557,1
415,1665,0.48699021339416504
415,1405,0.43086209893226624
415,661,0.32433319091796875
415,1725,0.31616339087486267
415,340,0.29415193200111389
415,62,0.21258899569511414
415,1777,0.17061956226825714
415,1906,0.13790440559387207
415,1669,0.13300405442714691
415,278,0.10586471110582352
415,1116,0.10159198939800262
415,56,0.097417660057544708
415,1651,0.095408149063587189
416,416,0
416,878,1
416,146,0.68572354316711426
416,463,0.4624391496181488
416,1756,0.46055826544761658
416,769,0.34860622882843018
416,602,0.24293696880340576
416,1890,0.20505890250205994
416,1088,0.093867398798465729
416,1084,0.089596942067146301
416,927,0.084182702004909515
416,1963,0.068076431751251221
416,897,0.062234580516815186
416,1938,0.054182983934879303
416,436,0.049427472054958344
417,417,0
417,1840,1
417,1649,0.71413701772689819
417,1051,0.54229342937469482
417,749,0.42724364995956421
417,335,0.25100553035736084
417,364,0.20755617320537567
417,1423,0.15782256424427032
417,454,0.12625710666179657
417,1877,0.12244639545679092
417,1791,0.1013280525803566
417,1716,0.089834004640579224
417,1630,0.063803598284721375
417,1488,0.055572152137756348
417,1180,0.047587685286998749
418,418,0
418,394,1
418,1854,0.63921558856964111
418,605,0.35078728199005127
418,662,0.34601360559463501
418,93,0.34033319354057312
418,773,0.28652453422546387
418,1951,0.26583197712898254
418,1361,0.16609187424182892
418,1458,0.13603083789348602
418,257,0.08546186238527298
418,1689,0.079691313207149506
418,252,0.079083047807216644
418,509,0.067167177796363831
418,745,0.064664676785469055
419,419,0
419,1673,1
419,1092,0.94357591867446899
419,2,0.44039645791053772
419,267,0.27543294429779053
419,618,0.23567529022693634
419,848,0.18401271104812622
419,626,0.15411634743213654
419,1080,0.12881012260913849
419,1110,0.12760947644710541
419,546,0.11201655119657516
419,1628,0.095309093594551086
419,1557,0.074850216507911682
419,1767,0.072931133210659027
419,1651,0.062154415994882584
420,420,0
420,135,1
420,131,0.67702537775039673
420,1617,0.63498997688293457
420,1678,0.5044521689414978
420,973,0.22386544942855835
420,1648,0.20512712001800537
420,0,0.17864033579826355
420,1958,0.16865256428718567
420,1380,0.083784662187099457
420,1633,0.066050656139850616
420,1952,0.062363296747207642
420,1036,0.060830686241388321
420,1469,0.028322942554950714
420,1272,0.012782834470272064
421,421,0
421,1299,1
421,1808,0.40819495916366577
421,906,0.35942813754081726
421,996,0.27379339933395386
421,1612,0.25715380907058716
421,468,0.22347800433635712
421,964,0.22149628400802612
421,1814,0.20626211166381836
421,262,0.17816625535488129
421,613,0.16834686696529388
421,1108,0.16117256879806519
421,185,0.15076230466365814
421,1782,0.15004633367061615
421,507,0.14859600365161896
422,422,0
422,1026,1
422,1868,0.47245243191719055
422,598,0.36624652147293091
422,809,0.31989631056785583
422,352,0.22550269961357117
422,1223,0.20436452329158783
422,760,0.19009701907634735
422,1657,0.18558952212333679
422,1383,0.17920321226119995
422,1806,0.17756928503513336
422,1407,0.17433245480060577
422,820,0.1708652675151825
422,1727,0.12446043640375137
422,1594,0.11631957441568375
423,423,0
423,1886,1
423,1903,0.50148826837539673
423,1363,0.40578469634056091
423,33,0.32746550440788269
423,480,0.29196852445602417
423,825,0.24946053326129913
423,784,0.20735357701778412
423,445,0.18080529570579529
423,486,0.16598069667816162
423,623,0.14689439535140991
423,1588,0.10939303040504456
423,669,0.10912591218948364
423,173,0.10671906173229218
423,253,0.10445535182952881
424,424,0
424,1270,1
424,740,0.34439760446548462
424,922,0.32737499475479126
424,687,0.31456089019775391
424,1663,0.23489126563072205
424,1943,0.21905380487442017
424,884,0.20932552218437195
424,539,0.20070210099220276
424,765,0.19048121571540833
424,1853,0.18105317652225494
424,1930,0.17942208051681519
424,107,0.17253981530666351
424,531,0.17087195813655853
424,444,0.16221827268600464
425,425,0
425,277,1
425,708,0.50627493858337402
425,811,0.43915101885795593
425,15,0.36364713311195374
425,490,0.32526123523712158
425,818,0.27792802453041077
425,1617,0.21419072151184082
425,151,0.21187339723110199
425,511,0.19136837124824524
425,1699,0.15321546792984009
425,796,0.084386348724365234
425,391,0.047052573412656784
425,534,0.046767599880695343
425,26,0.045774102210998535
426,426,0
426,380,1
426,488,0.41149082779884338
426,118,0.38774177432060242
426,1266,0.30246928334236145
426,18,0.26407042145729065
426,1290,0.24297541379928589
426,1186,0.20383346080780029
426,314,0.19941700994968414
426,289,0.19327652454376221
426,6,0.18274302780628204
426,1819,0.14384795725345612
426,841,0.1287042498588562
426,78,0.12820062041282654
426,293,0.11811532080173492
427,427,0
427,685,1
427,522,0.76805537939071655
427,1608,0.7148701548576355
427,393,0.28978952765464783
427,1772,0.18481609225273132
427,1579,0.17689664661884308
427,1321,0.16210390627384186
427,862,0.14849841594696045
427,890,0.084108516573905945
427,784,0.083547025918960571
427,1105,0.077995806932449341
427,1588,0.075337015092372894
427,1363,0.072534844279289246
427,918,0.068341292440891266
428,428,0
428,1326,1
428,167,0.67920988798141479
428,116,0.64831656217575073
428,1481,0.32178419828414917
428,1233,0.26757663488388062
428,1742,0.24758331477642059
428,1334,0.20143446326255798
428,597,0.19477725028991699
428,949,0.12392993271350861
428,792,0.086176924407482147
428,366,0.049966868013143539
428,1021,0.031881131231784821
428,358,0.031302608549594879
428,1423,0.022947918623685837
429,429,0
429,1486,1
429,1797,0.70339483022689819
429,731,0.64494836330413818
429,764,0.50074988603591919
429,1850,0.15322691202163696
429,531,0.14579907059669495
429,1704,0.13569433987140656
429,214,0.1204819530248642
429,457,0.10711915045976639
429,1695,0.087831281125545502
429,329,0.080967910587787628
429,1248,0.079296909272670746
429,1084,0.075417399406433105
429,1399,0.07196972519159317
430,430,0
430,477,1
430,1891,0.52583187818527222
430,1811,0.49087584018707275
430,1329,0.40730229020118713
430,254,0.21505731344223022
430,1884,0.18616285920143127
430,883,0.17211081087589264
430,831,0.15561044216156006
430,635,0.14838437736034393
430,589,0.13704456388950348
430,1543,0.12550583481788635
430,449,0.12079788744449615
430,673,0.11678458005189896
430,310,0.10542090982198715
431,431,0
431,470,1
431,1209,0.7314903736114502
431,517,0.32388457655906677
431,998,0.26422512531280518
431,1904,0.23103642463684082
431,1101,0.2243853360414505
431,287,0.20494084060192108
431,1961,0.16284838318824768
431,1547,0.15938451886177063
431,1359,0.13817940652370453
431,1596,0.12295741587877274
431,108,0.1212221086025238
431,877,0.11122356355190277
431,941,0.11110742390155792
432,432,0
432,448,1
432,74,0.38466170430183411
432,41,0.37673267722129822
432,1957,0.29029726982116699
432,553,0.26820838451385498
432,287,0.24863755702972412
432,354,0.24848531186580658
432,28,0.20702491700649261
432,136,0.20215721428394318
432,1075,0.17856869101524353
432,1926,0.17221677303314209
432,1708,0.11466838419437408
432,1395,0.11321878433227539
432,1961,0.10201492160558701
433,433,0
433,1338,1
433,342,0.76178473234176636
433,1467,0.61419939994812012
433,1516,0.29289442300796509
433,1711,0.28156334161758423
433,1687,0.22918154299259186
433,334,0.1458335816860199
433,1896,0.13199326395988464
433,547,0.1067119836807251
433,958,0.077309094369411469
433,1905,0.0741581991314888
433,794,0.073083646595478058
433,1439,0.059465494006872177
433,1653,0.058709509670734406
434,434,0
434,1995,1
434,4,0.44984373450279236
434,1096,0.37775629758834839
434,1107,0.26241812109947205
434,1736,0.24802464246749878
434,1356,0.22704148292541504
434,1230,0.21112608909606934
434,204,0.19771017134189606
434,125,0.196245476603508
434,1827,0.1913926899433136
434,128,0.14276714622974396
434,992,0.13773977756500244
434,1000,0.13427594304084778
434,1721,0.13054914772510529
435,435,0
435,729,1
435,1232,0.46759188175201416
435,364,0.28048598766326904
435,979,0.2753773033618927
435,1699,0.25368532538414001
435,1672,0.23628425598144531
435,1180,0.23506619036197662
435,1562,0.22673599421977997
435,425,0.20829907059669495
435,1240,0.18853667378425598
435,1852,0.15957179665565491
435,610,0.15809518098831177
435,1010,0.11002591252326965
435,151,0.10713710635900497
436,436,0
436,645,1
436,463,0.73449832201004028
436,1529,0.46262457966804504
436,82,0.30314987897872925
436,87,0.27269443869590759
436,602,0.17520120739936829
436,1207,0.1685110479593277
436,334,0.16294685006141663
436,1023,0.13610249757766724
436,1088,0.11589327454566956
436,416,0.11585374176502228
436,1136,0.095189191401004791
436,878,0.087119169533252716
436,726,0.07710660994052887
437,437,0
437,945,1
437,188,0.73742479085922241
437,1853,0.35732361674308777
437,60,0.25187668204307556
437,1930,0.2052520215511322
437,220,0.18627513945102692
437,1399,0.17382785677909851
437,1943,0.16604457795619965
437,424,0.1521972268819809
437,1157,0.14967803657054901
437,1016,0.14161734282970428
437,531,0.14049428701400757
437,922,0.13790224492549896
437,540,0.10698522627353668
438,438,0
438,170,1
438,70,0.91282743215560913
438,867,0.89154279232025146
438,1103,0.36107993125915527
438,1358,0.17527823150157928
438,814,0.10063593834638596
438,26,0.097474955022335052
438,366,0.068030737340450287
438,889,0.065043240785598755
438,1932,0.063753627240657806
438,1576,0.04747583344578743
438,1199,0.045212391763925552
438,461,0.045008175075054169
438,1437,0.033525906503200531
439,439,0
439,1165,1
439,372,0.88356375694274902
439,1569,0.34307029843330383
439,1679,0.30566716194152832
439,212,0.28374272584915161
439,301,0.19475224614143372
439,1615,0.15796713531017303
439,970,0.14369554817676544
439,801,0.1196696013212204
439,1805,0.11210635304450989
439,1967,0.10792241990566254
439,397,0.1060718297958374
439,1984,0.083862468600273132
439,1787,0.06480039656162262
440,440,0
440,1200,1
440,1613,0.36792603135108948
440,189,0.36490827798843384
440,735,0.33912110328674316
440,1801,0.30707353353500366
440,1276,0.29396930336952209
440,1256,0.18074555695056915
440,21,0.17834058403968811
440,1940,0.17483265697956085
440,487,0.16892901062965393
440,778,0.15489283204078674
440,270,0.13790188729763031
440,1165,0.1338384598493576
440,1452,0.10440575331449509
441,441,0
441,818,1
441,277,0.68725109100341797
441,1875,0.67969638109207153
441,186,0.36291524767875671
441,657,0.24330951273441315
441,715,0.19814476370811462
441,26,0.17093488574028015
441,1740,0.13639481365680695
441,874,0.130544513463974
441,1473,0.10429952293634415
441,425,0.071894519031047821
441,1782,0.045310549437999725
441,507,0.039197936654090881
441,325,0.036999233067035675
442,442,0
442,388,1
442,948,0.48936241865158081
442,1442,0.40083497762680054
442,444,0.36273741722106934
442,721,0.32690730690956116
442,1693,0.25549867749214172
442,1332,0.21685250103473663
442,13,0.20324274897575378
442,1416,0.13435074687004089
442,775,0.11213099956512451
442,1947,0.10737950354814529
442,1834,0.10629583150148392
442,1828,0.1014997735619545
442,1530,0.089794903993606567
443,443,0
443,512,1
443,1205,0.58732891082763672
443,1240,0.43841487169265747
443,574,0.36048486828804016
443,1836,0.20749861001968384
443,1429,0.1857944130897522
443,1650,0.18574513494968414
443,1159,0.16918657720088959
443,1909,0.15993450582027435
443,509,0.13377842307090759
443,498,0.13195830583572388
443,1595,0.12130769342184067
443,325,0.11972416937351227
443,205,0.10572890192270279
444,444,0
444,531,1
444,1270,0.64351058006286621
444,1935,0.33028754591941833
444,1695,0.27062177658081055
444,722,0.26556959748268127
444,1635,0.25894734263420105
444,922,0.2482229471206665
444,678,0.23337867856025696
444,878,0.15855145454406738
444,1663,0.12634781002998352
444,600,0.12117255479097366
444,1947,0.084026217460632324
444,107,0.083292514085769653
444,1534,0.082961671054363251
445,445,0
445,1991,1
445,1134,0.45404770970344543
445,1841,0.38100966811180115
445,393,0.29746830463409424
445,922,0.24924993515014648
445,643,0.23007233440876007
445,371,0.1978783905506134
445,208,0.18395695090293884
445,528,0.17228209972381592
445,253,0.16188430786132812
445,423,0.15479077398777008
445,910,0.14951132237911224
445,480,0.13901995122432709
445,765,0.13572826981544495
446,446,0
446,1745,1
446,1810,0.83673512935638428
446,1231,0.31301984190940857
446,799,0.27143675088882446
446,1564,0.24940614402294159
446,763,0.20704326033592224
446,604,0.17569610476493835
446,1847,0.14606310427188873
446,1370,0.14528298377990723
446,693,0.14192609488964081
446,283,0.12494374811649323
446,873,0.10655314475297928
446,822,0.097235828638076782
446,886,0.091557152569293976
447,447,0
447,1638,1
447,1699,0.37411093711853027
447,16,0.32698178291320801
447,1010,0.27059715986251831
447,186,0.26072916388511658
447,657,0.20790427923202515
447,729,0.2070821076631546
447,1649,0.19787456095218658
447,1180,0.18633151054382324
447,435,0.18604762852191925
447,364,0.18575873970985413
447,1051,0.17688816785812378
447,288,0.16762630641460419
447,1590,0.15895277261734009
448,448,0
448,354,1
448,1998,0.64118719100952148
448,28,0.62771636247634888
448,1357,0.20601293444633484
448,1957,0.1850617527961731
448,338,0.1764274537563324
448,1387,0.16001172363758087
448,345,0.14558328688144684
448,553,0.14121575653553009
448,1395,0.13697826862335205
448,1708,0.12948665022850037
448,224,0.12456659227609634
448,432,0.12090282142162323
448,136,0.11174580454826355
449,449,0
449,589,1
449,412,0.53549939393997192
449,304,0.35172092914581299
449,319,0.34371846914291382
449,831,0.30864688754081726
449,130,0.29989030957221985
449,254,0.20924292504787445
449,883,0.19830316305160522
449,705,0.16284100711345673
449,322,0.10761978477239609
449,1158,0.099507376551628113
449,430,0.098876230418682098
449,1329,0.096670545637607574
449,1785,0.094360053539276123
450,450,0
450,654,1
450,1967,0.70100408792495728
450,212,0.69391852617263794
450,1873,0.32161498069763184
450,1362,0.24633193016052246
450,624,0.1924109011888504
450,9,0.1715235710144043
450,269,0.1526518315076828
450,1569,0.12300467491149902
450,1669,0.11628314107656479
450,1867,0.070982761681079865
450,550,0.044749889522790909
450,1318,0.042674656957387924
450,369,0.029739702120423317
451,451,0
451,411,1
451,264,0.54945224523544312
451,289,0.38227376341819763
451,568,0.27618390321731567
451,356,0.23782792687416077
451,559,0.22724820673465729
451,1131,0.19468046724796295
451,1077,0.17882850766181946
451,497,0.155202716588974
451,843,0.14970541000366211
451,1482,0.14825810492038727
451,1253,0.14258348941802979
451,1228,0.13357491791248322
451,982,0.13107645511627197
452,452,0
452,1578,1
452,613,0.62528151273727417
452,1505,0.52038884162902832
452,1682,0.47997575998306274
452,1475,0.23949809372425079
452,93,0.22734788060188293
452,1837,0.16682317852973938
452,1458,0.13098035752773285
452,981,0.099644079804420471
452,814,0.090823791921138763
452,1929,0.089583374559879303
452,248,0.083491690456867218
452,796,0.080520711839199066
452,1716,0.072528339922428131
453,453,0
453,582,1
453,646,0.57324802875518799
453,1255,0.43893414735794067
453,1480,0.39978307485580444
453,1909,0.2837599515914917
453,711,0.27527466416358948
453,619,0.17810851335525513
453,1447,0.15299457311630249
453,548,0.14388658106327057
453,1018,0.12171313166618347
453,1237,0.10529797524213791
453,387,0.093837752938270569
453,811,0.070081338286399841
453,1390,0.069972068071365356
454,454,0
454,792,1
454,695,0.62650328874588013
454,1203,0.62501305341720581
454,1763,0.56774747371673584
454,1211,0.51648581027984619
454,1837,0.11404889076948166
454,1522,0.10806147754192352
454,1503,0.10021188855171204
454,1027,0.079126939177513123
454,889,0.060002774000167847
454,708,0.037648357450962067
454,1766,0.035383697599172592
454,814,0.020981522276997566
454,1542,0.01567772775888443
455,455,0
455,1774,1
455,1094,0.68864887952804565
455,1639,0.68102389574050903
455,1396,0.52550500631332397
455,184,0.23840667307376862
455,115,0.14766299724578857
455,664,0.14421822130680084
455,835,0.092627234756946564
455,1827,0.087137468159198761
455,681,0.071049198508262634
455,550,0.06714765727519989
455,523,0.067130245268344879
455,861,0.059298545122146606
455,856,0.037041563540697098
456,456,0
456,1297,1
456,1317,0.89027124643325806
456,369,0.51489812135696411
456,1348,0.3829607367515564
456,865,0.16120810806751251
456,1092,0.12488510459661484
456,1330,0.12420890480279922
456,450,0.12077908217906952
456,1569,0.11758425086736679
456,1557,0.10529285669326782
456,1532,0.10514086484909058
456,215,0.10476909577846527
456,2,0.084363311529159546
456,615,0.070523843169212341
457,457,0
457,1893,1
457,1756,0.43498128652572632
457,1399,0.30470201373100281
457,1248,0.22235205769538879
457,1439,0.22063492238521576
457,945,0.2107217013835907
457,1930,0.20624083280563354
457,188,0.20620249211788177
457,429,0.19645555317401886
457,1963,0.19185759127140045
457,1853,0.18699263036251068
457,437,0.18466785550117493
457,631,0.17131738364696503
457,531,0.16977226734161377
458,458,0
458,1778,1
458,185,0.40356957912445068
458,1358,0.37902596592903137
458,1108,0.3270358145236969
458,879,0.29033550620079041
458,1964,0.25538864731788635
458,1473,0.24475541710853577
458,1722,0.20273327827453613
458,1686,0.17913416028022766
458,906,0.17513296008110046
458,1782,0.16350159049034119
458,306,0.10016411542892456
458,1005,0.097498498857021332
458,343,0.088610611855983734
459,459,0
459,491,1
459,666,0.79481971263885498
459,1022,0.26996546983718872
459,681,0.22298122942447662
459,1012,0.20064684748649597
459,123,0.19938056170940399
459,1273,0.19824860990047455
459,79,0.17097644507884979
459,212,0.16961392760276794
459,1918,0.15095752477645874
459,861,0.1470973789691925
459,624,0.14391672611236572
459,1556,0.12490750104188919
459,1067,0.11337026208639145
460,460,0
460,1872,1
460,886,0.80328077077865601
460,1646,0.42349904775619507
460,728,0.34861218929290771
460,1538,0.22860696911811829
460,84,0.20683987438678741
460,1312,0.20505176484584808
460,1519,0.19040706753730774
460,302,0.14923606812953949
460,1745,0.094348467886447906
460,1459,0.087443426251411438
460,1988,0.075934186577796936
460,1920,0.053726144134998322
460,1946,0.03990618884563446
461,461,0
461,170,1
461,1437,0.38988238573074341
461,889,0.35887813568115234
461,1522,0.32892078161239624
461,1211,0.25720345973968506
461,1203,0.23756711184978485
461,1942,0.22091150283813477
461,1576,0.18183706700801849
461,938,0.17592762410640717
461,1174,0.15521015226840973
461,1763,0.15312403440475464
461,30,0.15020418167114258
461,70,0.15010280907154083
461,774,0.1471148282289505
462,462,0
462,1527,1
462,1078,0.49706164002418518
462,924,0.45454084873199463
462,1408,0.26713845133781433
462,898,0.26570653915405273
462,1259,0.18875212967395782
462,60,0.18152196705341339
462,1536,0.18070963025093079
462,600,0.17356131970882416
462,234,0.15845516324043274
462,1444,0.1507117748260498
462,1859,0.13438339531421661
462,360,0.12836985290050507
462,126,0.12597143650054932
463,463,0
463,436,1
463,1619,0.47117692232131958
463,1207,0.34257930517196655
463,416,0.32989805936813354
463,726,0.29736331105232239
463,82,0.26153457164764404
463,645,0.24306206405162811
463,402,0.16547559201717377
463,878,0.15480662882328033
463,1088,0.15357041358947754
463,1529,0.13864278793334961
463,674,0.12300963699817657
463,161,0.11792802810668945
463,1100,0.10783997923135757
464,464,0
464,955,1
464,1459,0.43878370523452759
464,536,0.34272810816764832
464,1979,0.31841281056404114
464,101,0.30003005266189575
464,1520,0.20676328241825104
464,1803,0.18898460268974304
464,403,0.18675039708614349
464,1170,0.17001354694366455
464,1580,0.15843209624290466
464,763,0.15791517496109009
464,1519,0.14980271458625793
464,1706,0.14746268093585968
464,1048,0.14081345498561859
465,465,0
465,720,1
465,469,0.7330281138420105
465,298,0.56655913591384888
465,1418,0.56584769487380981
465,1502,0.21518574655056
465,56,0.19879865646362305
465,1637,0.10485325753688812
465,779,0.091501660645008087
465,1918,0.0834856778383255
465,1528,0.082041546702384949
465,590,0.076248817145824432
465,848,0.072127841413021088
465,1556,0.066441275179386139
465,1022,0.050774417817592621
466,466,0
466,38,1
466,791,0.46238714456558228
466,243,0.3894641101360321
466,1273,0.33757174015045166
466,596,0.33142632246017456
466,525,0.28704562783241272
466,942,0.20473633706569672
466,1471,0.17639364302158356
466,1684,0.17420758306980133
466,1604,0.12555509805679321
466,1936,0.11178082227706909
466,1378,0.1037127748131752
466,1184,0.10312394797801971
466,169,0.099482022225856781
467,467,0
467,1656,1
467,1054,0.72851324081420898
467,7,0.29336437582969666
467,1910,0.20035345852375031
467,947,0.18896704912185669
467,1955,0.18779151141643524
467,1998,0.18404746055603027
467,28,0.18311868607997894
467,475,0.1778915673494339
467,1976,0.16086670756340027
467,165,0.15899412333965302
467,1524,0.15021276473999023
467,883,0.14684575796127319
467,1600,0.14592923223972321
468,468,0
468,996,1
468,534,0.93155807256698608
468,1645,0.28984186053276062
468,205,0.26627930998802185
468,1448,0.26247331500053406
468,1539,0.22192785143852234
468,1682,0.18691173195838928
468,574,0.14073987305164337
468,981,0.13628789782524109
468,1814,0.13265866041183472
468,949,0.09595024585723877
468,613,0.08479762077331543
468,708,0.079904153943061829
468,551,0.077558994293212891
469,469,0
469,351,1
469,465,0.88769429922103882
469,848,0.44505658745765686
469,1056,0.39002019166946411
469,1397,0.31496095657348633
469,720,0.13306504487991333
469,1681,0.12557594478130341
469,1671,0.11443610489368439
469,1022,0.10506515949964523
469,1767,0.091566234827041626
469,1651,0.084258966147899628
469,56,0.080146290361881256
469,183,0.077786587178707123
469,298,0.057260777801275253
470,470,0
470,1209,1
470,1547,0.44967767596244812
470,431,0.34694674611091614
470,755,0.2739865779876709
470,265,0.22086979448795319
470,1596,0.20693658292293549
470,1158,0.19170090556144714
470,877,0.19164454936981201
470,1904,0.19061246514320374
470,324,0.18506042659282684
470,1101,0.18251731991767883
470,1810,0.16953180730342865
470,728,0.15393796563148499
470,172,0.14346559345722198
471,471,0
471,670,1
471,309,0.50183790922164917
471,212,0.43013152480125427
471,624,0.31584107875823975
471,1616,0.24917499721050262
471,1252,0.20200216770172119
471,1138,0.19228480756282806
471,450,0.18280945718288422
471,1569,0.17398619651794434
471,269,0.15168143808841705
471,1901,0.13119944930076599
471,683,0.12614361941814423
471,301,0.12560456991195679
471,1557,0.12419380247592926
472,472,0
472,1862,1
472,592,0.65654641389846802
472,1694,0.42182755470275879
472,1329,0.25739702582359314
472,846,0.2478700578212738
472,477,0.23284885287284851
472,1965,0.2099519670009613
472,1865,0.19835065305233002
472,1305,0.13357973098754883
472,1884,0.13182702660560608
472,1543,0.11779353767633438
472,1811,0.11184490472078323
472,1521,0.094770871102809906
472,475,0.092277310788631439
473,473,0
473,571,1
473,1943,0.635303795337677
473,687,0.29701367020606995
473,1765,0.2535509467124939
473,510,0.23249340057373047
473,1016,0.23055961728096008
473,424,0.19543345272541046
473,346,0.19192829728126526
473,611,0.18813082575798035
473,905,0.15774597227573395
473,51,0.157253697514534
473,1662,0.13038310408592224
473,1768,0.12843070924282074
473,1172,0.1086631640791893
474,474,0
474,822,1
474,99,0.64578187465667725
474,556,0.60407173633575439
474,754,0.4277193546295166
474,1971,0.23471248149871826
474,102,0.2100721150636673
474,1685,0.2064746618270874
474,1872,0.10542520880699158
474,763,0.098273478448390961
474,104,0.092403441667556763
474,520,0.081928782165050507
474,414,0.068454660475254059
474,81,0.067833498120307922
474,755,0.063742287456989288
475,475,0
475,1600,1
475,152,0.78093308210372925
475,1987,0.49471408128738403
475,883,0.3927004337310791
475,1198,0.3623465895652771
475,1521,0.35203227400779724
475,1739,0.18665589392185211
475,1402,0.06846211850643158
475,1587,0.060287129133939743
475,192,0.060052104294300079
475,1395,0.054230440407991409
475,1811,0.038456112146377563
475,1495,0.028600234538316727
475,1610,0.027419401332736015
476,476,0
476,623,1
476,1003,0.58617317676544189
476,721,0.43910819292068481
476,91,0.39075371623039246
476,794,0.25792261958122253
476,1386,0.23019318282604218
476,1292,0.16303077340126038
476,726,0.13518381118774414
476,13,0.13372159004211426
476,1304,0.12915275990962982
476,1804,0.12233953922986984
476,370,0.11870492249727249
476,1296,0.10041872411966324
476,1342,0.10018893331289291
477,477,0
477,673,1
477,430,0.34158018231391907
477,883,0.32614746689796448
477,705,0.30165514349937439
477,1884,0.28799524903297424
477,1329,0.27716267108917236
477,338,0.25312128663063049
477,319,0.19368021190166473
477,254,0.18350933492183685
477,1402,0.16648165881633759
477,1811,0.16013514995574951
477,1305,0.14384077489376068
477,1891,0.14047497510910034
477,345,0.13109804689884186
478,478,0
478,1183,1
478,1666,0.57924449443817139
478,371,0.30849391222000122
478,1016,0.30783265829086304
478,722,0.25064221024513245
478,678,0.22792378067970276
478,259,0.20590703189373016
478,1765,0.18237368762493134
478,905,0.15927182137966156
478,687,0.15821024775505066
478,1335,0.14865010976791382
478,1270,0.13492476940155029
478,164,0.12963055074214935
478,1106,0.11377958208322525
479,479,0
479,1541,1
479,1873,0.9352993369102478
479,546,0.32575654983520508
479,1867,0.30975112318992615
479,1777,0.2105574756860733
479,1,0.20332567393779755
479,681,0.17381753027439117
479,1208,0.14270892739295959
479,1526,0.12382484972476959
479,953,0.12311077117919922
479,1396,0.10696418583393097
479,491,0.088684208691120148
479,652,0.085722677409648895
479,585,0.077367007732391357
480,480,0
480,860,1
480,1328,0.88251721858978271
480,825,0.53300148248672485
480,423,0.28886851668357849
480,643,0.26140895485877991
480,141,0.23641930520534515
480,1416,0.17540478706359863
480,623,0.12513034045696259
480,930,0.12492471188306808
480,1506,0.11417047679424286
480,1886,0.081026323139667511
480,1393,0.036401044577360153
480,445,0.026681367307901382
480,1327,0.020937403663992882
481,481,0
481,349,1
481,1847,0.32031577825546265
481,1151,0.26492500305175781
481,1803,0.26461192965507507
481,1239,0.2546083927154541
481,1878,0.23703616857528687
481,1979,0.23107096552848816
481,1907,0.2226661741733551
481,1784,0.2092096209526062
481,968,0.18870022892951965
481,1760,0.18319615721702576
481,644,0.18160218000411987
481,591,0.17700406908988953
481,705,0.1719437837600708
482,482,0
482,1945,1
482,758,0.52336496114730835
482,1989,0.35071927309036255
482,5,0.30666688084602356
482,940,0.27013009786605835
482,1599,0.25011929869651794
482,1108,0.18774126470088959
482,1761,0.18080553412437439
482,657,0.17054159939289093
482,1782,0.16219234466552734
482,859,0.14704346656799316
482,241,0.13023988902568817
482,544,0.11389867961406708
482,879,0.11342739313840866
483,483,0
483,137,1
483,1823,0.9841001033782959
483,8,0.31408512592315674
483,969,0.30085867643356323
483,1839,0.17262078821659088
483,1809,0.16902270913124084
483,1931,0.15674227476119995
483,871,0.14132741093635559
483,1478,0.1405017226934433
483,1588,0.13740833103656769
483,1869,0.12088495492935181
483,1731,0.095992833375930786
483,1399,0.094666287302970886
483,384,0.078681312501430511
484,484,0
484,1062,1
484,1842,0.5387033224105835
484,1792,0.46587663888931274
484,574,0.28399690985679626
484,1782,0.23360194265842438
484,758,0.21676617860794067
484,981,0.19900372624397278
484,711,0.16776970028877258
484,5,0.152363121509552
484,1682,0.14400933682918549
484,1345,0.14316779375076294
484,1425,0.13625781238079071
484,582,0.11290900409221649
484,512,0.11246602237224579
485,485,0
485,9,1
485,1362,0.56094944477081299
485,772,0.41222435235977173
485,1436,0.30855125188827515
485,269,0.21518595516681671
485,603,0.19923684000968933
485,1484,0.17961373925209045
485,1822,0.17628946900367737
485,255,0.16618582606315613
485,1586,0.15805202722549438
485,450,0.15105120837688446
485,1669,0.14025971293449402
485,1607,0.11972761899232864
485,1602,0.11955892294645309
486,486,0
486,1363,1
486,669,0.64067757129669189
486,173,0.56325137615203857
486,370,0.28459540009498596
486,995,0.25757870078086853
486,1100,0.24700029194355011
486,423,0.17080590128898621
486,1886,0.15169580280780792
486,1352,0.14612144231796265
486,1747,0.12650075554847717
486,784,0.094224900007247925
486,1890,0.08680269867181778
486,1751,0.072894766926765442
486,1342,0.064741268754005432
487,487,0
487,1273,1
487,1050,0.66745656728744507
487,1194,0.47041308879852295
487,274,0.25310659408569336
487,655,0.24739342927932739
487,779,0.21846738457679749
487,1659,0.19856862723827362
487,1759,0.1566663384437561
487,1471,0.14304278790950775
487,245,0.12735749781131744
487,690,0.11658920347690582
487,1936,0.10843603312969208
487,1200,0.1015331968665123
487,615,0.097867868840694427
488,488,0
488,380,1
488,289,0.72234505414962769
488,293,0.39392364025115967
488,118,0.24713654816150665
488,1138,0.20903265476226807
488,880,0.20881806313991547
488,1936,0.19595853984355927
488,737,0.17758159339427948
488,841,0.13834984600543976
488,459,0.12552379071712494
488,866,0.12541936337947845
488,942,0.12511926889419556
488,1759,0.12118706107139587
488,1252,0.11649958789348602
489,489,0
489,370,1
489,1100,0.4680551290512085
489,1031,0.4633658230304718
489,486,0.37147790193557739
489,1754,0.20513032376766205
489,623,0.1943378746509552
489,423,0.19304561614990234
489,1386,0.17170155048370361
489,1733,0.15278351306915283
489,1886,0.1499432772397995
489,402,0.13677585124969482
489,379,0.13651874661445618
489,33,0.13354511559009552
489,893,0.1302022784948349
490,490,0
490,425,1
490,391,0.73289841413497925
490,511,0.50310862064361572
490,756,0.29381760954856873
490,1364,0.1974923312664032
490,277,0.16507440805435181
490,16,0.1527433842420578
490,186,0.13748963177204132
490,1469,0.13297367095947266
490,15,0.12691523134708405
490,1678,0.12319177389144897
490,708,0.12292727828025818
490,1617,0.10915748029947281
490,1649,0.10910921543836594
491,491,0
491,79,1
491,459,0.54491293430328369
491,1012,0.50746512413024902
491,1022,0.27011123299598694
491,109,0.2385379821062088
491,988,0.21939937770366669
491,298,0.20974938571453094
491,1526,0.20283991098403931
491,1556,0.14011241495609283
491,666,0.12484241276979446
491,195,0.12430355697870255
491,90,0.11251209676265717
491,1918,0.10820719599723816
491,1280,0.10389178246259689
492,492,0
492,698,1
492,1708,0.65327316522598267
492,1948,0.24358786642551422
492,914,0.225044846534729
492,1456,0.20247368514537811
492,759,0.20083042979240417
492,1041,0.19916017353534698
492,494,0.19095267355442047
492,290,0.18080185353755951
492,44,0.17024801671504974
492,400,0.16441796720027924
492,1401,0.16359728574752808
492,354,0.1594979465007782
492,112,0.15299664437770844
493,493,0
493,1934,1
493,836,0.98511654138565063
493,1753,0.88180083036422729
493,1563,0.24386782944202423
493,1856,0.2106882631778717
493,1118,0.19920468330383301
493,202,0.088945843279361725
493,178,0.057087674736976624
493,902,0.051034599542617798
493,639,0.047535806894302368
493,925,0.040886513888835907
493,500,0.034322775900363922
493,709,0.033744111657142639
493,1844,0.03264797106385231
494,494,0
494,271,1
494,960,0.42199474573135376
494,1708,0.41789209842681885
494,1046,0.26854011416435242
494,57,0.2555030882358551
494,1279,0.21178095042705536
494,112,0.20403294265270233
494,914,0.19089889526367188
494,400,0.17727066576480865
494,250,0.17417292296886444
494,354,0.16959089040756226
494,199,0.14777098596096039
494,1959,0.14060395956039429
494,1961,0.12683364748954773
495,495,0
495,1869,1
495,516,0.72060590982437134
495,771,0.29175344109535217
495,905,0.23478294909000397
495,1824,0.20320884883403778
495,1431,0.20152118802070618
495,1666,0.20083943009376526
495,965,0.17863884568214417
495,238,0.16890813410282135
495,1183,0.16779083013534546
495,1301,0.15668293833732605
495,722,0.13513296842575073
495,148,0.12630416452884674
495,608,0.12072268128395081
496,496,0
496,978,1
496,16,0.46235048770904541
496,701,0.36470964550971985
496,569,0.30129960179328918
496,325,0.2802979052066803
496,391,0.26778954267501831
496,27,0.24346752464771271
496,425,0.1813080906867981
496,916,0.16849851608276367
496,662,0.16718003153800964
496,186,0.14148296415805817
496,756,0.12934325635433197
496,1574,0.099906794726848602
496,1840,0.099257282912731171
497,497,0
497,535,1
497,18,0.42000600695610046
497,1992,0.41048318147659302
497,1077,0.36141929030418396
497,1153,0.27318519353866577
497,865,0.23526105284690857
497,1805,0.21763776242733002
497,1253,0.16054067015647888
497,1030,0.15751683712005615
497,289,0.15702700614929199
497,1152,0.14293409883975983
497,451,0.13082833588123322
497,1295,0.12365459650754929
497,411,0.11639656126499176
498,498,0
498,512,1
498,959,0.74897956848144531
498,574,0.38983109593391418
498,229,0.3431936502456665
498,484,0.27838191390037537
498,443,0.18424573540687561
498,509,0.17630398273468018
498,59,0.15418252348899841
498,410,0.14960741996765137
498,619,0.13456608355045319
498,875,0.10716216266155243
498,1240,0.094631694257259369
498,711,0.077351666986942291
498,453,0.068446286022663116
499,499,0
499,717,1
499,1006,0.5605735182762146
499,232,0.46428990364074707
499,215,0.30960196256637573
499,1330,0.2776186466217041
499,1604,0.2578873336315155
499,1557,0.20301665365695953
499,1720,0.18074053525924683
499,1152,0.14059683680534363
499,1090,0.12133042514324188
499,48,0.1028674840927124
499,1787,0.098815731704235077
499,615,0.095529109239578247
499,838,0.094031989574432373
500,500,0
500,902,1
500,1856,0.53050911426544189
500,1821,0.31168964505195618
500,218,0.30672195553779602
500,967,0.21847601234912872
500,1470,0.20878387987613678
500,600,0.19320905208587646
500,1536,0.18260550498962402
500,762,0.18150167167186737
500,1663,0.17722810804843903
500,281,0.16309422254562378
500,853,0.1521901935338974
500,202,0.14324408769607544
500,1530,0.13762827217578888
501,501,0
501,1057,1
501,803,0.69512295722961426
501,804,0.40564092993736267
501,651,0.35129952430725098
501,1268,0.28374716639518738
501,49,0.24804632365703583
501,664,0.22719608247280121
501,160,0.19488972425460815
501,399,0.1744748055934906
501,1526,0.094838045537471771
501,1208,0.066175997257232666
501,1485,0.059908300638198853
501,585,0.054312866181135178
501,92,0.051235701888799667
502,502,0
502,773,1
502,1504,0.5323907732963562
502,217,0.31664058566093445
502,284,0.3031725287437439
502,1701,0.28422796726226807
502,196,0.23320797085762024
502,1981,0.23233424127101898
502,1951,0.17840896546840668
502,1086,0.17107845842838287
502,605,0.14190666377544403
502,560,0.13958996534347534
502,932,0.13953402638435364
502,1561,0.12010592967271805
502,1178,0.11428477615118027
503,503,0
503,62,1
503,1906,0.76749265193939209
503,1793,0.38973620533943176
503,1720,0.37803545594215393
503,1651,0.32215875387191772
503,1405,0.26984214782714844
503,1107,0.1828654557466507
503,1122,0.14877356588840485
503,415,0.14489573240280151
503,1725,0.10955913364887238
503,341,0.069983877241611481
503,1513,0.057769473642110825
503,1303,0.033376608043909073
503,2,0.032411377876996994
504,504,0
504,1066,1
504,1644,0.81930607557296753
504,1632,0.61487644910812378
504,1366,0.35497328639030457
504,754,0.21401405334472656
504,822,0.18375463783740997
504,1566,0.14640188217163086
504,1185,0.14023508131504059
504,1685,0.095966100692749023
504,520,0.092482693493366241
504,1168,0.077609360218048096
504,1193,0.075740739703178406
504,1305,0.046497378498315811
504,592,0.045027978718280792
505,505,0
505,1371,1
505,1802,0.94776535034179688
505,350,0.69677168130874634
505,903,0.33899974822998047
505,318,0.14940011501312256
505,1690,0.11939273774623871
505,1949,0.11123128235340118
505,690,0.10486530512571335
505,1546,0.10298196226358414
505,1555,0.10007085651159286
505,1855,0.076647438108921051
505,716,0.061820458620786667
505,1787,0.056548610329627991
505,233,0.040390599519014359
506,506,0
506,1193,1
506,518,0.73281639814376831
506,705,0.47467857599258423
506,1817,0.3883717954158783
506,896,0.22467367351055145
506,345,0.18060140311717987
506,594,0.14441627264022827
506,592,0.14097194373607635
506,1305,0.13175152242183685
506,1878,0.11275923997163773
506,673,0.095947824418544769
506,1366,0.094637855887413025
506,477,0.093218870460987091
506,1472,0.09204971045255661
507,507,0
507,658,1
507,1473,0.39903578162193298
507,1425,0.38974910974502563
507,964,0.30347239971160889
507,1791,0.30065682530403137
507,777,0.23982366919517517
507,1875,0.20004871487617493
507,715,0.17728400230407715
507,1782,0.16748972237110138
507,981,0.16016431152820587
507,1716,0.1492704451084137
507,1740,0.14404682815074921
507,613,0.13977965712547302
507,1682,0.13607029616832733
508,508,0
508,1412,1
508,1650,0.54101961851119995
508,1293,0.38116848468780518
508,1973,0.36779376864433289
508,1227,0.30686953663825989
508,1447,0.2398160994052887
508,758,0.19761185348033905
508,1925,0.17845888435840607
508,1159,0.17175203561782837
508,963,0.11270357668399811
508,196,0.10362950712442398
508,1589,0.10317418724298477
508,940,0.10172738134860992
508,574,0.10117372125387192
509,509,0
509,959,1
509,662,0.97058820724487305
509,1205,0.41549614071846008
509,1701,0.16936147212982178
509,1062,0.16860809922218323
509,257,0.16765062510967255
509,196,0.1532844752073288
509,1441,0.14868804812431335
509,225,0.13200698792934418
509,383,0.1274382621049881
509,205,0.12101846933364868
509,619,0.11814745515584946
509,325,0.11669774353504181
509,574,0.097897812724113464
510,510,0
510,1264,1
510,1970,0.68102508783340454
510,1172,0.54120731353759766
510,1461,0.51578092575073242
510,781,0.23279136419296265
510,687,0.18532449007034302
510,473,0.15785768628120422
510,1850,0.15471775829792023
510,231,0.096793010830879211
510,1662,0.095062479376792908
510,346,0.092524446547031403
510,608,0.056309521198272705
510,51,0.053612351417541504
510,1943,0.043888021260499954
511,511,0
511,425,1
511,756,0.68090230226516724
511,490,0.60635894536972046
511,134,0.31415802240371704
511,86,0.22532303631305695
511,391,0.2214200347661972
511,277,0.17881347239017487
511,15,0.12742553651332855
511,1678,0.11186458915472031
511,847,0.099427744746208191
511,1364,0.091557279229164124
511,534,0.088581867516040802
511,708,0.086755484342575073
511,1617,0.074304722249507904
512,512,0
512,1240,1
512,443,0.71880686283111572
512,574,0.32859420776367188
512,548,0.32164081931114197
512,1836,0.30230355262756348
512,498,0.21531869471073151
512,484,0.17003342509269714
512,1650,0.16416376829147339
512,241,0.15060880780220032
512,325,0.13316375017166138
512,1842,0.12100854516029358
512,1205,0.10006319731473923
512,758,0.09254319965839386
512,909,0.088649153709411621
513,513,0
513,219,1
513,1882,0.98583006858825684
513,1366,0.57792747020721436
513,1632,0.40908661484718323
513,1806,0.27055630087852478
513,699,0.20515787601470947
513,1066,0.10598231852054596
513,1354,0.095539629459381104
513,1566,0.053984217345714569
513,1878,0.05103355273604393
513,1644,0.040578093379735947
513,504,0.039094094187021255
513,1677,0.036941491067409515
513,1533,0.035178881138563156
514,514,0
514,1567,1
514,333,0.89508199691772461
514,539,0.33303627371788025
514,107,0.29759591817855835
514,1663,0.28777015209197998
514,1270,0.23840974271297455
514,323,0.20277734100818634
514,1335,0.1393151730298996
514,1935,0.12238577753305435
514,776,0.089180976152420044
514,1635,0.080926686525344849
514,922,0.074397556483745575
514,424,0.073590748012065887
514,1572,0.07241608202457428
515,515,0
515,1156,1
515,347,0.72369039058685303
515,1640,0.35090863704681396
515,1009,0.24960331618785858
515,1229,0.21380546689033508
515,980,0.20002457499504089
515,1032,0.19115240871906281
515,1192,0.17149154841899872
515,1929,0.1456342488527298
515,1242,0.14054824411869049
515,814,0.13480293750762939
515,1925,0.13205605745315552
515,1758,0.12848423421382904
515,869,0.12468589097261429
516,516,0
516,365,1
516,148,0.71151554584503174
516,238,0.68066489696502686
516,1238,0.5714382529258728
516,602,0.20132705569267273
516,1431,0.18340703845024109
516,1534,0.10976767539978027
516,722,0.10185092687606812
516,608,0.082878008484840393
516,834,0.068620599806308746
516,1136,0.057125646620988846
516,1323,0.052697539329528809
516,1265,0.044746134430170059
516,1409,0.040852691978216171
517,517,0
517,101,1
517,1760,0.58598226308822632
517,44,0.36338800191879272
517,203,0.34224972128868103
517,1564,0.33056265115737915
517,955,0.2813926637172699
517,1961,0.18818147480487823
517,1459,0.18193283677101135
517,1803,0.17341768741607666
517,1948,0.13472212851047516
517,1535,0.099433809518814087
517,1685,0.07819683849811554
517,1243,0.07535533607006073
517,1101,0.072079412639141083
518,518,0
518,1878,1
518,1892,0.99501198530197144
518,506,0.55571973323822021
518,1632,0.20706877112388611
518,1251,0.19899153709411621
518,594,0.1788652092218399
518,1354,0.14171631634235382
518,409,0.13884821534156799
518,481,0.11333991587162018
518,705,0.098002389073371887
518,163,0.077214539051055908
518,1305,0.075100645422935486
518,219,0.065353512763977051
518,1366,0.061660289764404297
519,519,0
519,1301,1
519,1212,0.68741464614868164
519,639,0.29574817419052124
519,107,0.25389835238456726
519,1435,0.20707316696643829
519,1183,0.2026057094335556
519,157,0.20097833871841431
519,1751,0.1820874959230423
519,1449,0.15770317614078522
519,1352,0.15427318215370178
519,950,0.15131565928459167
519,1931,0.14403019845485687
519,308,0.14240671694278717
519,32,0.12735781073570251
520,520,0
520,1644,1
520,754,0.36562380194664001
520,955,0.30120095610618591
520,101,0.28973090648651123
520,1366,0.28640294075012207
520,1685,0.27569493651390076
520,1305,0.21251906454563141
520,1066,0.18986675143241882
520,414,0.18575060367584229
520,594,0.18166540563106537
520,99,0.17364943027496338
520,553,0.16368657350540161
520,1953,0.16156378388404846
520,354,0.11953854560852051
521,521,0
521,604,1
521,1538,0.40316390991210938
521,1610,0.34485816955566406
521,446,0.27014505863189697
521,693,0.26735317707061768
521,653,0.24837818741798401
521,822,0.1882861852645874
521,1913,0.1804729700088501
521,1965,0.17896768450737
521,349,0.17295081913471222
521,1972,0.16539847850799561
521,1976,0.16403976082801819
521,1224,0.16199588775634766
521,1646,0.16088120639324188
522,522,0
522,1588,1
522,784,0.67918938398361206
522,427,0.41299039125442505
522,1363,0.27753385901451111
522,1608,0.27151095867156982
522,1625,0.19359840452671051
522,379,0.18893760442733765
522,918,0.17186377942562103
522,33,0.1308177262544632
522,393,0.12470474094152451
522,876,0.12454616278409958
522,253,0.12098696827888489
522,1043,0.10757148265838623
522,423,0.10263847559690475
523,523,0
523,1725,1
523,62,0.48467949032783508
523,1219,0.47110557556152344
523,1829,0.27118209004402161
523,1681,0.26047855615615845
523,1651,0.20721879601478577
523,340,0.19736771285533905
523,1660,0.1755920946598053
523,1122,0.17213925719261169
523,1096,0.15318094193935394
523,401,0.14113771915435791
523,1665,0.1332545131444931
523,243,0.12634760141372681
523,1855,0.1132061555981636
524,524,0
524,273,1
524,1983,0.65763396024703979
524,1035,0.62984693050384521
524,997,0.54956203699111938
524,1944,0.21466819941997528
524,1652,0.2039656937122345
524,1628,0.13921819627285004
524,1181,0.10145798325538635
524,671,0.087536118924617767
524,1851,0.087220780551433563
524,1894,0.062036186456680298
524,931,0.058961667120456696
524,1767,0.058771971613168716
524,1460,0.056016504764556885
525,525,0
525,1660,1
525,243,0.86862188577651978
525,596,0.30634978413581848
525,1096,0.26174888014793396
525,788,0.2422495037317276
525,1974,0.16049079596996307
525,686,0.14728790521621704
525,1069,0.14431449770927429
525,523,0.13907362520694733
525,38,0.13540035486221313
525,466,0.1324513703584671
525,1283,0.12626786530017853
525,861,0.12369272112846375
525,242,0.11893163621425629
526,526,0
526,877,1
526,279,0.47430869936943054
526,1245,0.4086204469203949
526,1596,0.31127691268920898
526,1955,0.23409309983253479
526,431,0.23041799664497375
526,1392,0.21628870069980621
526,1710,0.17427034676074982
526,1459,0.15585693717002869
526,470,0.14781875908374786
526,250,0.14558102190494537
526,268,0.13746616244316101
526,914,0.13619807362556458
526,1279,0.13469505310058594
527,527,0
527,746,1
527,711,0.31511875987052917
527,3,0.31339007616043091
527,1004,0.26854223012924194
527,1347,0.26161974668502808
527,1458,0.22978408634662628
527,569,0.2240612804889679
527,1993,0.20131869614124298
527,1682,0.19679687917232513
527,732,0.18996356427669525
527,93,0.18670058250427246
527,453,0.17929789423942566
527,619,0.17620447278022766
527,1018,0.16409279406070709
528,528,0
528,445,1
528,1641,0.5469939112663269
528,94,0.52455472946166992
528,53,0.2685181200504303
528,1493,0.25767043232917786
528,539,0.23275910317897797
528,798,0.19386598467826843
528,1743,0.18544009327888489
528,220,0.13863514363765717
528,1479,0.12281841784715652
528,316,0.12134659290313721
528,371,0.10856884717941284
528,919,0.10409814119338989
528,1794,0.10162045061588287
529,529,0
529,1097,1
529,649,0.56496948003768921
529,396,0.44802826642990112
529,1184,0.34359914064407349
529,966,0.34143364429473877
529,1047,0.20601695775985718
529,1906,0.19863690435886383
529,828,0.13203109800815582
529,555,0.12902854382991791
529,1107,0.12566132843494415
529,1602,0.11495430022478104
529,1684,0.10173465311527252
529,1665,0.10133380442857742
529,1378,0.099469617009162903
530,530,0
530,125,1
530,1714,0.53066086769104004
530,1413,0.49451899528503418
530,671,0.35662347078323364
530,1736,0.27739277482032776
530,1546,0.21560168266296387
530,183,0.17802618443965912
530,1611,0.17424666881561279
530,401,0.13086317479610443
530,976,0.11892574280500412
530,1187,0.11505602300167084
530,953,0.10846938937902451
530,1219,0.1064695417881012
530,1526,0.10004604607820511
531,531,0
531,1248,1
531,444,0.40802460908889771
531,1704,0.39690133929252625
531,1695,0.33039242029190063
531,1399,0.2796262800693512
531,922,0.25288119912147522
531,1635,0.21443389356136322
531,1408,0.20181648433208466
531,731,0.16287362575531006
531,1938,0.14667892456054688
531,424,0.14125943183898926
531,878,0.13567210733890533
531,60,0.12158901989459991
531,917,0.11473368853330612
532,532,0
532,1149,1
532,981,0.94381564855575562
532,1475,0.6036754846572876
532,830,0.28038185834884644
532,93,0.20175434648990631
532,252,0.19012516736984253
532,613,0.18908654153347015
532,1451,0.14265583455562592
532,875,0.11811815947294235
532,713,0.083565473556518555
532,1709,0.041989415884017944
532,70,0.040746781975030899
532,1792,0.035757947713136673
532,452,0.035216256976127625
533,533,0
533,271,1
533,1109,0.74850475788116455
533,324,0.338666170835495
533,1904,0.32815611362457275
533,1961,0.21850518882274628
533,57,0.21577624976634979
533,172,0.19578079879283905
533,104,0.17681050300598145
533,998,0.17285463213920593
533,1838,0.11780466139316559
533,1990,0.10882818698883057
533,882,0.10035841166973114
533,1585,0.094810530543327332
533,1872,0.090028539299964905
534,534,0
534,205,1
534,708,0.55973118543624878
534,1645,0.47683534026145935
534,86,0.34420230984687805
534,277,0.2746412456035614
534,468,0.19565954804420471
534,847,0.17193892598152161
534,949,0.16448485851287842
534,963,0.12356759607791901
534,1255,0.1224449947476387
534,138,0.12205437570810318
534,1199,0.12081225961446762
534,26,0.11793471872806549
534,676,0.11258524656295776
535,535,0
535,1153,1
535,497,0.4553254246711731
535,1030,0.32770234346389771
535,1912,0.32366517186164856
535,1104,0.30994674563407898
535,1992,0.2735137939453125
535,865,0.22163097560405731
535,1805,0.19760793447494507
535,1636,0.15805402398109436
535,1984,0.14701101183891296
535,1295,0.14607103168964386
535,18,0.14178313314914703
535,1851,0.11383585631847382
535,1333,0.090741239488124847
536,536,0
536,1803,1
536,1603,0.331581711769104
536,464,0.29629805684089661
536,101,0.26931732892990112
536,37,0.22319969534873962
536,1933,0.21789416670799255
536,95,0.21761514246463776
536,1580,0.2109551876783371
536,517,0.19677221775054932
536,1979,0.19661149382591248
536,1847,0.18894247710704803
536,1535,0.18807978928089142
536,1760,0.18559376895427704
536,403,0.18402227759361267
537,537,0
537,1953,1
537,1410,0.33935257792472839
537,1601,0.30415248870849609
537,616,0.26916345953941345
537,520,0.24963828921318054
537,99,0.23339609801769257
537,41,0.23324064910411835
537,1070,0.22876104712486267
537,102,0.18895216286182404
537,74,0.18715538084506989
537,1865,0.18438464403152466
537,354,0.16840778291225433
537,946,0.16099955141544342
537,1872,0.15928471088409424
538,538,0
538,25,1
538,1919,0.4232560396194458
538,1024,0.40845370292663574
538,36,0.40539509057998657
538,1381,0.37526857852935791
538,1093,0.22857935726642609
538,930,0.1941581666469574
538,825,0.18634405732154846
538,1393,0.15918850898742676
538,890,0.13959646224975586
538,849,0.10675153136253357
538,881,0.10130877792835236
538,1292,0.091261930763721466
538,862,0.087323479354381561
539,539,0
539,1641,1
539,346,0.36576154828071594
539,1853,0.25898021459579468
539,514,0.2374928742647171
539,731,0.23502007126808167
539,1635,0.2256619781255722
539,922,0.22324994206428528
539,1468,0.21286913752555847
539,424,0.20770901441574097
539,371,0.20722931623458862
539,1567,0.20057937502861023
539,107,0.18894428014755249
539,220,0.18299005925655365
539,1270,0.16040194034576416
540,540,0
540,188,1
540,842,0.61438518762588501
540,1853,0.54791015386581421
540,1943,0.46502771973609924
540,1399,0.28581032156944275
540,892,0.2488446831703186
540,1323,0.16412276029586792
540,437,0.15133625268936157
540,945,0.13315199315547943
540,148,0.086927585303783417
540,406,0.058088585734367371
540,1930,0.057130482047796249
540,8,0.055032346397638321
540,1486,0.039113588631153107
541,541,0
541,1744,1
541,1969,0.75363975763320923
541,1662,0.38823077082633972
541,1311,0.27523523569107056
541,1704,0.24377991259098053
541,429,0.20780058205127716
541,329,0.16784948110580444
541,1486,0.16490520536899567
541,842,0.13819368183612823
541,1943,0.12502238154411316
541,1627,0.12072072178125381
541,346,0.11891533434391022
541,1487,0.11270787566900253
541,965,0.089886754751205444
542,542,0
542,1561,1
542,328,0.67539387941360474
542,5,0.47625526785850525
542,1981,0.24994871020317078
542,239,0.21823067963123322
542,573,0.20717902481555939
542,252,0.17871572077274323
542,1576,0.17260988056659698
542,1897,0.16132229566574097
542,855,0.13891118764877319
542,859,0.13632448017597198
542,1683,0.11045245826244354
542,1103,0.10958998650312424
542,1709,0.071952871978282928
543,543,0
543,764,1
543,794,0.40582627058029175
543,771,0.39942482113838196
543,1136,0.31870490312576294
543,342,0.30628505349159241
543,1486,0.27210739254951477
543,238,0.26948750019073486
543,905,0.16980817914009094
543,1733,0.14773862063884735
543,1804,0.13183403015136719
543,148,0.13082477450370789
543,611,0.12392289936542511
543,1304,0.11655078828334808
543,602,0.11436793953180313
544,544,0
544,657,1
544,507,0.43132680654525757
544,874,0.36024212837219238
544,186,0.30219104886054993
544,1877,0.25356045365333557
544,1860,0.22480364143848419
544,1051,0.20207260549068451
544,711,0.20133434236049652
544,1149,0.17999370396137238
544,1425,0.16627064347267151
544,682,0.15986478328704834
544,1488,0.15199017524719238
544,1473,0.13778258860111237
544,441,0.13545440137386322
545,545,0
545,403,1
545,563,0.61597681045532227
545,1745,0.36783707141876221
545,873,0.26802986860275269
545,1382,0.2663024365901947
545,1365,0.25946551561355591
545,1216,0.25204598903656006
545,824,0.15574043989181519
545,1895,0.15322624146938324
545,1170,0.14931805431842804
545,785,0.14207762479782104
545,1603,0.10380995273590088
545,886,0.090565651655197144
545,272,0.082500003278255463
546,546,0
546,1873,1
546,1568,0.7674262523651123
546,681,0.55422550439834595
546,1681,0.36025869846343994
546,1457,0.2328132688999176
546,1122,0.14511442184448242
546,1067,0.13867530226707458
546,212,0.12048359215259552
546,1092,0.11189267784357071
546,1767,0.11037630587816238
546,479,0.10853838175535202
546,861,0.094843000173568726
546,1967,0.086072862148284912
546,1080,0.076178133487701416
547,547,0
547,60,1
547,1467,0.91588526964187622
547,600,0.4096657931804657
547,1270,0.35366523265838623
547,1444,0.26408311724662781
547,1859,0.198929563164711
547,202,0.17480319738388062
547,424,0.12903799116611481
547,922,0.10147835314273834
547,1896,0.10045004636049271
547,1338,0.095360688865184784
547,645,0.055961187928915024
547,740,0.05443311482667923
547,381,0.053145088255405426
548,548,0
548,940,1
548,241,0.79547232389450073
548,512,0.35795760154724121
548,1237,0.29256248474121094
548,909,0.2883840799331665
548,790,0.22841660678386688
548,1235,0.20151346921920776
548,453,0.1419803649187088
548,1480,0.12733452022075653
548,69,0.11964678019285202
548,1842,0.10367327183485031
548,582,0.094093777239322662
548,719,0.085093490779399872
548,387,0.070764057338237762
549,549,0
549,1194,1
549,22,0.79550516605377197
549,18,0.43584027886390686
549,274,0.3295552134513855
549,590,0.28135892748832703
549,298,0.26494491100311279
549,988,0.17339766025543213
549,779,0.10734318196773529
549,1076,0.095916852355003357
549,1636,0.09002993255853653
549,1030,0.089076824486255646
549,1333,0.087615258991718292
549,1050,0.078570112586021423
549,194,0.077730245888233185
550,550,0
550,369,1
550,1250,0.48857465386390686
550,654,0.31197339296340942
550,1094,0.31016811728477478
550,294,0.2250199019908905
550,1967,0.20766432583332062
550,1592,0.20594114065170288
550,450,0.19666442275047302
550,455,0.19312766194343567
550,382,0.1736052930355072
550,1318,0.16491986811161041
550,1396,0.15091606974601746
550,1586,0.1464570164680481
550,1669,0.13185060024261475
551,551,0
551,138,1
551,468,0.5352824330329895
551,383,0.42067825794219971
551,534,0.29689091444015503
551,1001,0.24754241108894348
551,1271,0.24306750297546387
551,578,0.19144999980926514
551,949,0.16058267652988434
551,1448,0.15362200140953064
551,1925,0.1458728015422821
551,1173,0.13934840261936188
551,730,0.1342415064573288
551,1481,0.1253715306520462
551,676,0.11293298751115799
552,552,0
552,1224,1
552,95,0.3939700722694397
552,1571,0.28654882311820984
552,1387,0.24306941032409668
552,1988,0.23851214349269867
552,1155,0.23594965040683746
552,1392,0.22766880691051483
552,1946,0.21861471235752106
552,1120,0.20204800367355347
552,1732,0.18263871967792511
552,757,0.18129648268222809
552,1575,0.1681508868932724
552,770,0.16474312543869019
552,960,0.16368497908115387
553,553,0
553,1048,1
553,136,0.64056611061096191
553,1357,0.48909938335418701
553,41,0.40520352125167847
553,1957,0.24956883490085602
553,594,0.21496155858039856
553,520,0.15658628940582275
553,955,0.15426713228225708
553,230,0.14262652397155762
553,1770,0.11421161144971848
553,1291,0.10977648943662643
553,448,0.090184852480888367
553,1953,0.073230110108852386
553,28,0.066605865955352783
554,554,0
554,700,1
554,1326,0.70797550678253174
554,1426,0.62865102291107178
554,1975,0.27529603242874146
554,1960,0.27424117922782898
554,1423,0.2592792809009552
554,428,0.20045454800128937
554,1233,0.15966607630252838
554,792,0.088717490434646606
554,1446,0.075248926877975464
554,454,0.074085302650928497
554,1008,0.057710584253072739
554,1742,0.054194662719964981
554,1898,0.051361575722694397
555,555,0
555,1879,1
555,396,0.42308536171913147
555,529,0.38085609674453735
555,649,0.29954063892364502
555,1096,0.28061777353286743
555,1356,0.22944951057434082
555,1999,0.19831864535808563
555,1147,0.18203447759151459
555,1665,0.16703218221664429
555,661,0.1575181633234024
555,1735,0.15116237103939056
555,1107,0.14662837982177734
555,121,0.14586058259010315
555,1660,0.14477755129337311
556,556,0
556,102,1
556,754,0.49658659100532532
556,474,0.41526833176612854
556,99,0.41289287805557251
556,400,0.3789857029914856
556,1316,0.25828254222869873
556,675,0.16113227605819702
556,1685,0.13427530229091644
556,1865,0.1278858482837677
556,414,0.11832409352064133
556,1727,0.11500635743141174
556,1543,0.10558260232210159
556,914,0.092873595654964447
556,1871,0.089801691472530365
557,557,0
557,1098,1
557,1422,0.73372292518615723
557,939,0.64871138334274292
557,1769,0.35015016794204712
557,311,0.27485287189483643
557,738,0.22678852081298828
557,1410,0.10413461178541183
557,757,0.10257809609174728
557,1133,0.083589628338813782
557,1042,0.078198850154876709
557,946,0.07778148353099823
557,594,0.077204085886478424
557,1899,0.07521405816078186
557,707,0.073961406946182251
558,558,0
558,1983,1
558,1767,0.53007256984710693
558,150,0.48735341429710388
558,848,0.38257724046707153
558,1851,0.36232751607894897
558,800,0.26716002821922302
558,1092,0.17833355069160461
558,1700,0.13061553239822388
558,1636,0.12409994751214981
558,1725,0.096345812082290649
558,397,0.094555780291557312
558,1104,0.091314166784286499
558,1737,0.08678881824016571
558,62,0.075341090559959412
559,559,0
559,356,1
559,1228,0.56733673810958862
559,411,0.43773868680000305
559,451,0.42103317379951477
559,1313,0.35960263013839722
559,1257,0.16523881256580353
559,289,0.16283725202083588
559,1191,0.15185791254043579
559,956,0.14121225476264954
559,664,0.11106867343187332
559,982,0.10938476026058197
559,737,0.098674528300762177
559,399,0.092617802321910858
559,49,0.088291458785533905
560,560,0
560,1680,1
560,1086,0.74729073047637939
560,1531,0.42112308740615845
560,306,0.28268188238143921
560,1062,0.26589542627334595
560,579,0.21895159780979156
560,225,0.19714328646659851
560,1854,0.18298801779747009
560,605,0.16816051304340363
560,257,0.12999828159809113
560,879,0.11381843686103821
560,196,0.063150867819786072
560,1504,0.061689596623182297
560,1686,0.054008070379495621
561,561,0
561,1570,1
561,348,0.42376625537872314
561,530,0.36230757832527161
561,976,0.33811730146408081
561,1485,0.28713697195053101
561,1450,0.22440142929553986
561,1181,0.21168775856494904
561,935,0.18679165840148926
561,160,0.15725666284561157
561,183,0.15160447359085083
561,1949,0.15027521550655365
561,1413,0.14645299315452576
561,1793,0.13711805641651154
561,1937,0.12997962534427643
562,562,0
562,1239,1
562,310,0.52324849367141724
562,1518,0.37498199939727783
562,1500,0.27250665426254272
562,190,0.19988749921321869
562,1002,0.19011178612709045
562,584,0.1869216114282608
562,408,0.18681307137012482
562,219,0.16936644911766052
562,783,0.16736021637916565
562,820,0.16708283126354218
562,1739,0.16166248917579651
562,831,0.15894937515258789
562,1878,0.14800456166267395
563,563,0
563,403,1
563,1603,0.78853362798690796
563,545,0.42167177796363831
563,873,0.28222611546516418
563,785,0.23982653021812439
563,1580,0.20973764359951019
563,1745,0.19028973579406738
563,536,0.18380039930343628
563,313,0.11533281207084656
563,1370,0.1138855367898941
563,244,0.10703281313180923
563,1933,0.10212287306785583
563,1803,0.094141773879528046
563,37,0.058282829821109772
564,564,0
564,1920,1
564,1847,0.50169777870178223
564,1026,0.45651471614837646
564,824,0.45637780427932739
564,66,0.39024472236633301
564,1337,0.24511654675006866
564,349,0.23916485905647278
564,331,0.12408068776130676
564,1354,0.10474858433008194
564,1015,0.09847414493560791
564,1979,0.090744704008102417
564,1806,0.084185495972633362
564,408,0.065449483692646027
564,45,0.050087250769138336
565,565,0
565,291,1
565,200,0.5692753791809082
565,1314,0.50567620992660522
565,1859,0.50132286548614502
565,600,0.26422223448753357
565,1352,0.20361877977848053
565,1938,0.17464138567447662
565,878,0.12007460743188858
565,58,0.11531317979097366
565,1809,0.098264738917350769
565,1207,0.094630792737007141
565,1724,0.091605775058269501
565,781,0.084177784621715546
565,1821,0.084060005843639374
566,566,0
566,1678,1
566,227,0.40760621428489685
566,306,0.3907400369644165
566,217,0.36848929524421692
566,1981,0.317545086145401
566,196,0.25983589887619019
566,1229,0.25326058268547058
566,73,0.19379709661006927
566,593,0.14459183812141418
566,756,0.12589265406131744
566,303,0.11851958185434341
566,713,0.11836142092943192
566,1951,0.10991851985454559
566,912,0.098334573209285736
567,567,0
567,1537,1
567,584,0.66824787855148315
567,882,0.61537730693817139
567,1888,0.37363752722740173
567,1308,0.3155653178691864
567,1994,0.1555107980966568
567,1382,0.12964032590389252
567,1540,0.12510181963443756
567,1498,0.11514919251203537
567,1770,0.10826053470373154
567,172,0.096214577555656433
567,1847,0.079995192587375641
567,1291,0.063873931765556335
567,331,0.060312114655971527
568,568,0
568,1330,1
568,31,0.45639687776565552
568,411,0.43725156784057617
568,1684,0.34793710708618164
568,2,0.27590280771255493
568,255,0.24291233718395233
568,1191,0.1989099383354187
568,1604,0.19736699759960175
568,1303,0.17317834496498108
568,982,0.14062005281448364
568,243,0.13706161081790924
568,451,0.10033220797777176
568,1581,0.099576152861118317
568,1378,0.099452212452888489
569,569,0
569,1993,1
569,325,0.42117422819137573
569,711,0.39281311631202698
569,1004,0.35864797234535217
569,496,0.33551540970802307
569,746,0.3104412853717804
569,16,0.20665425062179565
569,811,0.20151662826538086
569,1240,0.15309798717498779
569,582,0.12253929674625397
569,796,0.10331466794013977
569,527,0.10222006589174271
569,732,0.10034261643886566
569,619,0.098612509667873383
570,570,0
570,1723,1
570,312,0.81360018253326416
570,1771,0.55292695760726929
570,1402,0.25736644864082336
570,635,0.25592458248138428
570,1941,0.1958753913640976
570,1223,0.1543392539024353
570,1340,0.14466232061386108
570,591,0.12197896838188171
570,1603,0.10898520052433014
570,629,0.090390726923942566
570,1884,0.075231544673442841
570,313,0.071000613272190094
570,319,0.064615532755851746
571,571,0
571,473,1
571,1016,0.42440491914749146
571,687,0.31452879309654236
571,1765,0.28466731309890747
571,424,0.26877468824386597
571,611,0.243273064494133
571,1768,0.23702269792556763
571,1270,0.20641238987445831
571,905,0.18253487348556519
571,1172,0.17218880355358124
571,1943,0.1691574901342392
571,259,0.1401904821395874
571,1118,0.1356927901506424
571,884,0.12803871929645538
572,572,0
572,1092,1
572,209,0.89935338497161865
572,1690,0.45372235774993896
572,223,0.32429838180541992
572,829,0.24377979338169098
572,1532,0.23370750248432159
572,1855,0.22073252499103546
572,242,0.12061525881290436
572,838,0.10730723291635513
572,1767,0.094347551465034485
572,369,0.067244425415992737
572,550,0.055620599538087845
572,274,0.044273301959037781
572,1250,0.041891902685165405
573,573,0
573,875,1
573,328,0.55905479192733765
573,1978,0.39220485091209412
573,1447,0.32940009236335754
573,1237,0.32500264048576355
573,532,0.30069220066070557
573,981,0.29752886295318604
573,1842,0.27496007084846497
573,1750,0.14134521782398224
573,830,0.12958908081054688
573,1981,0.056369498372077942
573,1792,0.047036681324243546
573,711,0.030760804191231728
573,1425,0.022954933345317841
574,574,0
574,1255,1
574,619,0.57567113637924194
574,1159,0.42294794321060181
574,758,0.38374686241149902
574,959,0.30561733245849609
574,325,0.26606515049934387
574,1480,0.15398198366165161
574,1909,0.12048885226249695
574,512,0.1200401708483696
574,468,0.11416862159967422
574,973,0.11391002684831619
574,1415,0.11114801466464996
574,205,0.11041649430990219
574,916,0.10868694633245468
575,575,0
575,1121,1
575,693,0.68839460611343384
575,885,0.44683519005775452
575,1913,0.35553786158561707
575,757,0.3284202516078949
575,1387,0.26957449316978455
575,367,0.17648020386695862
575,1406,0.14912810921669006
575,1231,0.098939314484596252
575,95,0.097221478819847107
575,734,0.080005638301372528
575,1287,0.074749238789081573
575,1812,0.073801591992378235
575,1946,0.067801289260387421
576,576,0
576,758,1
576,1159,0.70418345928192139
576,574,0.50437402725219727
576,1814,0.28744122385978699
576,1589,0.25565445423126221
576,1650,0.2356393039226532
576,909,0.22158493101596832
576,376,0.18273079395294189
576,973,0.13951487839221954
576,468,0.083098143339157104
576,443,0.075137794017791748
576,1429,0.074010074138641357
576,1645,0.072320342063903809
576,1861,0.071199238300323486
577,577,0
577,1128,1
577,956,0.48290270566940308
577,723,0.40713885426521301
577,865,0.36013931035995483
577,1275,0.28664097189903259
577,1781,0.24836750328540802
577,997,0.22716943919658661
577,356,0.21134075522422791
577,535,0.14477580785751343
577,843,0.12096331268548965
577,1035,0.11125098913908005
577,1067,0.11044927686452866
577,737,0.10122895240783691
577,1805,0.094513162970542908
578,578,0
578,27,1
578,1177,0.44985029101371765
578,662,0.31837338209152222
578,383,0.291452556848526
578,732,0.23168577253818512
578,257,0.22516010701656342
578,1599,0.21906459331512451
578,1686,0.19353164732456207
578,796,0.18119901418685913
578,468,0.17968264222145081
578,205,0.17159447073936462
578,26,0.14934335649013519
578,509,0.14916127920150757
578,154,0.1467871367931366
579,579,0
579,1680,1
579,1792,0.87306469678878784
579,1978,0.55739891529083252
579,1324,0.54293656349182129
579,303,0.15373030304908752
579,1981,0.13720855116844177
579,605,0.12846040725708008
579,257,0.11361728608608246
579,1425,0.093360237777233124
579,306,0.069727182388305664
579,981,0.069367676973342896
579,1561,0.058698229491710663
579,1686,0.057114288210868835
579,879,0.052197739481925964
580,580,0
580,1013,1
580,1204,0.51932138204574585
580,319,0.40772244334220886
580,591,0.25045561790466309
580,1340,0.22368223965167999
580,934,0.21763978898525238
580,203,0.19533178210258484
580,1308,0.18886549770832062
580,1647,0.18738657236099243
580,1972,0.1829901784658432
580,1402,0.14279815554618835
580,481,0.1337062269449234
580,1771,0.12977908551692963
580,1535,0.1272149384021759
581,581,0
581,46,1
581,1332,0.41380557417869568
581,32,0.39014711976051331
581,1693,0.22877070307731628
581,1416,0.22535084187984467
581,308,0.21468479931354523
581,817,0.20787143707275391
581,480,0.20052099227905273
581,995,0.18704766035079956
581,860,0.18026833236217499
581,1931,0.17828273773193359
581,1327,0.16170379519462585
581,1828,0.16048532724380493
581,1143,0.15794315934181213
582,582,0
582,711,1
582,646,0.78388810157775879
582,1255,0.76412850618362427
582,453,0.23778471350669861
582,1909,0.20700870454311371
582,1149,0.12731567025184631
582,1272,0.1191222295165062
582,364,0.11816646903753281
582,981,0.11403894424438477
582,1649,0.094379425048828125
582,387,0.093899205327033997
582,1027,0.090272471308708191
582,811,0.079898744821548462
582,619,0.07698608934879303
583,583,0
583,1175,1
583,1353,0.65622657537460327
583,842,0.33683255314826965
583,1478,0.25107944011688232
583,871,0.23031732439994812
583,8,0.21861095726490021
583,1625,0.21493770182132721
583,1157,0.17862211167812347
583,1559,0.17687781155109406
583,1642,0.1768098920583725
583,1839,0.1330951601266861
583,1813,0.11528060585260391
583,1105,0.10993070900440216
583,1427,0.10827532410621643
584,584,0
584,1888,1
584,567,0.72337663173675537
584,1291,0.65419155359268188
584,1498,0.39657893776893616
584,1308,0.30545780062675476
584,1537,0.16216422617435455
584,1239,0.12784658372402191
584,408,0.10146267712116241
584,1770,0.10044202208518982
584,1847,0.098439924418926239
584,1243,0.088082157075405121
584,591,0.055053696036338806
584,1382,0.051988884806632996
584,1564,0.041802346706390381
585,585,0
585,1268,1
585,1135,0.7586897611618042
585,1457,0.40559104084968567
585,1067,0.23748695850372314
585,1069,0.21916654706001282
585,861,0.18504072725772858
585,681,0.16957218945026398
585,546,0.15914158523082733
585,666,0.15186001360416412
585,1980,0.14881432056427002
585,399,0.12872406840324402
585,804,0.12614680826663971
585,866,0.10904544591903687
585,1260,0.10761413723230362
586,586,0
586,1836,1
586,850,0.39705318212509155
586,59,0.3364025354385376
586,715,0.27385249733924866
586,1421,0.26089277863502502
586,1861,0.20586128532886505
586,777,0.20056509971618652
586,964,0.1990879625082016
586,797,0.1915825754404068
586,1761,0.18717420101165771
586,790,0.17364715039730072
586,1682,0.16255395114421844
586,512,0.16112032532691956
586,1740,0.1571061909198761
587,587,0
587,875,1
587,573,0.54930782318115234
587,187,0.38872396945953369
587,77,0.3808969259262085
587,1612,0.22001482546329498
587,830,0.20908999443054199
587,1925,0.1831960529088974
587,1049,0.17311105132102966
587,532,0.1527293473482132
587,347,0.14346201717853546
587,1447,0.14247557520866394
587,869,0.12784688174724579
587,508,0.1267218142747879
587,1192,0.10931460559368134
588,588,0
588,682,1
588,1921,0.54165768623352051
588,1163,0.44942924380302429
588,729,0.24941417574882507
588,1902,0.21685780584812164
588,1682,0.21285104751586914
588,1505,0.20725962519645691
588,1773,0.20165129005908966
588,1149,0.19597035646438599
588,364,0.1680876612663269
588,1791,0.13081087172031403
588,1425,0.11488473415374756
588,507,0.11313505470752716
588,1475,0.10487658530473709
589,589,0
589,449,1
589,1101,0.82064008712768555
589,412,0.4974009096622467
589,1779,0.30497866868972778
589,1799,0.29581284523010254
589,1785,0.21357034146785736
589,831,0.14391325414180756
589,1483,0.13051967322826385
589,1891,0.10675481706857681
589,947,0.10211048275232315
589,1243,0.088980033993721008
589,1329,0.071682162582874298
589,755,0.066899001598358154
589,808,0.063626803457736969
590,590,0
590,298,1
590,988,0.44396534562110901
590,1696,0.44057351350784302
590,359,0.4179343581199646
590,1807,0.23172606527805328
590,401,0.21131999790668488
590,1418,0.20284762978553772
590,465,0.19926893711090088
590,194,0.19715924561023712
590,491,0.13628627359867096
590,1528,0.12815773487091064
590,1502,0.11732614040374756
590,1918,0.090967819094657898
590,1022,0.089358203113079071
591,591,0
591,319,1
591,1723,0.38197377324104309
591,934,0.37266197800636292
591,580,0.34128281474113464
591,1013,0.30850666761398315
591,1239,0.25714731216430664
591,481,0.24279762804508209
591,1770,0.23199036717414856
591,1151,0.16733439266681671
591,1784,0.12921005487442017
591,1803,0.12452629953622818
591,1764,0.12007389217615128
591,1878,0.11919279396533966
591,272,0.11019372195005417
592,592,0
592,1566,1
592,754,0.43560129404067993
592,1305,0.4303058385848999
592,1387,0.37706378102302551
592,99,0.32070371508598328
592,1862,0.27339613437652588
592,338,0.23969590663909912
592,1185,0.21225737035274506
592,1225,0.17468671500682831
592,1309,0.12796029448509216
592,1193,0.10666925460100174
592,1871,0.091631993651390076
592,472,0.069181241095066071
592,846,0.047731325030326843
593,593,0
593,913,1
593,1229,0.53651976585388184
593,217,0.38293218612670898
593,151,0.2745840847492218
593,1009,0.23508505523204803
593,1854,0.19234554469585419
593,1680,0.18543632328510284
593,1503,0.17677481472492218
593,1981,0.17470943927764893
593,756,0.15827369689941406
593,566,0.15661849081516266
593,1622,0.15237246453762054
593,773,0.1441032737493515
593,73,0.13713639974594116
594,594,0
594,983,1
594,101,0.39491584897041321
594,705,0.38293999433517456
594,1803,0.37077724933624268
594,1520,0.32822516560554504
594,1395,0.22072753310203552
594,1770,0.20423038303852081
594,553,0.16451260447502136
594,520,0.16138146817684174
594,1370,0.15072891116142273
594,1580,0.14386776089668274
594,313,0.14003570377826691
594,955,0.12670367956161499
594,1042,0.11784716695547104
595,595,0
595,706,1
595,42,0.84068131446838379
595,1112,0.44659236073493958
595,357,0.37089979648590088
595,884,0.29165419936180115
595,161,0.241824671626091
595,1043,0.22784760594367981
595,1269,0.18496900796890259
595,892,0.15230315923690796
595,1089,0.052185293287038803
595,82,0.044591210782527924
595,402,0.025881761685013771
595,918,0.014336302876472473
595,744,0.013122987933456898
596,596,0
596,243,1
596,1967,0.3377336859703064
596,1284,0.29216629266738892
596,525,0.28369313478469849
596,1604,0.28251516819000244
596,145,0.22760815918445587
596,838,0.20777103304862976
596,717,0.20105563104152679
596,1295,0.19878087937831879
596,1273,0.19421359896659851
596,466,0.1826188713312149
596,1092,0.17038054764270782
596,686,0.16574297845363617
596,1457,0.16260251402854919
597,597,0
597,1334,1
597,428,0.73914307355880737
597,1021,0.46993273496627808
597,1326,0.43566951155662537
597,116,0.1806405782699585
597,949,0.17810367047786713
597,1499,0.17092595994472504
597,248,0.15102966129779816
597,1742,0.11926707625389099
597,366,0.1131507009267807
597,295,0.091327294707298279
597,1689,0.089611150324344635
597,1898,0.086857765913009644
597,1578,0.081228531897068024
598,598,0
598,1810,1
598,1990,0.49100494384765625
598,446,0.41260427236557007
598,987,0.26943695545196533
598,809,0.21501852571964264
598,275,0.20221677422523499
598,1464,0.19957268238067627
598,1337,0.19716387987136841
598,1231,0.17051148414611816
598,1847,0.16475975513458252
598,1904,0.16028250753879547
598,1209,0.1460777074098587
598,820,0.14161190390586853
598,1872,0.1366255134344101
599,599,0
599,1607,1
599,1922,0.51600956916809082
599,1436,0.31417971849441528
599,1602,0.28722375631332397
599,828,0.27134189009666443
599,1801,0.22761890292167664
599,1671,0.19060090184211731
599,766,0.17147612571716309
599,690,0.16276714205741882
599,735,0.15722230076789856
599,716,0.15512828528881073
599,966,0.1538420170545578
599,351,0.15106873214244843
599,1022,0.14840903878211975
600,600,0
600,1859,1
600,1529,0.50622439384460449
600,444,0.40304231643676758
600,1444,0.29036849737167358
600,202,0.27899041771888733
600,878,0.25373101234436035
600,1856,0.22382508218288422
600,1467,0.17373442649841309
600,547,0.16181276738643646
600,60,0.12695841491222382
600,200,0.12549799680709839
600,565,0.12249048799276352
600,1270,0.12027063965797424
600,1885,0.11994727700948715
601,601,0
601,1314,1
601,1674,0.89500296115875244
601,395,0.31404381990432739
601,1890,0.2300473153591156
601,144,0.19546584784984589
601,1619,0.18387019634246826
601,1024,0.17753508687019348
601,1536,0.16401933133602142
601,704,0.14168089628219604
601,1169,0.13940978050231934
601,1747,0.12656347453594208
601,218,0.12169058620929718
601,1100,0.11112199723720551
601,1476,0.10644114017486572
602,602,0
602,365,1
602,416,0.41850405931472778
602,436,0.31838178634643555
602,148,0.31643673777580261
602,161,0.25679150223731995
602,1112,0.22596821188926697
602,516,0.21876469254493713
602,87,0.21325777471065521
602,1136,0.20699167251586914
602,1323,0.15733876824378967
602,1304,0.1541663259267807
602,463,0.15365301072597504
602,878,0.13361100852489471
602,82,0.13302727043628693
603,603,0
603,1436,1
603,1607,0.48837149143218994
603,1901,0.29745888710021973
603,599,0.29631912708282471
603,485,0.29505062103271484
603,857,0.24422797560691833
603,1671,0.18950304388999939
603,1602,0.18308602273464203
603,309,0.17565710842609406
603,1142,0.15433275699615479
603,1616,0.1520945280790329
603,179,0.14699858427047729
603,1922,0.14341479539871216
603,716,0.14037394523620605
604,604,0
604,521,1
604,1780,0.56624096632003784
604,414,0.37412220239639282
604,1610,0.32054769992828369
604,822,0.27290600538253784
604,1971,0.2448526918888092
604,1564,0.19803176820278168
604,191,0.19391641020774841
604,755,0.17730934917926788
604,446,0.14862243831157684
604,1685,0.13539648056030273
604,408,0.10489041358232498
604,675,0.086888916790485382
604,820,0.083155661821365356
605,605,0
605,252,1
605,1178,0.67410749197006226
605,257,0.3586793839931488
605,1149,0.35549488663673401
605,1475,0.25551590323448181
605,713,0.24101234972476959
605,93,0.23390237987041473
605,418,0.22525718808174133
605,682,0.18970327079296112
605,1441,0.16037885844707489
605,306,0.056451231241226196
605,1854,0.055972941219806671
605,1792,0.054501939564943314
605,579,0.045922338962554932
606,606,0
606,1234,1
606,285,0.67480546236038208
606,53,0.38333725929260254
606,712,0.23953427374362946
606,1439,0.22704631090164185
606,220,0.2248663604259491
606,1853,0.20165520906448364
606,945,0.17854076623916626
606,1609,0.15405359864234924
606,731,0.14182348549365997
606,1269,0.12941393256187439
606,457,0.11859098076820374
606,379,0.11786728352308273
606,1486,0.11534754931926727
607,607,0
607,1113,1
607,1718,0.532196044921875
607,100,0.40098825097084045
607,1467,0.28177028894424438
607,969,0.22723768651485443
607,1136,0.20253060758113861
607,1938,0.20019778609275818
607,871,0.16345648467540741
607,327,0.15504004061222076
607,1114,0.15471863746643066
607,878,0.15004870295524597
607,1427,0.14789023995399475
607,600,0.14769904315471649
607,697,0.14312630891799927
608,608,0
608,687,1
608,905,0.75766140222549438
608,1238,0.45861595869064331
608,1666,0.29601982235908508
608,722,0.26748409867286682
608,1431,0.25205719470977783
608,1534,0.19858154654502869
608,1449,0.17089223861694336
608,678,0.097024977207183838
608,742,0.093731649219989777
608,516,0.092083185911178589
608,188,0.088386595249176025
608,148,0.069559678435325623
608,51,0.06480000913143158
609,609,0
609,1450,1
609,1661,0.85735410451889038
609,1636,0.51683372259140015
609,1777,0.37199574708938599
609,803,0.33350443840026855
609,976,0.28424516320228577
609,921,0.13859517872333527
609,1413,0.088228017091751099
609,1012,0.087120875716209412
609,359,0.075835384428501129
609,694,0.05859081819653511
609,340,0.04480445384979248
609,835,0.025880107656121254
609,298,0.023909451439976692
610,610,0
610,59,1
610,1421,0.45670449733734131
610,1236,0.3472105860710144
610,435,0.28523552417755127
610,676,0.2445664256811142
610,574,0.22536379098892212
610,973,0.21475009620189667
610,443,0.19250673055648804
610,1429,0.19098852574825287
610,1852,0.16468733549118042
610,1798,0.15768584609031677
610,959,0.14836403727531433
610,159,0.1408931165933609
610,376,0.13793891668319702
611,611,0
611,1335,1
611,905,0.48914262652397156
611,687,0.3302631676197052
611,214,0.2459368109703064
611,1666,0.24026921391487122
611,1572,0.21816162765026093
611,1853,0.18932537734508514
611,1850,0.18598483502864838
611,1896,0.17858527600765228
611,571,0.1759319007396698
611,858,0.1705600917339325
611,1270,0.16427731513977051
611,1797,0.16039177775382996
611,1486,0.15805238485336304
612,612,0
612,1384,1
612,1328,0.59388405084609985
612,429,0.56246507167816162
612,881,0.42171868681907654
612,819,0.26462823152542114
612,13,0.2562219500541687
612,1306,0.16577018797397614
612,329,0.14607547223567963
612,1627,0.10675539821386337
612,825,0.10213381052017212
612,1834,0.090118288993835449
612,296,0.079073131084442139
612,388,0.059530973434448242
612,795,0.058510355651378632
613,613,0
613,981,1
613,1475,0.35326683521270752
613,1542,0.33625760674476624
613,1791,0.32514598965644836
613,1612,0.29110193252563477
613,452,0.23880511522293091
613,830,0.20018218457698822
613,1005,0.20007838308811188
613,387,0.19329525530338287
613,1027,0.17762079834938049
613,1633,0.15402473509311676
613,964,0.15340337157249451
613,532,0.14421577751636505
613,306,0.13948877155780792
614,614,0
614,1624,1
614,594,0.41990336775779724
614,311,0.30244666337966919
614,520,0.3016282320022583
614,1410,0.2673717737197876
614,1899,0.24487839639186859
614,1422,0.21448579430580139
614,1048,0.20238737761974335
614,983,0.18250976502895355
614,1370,0.16125579178333282
614,895,0.15673395991325378
614,955,0.15386202931404114
614,946,0.15102718770503998
614,768,0.14840631186962128
615,615,0
615,640,1
615,1348,0.83827251195907593
615,1532,0.4089931845664978
615,1787,0.25504577159881592
615,499,0.23584030568599701
615,1050,0.2193654328584671
615,1317,0.16801169514656067
615,1092,0.14680276811122894
615,717,0.13596944510936737
615,487,0.11650514602661133
615,232,0.11236388236284256
615,1557,0.10973133146762848
615,1659,0.086267255246639252
615,456,0.073721066117286682
616,616,0
616,1953,1
616,537,0.46398943662643433
616,1291,0.34873849153518677
616,707,0.32629874348640442
616,1498,0.29156753420829773
616,1926,0.26645147800445557
616,1865,0.1899898499250412
616,820,0.18792077898979187
616,1601,0.17803461849689484
616,1472,0.142549067735672
616,408,0.13386163115501404
616,839,0.12754976749420166
616,1070,0.12551693618297577
616,1560,0.12442649155855179
617,617,0
617,954,1
617,1845,0.51440322399139404
617,31,0.41503670811653137
617,1928,0.40904045104980469
617,1553,0.25731143355369568
617,788,0.21631655097007751
617,974,0.17387644946575165
617,375,0.15674120187759399
617,1652,0.13666859269142151
617,844,0.1351078599691391
617,686,0.12797237932682037
617,1147,0.12570624053478241
617,1283,0.12167569994926453
617,624,0.11703276634216309
618,618,0
618,2,1
618,1303,0.71478283405303955
618,1700,0.43739110231399536
618,419,0.35787281394004822
618,1513,0.20409710705280304
618,1330,0.14754833281040192
618,1095,0.14516547322273254
618,1457,0.13731461763381958
618,1737,0.13453884422779083
618,717,0.13204312324523926
618,1260,0.12752300500869751
618,683,0.12715420126914978
618,1122,0.12522031366825104
618,1568,0.11624624580144882
619,619,0
619,732,1
619,574,0.36385253071784973
619,325,0.29614934325218201
619,662,0.27775669097900391
619,711,0.25709694623947144
619,959,0.23586305975914001
619,288,0.22444383800029755
619,93,0.21755427122116089
619,646,0.20460242033004761
619,1441,0.17889018356800079
619,193,0.17765575647354126
619,1415,0.16869446635246277
619,1682,0.15956078469753265
619,1255,0.14476996660232544
620,620,0
620,368,1
620,1162,0.42274168133735657
620,232,0.3936724066734314
620,1117,0.36028459668159485
620,1759,0.34994369745254517
620,1532,0.25105920433998108
620,1795,0.19289959967136383
620,350,0.16685694456100464
620,931,0.15011276304721832
620,286,0.14947648346424103
620,1628,0.14737488329410553
620,223,0.13575908541679382
620,844,0.10183111578226089
620,1845,0.084883265197277069
621,621,0
621,1235,1
621,790,0.62346035242080688
621,1688,0.35677748918533325
621,964,0.24732001125812531
621,1237,0.24064968526363373
621,1539,0.22865806519985199
621,387,0.19810310006141663
621,1766,0.19035270810127258
621,1480,0.17998164892196655
621,806,0.1364462673664093
621,548,0.12994454801082611
621,1322,0.12994018197059631
621,1842,0.12277394533157349
621,1376,0.1224801167845726
622,622,0
622,1774,1
622,455,0.55551409721374512
622,1453,0.33277985453605652
622,1825,0.26858720183372498
622,1639,0.25680702924728394
622,1827,0.25463956594467163
622,1257,0.22392420470714569
622,1713,0.21181131899356842
622,4,0.20113794505596161
622,1396,0.15093602240085602
622,1736,0.12588100135326385
622,664,0.12582620978355408
622,681,0.10046302527189255
622,184,0.098578020930290222
623,623,0
623,860,1
623,480,0.47216948866844177
623,141,0.4633648693561554
623,476,0.31010773777961731
623,643,0.28462260961532593
623,825,0.24384570121765137
623,253,0.23823875188827515
623,1991,0.15821380913257599
623,423,0.15790098905563354
623,1935,0.15688049793243408
623,1024,0.10901851207017899
623,13,0.10754704475402832
623,445,0.10404764860868454
623,1321,0.1009247824549675
624,624,0
624,681,1
624,861,0.63903355598449707
624,1873,0.53995585441589355
624,1067,0.36336326599121094
624,459,0.25123921036720276
624,450,0.24562978744506836
624,212,0.20009905099868774
624,546,0.15706266462802887
624,1867,0.12596681714057922
624,471,0.10450081527233124
624,1568,0.10344952344894409
624,123,0.067470252513885498
624,788,0.057323489338159561
624,269,0.051794398576021194
625,625,0
625,777,1
625,1622,0.78750646114349365
625,257,0.53537189960479736
625,1425,0.26278409361839294
625,1929,0.25091409683227539
625,1197,0.22394073009490967
625,1324,0.2143641859292984
625,984,0.1736842542886734
625,665,0.11940205097198486
625,1680,0.11035162210464478
625,26,0.081112667918205261
625,27,0.056946676224470139
625,850,0.046788621693849564
625,1233,0.043722838163375854
626,626,0
626,1110,1
626,1502,0.33959802985191345
626,1067,0.25751596689224243
626,1545,0.24540543556213379
626,1080,0.24325424432754517
626,1767,0.23734937608242035
626,1260,0.22274433076381683
626,546,0.22221988439559937
626,419,0.21268787980079651
626,1883,0.2017863392829895
626,848,0.19013239443302155
626,681,0.18197652697563171
626,624,0.17627224326133728
626,972,0.17593936622142792
627,627,0
627,1163,1
627,1475,0.47250157594680786
627,394,0.29922544956207275
627,93,0.29059711098670959
627,452,0.26296705007553101
627,260,0.2570665180683136
627,1505,0.2101285457611084
627,1437,0.20899470150470734
627,70,0.20722688734531403
627,938,0.19535672664642334
627,682,0.19203278422355652
627,915,0.10586047172546387
627,1388,0.10508435219526291
627,532,0.099850691854953766
628,628,0
628,1037,1
628,620,0.53825324773788452
628,1074,0.44613727927207947
628,1628,0.40625309944152832
628,209,0.27485373616218567
628,1532,0.21889972686767578
628,350,0.1893400102853775
628,829,0.14508874714374542
628,1460,0.14178469777107239
628,952,0.12870338559150696
628,1117,0.11999684572219849
628,1317,0.11344559490680695
628,505,0.096573472023010254
628,1845,0.087559394538402557
629,629,0
629,1223,1
629,1954,0.72603303194046021
629,1788,0.420622318983078
629,300,0.28118395805358887
629,570,0.24953649938106537
629,1926,0.24724419414997101
629,228,0.20664653182029724
629,1723,0.18942208588123322
629,85,0.16350360214710236
629,171,0.10816476494073868
629,725,0.090519502758979797
629,1298,0.078535221517086029
629,1291,0.077752262353897095
629,1884,0.067729219794273376
630,630,0
630,1215,1
630,1832,0.64040488004684448
630,221,0.33817848563194275
630,1048,0.28591737151145935
630,1624,0.26827087998390198
630,763,0.23665802180767059
630,1971,0.18974676728248596
630,822,0.16294972598552704
630,1176,0.14679279923439026
630,1483,0.14504413306713104
630,1368,0.13452932238578796
630,1370,0.12549018859863281
630,1501,0.11792487651109695
630,127,0.11497756838798523
631,631,0
631,740,1
631,1093,0.86479616165161133
631,1963,0.51144677400588989
631,208,0.25132513046264648
631,917,0.17878979444503784
631,1088,0.15833361446857452
631,1264,0.15405450761318207
631,1772,0.14887426793575287
631,357,0.12697851657867432
631,177,0.12611405551433563
631,424,0.10355434566736221
631,1930,0.10315269231796265
631,161,0.10285698622465134
631,1815,0.076613560318946838
632,632,0
632,638,1
632,393,0.37430143356323242
632,703,0.31003648042678833
632,381,0.30317482352256775
632,1794,0.29900142550468445
632,402,0.24754120409488678
632,316,0.22653885185718536
632,161,0.21817675232887268
632,139,0.1948351114988327
632,1433,0.18450605869293213
632,901,0.16344363987445831
632,1748,0.13608048856258392
632,1043,0.13270263373851776
632,1269,0.11654898524284363
633,633,0
633,866,1
633,1131,0.45974713563919067
633,1069,0.44376218318939209
633,1980,0.28210720419883728
633,451,0.23682379722595215
633,568,0.23200233280658722
633,982,0.22620280086994171
633,411,0.21987727284431458
633,1696,0.18040774762630463
633,1344,0.12836448848247528
633,1818,0.12828436493873596
633,861,0.12623827159404755
633,113,0.12237212061882019
633,289,0.12070837616920471
634,634,0
634,1888,1
634,1048,0.90756452083587646
634,41,0.66348838806152344
634,826,0.42554157972335815
634,1547,0.24436591565608978
634,414,0.21244935691356659
634,755,0.19126266241073608
634,464,0.064015224575996399
634,944,0.044154699891805649
634,553,0.041572496294975281
634,1917,0.033600207418203354
634,1601,0.029260750859975815
634,955,0.025652192533016205
634,1459,0.023960605263710022
635,635,0
635,1402,1
635,1811,0.39278432726860046
635,1941,0.2669634222984314
635,210,0.26094281673431396
635,54,0.25783616304397583
635,322,0.25267624855041504
635,1884,0.25093302130699158
635,1463,0.20154741406440735
635,300,0.18210217356681824
635,570,0.17712333798408508
635,152,0.17518191039562225
635,1647,0.17016908526420593
635,430,0.16141156852245331
635,203,0.15720966458320618
636,636,0
636,47,1
636,880,0.85410833358764648
636,1310,0.32554537057876587
636,1528,0.29303973913192749
636,118,0.20422232151031494
636,1626,0.17697919905185699
636,1484,0.16627369821071625
636,1749,0.14544601738452911
636,1918,0.13774874806404114
636,1374,0.13585171103477478
636,1418,0.12394601106643677
636,206,0.11914796382188797
636,752,0.11449676752090454
636,966,0.11008329689502716
637,637,0
637,1820,1
637,1201,0.3895629346370697
637,1172,0.36106133460998535
637,413,0.24843166768550873
637,231,0.23090502619743347
637,1140,0.21403844654560089
637,377,0.19961772859096527
637,1772,0.19263273477554321
637,1319,0.18751455843448639
637,950,0.1841554194688797
637,1970,0.18398840725421906
637,894,0.1784709095954895
637,1088,0.17536525428295135
637,510,0.16114217042922974
638,638,0
638,393,1
638,632,0.62560027837753296
638,316,0.52289360761642456
638,381,0.3739045262336731
638,377,0.18490053713321686
638,910,0.1830991804599762
638,1794,0.16886533796787262
638,139,0.13532018661499023
638,445,0.13366377353668213
638,253,0.13106156885623932
638,208,0.1303926557302475
638,1321,0.1188494935631752
638,1433,0.10384943336248398
638,402,0.094495087862014771
639,639,0
639,1212,1
639,107,0.82247787714004517
639,1449,0.32681944966316223
639,1033,0.25182664394378662
639,1768,0.23642562329769135
639,200,0.19470518827438354
639,1821,0.15648195147514343
639,519,0.14809133112430573
639,1274,0.14137080311775208
639,1692,0.13209511339664459
639,388,0.12839721143245697
639,444,0.1261078268289566
639,1512,0.12156281620264053
639,950,0.12053349614143372
640,640,0
640,615,1
640,1152,0.40812265872955322
640,1532,0.30797985196113586
640,1348,0.30579015612602234
640,1787,0.27283981442451477
640,1659,0.25721985101699829
640,499,0.2169564962387085
640,487,0.19840832054615021
640,1317,0.18436188995838165
640,232,0.1818898469209671
640,1050,0.16337433457374573
640,845,0.13789001107215881
640,911,0.13758265972137451
640,309,0.13447374105453491
641,641,0
641,919,1
641,765,0.74386566877365112
641,67,0.45709329843521118
641,1605,0.23322662711143494
641,1493,0.16086652874946594
641,740,0.15796992182731628
641,1028,0.15770108997821808
641,1264,0.15657719969749451
641,381,0.15468044579029083
641,231,0.14614151418209076
641,1270,0.13897931575775146
641,1772,0.13433697819709778
641,25,0.1334214061498642
641,316,0.13203959167003632
642,642,0
642,1118,1
642,202,0.79487735033035278
642,547,0.78343045711517334
642,1859,0.1750660240650177
642,1856,0.16314466297626495
642,424,0.12935778498649597
642,1270,0.11661580204963684
642,1748,0.11522193998098373
642,1730,0.11519645154476166
642,765,0.11101832240819931
642,1016,0.1034720167517662
642,234,0.10317359864711761
642,1753,0.10031288862228394
642,853,0.096007779240608215
643,643,0
643,1328,1
643,748,0.70923376083374023
643,1327,0.45643052458763123
643,253,0.31435632705688477
643,480,0.27627232670783997
643,1935,0.19932922720909119
643,1416,0.17260773479938507
643,445,0.12915007770061493
643,1828,0.12539687752723694
643,860,0.12239135056734085
643,623,0.11371780186891556
643,1134,0.11327043920755386
643,922,0.10022477060556412
643,1635,0.074510067701339722
644,644,0
644,1251,1
644,1357,0.46988454461097717
644,1401,0.45992708206176758
644,481,0.34290194511413574
644,414,0.24884672462940216
644,1015,0.18917249143123627
644,1780,0.183108851313591
644,345,0.17936138808727264
644,770,0.17043319344520569
644,349,0.16059836745262146
644,675,0.13888736069202423
644,331,0.1270839124917984
644,1434,0.12347188591957092
644,1858,0.11321131139993668
645,645,0
645,436,1
645,1529,0.76995170116424561
645,1746,0.45516154170036316
645,1966,0.30194744467735291
645,82,0.29229709506034851
645,463,0.25368484854698181
645,1444,0.21511749923229218
645,1088,0.10412227362394333
645,600,0.10335884243249893
645,1207,0.093221977353096008
645,1023,0.09102717787027359
645,1136,0.078959986567497253
645,547,0.075435057282447815
645,1282,0.072600416839122772
646,646,0
646,582,1
646,288,0.63295984268188477
646,711,0.33133780956268311
646,916,0.31276619434356689
646,619,0.27244466543197632
646,453,0.23684492707252502
646,3,0.20995111763477325
646,1255,0.1613958477973938
646,1149,0.14495399594306946
646,15,0.1398499459028244
646,1860,0.13434731960296631
646,1617,0.13253369927406311
646,811,0.11151758581399918
646,1390,0.085988782346248627
647,647,0
647,747,1
647,1843,0.45860591530799866
647,1443,0.31412535905838013
647,907,0.23645730316638947
647,313,0.22778752446174622
647,74,0.22478833794593811
647,287,0.21185563504695892
647,955,0.21070028841495514
647,1585,0.19432687759399414
647,108,0.16975988447666168
647,112,0.16769546270370483
647,1994,0.16644017398357391
647,1961,0.16543252766132355
647,517,0.15891893208026886
648,648,0
648,1715,1
648,105,0.59328436851501465
648,80,0.49450749158859253
648,972,0.30514693260192871
648,1774,0.30302107334136963
648,1736,0.28631332516670227
648,1219,0.17562465369701385
648,1714,0.12260884791612625
648,1000,0.11719870567321777
648,125,0.10544278472661972
648,1995,0.10401366651058197
648,1825,0.10379814356565475
648,1573,0.10024551302194595
648,375,0.095684133470058441
649,649,0
649,966,1
649,1684,0.61944097280502319
649,396,0.37029683589935303
649,1022,0.33542895317077637
649,529,0.30680951476097107
649,1556,0.2164425402879715
649,1432,0.21418234705924988
649,1735,0.1995244175195694
649,1184,0.12281935662031174
649,1056,0.11889951676130295
649,1918,0.11441029608249664
649,469,0.10824001580476761
649,1651,0.092327244579792023
649,1999,0.088063530623912811
650,650,0
650,159,1
650,1814,0.81655150651931763
650,1001,0.49825406074523926
650,806,0.24367405474185944
650,262,0.20665493607521057
650,468,0.17330056428909302
650,1808,0.1609252542257309
650,174,0.13307751715183258
650,1648,0.12443628162145615
650,576,0.122602678835392
650,870,0.11445779353380203
650,1087,0.11404182016849518
650,385,0.10424773395061493
650,1539,0.094673849642276764
651,651,0
651,1762,1
651,92,0.92674493789672852
651,935,0.65500807762145996
651,1548,0.625713050365448
651,160,0.13478046655654907
651,856,0.11593848466873169
651,340,0.10682536661624908
651,1094,0.07391270250082016
651,1777,0.066220462322235107
651,668,0.047265291213989258
651,992,0.043147407472133636
651,1526,0.041574679315090179
651,921,0.036010891199111938
651,501,0.033750578761100769
652,652,0
652,1,1
652,1063,0.7107928991317749
652,479,0.44937211275100708
652,1749,0.318258136510849
652,40,0.19419072568416595
652,1867,0.18828320503234863
652,9,0.14622756838798523
652,1187,0.13938054442405701
652,1124,0.13778549432754517
652,1873,0.13655781745910645
652,1497,0.13639900088310242
652,1135,0.11981688439846039
652,1906,0.11862084269523621
652,47,0.11120418459177017
653,653,0
653,1120,1
653,1224,0.337301105260849
653,868,0.30818852782249451
653,190,0.25015604496002197
653,1907,0.24114741384983063
653,693,0.23144420981407166
653,968,0.22840182483196259
653,88,0.21362864971160889
653,1979,0.2020290195941925
653,521,0.19864447414875031
653,1632,0.18858835101127625
653,1343,0.17971198260784149
653,481,0.16437028348445892
653,1745,0.16327033936977386
654,654,0
654,294,1
654,1474,0.55475550889968872
654,1318,0.5217471718788147
654,450,0.49180573225021362
654,1586,0.26894229650497437
654,1669,0.19058240950107574
654,1967,0.15023437142372131
654,1094,0.14966548979282379
654,550,0.13665968179702759
654,269,0.10594015568494797
654,1276,0.097428135573863983
654,369,0.09424060583114624
654,861,0.075831860303878784
654,856,0.069050930440425873
655,655,0
655,487,1
655,1471,0.87151271104812622
655,1936,0.75834858417510986
655,1273,0.62134289741516113
655,844,0.32561004161834717
655,1728,0.13826462626457214
655,223,0.062837056815624237
655,1194,0.041384689509868622
655,596,0.028172025457024574
655,274,0.026870155707001686
655,1818,0.011421365663409233
655,1295,0.011013230308890343
655,242,0.006398388184607029
655,1050,0.0037238255608826876
656,656,0
656,1215,1
656,1170,0.95978552103042603
656,221,0.43631777167320251
656,302,0.367775559425354
656,1946,0.21165691316127777
656,1698,0.19051225483417511
656,1988,0.18895141780376434
656,1832,0.093361571431159973
656,1459,0.090415626764297485
656,1483,0.090332046151161194
656,11,0.08251316100358963
656,1357,0.069898836314678192
656,464,0.066283315420150757
656,41,0.059087235480546951
657,657,0
657,186,1
657,441,0.38742232322692871
657,874,0.33169102668762207
657,1840,0.32473093271255493
657,325,0.26966133713722229
657,16,0.21264483034610748
657,680,0.20133751630783081
657,544,0.19306714832782745
657,582,0.17876014113426208
657,303,0.17139369249343872
657,1672,0.17124973237514496
657,1740,0.16022181510925293
657,818,0.15533985197544098
657,425,0.14936473965644836
658,658,0
658,507,1
658,964,0.59701710939407349
658,1861,0.29601523280143738
658,1425,0.27142161130905151
658,241,0.25758960843086243
658,1842,0.20037275552749634
658,981,0.18746931850910187
658,1473,0.17665717005729675
658,613,0.17649409174919128
658,1782,0.16798077523708344
658,1237,0.16732941567897797
658,1791,0.14482514560222626
658,777,0.13643397390842438
658,1027,0.12728188931941986
659,659,0
659,194,1
659,1528,0.58571988344192505
659,1956,0.3736017644405365
659,298,0.30059346556663513
659,590,0.26937302947044373
659,1217,0.25999832153320312
659,314,0.25519382953643799
659,359,0.19542405009269714
659,1374,0.18654987215995789
659,549,0.1283981055021286
659,78,0.11655968427658081
659,752,0.092978216707706451
659,841,0.077091686427593231
659,18,0.065409190952777863
660,660,0
660,1829,1
660,1094,0.58860814571380615
660,155,0.38238593935966492
660,1827,0.37957668304443359
660,1284,0.31928297877311707
660,1570,0.25718057155609131
660,145,0.16925203800201416
660,989,0.15814895927906036
660,1213,0.12822550535202026
660,523,0.12322121113538742
660,991,0.11025357991456985
660,340,0.1015649139881134
660,651,0.097218170762062073
660,1669,0.091965034604072571
661,661,0
661,1665,1
661,396,0.55063784122467041
661,415,0.35609668493270874
661,1405,0.27328884601593018
661,382,0.23384079337120056
661,1873,0.21726518869400024
661,1362,0.2082221508026123
661,1906,0.16717122495174408
661,828,0.16615529358386993
661,1557,0.15837854146957397
661,829,0.14929892122745514
661,1607,0.14770218729972839
661,123,0.14408025145530701
661,1725,0.13475364446640015
662,662,0
662,509,1
662,27,0.94994223117828369
662,1441,0.35053235292434692
662,325,0.26012301445007324
662,916,0.24060626327991486
662,619,0.20363549888134003
662,959,0.17276483774185181
662,257,0.14999596774578094
662,196,0.14272455871105194
662,277,0.09722331166267395
662,756,0.091590166091918945
662,732,0.091436430811882019
662,205,0.085492141544818878
662,418,0.070826016366481781
663,663,0
663,253,1
663,771,0.76040208339691162
663,784,0.32250750064849854
663,1377,0.29806819558143616
663,1588,0.25123187899589539
663,669,0.22072698175907135
663,1968,0.21311761438846588
663,643,0.18646205961704254
663,32,0.13006864488124847
663,1328,0.12194956839084625
663,1733,0.12048669904470444
663,825,0.11014790832996368
663,1321,0.094620347023010254
663,1296,0.077098928391933441
664,664,0
664,184,1
664,1012,0.48589551448822021
664,399,0.4823421835899353
664,1526,0.40057259798049927
664,856,0.37777680158615112
664,1268,0.25916159152984619
664,455,0.15353339910507202
664,1276,0.14974620938301086
664,1208,0.13496015965938568
664,1548,0.1028156504034996
664,1094,0.093648754060268402
664,861,0.090846486389636993
664,835,0.088739283382892609
664,49,0.08684714138507843
665,665,0
665,26,1
665,27,0.41596043109893799
665,205,0.31450524926185608
665,906,0.28633579611778259
665,625,0.24816048145294189
665,1875,0.21695595979690552
665,1782,0.21146854758262634
665,1412,0.19251236319541931
665,996,0.18925298750400543
665,1177,0.17764946818351746
665,1324,0.1760358065366745
665,277,0.17358317971229553
665,1645,0.16792567074298859
665,1686,0.136548712849617
666,666,0
666,459,1
666,1918,0.63238120079040527
666,1696,0.38837689161300659
666,491,0.32347634434700012
666,123,0.23497629165649414
666,585,0.16922552883625031
666,1068,0.16680434346199036
666,681,0.16584417223930359
666,109,0.16489781439304352
666,1081,0.13959033787250519
666,1067,0.13454930484294891
666,861,0.13153403997421265
666,1936,0.12991790473461151
666,988,0.12531140446662903
667,667,0
667,1794,1
667,297,0.53586387634277344
667,33,0.4481489360332489
667,94,0.42990842461585999
667,1141,0.24086876213550568
667,1307,0.21042147278785706
667,1506,0.16091352701187134
667,1479,0.15786482393741608
667,849,0.13748978078365326
667,1249,0.13183887302875519
667,1747,0.11678680777549744
667,1776,0.11348825693130493
667,1886,0.11221141368150711
667,918,0.11108212918043137
668,668,0
668,1082,1
668,921,0.53648906946182251
668,1548,0.50263810157775879
668,651,0.49874395132064819
668,1356,0.30192717909812927
668,989,0.18175415694713593
668,340,0.17133921384811401
668,1762,0.14833925664424896
668,766,0.11761006712913513
668,1777,0.10267858952283859
668,1396,0.10267668217420578
668,1012,0.1020999401807785
668,1094,0.08249056339263916
668,609,0.058100953698158264
669,669,0
669,784,1
669,486,0.68375712633132935
669,1363,0.60174530744552612
669,1588,0.24830044806003571
669,1328,0.24182087182998657
669,157,0.17428591847419739
669,1947,0.17059606313705444
669,1890,0.15649648010730743
669,480,0.12831214070320129
669,1751,0.12132970243692398
669,370,0.099978804588317871
669,1692,0.098546698689460754
669,1449,0.098441779613494873
669,1339,0.083288520574569702
670,670,0
670,471,1
670,1252,0.51711559295654297
670,309,0.40112203359603882
670,1138,0.38804486393928528
670,1616,0.29016220569610596
670,986,0.21472559869289398
670,1418,0.18710222840309143
670,683,0.18426144123077393
670,1901,0.17732122540473938
670,720,0.1486351490020752
670,1095,0.12697921693325043
670,1502,0.10500278323888779
670,723,0.090773247182369232
670,931,0.075639680027961731
671,671,0
671,1413,1
671,530,0.8522261381149292
671,1714,0.47133821249008179
671,183,0.41179677844047546
671,1546,0.30360043048858643
671,953,0.24347449839115143
671,1450,0.24013921618461609
671,273,0.11702969670295715
671,1949,0.097310274839401245
671,1611,0.073925994336605072
671,124,0.033936679363250732
671,1767,0.023692479357123375
671,976,0.02278604730963707
671,22,0.015634419396519661
672,672,0
672,375,1
672,1552,0.41008052229881287
672,1502,0.39311563968658447
672,1999,0.28568646311759949
672,1219,0.23345617949962616
672,1684,0.20803874731063843
672,972,0.19948048889636993
672,465,0.19742381572723389
672,1080,0.17362485826015472
672,1283,0.17300640046596527
672,194,0.16064378619194031
672,848,0.15939956903457642
672,590,0.15804667770862579
672,1807,0.15488788485527039
673,673,0
673,477,1
673,1812,0.52654886245727539
673,338,0.42112261056900024
673,1884,0.3874504566192627
673,705,0.29451087117195129
673,1817,0.28222689032554626
673,846,0.18508453667163849
673,594,0.15293759107589722
673,1305,0.13460077345371246
673,1882,0.1205066591501236
673,1193,0.1150355339050293
673,1811,0.09745258092880249
673,1395,0.096699126064777374
673,983,0.092716515064239502
674,674,0
674,1277,1
674,1045,0.31334304809570312
674,237,0.28465208411216736
674,781,0.28047332167625427
674,463,0.26129746437072754
674,1619,0.25797715783119202
674,1319,0.23625786602497101
674,950,0.23434844613075256
674,146,0.20962080359458923
674,1549,0.20921792089939117
674,1880,0.19548209011554718
674,1890,0.16005642712116241
674,1352,0.13437250256538391
674,416,0.12978503108024597
675,675,0
675,400,1
675,1401,0.73099291324615479
675,1780,0.65866971015930176
675,414,0.51703572273254395
675,331,0.15694501996040344
675,1685,0.13306833803653717
675,754,0.11239653825759888
675,102,0.10777274519205093
675,556,0.10020555555820465
675,644,0.08715192973613739
675,1305,0.086468346416950226
675,408,0.07928195595741272
675,354,0.072692736983299255
675,1959,0.064215414226055145
676,676,0
676,1798,1
676,181,0.5803227424621582
676,138,0.31904301047325134
676,534,0.28884527087211609
676,1505,0.27608606219291687
676,1682,0.22500373423099518
676,1087,0.22218343615531921
676,151,0.21927270293235779
676,1154,0.16105914115905762
676,1448,0.15026718378067017
676,468,0.12431152909994125
676,708,0.12051286548376083
676,59,0.11269538104534149
676,1458,0.1072891429066658
677,677,0
677,6,1
677,1128,0.59150320291519165
677,679,0.49172192811965942
677,801,0.27728265523910522
677,1266,0.22791130840778351
677,804,0.17836125195026398
677,549,0.17706337571144104
677,1984,0.14810900390148163
677,1186,0.14704930782318115
677,18,0.13815522193908691
677,1194,0.13799366354942322
677,988,0.13596826791763306
677,1057,0.12936951220035553
677,1636,0.12640894949436188
678,678,0
678,687,1
678,444,0.83107805252075195
678,1270,0.42318645119667053
678,1666,0.34583109617233276
678,1704,0.33728930354118347
678,775,0.20918048918247223
678,531,0.14612537622451782
678,722,0.13504908978939056
678,424,0.10350073873996735
678,1511,0.1001545637845993
678,1517,0.079024523496627808
678,905,0.069600582122802734
678,925,0.064395256340503693
678,1635,0.062477711588144302
679,679,0
679,1128,1
679,801,0.81867384910583496
679,677,0.70408809185028076
679,1984,0.61913830041885376
679,276,0.18354098498821259
679,1636,0.17883005738258362
679,1057,0.11697527021169662
679,1805,0.070509195327758789
679,970,0.042779143899679184
679,953,0.039930619299411774
679,609,0.039421442896127701
679,1104,0.033848181366920471
679,988,0.030286278575658798
679,501,0.028876468539237976
680,680,0
680,1672,1
680,303,0.49771338701248169
680,1840,0.36903327703475952
680,1126,0.30366694927215576
680,239,0.22799959778785706
680,855,0.21486902236938477
680,657,0.20060913264751434
680,1595,0.19197447597980499
680,1197,0.18695646524429321
680,985,0.17366772890090942
680,490,0.16677527129650116
680,1649,0.14524771273136139
680,909,0.12058115750551224
680,1877,0.10779103636741638
681,681,0
681,1873,1
681,624,0.54267978668212891
681,861,0.50353413820266724
681,546,0.40804100036621094
681,788,0.24881857633590698
681,459,0.21443606913089752
681,121,0.21019585430622101
681,1067,0.20018783211708069
681,1568,0.16001757979393005
681,123,0.1016603410243988
681,1022,0.081266164779663086
681,212,0.081129319965839386
681,585,0.077801816165447235
681,479,0.077118746936321259
682,682,0
682,588,1
682,1149,0.64017832279205322
682,1163,0.33917409181594849
682,1475,0.2862284779548645
682,1791,0.21744026243686676
682,605,0.21166323125362396
682,1473,0.20411825180053711
682,257,0.16394947469234467
682,1902,0.15626601874828339
682,1921,0.1480821967124939
682,1425,0.14779415726661682
682,93,0.13646239042282104
682,981,0.13124759495258331
682,1505,0.1242869645357132
683,683,0
683,1906,1
683,1124,0.95659339427947998
683,1502,0.40998995304107666
683,1457,0.24862605333328247
683,1095,0.24411080777645111
683,98,0.23108480870723724
683,684,0.12916421890258789
683,670,0.11831317096948624
683,1545,0.11591087281703949
683,1418,0.11098611354827881
683,649,0.091632358729839325
683,465,0.087324380874633789
683,720,0.084302410483360291
683,1432,0.078845873475074768
684,684,0
684,1432,1
684,1090,0.9466855525970459
684,1735,0.66976231336593628
684,267,0.49964696168899536
684,1906,0.16137106716632843
684,683,0.11987783759832382
684,1124,0.11344972997903824
684,1056,0.10233119130134583
684,56,0.099950417876243591
684,1462,0.080641262233257294
684,1545,0.039566986262798309
684,1651,0.028361005708575249
684,1928,0.022740041837096214
684,62,0.022499596700072289
685,685,0
685,427,1
685,1105,0.89638012647628784
685,1579,0.4184226393699646
685,1112,0.18322396278381348
685,161,0.18088656663894653
685,842,0.17141155898571014
685,238,0.17066904902458191
685,1399,0.16280964016914368
685,1608,0.16039465367794037
685,1772,0.15024510025978088
685,1963,0.12283141911029816
685,1323,0.12207859009504318
685,1756,0.086946338415145874
685,148,0.080585643649101257
686,686,0
686,243,1
686,861,0.77111983299255371
686,1568,0.63076919317245483
686,1069,0.58646500110626221
686,525,0.40987831354141235
686,596,0.27269768714904785
686,1818,0.092041678726673126
686,788,0.077999003231525421
686,1757,0.01981799304485321
686,1604,0.013168295845389366
686,1457,0.012598326429724693
686,624,0.0097569907084107399
686,305,0.0064255902543663979
686,145,0.0041567143052816391
687,687,0
687,905,1
687,1270,0.45251661539077759
687,1666,0.39947739243507385
687,424,0.37659326195716858
687,608,0.28945848345756531
687,678,0.26051360368728638
687,722,0.23691730201244354
687,1943,0.15872681140899658
687,1449,0.14492958784103394
687,444,0.13657627999782562
687,611,0.12940315902233124
687,188,0.11541502922773361
687,107,0.10358904302120209
687,1172,0.10277143865823746
688,688,0
688,1910,1
688,1521,0.64296627044677734
688,1620,0.623249351978302
688,405,0.32010579109191895
688,199,0.31834977865219116
688,960,0.17646829783916473
688,152,0.14590239524841309
688,409,0.14578516781330109
688,1041,0.13392381370067596
688,1309,0.12744416296482086
688,1495,0.097552724182605743
688,1046,0.074597485363483429
688,1585,0.05970488116145134
688,475,0.040841571986675262
689,689,0
689,90,1
689,397,0.62511450052261353
689,1034,0.35109624266624451
689,459,0.3243446946144104
689,212,0.24762836098670959
689,1012,0.19454903900623322
689,1050,0.18660071492195129
689,1681,0.1861637681722641
689,1615,0.17497889697551727
689,245,0.15599800646305084
689,491,0.14860841631889343
689,1967,0.12259452790021896
689,835,0.095169924199581146
689,79,0.094047456979751587
690,690,0
690,716,1
690,970,0.67434471845626831
690,195,0.32952681183815002
690,1949,0.28966188430786133
690,56,0.25487631559371948
690,233,0.24627740681171417
690,1076,0.2450813353061676
690,921,0.19454164803028107
690,22,0.15746867656707764
690,505,0.13561078906059265
690,1186,0.11466089636087418
690,880,0.089285135269165039
690,298,0.088640853762626648
690,1555,0.086916767060756683
691,691,0
691,413,1
691,1023,0.47608897089958191
691,1529,0.36773496866226196
691,967,0.32882192730903625
691,1238,0.30990499258041382
691,709,0.28609171509742737
691,1966,0.24030110239982605
691,178,0.20533429086208344
691,1288,0.1255035400390625
691,1088,0.11909448355436325
691,60,0.11694955825805664
691,1058,0.11432015150785446
691,234,0.1099373921751976
691,1372,0.10680435597896576
692,692,0
692,333,1
692,1653,0.35848960280418396
692,1411,0.29161697626113892
692,1935,0.27060636878013611
692,1115,0.26901981234550476
692,1073,0.22854985296726227
692,1567,0.20956785976886749
692,1729,0.20955385267734528
692,142,0.20109963417053223
692,514,0.1923002153635025
692,1274,0.17258282005786896
692,860,0.17114169895648956
692,776,0.17113535106182098
692,1079,0.16122160851955414
693,693,0
693,1121,1
693,1913,0.6650846004486084
693,1329,0.56318026781082153
693,575,0.5442124605178833
693,799,0.30251473188400269
693,1697,0.26274171471595764
693,1224,0.17098179459571838
693,367,0.11099521815776825
693,446,0.067466050386428833
693,1610,0.058830179274082184
693,1971,0.048653550446033478
693,1946,0.043449774384498596
693,1914,0.036173354834318161
693,1287,0.032606363296508789
694,694,0
694,991,1
694,124,0.39346274733543396
694,976,0.3480667769908905
694,835,0.27812626957893372
694,1829,0.27161726355552673
694,1413,0.21473686397075653
694,609,0.20906302332878113
694,1777,0.18862073123455048
694,1636,0.17696696519851685
694,1615,0.17113077640533447
694,1725,0.16993348300457001
694,1855,0.16576555371284485
694,1139,0.15991300344467163
694,1116,0.15948988497257233
695,695,0
695,1197,1
695,454,0.55747705698013306
695,1763,0.30358749628067017
695,749,0.2998407781124115
695,1027,0.23662234842777252
695,1622,0.23548555374145508
695,1542,0.22997471690177917
695,1203,0.22608006000518799
695,24,0.15836529433727264
695,1645,0.14817802608013153
695,1758,0.14108318090438843
695,1503,0.13009898364543915
695,1242,0.12141446024179459
695,625,0.11868483573198318
696,696,0
696,1489,1
696,417,0.8405870795249939
696,793,0.45151790976524353
696,1942,0.40823280811309814
696,1766,0.21603171527385712
696,454,0.20060732960700989
696,1876,0.1451568603515625
696,1272,0.12399861961603165
696,1763,0.11170545220375061
696,1051,0.098394215106964111
696,700,0.090756148099899292
696,335,0.089388780295848846
696,1211,0.068264104425907135
696,1649,0.062245678156614304
697,697,0
697,927,1
697,1114,0.96143662929534912
697,1527,0.39708080887794495
697,1207,0.37360602617263794
697,1529,0.25934877991676331
697,1947,0.22485317289829254
697,1890,0.12911741435527802
697,999,0.12507906556129456
697,218,0.12006421387195587
697,1444,0.1156873032450676
697,327,0.064250633120536804
697,299,0.051659662276506424
697,878,0.045707620680332184
697,721,0.03899696096777916
698,698,0
698,492,1
698,759,0.43620207905769348
698,1948,0.26531574130058289
698,914,0.2357356995344162
698,1204,0.2319193035364151
698,1760,0.22098207473754883
698,1708,0.20976980030536652
698,1308,0.20834232866764069
698,44,0.19811810553073883
698,1148,0.19175483286380768
698,1585,0.18033576011657715
698,345,0.17957381904125214
698,517,0.17839875817298889
698,1535,0.1704515814781189
699,699,0
699,219,1
699,1577,0.54390907287597656
699,1882,0.32902771234512329
699,1878,0.32228687405586243
699,1518,0.29916706681251526
699,1632,0.27590939402580261
699,1907,0.189125657081604
699,163,0.17133823037147522
699,1354,0.16719087958335876
699,481,0.13958694040775299
699,904,0.1315949559211731
699,409,0.12078236043453217
699,513,0.10876121371984482
699,1862,0.10820569843053818
700,700,0
700,1960,1
700,1326,0.48440814018249512
700,1499,0.35622113943099976
700,1423,0.27469751238822937
700,811,0.2689858078956604
700,792,0.22699053585529327
700,1196,0.22340115904808044
700,554,0.21585564315319061
700,454,0.20638412237167358
700,116,0.14463678002357483
700,1766,0.13128954172134399
700,1211,0.12959431111812592
700,749,0.12562870979309082
700,417,0.11879889667034149
701,701,0
701,978,1
701,496,0.70633316040039062
701,1174,0.3532138466835022
701,1629,0.25886654853820801
701,1504,0.23964148759841919
701,1932,0.19537524878978729
701,1623,0.1821017861366272
701,391,0.17391164600849152
701,140,0.15875938534736633
701,916,0.13683192431926727
701,593,0.13451248407363892
701,756,0.12991102039813995
701,855,0.11992251873016357
701,27,0.11750121414661407
702,702,0
702,1004,1
702,1425,0.7613028883934021
702,1630,0.52820503711700439
702,1842,0.4810657799243927
702,1773,0.24720369279384613
702,1750,0.17451585829257965
702,746,0.14141231775283813
702,1716,0.10418067127466202
702,1347,0.090198978781700134
702,1792,0.085375323891639709
702,711,0.084257662296295166
702,97,0.081861183047294617
702,980,0.066708095371723175
702,257,0.060600638389587402
703,703,0
703,139,1
703,1730,0.46053645014762878
703,632,0.43417397141456604
703,381,0.36740544438362122
703,42,0.29706233739852905
703,53,0.20594781637191772
703,884,0.18733730912208557
703,220,0.18491512537002563
703,892,0.1715274304151535
703,638,0.14668715000152588
703,103,0.12285054475069046
703,1794,0.11574559658765793
703,357,0.10685458034276962
703,919,0.10585050284862518
704,704,0
704,1729,1
704,1653,0.58820933103561401
704,767,0.49107369780540466
704,1663,0.37410286068916321
704,1024,0.24422056972980499
704,261,0.23315660655498505
704,1536,0.18971803784370422
704,1391,0.14919249713420868
704,1776,0.14765764772891998
704,333,0.14082707464694977
704,323,0.10786294192075729
704,601,0.10019899159669876
704,514,0.084066294133663177
704,917,0.056598179042339325
705,705,0
705,304,1
705,594,0.96454501152038574
705,319,0.86128556728363037
705,1770,0.53844302892684937
705,412,0.20798920094966888
705,1193,0.10143537074327469
705,1395,0.079002052545547485
705,983,0.070806868374347687
705,338,0.048675570636987686
705,673,0.017690718173980713
705,883,0.0071572661399841309
705,506,0.0040430612862110138
705,477,0.0033334267791360617
705,1520,0.0024801129475235939
706,706,0
706,1249,1
706,852,0.58420276641845703
706,390,0.34329843521118164
706,1043,0.27750831842422485
706,1794,0.21722613275051117
706,1115,0.21569505333900452
706,139,0.20233480632305145
706,1768,0.15886646509170532
706,1307,0.15580165386199951
706,1619,0.15243606269359589
706,892,0.15130789577960968
706,1479,0.15091145038604736
706,1977,0.1490834504365921
706,1352,0.14822511374950409
707,707,0
707,1677,1
707,616,0.55811399221420288
707,1953,0.41762906312942505
707,896,0.32663774490356445
707,1926,0.29539129137992859
707,594,0.21975623071193695
707,725,0.19067344069480896
707,17,0.18776151537895203
707,1560,0.14449097216129303
707,983,0.13607126474380493
707,518,0.12062759697437286
707,553,0.1129285991191864
707,557,0.10010361671447754
707,1291,0.096701689064502716
708,708,0
708,1633,1
708,534,0.68690937757492065
708,277,0.5875059962272644
708,425,0.42356580495834351
708,1645,0.24004039168357849
708,1837,0.16435274481773376
708,26,0.16175086796283722
708,151,0.15594331920146942
708,1678,0.12119552493095398
708,1027,0.082044243812561035
708,86,0.078233726322650909
708,1617,0.07419247180223465
708,1242,0.068151712417602539
708,613,0.063008084893226624
709,709,0
709,748,1
709,178,0.72998583316802979
709,1372,0.52300381660461426
709,1828,0.51670378446578979
709,1529,0.23118922114372253
709,1238,0.17103199660778046
709,1444,0.10877010971307755
709,967,0.10238392651081085
709,29,0.094192221760749817
709,1605,0.092312894761562347
709,643,0.091486215591430664
709,444,0.086075156927108765
709,1023,0.083159767091274261
709,1900,0.07658907026052475
710,710,0
710,795,1
710,721,0.37495282292366028
710,821,0.31913068890571594
710,538,0.29593488574028015
710,890,0.28941184282302856
710,13,0.2724774181842804
710,1292,0.22353182733058929
710,1445,0.18388162553310394
710,881,0.17613312602043152
710,825,0.16064965724945068
710,1919,0.15834501385688782
710,930,0.15181021392345428
710,1404,0.15043506026268005
710,1820,0.15019243955612183
711,711,0
711,582,1
711,1149,0.64438551664352417
711,1425,0.35348051786422729
711,732,0.31446251273155212
711,619,0.26429095864295959
711,1004,0.24596117436885834
711,1441,0.23097781836986542
711,646,0.23093140125274658
711,746,0.14854282140731812
711,981,0.11318822950124741
711,569,0.11249858140945435
711,3,0.09972766786813736
711,453,0.081565909087657928
711,1750,0.066877648234367371
712,712,0
712,146,1
712,214,0.88309139013290405
712,764,0.23716403543949127
712,769,0.22006082534790039
712,406,0.21528999507427216
712,285,0.18923200666904449
712,1100,0.16490834951400757
712,1218,0.15832248330116272
712,606,0.1471046507358551
712,416,0.1454855352640152
712,1476,0.14055617153644562
712,1234,0.13933789730072021
712,1496,0.13540510833263397
712,1339,0.13093283772468567
713,713,0
713,73,1
713,1709,0.47424474358558655
713,1475,0.45504626631736755
713,1902,0.28799790143966675
713,306,0.21657556295394897
713,605,0.19918575882911682
713,1981,0.19477155804634094
713,1009,0.17234142124652863
713,532,0.17051969468593597
713,328,0.16876116394996643
713,1792,0.15123312175273895
713,1083,0.14457660913467407
713,981,0.13643188774585724
713,1149,0.13520705699920654
714,714,0
714,885,1
714,265,0.97101110219955444
714,300,0.48435646295547485
714,1428,0.44013667106628418
714,1961,0.2038988471031189
714,815,0.18848145008087158
714,846,0.1317729651927948
714,1732,0.10591911524534225
714,635,0.07884109765291214
714,250,0.065891683101654053
714,101,0.065166875720024109
714,339,0.059139564633369446
714,163,0.056453045457601547
714,44,0.055816877633333206
715,715,0
715,1740,1
715,777,0.95686638355255127
715,1682,0.7340732216835022
715,1875,0.23138365149497986
715,441,0.20575539767742157
715,257,0.12651360034942627
715,818,0.117237389087677
715,507,0.10563091933727264
715,1798,0.09526999294757843
715,996,0.087988078594207764
715,1119,0.074886716902256012
715,325,0.065405011177062988
715,1773,0.053628727793693542
715,277,0.052259400486946106
716,716,0
716,56,1
716,233,0.4296586811542511
716,1720,0.31812533736228943
716,690,0.30622854828834534
716,350,0.2702949047088623
716,856,0.20582818984985352
716,1581,0.19616879522800446
716,255,0.18693026900291443
716,880,0.18615849316120148
716,766,0.17912262678146362
716,1371,0.16565057635307312
716,1786,0.16014951467514038
716,970,0.15201736986637115
716,1607,0.1505548506975174
717,717,0
717,499,1
717,1557,0.51925194263458252
717,243,0.30008193850517273
717,1303,0.2666151225566864
717,1092,0.25706064701080322
717,2,0.21097208559513092
717,829,0.20655360817909241
717,1330,0.19291181862354279
717,1378,0.19148945808410645
717,1297,0.1807817816734314
717,232,0.17590789496898651
717,596,0.15869198739528656
717,1457,0.12549003958702087
717,415,0.12108176201581955
718,718,0
718,935,1
718,880,0.92593508958816528
718,293,0.48887625336647034
718,289,0.45619508624076843
718,752,0.28486406803131104
718,1819,0.1767832338809967
718,1992,0.13279007375240326
718,118,0.11797861754894257
718,1336,0.07289249449968338
718,956,0.062467016279697418
718,399,0.052742209285497665
718,1528,0.04843863844871521
718,373,0.044004205614328384
718,47,0.042916946113109589
719,719,0
719,548,1
719,1196,0.7435498833656311
719,1840,0.62246960401535034
719,241,0.25743773579597473
719,1235,0.23382580280303955
719,1836,0.22939085960388184
719,1861,0.18985199928283691
719,790,0.15754444897174835
719,1423,0.10196709632873535
719,658,0.098816916346549988
719,512,0.081344038248062134
719,1240,0.078027456998825073
719,909,0.07357286661863327
719,1237,0.039091017097234726
720,720,0
720,465,1
720,1418,0.38926687836647034
720,988,0.36904984712600708
720,469,0.32810091972351074
720,298,0.25467148423194885
720,106,0.23700492084026337
720,56,0.21263310313224792
720,1616,0.17459669709205627
720,1325,0.17015229165554047
720,801,0.16983166337013245
720,491,0.16700452566146851
720,970,0.16478396952152252
720,1637,0.13723234832286835
720,361,0.13255271315574646
721,721,0
721,1292,1
721,1088,0.43334433436393738
721,1304,0.3741392195224762
721,1947,0.32749384641647339
721,1444,0.22811669111251831
721,13,0.22777321934700012
721,726,0.21311695873737335
721,1529,0.18051950633525848
721,1890,0.17437019944190979
721,1024,0.1573440283536911
721,442,0.15725311636924744
721,917,0.15138715505599976
721,794,0.14135244488716125
721,795,0.14067469537258148
722,722,0
722,1534,1
722,1666,0.43352434039115906
722,905,0.26919355988502502
722,1183,0.25267294049263
722,148,0.2493014931678772
722,444,0.24494099617004395
722,687,0.23578277230262756
722,771,0.20416472852230072
722,1449,0.20396389067173004
722,188,0.17473641037940979
722,922,0.16737370193004608
722,1265,0.160999596118927
722,1136,0.1551608145236969
722,1270,0.15507939457893372
723,723,0
723,1252,1
723,1781,0.48022818565368652
723,1077,0.34682127833366394
723,1006,0.30637213587760925
723,215,0.30624249577522278
723,1090,0.22218084335327148
723,1318,0.21385948359966278
723,255,0.19634296000003815
723,56,0.17295874655246735
723,1191,0.16826833784580231
723,31,0.14624527096748352
723,716,0.11985914409160614
723,865,0.11456093937158585
723,232,0.11295415461063385
724,724,0
724,1429,1
724,376,0.44535031914710999
724,35,0.3336641788482666
724,1589,0.25063952803611755
724,576,0.2475254088640213
724,443,0.24598625302314758
724,610,0.23889239132404327
724,1852,0.2297595739364624
724,159,0.22652652859687805
724,484,0.16126249730587006
724,806,0.15137438476085663
724,498,0.13876639306545258
724,1798,0.11993095278739929
724,1814,0.11720550060272217
725,725,0
725,65,1
725,1878,0.84514999389648438
725,518,0.65633255243301392
725,594,0.50492566823959351
725,707,0.33812129497528076
725,673,0.23011048138141632
725,1042,0.1334330290555954
725,1723,0.055874209851026535
725,983,0.048341196030378342
725,163,0.028590764850378036
725,614,0.027965033426880836
725,1812,0.018852870911359787
725,171,0.0097515210509300232
725,629,0.0094517376273870468
726,726,0
726,1292,1
726,1963,0.52778470516204834
726,1386,0.30285769701004028
726,1088,0.26193112134933472
726,463,0.2542622983455658
726,402,0.24546448886394501
726,721,0.21582101285457611
726,1024,0.20553770661354065
726,1100,0.17251905798912048
726,1093,0.15171103179454803
726,177,0.14976766705513
726,917,0.14585936069488525
726,1804,0.14210644364356995
726,208,0.13125889003276825
727,727,0
727,226,1
727,979,0.52473974227905273
727,1951,0.33150666952133179
727,73,0.29929903149604797
727,1065,0.25517174601554871
727,713,0.21386697888374329
727,362,0.21049395203590393
727,30,0.1843269020318985
727,410,0.16520082950592041
727,1083,0.15800961852073669
727,1950,0.15123039484024048
727,1009,0.14173536002635956
727,328,0.13838979601860046
727,1458,0.13291475176811218
728,728,0
728,104,1
728,1406,0.47553715109825134
728,1904,0.47380116581916809
728,1459,0.30015242099761963
728,755,0.23530739545822144
728,1312,0.21251805126667023
728,1971,0.2038707435131073
728,1961,0.1914350688457489
728,1872,0.17169934511184692
728,460,0.15954887866973877
728,1988,0.13527102768421173
728,95,0.11752662062644958
728,354,0.11647851020097733
728,302,0.1137506440281868
729,729,0
729,364,1
729,435,0.43970680236816406
729,1921,0.36533984541893005
729,588,0.33801066875457764
729,1902,0.29319432377815247
729,1699,0.23809383809566498
729,1505,0.22972878813743591
729,979,0.17070877552032471
729,1010,0.15435303747653961
729,151,0.14928145706653595
729,582,0.14694616198539734
729,1562,0.13126884400844574
729,1852,0.12867046892642975
729,1682,0.12158875912427902
730,730,0
730,181,1
730,1154,0.58549553155899048
730,1640,0.51357460021972656
730,138,0.24611067771911621
730,1437,0.23982289433479309
730,551,0.22117413580417633
730,676,0.21515648066997528
730,260,0.19867986440658569
730,452,0.19212032854557037
730,1929,0.11716445535421371
730,307,0.10235808044672012
730,1458,0.095918275415897369
730,534,0.092961147427558899
730,1689,0.086351886391639709
731,731,0
731,776,1
731,1797,0.97903358936309814
731,922,0.87018704414367676
731,1635,0.4260813295841217
731,539,0.17091451585292816
731,531,0.086956791579723358
731,1486,0.08054351806640625
731,819,0.071390785276889801
731,1853,0.056274909526109695
731,429,0.04350271075963974
731,333,0.034503906965255737
731,220,0.034411661326885223
731,1695,0.031006736680865288
731,1641,0.022083587944507599
732,732,0
732,619,1
732,1599,0.51238429546356201
732,1149,0.33296859264373779
732,1441,0.31883504986763
732,1682,0.29321449995040894
732,711,0.21343128383159637
732,796,0.20895414054393768
732,93,0.20403994619846344
732,27,0.192485511302948
732,257,0.17339734733104706
732,662,0.12763479351997375
732,325,0.11954871565103531
732,981,0.10699658095836639
732,1425,0.10300794243812561
733,733,0
733,1117,1
733,223,0.54853802919387817
733,1162,0.36771926283836365
733,1532,0.312264084815979
733,572,0.26181617379188538
733,1795,0.23101243376731873
733,1331,0.22077129781246185
733,1253,0.18832379579544067
733,368,0.18256776034832001
733,369,0.14440897107124329
733,838,0.14165455102920532
733,1851,0.11229304224252701
733,1317,0.10429444909095764
733,1226,0.091235481202602386
734,734,0
734,23,1
734,1155,0.52625018358230591
734,575,0.29682105779647827
734,1406,0.29566684365272522
734,95,0.1928909569978714
734,250,0.19277748465538025
734,1387,0.1927579790353775
734,728,0.18537871539592743
734,1316,0.18407979607582092
734,1946,0.18260519206523895
734,1392,0.1792864054441452
734,552,0.16654585301876068
734,960,0.15870140492916107
734,1732,0.15313147008419037
735,735,0
735,1613,1
735,599,0.38269501924514771
735,1129,0.30233862996101379
735,1362,0.29702797532081604
735,789,0.25738513469696045
735,1801,0.25194945931434631
735,110,0.2467273473739624
735,1396,0.24390135705471039
735,1922,0.23092077672481537
735,123,0.20216330885887146
735,1592,0.15274153649806976
735,1607,0.12509952485561371
735,1165,0.10936030000448227
735,1436,0.1045800969004631
736,736,0
736,1545,1
736,1999,0.61468690633773804
736,1056,0.34962233901023865
736,267,0.33092072606086731
736,1673,0.24475297331809998
736,40,0.21709151566028595
736,469,0.21492470800876617
736,1735,0.20750266313552856
736,351,0.17191928625106812
736,684,0.12216246873140335
736,1397,0.11498946696519852
736,848,0.10992839932441711
736,1671,0.1095195934176445
736,972,0.098868831992149353
737,737,0
737,1759,1
737,1162,0.56193745136260986
737,1276,0.3501579761505127
737,1318,0.32909786701202393
737,1200,0.25244283676147461
737,189,0.20597681403160095
737,1992,0.19835685193538666
737,356,0.17076040804386139
737,664,0.16572085022926331
737,488,0.14702078700065613
737,1077,0.13578012585639954
737,654,0.13552288711071014
737,195,0.1324799507856369
737,856,0.12163077294826508
738,738,0
738,557,1
738,757,0.66175037622451782
738,1098,0.63202077150344849
738,1769,0.34145849943161011
738,68,0.31295609474182129
738,392,0.27788981795310974
738,1121,0.14996163547039032
738,17,0.11059992760419846
738,1422,0.084768876433372498
738,824,0.072831898927688599
738,616,0.067686066031455994
738,1070,0.066940560936927795
738,1939,0.065437451004981995
738,537,0.062589138746261597
739,739,0
739,1320,1
739,1933,0.41955602169036865
739,283,0.38694274425506592
739,339,0.32232943177223206
739,1810,0.26646041870117188
739,55,0.26606321334838867
739,1923,0.2588169276714325
739,268,0.18474875390529633
739,1337,0.17926998436450958
739,265,0.15817601978778839
739,536,0.12856464087963104
739,446,0.12361589074134827
739,1675,0.10720156878232956
739,363,0.10515472292900085
740,740,0
740,1093,1
740,177,0.45273402333259583
740,631,0.44203802943229675
740,1930,0.4166419506072998
740,424,0.30518257617950439
740,1024,0.27769479155540466
740,1605,0.24084074795246124
740,922,0.14078636467456818
740,208,0.12553346157073975
740,103,0.12173608690500259
740,25,0.11319354921579361
740,1270,0.1121697723865509
740,1248,0.089846663177013397
740,849,0.068487666547298431
741,741,0
741,1822,1
741,1944,0.75087136030197144
741,1894,0.40051281452178955
741,1035,0.38642206788063049
741,1074,0.26242956519126892
741,1671,0.17782413959503174
741,351,0.15140740573406219
741,952,0.14435869455337524
741,1628,0.13743495941162109
741,89,0.11755145341157913
741,1615,0.11222372204065323
741,997,0.091030173003673553
741,40,0.087764114141464233
741,179,0.087062522768974304
742,742,0
742,1349,1
742,1608,0.88781940937042236
742,1007,0.71047621965408325
742,178,0.47803455591201782
742,1265,0.26471647620201111
742,51,0.10159087181091309
742,1238,0.092622548341751099
742,1123,0.076683849096298218
742,1900,0.065611861646175385
742,842,0.060434188693761826
742,1970,0.051464099436998367
742,1172,0.044522479176521301
742,1140,0.038865808397531509
742,967,0.034046102315187454
743,743,0
743,363,1
743,1025,0.73721855878829956
743,815,0.4059981107711792
743,1267,0.37216249108314514
743,66,0.26082423329353333
743,1760,0.22058185935020447
743,1535,0.19364540278911591
743,163,0.13988468050956726
743,355,0.13369497656822205
743,1204,0.11004766076803207
743,536,0.090941473841667175
743,1948,0.083745501935482025
743,928,0.081421218812465668
743,1279,0.07672543078660965
744,744,0
744,94,1
744,1609,0.74478387832641602
744,918,0.36730492115020752
744,42,0.29259088635444641
744,1043,0.23740291595458984
744,1112,0.18816608190536499
744,1930,0.17468798160552979
744,1496,0.15226694941520691
744,379,0.13756978511810303
744,161,0.12803164124488831
744,632,0.12469023466110229
744,667,0.1234525740146637
744,103,0.12170152366161346
744,1794,0.11424105614423752
745,745,0
745,394,1
745,252,0.60613107681274414
745,418,0.39874559640884399
745,1083,0.27393811941146851
745,321,0.22436994314193726
745,1689,0.18745757639408112
745,1437,0.18707026541233063
745,1361,0.17537553608417511
745,1040,0.17305336892604828
745,1367,0.16797816753387451
745,605,0.13336168229579926
745,1951,0.12809939682483673
745,1388,0.12726813554763794
745,773,0.12403774261474609
746,746,0
746,1004,1
746,527,0.5672842264175415
746,1347,0.51843357086181641
746,1425,0.27558097243309021
746,711,0.244489386677742
746,1630,0.24114455282688141
746,1458,0.22220717370510101
746,248,0.22051216661930084
746,569,0.14688287675380707
746,1716,0.13892216980457306
746,1149,0.096977874636650085
746,1689,0.084249928593635559
746,1682,0.075370229780673981
746,1750,0.074830546975135803
747,747,0
747,647,1
747,74,0.85669922828674316
747,955,0.42785739898681641
747,112,0.34600207209587097
747,1961,0.24063511192798615
747,101,0.15662723779678345
747,1706,0.14998078346252441
747,1843,0.13652782142162323
747,1540,0.11922616511583328
747,520,0.11871375888586044
747,998,0.10245276242494583
747,946,0.09994448721408844
747,614,0.082207657396793365
747,44,0.070010818541049957
748,748,0
748,1828,1
748,709,0.83999884128570557
748,643,0.7522234320640564
748,29,0.452048659324646
748,1327,0.1797792911529541
748,782,0.17641676962375641
748,1900,0.10821903496980667
748,1265,0.073341518640518188
748,253,0.065954394638538361
748,1123,0.057603869587182999
748,178,0.055600989609956741
748,722,0.054033197462558746
748,1328,0.049608871340751648
748,1134,0.042070325464010239
749,749,0
749,1161,1
749,695,0.6052786111831665
749,1622,0.3456757664680481
749,417,0.2991650402545929
749,454,0.25509971380233765
749,1423,0.2209702730178833
749,1763,0.20982003211975098
749,1499,0.20930264890193939
749,1503,0.18575935065746307
749,1211,0.17262542247772217
749,625,0.11795473843812943
749,814,0.096562162041664124
749,1758,0.095804683864116669
749,1203,0.09287579357624054
750,750,0
750,63,1
750,226,0.7182343602180481
750,627,0.5892072319984436
750,1052,0.47490701079368591
750,201,0.41273421049118042
750,394,0.22021281719207764
750,198,0.13565821945667267
750,362,0.12297429889440536
750,1505,0.073527641594409943
750,1241,0.04200393334031105
750,727,0.040753930807113647
750,1789,0.027826191857457161
750,730,0.025279907509684563
750,1593,0.023566752672195435
751,751,0
751,836,1
751,1870,0.5897095799446106
751,1511,0.52209007740020752
751,1841,0.49992629885673523
751,1479,0.31256908178329468
751,1635,0.20407767593860626
751,1509,0.16676406562328339
751,371,0.12809191644191742
751,528,0.12105046957731247
751,1753,0.080364957451820374
751,220,0.077964156866073608
751,1641,0.075893685221672058
751,951,0.068996228277683258
751,539,0.059384945780038834
752,752,0
752,1528,1
752,956,0.69930845499038696
752,935,0.69454425573348999
752,1526,0.51101744174957275
752,399,0.27426338195800781
752,1374,0.19827346503734589
752,49,0.18030175566673279
752,1135,0.114643894135952
752,880,0.10660630464553833
752,718,0.044821716845035553
752,194,0.035210371017456055
752,636,0.02095196396112442
752,78,0.014030691236257553
752,953,0.012925025075674057
753,753,0
753,1674,1
753,762,0.47593387961387634
753,58,0.37445080280303955
753,1285,0.34452736377716064
753,1512,0.30672550201416016
753,1314,0.24114669859409332
753,1349,0.23261752724647522
753,1033,0.17714875936508179
753,1440,0.16270989179611206
753,781,0.13648994266986847
753,346,0.12241878360509872
753,1880,0.12025801837444305
753,1037,0.11004695296287537
753,1212,0.10241459310054779
754,754,0
754,99,1
754,400,0.77096426486968994
754,1685,0.30470716953277588
754,520,0.22943559288978577
754,1305,0.21219508349895477
754,1871,0.19517302513122559
754,1387,0.19068373739719391
754,1066,0.18394285440444946
754,556,0.1796431690454483
754,592,0.16087180376052856
754,354,0.1278008371591568
754,1316,0.1218273714184761
754,474,0.11860857158899307
754,1644,0.11104355007410049
755,755,0
755,944,1
755,1564,0.55770415067672729
755,1971,0.5074118971824646
755,1101,0.35571980476379395
755,1368,0.2585638165473938
755,1547,0.25141739845275879
755,1459,0.16305071115493774
755,1543,0.14418488740921021
755,414,0.13999463617801666
755,102,0.12633775174617767
755,1158,0.12111611664295197
755,1685,0.10311155766248703
755,728,0.091827139258384705
755,1799,0.08644934743642807
756,756,0
756,916,1
756,511,0.47232499718666077
756,1086,0.37726801633834839
756,391,0.37250635027885437
756,662,0.25355035066604614
756,303,0.24301153421401978
756,963,0.24298971891403198
756,1504,0.23255681991577148
756,490,0.18409329652786255
756,277,0.14743982255458832
756,227,0.10817118734121323
756,1958,0.094619445502758026
756,1678,0.089885227382183075
756,425,0.088473379611968994
757,757,0
757,68,1
757,1387,0.66740423440933228
757,1988,0.37378168106079102
757,1121,0.24701093137264252
757,1769,0.23745629191398621
757,575,0.23203657567501068
757,1357,0.23003996908664703
757,95,0.19001379609107971
757,398,0.1620977520942688
757,1520,0.13079683482646942
757,64,0.12612590193748474
757,88,0.11075624823570251
757,594,0.10617612302303314
757,552,0.093191355466842651
758,758,0
758,574,1
758,5,0.53796678781509399
758,1945,0.31849730014801025
758,576,0.28302207589149475
758,1412,0.26583826541900635
758,1782,0.25505635142326355
758,484,0.2546657919883728
758,196,0.22908322513103485
758,1159,0.15757831931114197
758,482,0.13814043998718262
758,909,0.1323314905166626
758,1650,0.12689991295337677
758,1205,0.11242607235908508
758,325,0.095379382371902466
759,759,0
759,1204,1
759,1072,0.86265021562576294
759,698,0.53897595405578613
759,197,0.38160732388496399
759,1760,0.3364231288433075
759,1908,0.14563955366611481
759,1066,0.14398291707038879
759,1685,0.13796286284923553
759,400,0.1189408004283905
759,1041,0.08125632256269455
759,492,0.044402647763490677
759,158,0.039890523999929428
759,1948,0.039037410169839859
759,914,0.036124296486377716
760,760,0
760,102,1
760,1727,0.73766243457794189
760,809,0.41186890006065369
760,556,0.31115695834159851
760,474,0.28499442338943481
760,258,0.18632307648658752
760,132,0.18418478965759277
760,422,0.14526373147964478
760,1464,0.14070421457290649
760,1055,0.11641567945480347
760,1355,0.11485669016838074
760,944,0.097111769020557404
760,822,0.090662181377410889
760,191,0.085687428712844849
761,761,0
761,55,1
761,1990,0.79719632863998413
761,324,0.64134114980697632
761,1025,0.39631494879722595
761,1810,0.36876538395881653
761,265,0.21493913233280182
761,815,0.086937136948108673
761,743,0.080296292901039124
761,1732,0.067775852978229523
761,1838,0.062333419919013977
761,1392,0.050385281443595886
761,1279,0.050041835755109787
761,928,0.045903138816356659
761,81,0.044651541858911514
762,762,0
762,58,1
762,1349,0.37120655179023743
762,1470,0.34184837341308594
762,1815,0.29638266563415527
762,753,0.28883615136146545
762,218,0.28381502628326416
762,1285,0.27689224481582642
762,1140,0.2287561446428299
762,849,0.19649770855903625
762,1674,0.19649124145507812
762,853,0.15594498813152313
762,103,0.091621413826942444
762,781,0.091536588966846466
762,1314,0.087068110704421997
763,763,0
763,1933,1
763,1370,0.86090391874313354
763,244,0.39657524228096008
763,1832,0.25867378711700439
763,464,0.19800925254821777
763,1368,0.19190835952758789
763,1971,0.17750677466392517
763,446,0.13168032467365265
763,1580,0.12910233438014984
763,474,0.12670373916625977
763,1624,0.12654522061347961
763,755,0.10774209350347519
763,1923,0.10467234253883362
763,885,0.096873626112937927
764,764,0
764,794,1
764,1339,0.82615327835083008
764,1292,0.42461133003234863
764,146,0.37874120473861694
764,208,0.21158252656459808
764,1404,0.20717738568782806
764,1804,0.16876369714736938
764,1304,0.12547457218170166
764,214,0.12123433500528336
764,429,0.11173709481954575
764,1093,0.1022045686841011
764,1218,0.091124825179576874
764,878,0.074002176523208618
764,157,0.064081832766532898
765,765,0
765,919,1
765,1270,0.52132487297058105
765,922,0.45529299974441528
765,641,0.28139591217041016
765,424,0.25846526026725769
765,381,0.23569858074188232
765,740,0.2175755649805069
765,1605,0.20926694571971893
765,445,0.15817685425281525
765,67,0.14949940145015717
765,208,0.11535291373729706
765,1635,0.10339552164077759
765,316,0.10246869176626205
765,1511,0.098981283605098724
766,766,0
766,1602,1
766,828,0.6080518364906311
766,1762,0.38645678758621216
766,1786,0.33301651477813721
766,340,0.25443193316459656
766,921,0.21710777282714844
766,1548,0.20949320495128632
766,716,0.17623487114906311
766,1607,0.17463193833827972
766,935,0.12870059907436371
766,1777,0.11441738903522491
766,1669,0.11173464357852936
766,278,0.099883474409580231
766,856,0.092726707458496094
767,767,0
767,917,1
767,704,0.38325029611587524
767,927,0.35380792617797852
767,1439,0.30085176229476929
767,1530,0.26097887754440308
767,1341,0.23273651301860809
767,1024,0.19587074220180511
767,166,0.1828962117433548
767,1408,0.17544060945510864
767,1527,0.17309285700321198
767,1088,0.16906048357486725
767,897,0.1603991836309433
767,631,0.15938283503055573
767,1091,0.15912669897079468
768,768,0
768,1675,1
768,955,0.86766898632049561
768,464,0.33453333377838135
768,268,0.27893957495689392
768,1359,0.2686518132686615
768,111,0.2267528623342514
768,1706,0.17608639597892761
768,44,0.14604371786117554
768,520,0.13400283455848694
768,101,0.11309101432561874
768,914,0.10896540433168411
768,754,0.085979923605918884
768,614,0.084365203976631165
768,1535,0.081802107393741608
769,769,0
769,1100,1
769,1890,0.42242532968521118
769,406,0.41972821950912476
769,1756,0.40708336234092712
769,416,0.37605082988739014
769,1642,0.29897162318229675
769,1496,0.22974604368209839
769,871,0.22760643064975739
769,918,0.12276946753263474
769,146,0.102677121758461
769,1963,0.096653766930103302
769,1112,0.07261618971824646
769,712,0.072552725672721863
769,1059,0.058004207909107208
770,770,0
770,11,1
770,1434,0.81105268001556396
770,644,0.70549702644348145
770,1357,0.30352702736854553
770,28,0.25472286343574524
770,552,0.17600134015083313
770,224,0.17577628791332245
770,1976,0.1280803382396698
770,133,0.10375972092151642
770,1015,0.088399916887283325
770,1946,0.065456800162792206
770,1998,0.035122346132993698
770,1127,0.031786493957042694
770,1251,0.027715256437659264
771,771,0
771,1534,1
771,722,0.64697849750518799
771,663,0.50061273574829102
771,238,0.36406582593917847
771,1869,0.30083361268043518
771,1666,0.20166182518005371
771,1486,0.16119346022605896
771,669,0.12658296525478363
771,253,0.11141061782836914
771,1328,0.10857456922531128
771,1449,0.097285591065883636
771,1265,0.096595712006092072
771,1183,0.096028856933116913
771,1136,0.095059193670749664
772,772,0
772,1867,1
772,9,0.40978136658668518
772,485,0.3622417151927948
772,1191,0.25777539610862732
772,1873,0.24013753235340118
772,1,0.21224305033683777
772,206,0.20756186544895172
772,997,0.20620976388454437
772,1462,0.19198709726333618
772,1541,0.18480740487575531
772,652,0.1707274466753006
772,1822,0.16021895408630371
772,1318,0.15762387216091156
772,1749,0.14557115733623505
773,773,0
773,1951,1
773,418,0.64305925369262695
773,217,0.45658513903617859
773,1854,0.32213306427001953
773,1178,0.27993279695510864
773,410,0.23386585712432861
773,605,0.21198990941047668
773,593,0.16355489194393158
773,1701,0.14021274447441101
773,1361,0.13850268721580505
773,1009,0.10905816406011581
773,932,0.074913717806339264
773,502,0.068316400051116943
773,394,0.064772211015224457
774,774,0
774,1203,1
774,347,0.50763684511184692
774,461,0.40835806727409363
774,1211,0.39758086204528809
774,30,0.38600814342498779
774,1156,0.3211057186126709
774,1009,0.25296866893768311
774,1102,0.17517177760601044
774,1229,0.12726426124572754
774,515,0.11342298239469528
774,1503,0.083244487643241882
774,1049,0.045611616224050522
774,1763,0.044896412640810013
774,980,0.043623324483633041
775,775,0
775,1834,1
775,678,0.55316519737243652
775,444,0.5065234899520874
775,388,0.48741617798805237
775,1666,0.31903299689292908
775,905,0.21176180243492126
775,722,0.20800675451755524
775,1746,0.16832445561885834
775,687,0.15743407607078552
775,1534,0.09191400557756424
775,1270,0.084647923707962036
775,342,0.058432050049304962
775,442,0.033920016139745712
775,1338,0.026310866698622704
776,776,0
776,731,1
776,333,0.67766958475112915
776,1567,0.65161722898483276
776,1635,0.43436422944068909
776,1511,0.19835785031318665
776,922,0.18106566369533539
776,539,0.15485931932926178
776,1935,0.11710762232542038
776,514,0.11619273573160172
776,819,0.088898122310638428
776,1514,0.082865223288536072
776,1641,0.076429679989814758
776,220,0.071156501770019531
776,958,0.05630381777882576
777,777,0
777,1929,1
777,1622,0.58566588163375854
777,715,0.45136678218841553
777,964,0.3056279718875885
777,1119,0.25499328970909119
777,996,0.25372150540351868
777,507,0.18255773186683655
777,850,0.15019145607948303
777,625,0.14489711821079254
777,257,0.13983941078186035
777,1682,0.13457395136356354
777,1425,0.12414602190256119
777,1773,0.10914051532745361
777,1875,0.070159949362277985
778,778,0
778,90,1
778,689,0.49226382374763489
778,1034,0.47761201858520508
778,180,0.33340370655059814
778,1679,0.29389390349388123
778,1165,0.26777288317680359
778,735,0.18790161609649658
778,439,0.1561090499162674
778,122,0.14177362620830536
778,1801,0.13645301759243011
778,440,0.12546111643314362
778,212,0.10835031419992447
778,487,0.095130316913127899
778,1256,0.090758703649044037
779,779,0
779,1273,1
779,465,0.8204466700553894
779,487,0.32237109541893005
779,1918,0.31419801712036133
779,1050,0.25624650716781616
779,79,0.22152699530124664
779,787,0.1712573915719986
779,336,0.13755939900875092
779,1556,0.12521541118621826
779,469,0.12299588322639465
779,1936,0.11242955923080444
779,720,0.10959818959236145
779,1502,0.099369637668132782
779,931,0.093670107424259186
780,780,0
780,1934,1
780,1134,0.48734614253044128
780,1445,0.28947550058364868
780,1286,0.28445148468017578
780,323,0.28318548202514648
780,107,0.25922849774360657
780,1991,0.22121864557266235
780,1863,0.2021375298500061
780,514,0.20040892064571381
780,67,0.17730142176151276
780,765,0.14353612065315247
780,141,0.14312389492988586
780,388,0.1222127228975296
780,1416,0.093260906636714935
781,781,0
781,146,1
781,674,0.68114089965820312
781,1512,0.55867582559585571
781,1285,0.46629416942596436
781,214,0.28688812255859375
781,510,0.20285125076770782
781,762,0.17847579717636108
781,416,0.13570041954517365
781,1850,0.13065318763256073
781,1172,0.072314254939556122
781,1461,0.064162611961364746
781,346,0.046104587614536285
781,1314,0.044200044125318527
781,1277,0.039422430098056793
782,782,0
782,1327,1
782,748,0.59691208600997925
782,1900,0.52536052465438843
782,1828,0.45885246992111206
782,1509,0.42079120874404907
782,1007,0.36772075295448303
782,29,0.24269472062587738
782,1123,0.094584822654724121
782,1134,0.070527322590351105
782,643,0.06489069014787674
782,1416,0.017546294257044792
782,1265,0.016256550326943398
782,1328,0.015964880585670471
782,1143,0.014782628044486046
783,783,0
783,1329,1
783,17,0.67418277263641357
783,190,0.58176910877227783
783,1357,0.49307781457901001
783,254,0.45928674936294556
783,831,0.15350869297981262
783,604,0.11969146132469177
783,644,0.089768640697002411
783,224,0.078991144895553589
783,412,0.067442074418067932
783,310,0.063146300613880157
783,345,0.048439502716064453
783,883,0.048142492771148682
783,414,0.029443863779306412
784,784,0
784,1588,1
784,1363,0.48297065496444702
784,522,0.44341862201690674
784,669,0.40529993176460266
784,423,0.23152050375938416
784,1608,0.20077879726886749
784,253,0.17691254615783691
784,663,0.1530241072177887
784,1218,0.14544659852981567
784,1123,0.14087209105491638
784,1265,0.13985380530357361
784,486,0.13925938308238983
784,1886,0.12785245478153229
784,918,0.11969032138586044
785,785,0
785,1603,1
785,536,0.58927798271179199
785,403,0.41167280077934265
785,563,0.32947319746017456
785,1144,0.25271230936050415
785,1849,0.2205430269241333
785,1985,0.2141461968421936
785,1170,0.18431267142295837
785,1216,0.1723867654800415
785,272,0.1380700021982193
785,1580,0.11858111619949341
785,1698,0.11408255994319916
785,1803,0.083686642348766327
785,1382,0.077950701117515564
786,786,0
786,1769,1
786,88,0.87289160490036011
786,1133,0.72820925712585449
786,1357,0.29396608471870422
786,1520,0.16907311975955963
786,757,0.16432435810565948
786,17,0.15424984693527222
786,1167,0.10213392972946167
786,398,0.088713154196739197
786,1422,0.080808974802494049
786,506,0.065245822072029114
786,1420,0.064199261367321014
786,221,0.062188137322664261
786,896,0.060887549072504044
787,787,0
787,994,1
787,79,0.81222778558731079
787,1280,0.29309150576591492
787,195,0.26405766606330872
787,779,0.23983053863048553
787,491,0.2178172767162323
787,207,0.21698489785194397
787,90,0.15173125267028809
787,1801,0.13859868049621582
787,109,0.13180713355541229
787,1671,0.12167546898126602
787,1275,0.10928721725940704
787,459,0.1060827299952507
787,1012,0.10370039194822311
788,788,0
788,1069,1
788,681,0.46777981519699097
788,121,0.3976549506187439
788,861,0.37538352608680725
788,1080,0.34545120596885681
788,1568,0.33323737978935242
788,1660,0.17192167043685913
788,525,0.17168062925338745
788,243,0.14120495319366455
788,396,0.11192341148853302
788,523,0.10470546782016754
788,546,0.10109101980924606
788,1681,0.094103150069713593
788,624,0.090747751295566559
789,789,0
789,828,1
789,294,0.86631441116333008
789,1356,0.74181413650512695
789,966,0.51695054769515991
789,123,0.28618410229682922
789,735,0.2090018093585968
789,654,0.11826331168413162
789,269,0.050685182213783264
789,661,0.035835321992635727
789,1094,0.025010133162140846
789,1669,0.019244741648435593
789,1602,0.013375289738178253
789,396,0.013066223822534084
789,929,0.011153767816722393
790,790,0
790,621,1
790,1842,0.5722118616104126
790,1235,0.55076533555984497
790,1480,0.33332172036170959
790,964,0.26362514495849609
790,548,0.21482084691524506
790,1237,0.17496366798877716
790,1852,0.16770483553409576
790,387,0.15171319246292114
790,1707,0.1130608469247818
790,1539,0.10357365757226944
790,1688,0.09659150242805481
790,1836,0.093787290155887604
790,658,0.070755720138549805
791,791,0
791,466,1
791,1184,0.64725852012634277
791,1116,0.58766382932662964
791,1378,0.48956626653671265
791,1096,0.37701416015625
791,243,0.34196248650550842
791,1284,0.10465350747108459
791,596,0.099667169153690338
791,1681,0.062677234411239624
791,1125,0.048180419951677322
791,1660,0.046073239296674728
791,1584,0.038801293820142746
791,525,0.031863868236541748
791,717,0.031510371714830399
792,792,0
792,1597,1
792,1481,0.96211403608322144
792,1645,0.89336311817169189
792,454,0.28664335608482361
792,1027,0.24064722657203674
792,387,0.15564088523387909
792,949,0.13826553523540497
792,1539,0.05155906081199646
792,1960,0.047773994505405426
792,1909,0.036379214376211166
792,1211,0.028624929487705231
792,1447,0.02425202913582325
792,1255,0.021115658804774284
792,1390,0.020505486056208611
793,793,0
793,335,1
793,1126,0.94865250587463379
793,1763,0.40522950887680054
793,1272,0.23787090182304382
793,1877,0.22929224371910095
793,1027,0.18703068792819977
793,1897,0.15045824646949768
793,454,0.11704002320766449
793,1649,0.11545485258102417
793,69,0.11280468106269836
793,1211,0.10929276049137115
793,940,0.10495287179946899
793,1203,0.10208460688591003
793,889,0.086720287799835205
794,794,0
794,764,1
794,1003,0.52103322744369507
794,1292,0.30669254064559937
794,1304,0.27779072523117065
794,1136,0.26325404644012451
794,342,0.2376164048910141
794,721,0.1974160224199295
794,878,0.18028359115123749
794,1084,0.17996217310428619
794,1804,0.17314176261425018
794,1404,0.16962361335754395
794,208,0.14345496892929077
794,1339,0.13363136351108551
794,958,0.12298890203237534
795,795,0
795,710,1
795,721,0.91694062948226929
795,1820,0.45010572671890259
795,890,0.26945942640304565
795,1321,0.22226044535636902
795,1304,0.18350084125995636
795,1449,0.15460847318172455
795,1292,0.14402313530445099
795,1828,0.10373468697071075
795,407,0.095622919499874115
795,1919,0.093366071581840515
795,1328,0.092155158519744873
795,1319,0.09212716668844223
795,1442,0.088983535766601562
796,796,0
796,1682,1
796,167,0.79665267467498779
796,277,0.72880184650421143
796,257,0.27454972267150879
796,732,0.22907157242298126
796,26,0.17586797475814819
796,1458,0.16307291388511658
796,27,0.12976528704166412
796,811,0.090774565935134888
796,425,0.089500352740287781
796,534,0.07064443826675415
796,1578,0.068343572318553925
796,452,0.045686289668083191
796,949,0.044149834662675858
797,797,0
797,715,1
797,225,0.91773653030395508
797,850,0.71525973081588745
797,325,0.28668582439422607
797,1773,0.20608973503112793
797,509,0.15445689857006073
797,1205,0.1439066082239151
797,625,0.12534280121326447
797,1119,0.11922311782836914
797,777,0.10732115060091019
797,1240,0.03934980183839798
797,569,0.038850706070661545
797,257,0.026552861556410789
797,1425,0.026120413094758987
798,798,0
798,1514,1
798,323,0.73751229047775269
798,1641,0.61814689636230469
798,1567,0.47682002186775208
798,539,0.19774317741394043
798,528,0.16434524953365326
798,1269,0.11475283652544022
798,704,0.10916455835103989
798,1729,0.10744380950927734
798,261,0.10556253790855408
798,776,0.093061603605747223
798,445,0.065088957548141479
798,1479,0.063721746206283569
798,1115,0.053523488342761993
799,799,0
799,1121,1
799,693,0.81737703084945679
799,1231,0.77226495742797852
799,904,0.30308490991592407
799,446,0.30088332295417786
799,1610,0.22135965526103973
799,1287,0.15087418258190155
799,374,0.1245880052447319
799,1907,0.12133068591356277
799,820,0.036469489336013794
799,868,0.022742470726370811
799,1745,0.015433893539011478
799,1145,0.011038972064852715
799,1198,0.0094339968636631966
800,800,0
800,848,1
800,1637,0.44933894276618958
800,953,0.27555158734321594
800,469,0.27253431081771851
800,558,0.27185079455375671
800,106,0.22590655088424683
800,1681,0.20786283910274506
800,1767,0.19873228669166565
800,150,0.19802764058113098
800,1122,0.1783284991979599
800,1636,0.15905939042568207
800,1219,0.15884509682655334
800,62,0.15755213797092438
800,1080,0.15330392122268677
801,801,0
801,301,1
801,1805,0.53550863265991211
801,970,0.5209774374961853
801,1325,0.44807228446006775
801,1831,0.37927117943763733
801,988,0.19985118508338928
801,720,0.17371015250682831
801,679,0.12284834682941437
801,1984,0.11805599927902222
801,1819,0.11290143430233002
801,106,0.087735094130039215
801,18,0.08600713312625885
801,1418,0.068463049829006195
801,56,0.053488429635763168
802,802,0
802,41,1
802,1601,0.69722312688827515
802,1261,0.4055231511592865
802,1953,0.29019182920455933
802,414,0.27934315800666809
802,1498,0.17489267885684967
802,1959,0.17219366133213043
802,1401,0.16353294253349304
802,644,0.13530288636684418
802,616,0.12927836179733276
802,675,0.12524957954883575
802,634,0.12255194783210754
802,28,0.11392480134963989
802,537,0.097681216895580292
803,803,0
803,1636,1
803,609,0.43286088109016418
803,359,0.38410544395446777
803,501,0.33228790760040283
803,664,0.30159637331962585
803,49,0.28947225213050842
803,835,0.18701222538948059
803,1984,0.16716288030147552
803,1012,0.16657041013240814
803,1030,0.14756646752357483
803,1295,0.12797868251800537
803,1076,0.12512826919555664
803,1153,0.12412921339273453
803,804,0.12102608382701874
804,804,0
804,1268,1
804,399,0.45503795146942139
804,585,0.45290878415107727
804,49,0.38922247290611267
804,664,0.32857352495193481
804,501,0.2214793860912323
804,900,0.17301473021507263
804,866,0.16920752823352814
804,1912,0.15294802188873291
804,1295,0.13320247828960419
804,1030,0.1255534291267395
804,803,0.11565453559160233
804,1057,0.099600233137607574
804,1715,0.090478956699371338
805,805,0
805,1183,1
805,1350,0.75299900770187378
805,1746,0.30987116694450378
805,1905,0.26850622892379761
805,1751,0.23017989099025726
805,1274,0.22359730303287506
805,643,0.20724637806415558
805,253,0.20101021230220795
805,308,0.16463355720043182
805,1286,0.13785381615161896
805,1733,0.11988489329814911
805,1935,0.1022736057639122
805,1991,0.097694285213947296
805,775,0.091135822236537933
806,806,0
806,1597,1
806,174,0.36704495549201965
806,376,0.31024402379989624
806,1001,0.30242854356765747
806,1380,0.25978222489356995
806,387,0.23038619756698608
806,1281,0.21317069232463837
806,1909,0.2038346529006958
806,1539,0.19277018308639526
806,1852,0.18393179774284363
806,912,0.17411299049854279
806,1322,0.15808820724487305
806,1235,0.15644824504852295
806,69,0.15464676916599274
807,807,0
807,355,1
807,1267,0.8784446120262146
807,1417,0.63066840171813965
807,815,0.21208766102790833
807,1382,0.1907774955034256
807,66,0.13716922700405121
807,1132,0.13630656898021698
807,743,0.13095934689044952
807,1895,0.11293193697929382
807,45,0.10135733336210251
807,816,0.10028731822967529
807,1013,0.09572262316942215
807,199,0.090700425207614899
807,824,0.089480556547641754
808,808,0
808,1151,1
808,1799,0.42086580395698547
808,1784,0.40505865216255188
808,934,0.3660542368888855
808,1243,0.33881604671478271
808,1459,0.22049321234226227
808,1998,0.21991056203842163
808,272,0.18456347286701202
808,1770,0.17923690378665924
808,1101,0.13107572495937347
808,1308,0.12141434103250504
808,165,0.10981164872646332
808,412,0.10606313496828079
808,304,0.1035296618938446
809,809,0
809,1868,1
809,265,0.53317254781723022
809,885,0.35079485177993774
809,1810,0.25367581844329834
809,446,0.22552961111068726
809,598,0.22454684972763062
809,1882,0.21256797015666962
809,1727,0.21133050322532654
809,1231,0.19879356026649475
809,1544,0.16407123208045959
809,714,0.14660018682479858
809,1244,0.14313863217830658
809,1428,0.1266961544752121
809,1370,0.11597055941820145
810,810,0
810,1500,1
810,1620,0.62979310750961304
810,409,0.38401362299919128
810,1587,0.25201967358589172
810,1764,0.20922742784023285
810,1910,0.17827755212783813
810,1239,0.1766495406627655
810,1521,0.17531092464923859
810,1954,0.16338840126991272
810,1518,0.16307702660560608
810,1402,0.1620212197303772
810,1041,0.14838871359825134
810,688,0.13745628297328949
810,475,0.1272692084312439
811,811,0
811,15,1
811,1960,0.85567456483840942
811,425,0.53955811262130737
811,1010,0.31606578826904297
811,1617,0.20381082594394684
811,1699,0.17699232697486877
811,796,0.16873183846473694
811,1390,0.12935103476047516
811,582,0.10387530922889709
811,1499,0.097662746906280518
811,818,0.091560669243335724
811,646,0.080018788576126099
811,1574,0.075950197875499725
811,277,0.067645318806171417
812,812,0
812,1590,1
812,117,0.97674453258514404
812,288,0.50643765926361084
812,1958,0.27532294392585754
812,756,0.19090527296066284
812,1683,0.16859951615333557
812,252,0.15230517089366913
812,1916,0.127724289894104
812,227,0.10757255554199219
812,879,0.10390991717576981
812,1491,0.095000259578227997
812,1086,0.07521674782037735
812,1860,0.073957689106464386
812,186,0.053186830133199692
813,813,0
813,1980,1
813,1315,0.46314284205436707
813,971,0.33042770624160767
813,1484,0.29879641532897949
813,269,0.24685809016227722
813,278,0.23472608625888824
813,1344,0.2341269850730896
813,9,0.20513536036014557
813,293,0.19537414610385895
813,1325,0.17353092133998871
813,1057,0.1505265086889267
813,1867,0.12742097675800323
813,450,0.12697890400886536
813,47,0.11985165625810623
814,814,0
814,246,1
814,1929,0.44734561443328857
814,452,0.29573953151702881
814,1975,0.292246013879776
814,70,0.26408487558364868
814,1622,0.23383064568042755
814,1578,0.20010793209075928
814,1766,0.19486470520496368
814,1640,0.18376699090003967
814,1837,0.17666484415531158
814,1758,0.16362835466861725
814,454,0.15259966254234314
814,1522,0.15153089165687561
814,1716,0.1504807323217392
815,815,0
815,1267,1
815,355,0.73026430606842041
815,743,0.51892328262329102
815,45,0.47184234857559204
815,1025,0.22789150476455688
815,57,0.20587274432182312
815,1961,0.19633860886096954
815,275,0.14604358375072479
815,1046,0.10017643868923187
815,998,0.074911750853061676
815,271,0.066788524389266968
815,363,0.065716437995433807
815,536,0.059120491147041321
815,66,0.042993396520614624
816,816,0
816,946,1
816,1764,0.77519041299819946
816,1892,0.72995084524154663
816,807,0.67901211977005005
816,355,0.23821128904819489
816,171,0.096899636089801788
816,1382,0.079581134021282196
816,199,0.069098412990570068
816,725,0.067828677594661713
816,1954,0.058780882507562637
816,1417,0.041131731122732162
816,1267,0.027737526223063469
816,1354,0.025090571492910385
816,1422,0.018373271450400352
817,817,0
817,1182,1
817,1674,0.46486231684684753
817,1783,0.42449644207954407
817,995,0.41082772612571716
817,1314,0.27149093151092529
817,1506,0.21599778532981873
817,1676,0.20217709243297577
817,58,0.18005876243114471
817,218,0.17595227062702179
817,249,0.16088137030601501
817,1190,0.13230571150779724
817,1416,0.093943275511264801
817,753,0.091150403022766113
817,1332,0.082756459712982178
818,818,0
818,441,1
818,277,0.90317022800445557
818,425,0.6595999002456665
818,715,0.18673519790172577
818,1740,0.18632040917873383
818,1699,0.14745429158210754
818,1875,0.14101284742355347
818,796,0.1405983567237854
818,811,0.11313187330961227
818,26,0.11166713386774063
818,325,0.099609062075614929
818,186,0.079211689531803131
818,1426,0.069374226033687592
818,1682,0.069009914994239807
819,819,0
819,1525,1
819,731,0.71739059686660767
819,1468,0.69561350345611572
819,1797,0.37119331955909729
819,1567,0.20406368374824524
819,1335,0.19450810551643372
819,776,0.19001650810241699
819,1486,0.13416405022144318
819,539,0.091920755803585052
819,333,0.090817928314208984
819,164,0.064578674733638763
819,1328,0.05735870823264122
819,1666,0.053197406232357025
819,514,0.042067263275384903
820,820,0
820,408,1
820,1564,0.42437392473220825
820,1780,0.31314477324485779
820,1543,0.24282515048980713
820,310,0.2392137348651886
820,944,0.23133546113967896
820,899,0.22774742543697357
820,1291,0.2185119092464447
820,1865,0.21159276366233826
820,1884,0.18674792349338531
820,1610,0.17681258916854858
820,1305,0.14970667660236359
820,1668,0.14526773989200592
820,45,0.13960811495780945
821,821,0
821,1404,1
821,1292,0.71118104457855225
821,937,0.48717570304870605
821,710,0.2297905832529068
821,795,0.20697571337223053
821,890,0.168674036860466
821,1579,0.16216887533664703
821,721,0.15075483918190002
821,1321,0.14466968178749084
821,1304,0.14254520833492279
821,1919,0.14226303994655609
821,1804,0.12579037249088287
821,1772,0.11910337209701538
821,429,0.11580127477645874
822,822,0
822,474,1
822,1644,0.99008995294570923
822,1685,0.5676688551902771
822,1066,0.34433290362358093
822,604,0.19429279863834381
822,504,0.13673660159111023
822,520,0.13571317493915558
822,944,0.12395732849836349
822,414,0.11046215146780014
822,1366,0.071053110063076019
822,1971,0.061666183173656464
822,1158,0.060951892286539078
822,754,0.057287994772195816
822,158,0.052678570151329041
823,823,0
823,1472,1
823,1957,0.63104265928268433
823,553,0.40370076894760132
823,783,0.26443707942962646
823,254,0.22906075417995453
823,136,0.21907807886600494
823,584,0.21423208713531494
823,345,0.21400624513626099
823,28,0.1701921671628952
823,839,0.1668742299079895
823,1770,0.10138121247291565
823,414,0.10118240863084793
823,1357,0.099572330713272095
823,1492,0.092127978801727295
824,824,0
824,1895,1
824,1382,0.42221775650978088
824,1920,0.33956515789031982
824,1939,0.30035057663917542
824,564,0.21831876039505005
824,886,0.2180573046207428
824,1800,0.20071119070053101
824,1979,0.18743757903575897
824,1015,0.18702083826065063
824,1745,0.18016065657138824
824,45,0.17920249700546265
824,1120,0.17043186724185944
824,1847,0.16510742902755737
824,1417,0.13830064237117767
825,825,0
825,930,1
825,480,0.73388504981994629
825,423,0.44789963960647583
825,623,0.25557506084442139
825,1328,0.22634047269821167
825,538,0.20519393682479858
825,1886,0.19336283206939697
825,1991,0.15189158916473389
825,445,0.13528576493263245
825,141,0.11778958141803741
825,1024,0.11593765765428543
825,1384,0.11020622402429581
825,1321,0.10935826599597931
825,253,0.1041572317481041
826,826,0
826,1243,1
826,1101,0.44912323355674744
826,833,0.40510916709899902
826,165,0.37430399656295776
826,1459,0.28327181935310364
826,808,0.23487891256809235
826,1998,0.20481729507446289
826,1799,0.18951964378356934
826,1312,0.16877390444278717
826,1547,0.15276102721691132
826,1888,0.13072319328784943
826,634,0.12013625353574753
826,28,0.10346910357475281
826,947,0.090010039508342743
827,827,0
827,1992,1
827,1077,0.56048959493637085
827,411,0.3417116105556488
827,982,0.28530764579772949
827,451,0.25864425301551819
827,356,0.23228591680526733
827,348,0.19252461194992065
827,497,0.16621045768260956
827,535,0.16032129526138306
827,865,0.15623199939727783
827,264,0.15440522134304047
827,1313,0.13522008061408997
827,1330,0.13229121267795563
827,1318,0.13124428689479828
828,828,0
828,1602,1
828,766,0.61519140005111694
828,1607,0.38424822688102722
828,599,0.29480543732643127
828,966,0.20918066799640656
828,1721,0.1897529661655426
828,1184,0.18125195801258087
828,661,0.17496587336063385
828,957,0.16087007522583008
828,1665,0.15863750874996185
828,1097,0.15151324868202209
828,1669,0.14011107385158539
828,649,0.12596093118190765
828,415,0.12040482461452484
829,829,0
829,1092,1
829,1651,0.77119678258895874
829,1557,0.39496040344238281
829,1432,0.23829655349254608
829,232,0.22438123822212219
829,1460,0.20705726742744446
829,62,0.18765927851200104
829,255,0.18209065496921539
829,1074,0.15209999680519104
829,2,0.12802043557167053
829,717,0.11869394779205322
829,1660,0.11099910736083984
829,1532,0.097510889172554016
829,1628,0.093920968472957611
830,830,0
830,613,1
830,532,0.89693361520767212
830,77,0.56368130445480347
830,981,0.3247508704662323
830,1791,0.30836102366447449
830,1612,0.1288425624370575
830,573,0.12509889900684357
830,1475,0.10420116782188416
830,70,0.082819260656833649
830,875,0.082098089158535004
830,1473,0.079992935061454773
830,658,0.073455102741718292
830,1149,0.069012202322483063
830,1542,0.067640282213687897
831,831,0
831,412,1
831,449,0.29103431105613708
831,1564,0.26992356777191162
831,1891,0.26217737793922424
831,589,0.24800354242324829
831,1329,0.24397492408752441
831,1771,0.21770840883255005
831,705,0.21487632393836975
831,983,0.19947047531604767
831,1158,0.19907887279987335
831,1770,0.19483344256877899
831,944,0.19105172157287598
831,319,0.19069348275661469
831,1151,0.18406003713607788
832,832,0
832,89,1
832,179,0.52716809511184692
832,1165,0.44109490513801575
832,1787,0.43951073288917542
832,1922,0.29839169979095459
832,1822,0.22064365446567535
832,1607,0.20229525864124298
832,1362,0.16348288953304291
832,1944,0.13850861787796021
832,1586,0.12999802827835083
832,599,0.11492930352687836
832,1142,0.097766794264316559
832,903,0.067810669541358948
832,1405,0.065286561846733093
833,833,0
833,826,1
833,1101,0.34370177984237671
833,1459,0.30161094665527344
833,1998,0.29356953501701355
833,431,0.28181114792823792
833,448,0.24090565741062164
833,1368,0.21148672699928284
833,432,0.2060757577419281
833,287,0.19628061354160309
833,1987,0.19336292147636414
833,589,0.1926402747631073
833,1955,0.15784081816673279
833,1243,0.15047456324100494
833,1403,0.13712544739246368
834,834,0
834,901,1
834,1510,0.85237628221511841
834,1507,0.25511258840560913
834,1813,0.201092928647995
834,876,0.18630847334861755
834,1157,0.18498390913009644
834,1282,0.1814822256565094
834,148,0.17055538296699524
834,1265,0.16655009984970093
834,1323,0.14673484861850739
834,1588,0.14584074914455414
834,1113,0.14481395483016968
834,8,0.13731494545936584
834,516,0.13372567296028137
835,835,0
835,184,1
835,1413,0.54900944232940674
835,1012,0.42444714903831482
835,274,0.40155285596847534
835,124,0.32915681600570679
835,22,0.20399697124958038
835,245,0.20174193382263184
835,1636,0.2003534734249115
835,397,0.14321036636829376
835,455,0.1207282692193985
835,1615,0.10079783201217651
835,664,0.095482267439365387
835,1546,0.088238239288330078
835,976,0.048173055052757263
836,836,0
836,1841,1
836,1870,0.44119682908058167
836,751,0.41596019268035889
836,1123,0.3049616813659668
836,371,0.21118773519992828
836,1479,0.203171506524086
836,1635,0.19844545423984528
836,1511,0.19350516796112061
836,951,0.19206392765045166
836,1506,0.16869029402732849
836,1753,0.16731218993663788
836,1327,0.16059684753417969
836,1934,0.12749847769737244
836,1249,0.12229716032743454
837,837,0
837,1878,1
837,127,0.68670427799224854
837,725,0.6510549783706665
837,64,0.50490307807922363
837,88,0.29101505875587463
837,190,0.13059447705745697
837,1042,0.10597085207700729
837,1520,0.10494321584701538
837,868,0.1012265607714653
837,1632,0.099168531596660614
837,518,0.067170716822147369
837,1812,0.057828869670629501
837,1176,0.054493248462677002
837,705,0.051814701408147812
838,838,0
838,1330,1
838,1604,0.47717264294624329
838,2,0.29358559846878052
838,1532,0.28157785534858704
838,243,0.27962639927864075
838,568,0.24855558574199677
838,596,0.1950920969247818
838,369,0.18426553905010223
838,1092,0.17874638736248016
838,499,0.17408227920532227
838,1253,0.15771278738975525
838,1283,0.15227507054805756
838,1303,0.14621330797672272
838,1474,0.13798089325428009
839,839,0
839,1472,1
839,136,0.92604047060012817
839,1291,0.45294612646102905
839,345,0.30262500047683716
839,1957,0.2158866822719574
839,553,0.19353155791759491
839,28,0.17518390715122223
839,1926,0.16729094088077545
839,1261,0.089824818074703217
839,448,0.089169852435588837
839,1708,0.082071341574192047
839,1953,0.078136123716831207
839,409,0.071134202182292938
839,1587,0.063051149249076843
840,840,0
840,165,1
840,1148,0.47564488649368286
840,1243,0.44448783993721008
840,1308,0.42629015445709229
840,1752,0.2854844331741333
840,203,0.24086371064186096
840,1976,0.16896665096282959
840,1972,0.14867942035198212
840,1600,0.14368069171905518
840,1158,0.13989457488059998
840,1610,0.12412077933549881
840,1858,0.12203935533761978
840,349,0.094428025186061859
840,1547,0.092305541038513184
841,841,0
841,988,1
841,298,0.69943320751190186
841,79,0.34599384665489197
841,109,0.26180264353752136
841,1273,0.25914269685745239
841,293,0.24944417178630829
841,1696,0.22222059965133667
841,118,0.20589017868041992
841,1801,0.15356510877609253
841,491,0.13795594871044159
841,1936,0.10725129395723343
841,380,0.097954921424388885
841,459,0.094771526753902435
841,1528,0.071463689208030701
842,842,0
842,1399,1
842,1349,0.75572466850280762
842,1608,0.38643848896026611
842,1353,0.3490740954875946
842,1323,0.32479196786880493
842,540,0.21206916868686676
842,51,0.17778511345386505
842,1930,0.16883507370948792
842,742,0.14974448084831238
842,8,0.10906754434108734
842,1943,0.095376789569854736
842,871,0.080169014632701874
842,1248,0.051102176308631897
842,148,0.046710945665836334
843,843,0
843,1781,1
843,356,0.67739909887313843
843,956,0.4689217209815979
843,411,0.28813463449478149
843,1700,0.25912284851074219
843,723,0.17453692853450775
843,1793,0.17280875146389008
843,451,0.17214134335517883
843,1085,0.1445126086473465
843,233,0.1327536404132843
843,264,0.12562358379364014
843,350,0.097945086658000946
843,1077,0.096821099519729614
843,18,0.096162639558315277
844,844,0
844,368,1
844,1283,0.52764976024627686
844,1936,0.51768350601196289
844,942,0.40498638153076172
844,1273,0.33254468441009521
844,38,0.23418587446212769
844,242,0.21963152289390564
844,1818,0.19497521221637726
844,1553,0.10491792112588882
844,223,0.094588838517665863
844,655,0.089405789971351624
844,1162,0.088829264044761658
844,861,0.051097288727760315
844,954,0.046390809118747711
845,845,0
845,1671,1
845,106,0.45490643382072449
845,469,0.33923438191413879
845,351,0.31454533338546753
845,903,0.26284611225128174
845,970,0.24503494799137115
845,1628,0.21826304495334625
845,1557,0.1684974879026413
845,848,0.16721262037754059
845,1615,0.15691564977169037
845,505,0.15251769125461578
845,1659,0.15115031599998474
845,615,0.14556272327899933
845,1074,0.13019998371601105
846,846,0
846,1882,1
846,20,0.64246124029159546
846,673,0.39558497071266174
846,885,0.3089173436164856
846,1566,0.25006294250488281
846,592,0.24402955174446106
846,1244,0.18285121023654938
846,1884,0.17112311720848083
846,472,0.14118330180644989
846,714,0.12830345332622528
846,338,0.11577647924423218
846,163,0.11326668411493301
846,1305,0.11308635026216507
846,477,0.10024286061525345
847,847,0
847,963,1
847,295,0.53872525691986084
847,534,0.52777689695358276
847,1412,0.29495522379875183
847,205,0.25867283344268799
847,1263,0.24949434399604797
847,86,0.24548909068107605
847,511,0.15414890646934509
847,1086,0.11745146661996841
847,1645,0.11391013860702515
847,1199,0.11056670546531677
847,154,0.10511840134859085
847,343,0.098211593925952911
847,1958,0.092359915375709534
848,848,0
848,1767,1
848,800,0.84989583492279053
848,469,0.44310289621353149
848,1651,0.31787461042404175
848,62,0.28738069534301758
848,953,0.22751142084598541
848,267,0.13073098659515381
848,233,0.12661649286746979
848,150,0.11378972977399826
848,1219,0.094937384128570557
848,465,0.087788850069046021
848,558,0.083036728203296661
848,1122,0.077946580946445465
848,972,0.06628359854221344
849,849,0
849,1141,1
849,1605,0.55335843563079834
849,1140,0.383848637342453
849,862,0.23346699774265289
849,1794,0.20677052438259125
849,177,0.20246736705303192
849,740,0.20159393548965454
849,1024,0.20020806789398193
849,1093,0.1840997040271759
849,1747,0.17874114215373993
849,25,0.17232348024845123
849,1349,0.14222276210784912
849,1506,0.13463187217712402
849,218,0.11316511034965515
850,850,0
850,777,1
850,1233,0.7416267991065979
850,1836,0.41471022367477417
850,797,0.31879660487174988
850,586,0.21305388212203979
850,625,0.20925219357013702
850,1622,0.18077674508094788
850,964,0.17827750742435455
850,1861,0.15437380969524384
850,167,0.12038619816303253
850,1423,0.11979848891496658
850,715,0.090823769569396973
850,1975,0.084424540400505066
850,1630,0.08059423416852951
851,851,0
851,1675,1
851,768,0.60921591520309448
851,339,0.28838300704956055
851,1871,0.27379888296127319
851,1403,0.24169561266899109
851,614,0.21922214329242706
851,1566,0.20621642470359802
851,268,0.18779078125953674
851,895,0.17754767835140228
851,1225,0.16954518854618073
851,1443,0.1512129008769989
851,1923,0.14730159938335419
851,1244,0.12146628648042679
851,846,0.11349215358495712
852,852,0
852,1249,1
852,706,0.93104147911071777
852,1115,0.745064377784729
852,390,0.33464416861534119
852,1391,0.20596671104431152
852,1150,0.19501803815364838
852,1274,0.10662908107042313
852,1258,0.091527163982391357
852,1934,0.068471051752567291
852,1455,0.058413468301296234
852,1212,0.050657637417316437
852,139,0.046701937913894653
852,107,0.038357503712177277
852,1619,0.034402616322040558
853,853,0
853,762,1
853,1815,0.57013535499572754
853,103,0.55757975578308105
853,211,0.45086318254470825
853,849,0.19073450565338135
853,1730,0.18264512717723846
853,1140,0.1393943578004837
853,1172,0.12792737782001495
853,967,0.12683700025081635
853,424,0.12101742625236511
853,884,0.11321986466646194
853,218,0.11096087098121643
853,706,0.10881949216127396
853,500,0.10676062107086182
854,854,0
854,1121,1
854,1694,0.43978708982467651
854,1231,0.40626278519630432
854,64,0.34811076521873474
854,1355,0.24913066625595093
854,1287,0.22221961617469788
854,1407,0.20730370283126831
854,799,0.18730497360229492
854,1891,0.1858256608247757
854,575,0.17321614921092987
854,1583,0.14108066260814667
854,757,0.11996117979288101
854,820,0.11959031224250793
854,1560,0.10710040479898453
855,855,0
855,303,1
855,239,0.84237474203109741
855,1981,0.56504136323928833
855,1561,0.37020748853683472
855,16,0.29389065504074097
855,582,0.20974071323871613
855,680,0.20678746700286865
855,1877,0.11757757514715195
855,1792,0.076385706663131714
855,711,0.054671518504619598
855,328,0.051057163625955582
855,496,0.042022116482257843
855,1146,0.041247580200433731
855,1126,0.035880062729120255
856,856,0
856,1548,1
856,1276,0.39565232396125793
856,340,0.31327694654464722
856,1669,0.27316069602966309
856,1094,0.25604206323623657
856,1022,0.24887187778949738
856,294,0.23765769600868225
856,1191,0.20780469477176666
856,1777,0.18503065407276154
856,1581,0.17611284554004669
856,1967,0.17240621149539948
856,1012,0.15459661185741425
856,664,0.14468380808830261
856,921,0.14160351455211639
857,857,0
857,993,1
857,118,0.93770986795425415
857,880,0.29792484641075134
857,1484,0.29424667358398438
857,718,0.18231543898582458
857,636,0.16380608081817627
857,1006,0.15296222269535065
857,716,0.15242163836956024
857,723,0.15018925070762634
857,1325,0.13260768353939056
857,1901,0.12050040066242218
857,1252,0.11715864390134811
857,603,0.10411415249109268
857,971,0.10092738270759583
858,858,0
858,1695,1
858,878,0.3835722804069519
858,1938,0.30558627843856812
858,969,0.30015897750854492
858,1467,0.27313104271888733
858,296,0.26317209005355835
858,1859,0.21485687792301178
858,285,0.20627774298191071
858,1259,0.18133468925952911
858,1885,0.17188826203346252
858,444,0.1690080314874649
858,531,0.14855997264385223
858,1335,0.14581659436225891
858,600,0.14353130757808685
859,859,0
859,1293,1
859,1126,0.53684556484222412
859,940,0.52293097972869873
859,916,0.46547624468803406
859,5,0.24194693565368652
859,482,0.18431490659713745
859,69,0.17805276811122894
859,1958,0.15297326445579529
859,1159,0.13200384378433228
859,909,0.1159127801656723
859,239,0.11066243797540665
859,758,0.093372218310832977
859,1227,0.089882597327232361
859,1683,0.08250804990530014
860,860,0
860,1416,1
860,141,0.55998152494430542
860,480,0.54047834873199463
860,623,0.43377071619033813
860,333,0.33076512813568115
860,1328,0.28916114568710327
860,1935,0.23735702037811279
860,1079,0.13899193704128265
860,643,0.12879845499992371
860,1635,0.062578879296779633
860,1391,0.052365154027938843
860,1751,0.049759633839130402
860,1947,0.04240553081035614
860,1731,0.040486898273229599
861,861,0
861,1069,1
861,681,0.87442117929458618
861,1568,0.63869935274124146
861,624,0.4755195677280426
861,243,0.15813127160072327
861,788,0.14880314469337463
861,1457,0.14588275551795959
861,1067,0.10942224413156509
861,459,0.10245219618082047
861,1967,0.072533339262008667
861,546,0.063209705054759979
861,1260,0.046553727239370346
861,1268,0.0403725765645504
861,585,0.030894352123141289
862,862,0
862,1579,1
862,849,0.53882122039794922
862,1747,0.34642943739891052
862,1140,0.24612873792648315
862,1349,0.22874188423156738
862,1608,0.2261623740196228
862,177,0.19495716691017151
862,1089,0.17930644750595093
862,427,0.17297585308551788
862,1093,0.16693221032619476
862,1393,0.16419997811317444
862,299,0.15453633666038513
862,538,0.14447273313999176
862,1381,0.14323389530181885
863,863,0
863,1129,1
863,1639,0.52346038818359375
863,787,0.40812736749649048
863,1894,0.34850847721099854
863,741,0.24465571343898773
863,1280,0.22202979028224945
863,671,0.2024359405040741
863,1074,0.17664769291877747
863,1822,0.17538264393806458
863,1460,0.16192884743213654
863,273,0.12689130008220673
863,524,0.12581256031990051
863,1628,0.098835647106170654
863,736,0.092175282537937164
864,864,0
864,1601,1
864,946,0.71567630767822266
864,882,0.49822935461997986
864,1872,0.31589874625205994
864,1920,0.2477169930934906
864,45,0.19942387938499451
864,1498,0.16455824673175812
864,998,0.16315443813800812
864,355,0.1563144326210022
864,41,0.12179049104452133
864,172,0.11419133096933365
864,1580,0.090214699506759644
864,1382,0.065333008766174316
864,275,0.054397009313106537
865,865,0
865,1805,1
865,1295,0.81276893615722656
865,1303,0.52726048231124878
865,2,0.21046368777751923
865,1700,0.17687870562076569
865,1967,0.15587200224399567
865,535,0.14909981191158295
865,1077,0.14408573508262634
865,1457,0.14272391796112061
865,1268,0.13114956021308899
865,1330,0.12155942618846893
865,856,0.12088671326637268
865,1030,0.10939187556505203
865,369,0.10475343465805054
866,866,0
866,1696,1
866,1980,0.42534476518630981
866,633,0.33881741762161255
866,1131,0.31538251042366028
866,900,0.25129354000091553
866,585,0.2329433262348175
866,666,0.20354257524013519
866,289,0.20220433175563812
866,1138,0.18438202142715454
866,1936,0.18337476253509521
866,1818,0.18268576264381409
866,1260,0.18086746335029602
866,1626,0.11777301132678986
866,804,0.088281698524951935
867,867,0
867,1578,1
867,1473,0.51533991098403931
867,70,0.3257250189781189
867,1599,0.3230169415473938
867,26,0.29329147934913635
867,1860,0.23744885623455048
867,452,0.19692674279212952
867,438,0.17644636332988739
867,1103,0.15151280164718628
867,1876,0.14337252080440521
867,1837,0.14202103018760681
867,1149,0.1366446316242218
867,1766,0.13275034725666046
867,248,0.13239128887653351
868,868,0
868,1907,1
868,1577,0.57522356510162354
868,1878,0.40438738465309143
868,968,0.28611499071121216
868,481,0.21573136746883392
868,190,0.21489658951759338
868,653,0.20928919315338135
868,374,0.19772195816040039
868,1803,0.15616326034069061
868,1120,0.14566129446029663
868,64,0.13323694467544556
868,1603,0.12582987546920776
868,1145,0.12186574935913086
868,591,0.12076560407876968
869,869,0
869,980,1
869,1009,0.97120708227157593
869,347,0.68138837814331055
869,875,0.24535717070102692
869,1032,0.22533775866031647
869,1178,0.15782129764556885
869,73,0.10107419639825821
869,1475,0.093272693455219269
869,1229,0.083111897110939026
869,260,0.080156758427619934
869,515,0.07841075211763382
869,452,0.075223974883556366
869,1750,0.062135614454746246
869,532,0.052386417984962463
870,870,0
870,1481,1
870,1281,0.39120376110076904
870,792,0.32264712452888489
870,949,0.2947278618812561
870,1597,0.28280627727508545
870,1235,0.25467473268508911
870,174,0.2022104412317276
870,1861,0.18460623919963837
870,1742,0.1786973625421524
870,428,0.17221622169017792
870,1001,0.16538359224796295
870,1814,0.16445530951023102
870,1640,0.1484314352273941
870,1766,0.1448332816362381
871,871,0
871,1642,1
871,1478,0.64934825897216797
871,1323,0.54257750511169434
871,200,0.35134264826774597
871,1938,0.26831531524658203
871,58,0.16678924858570099
871,1399,0.15984930098056793
871,148,0.12974461913108826
871,1809,0.12707367539405823
871,769,0.12413134425878525
871,61,0.10980547219514847
871,1431,0.10358014702796936
871,1507,0.094207465648651123
871,1890,0.080128632485866547
872,872,0
872,1447,1
872,1623,0.88762539625167847
872,116,0.80288171768188477
872,1233,0.30685034394264221
872,1237,0.25616535544395447
872,1423,0.22261868417263031
872,241,0.14051319658756256
872,1018,0.084208540618419647
872,167,0.058376643806695938
872,453,0.03948657214641571
872,1909,0.031026067212224007
872,548,0.029053822159767151
872,358,0.025393214076757431
872,428,0.022697120904922485
873,873,0
873,1745,1
873,1847,0.64144337177276611
873,403,0.58836185932159424
873,349,0.35180509090423584
873,1979,0.2453053891658783
873,886,0.22713729739189148
873,1972,0.15832296013832092
873,536,0.14120811223983765
873,563,0.13718785345554352
873,1646,0.1308838278055191
873,446,0.095427945256233215
873,545,0.08428637683391571
873,1151,0.056149251759052277
873,1803,0.049364160746335983
874,874,0
874,1740,1
874,186,0.57392477989196777
874,657,0.41623970866203308
874,441,0.36906629800796509
874,1840,0.35988685488700867
874,1875,0.26900973916053772
874,1761,0.23709504306316376
874,325,0.23622608184814453
874,715,0.14842018485069275
874,818,0.11398645490407944
874,167,0.064372994005680084
874,507,0.052901431918144226
874,1425,0.038246449083089828
874,1324,0.027515936642885208
875,875,0
875,532,1
875,1842,0.43110507726669312
875,573,0.39337432384490967
875,187,0.34686180949211121
875,1451,0.31171184778213501
875,869,0.28616270422935486
875,981,0.24998944997787476
875,980,0.19945858418941498
875,613,0.1905665248632431
875,1237,0.12958766520023346
875,1750,0.12519562244415283
875,387,0.086906366050243378
875,452,0.078564852476119995
875,587,0.077407494187355042
876,876,0
876,299,1
876,1747,0.6926192045211792
876,1393,0.3537362813949585
876,901,0.28771311044692993
876,834,0.25906625390052795
876,1625,0.24286696314811707
876,1307,0.22336445748806
876,522,0.18414916098117828
876,1506,0.15351656079292297
876,486,0.13205888867378235
876,1372,0.1184162050485611
876,33,0.097426675260066986
876,1363,0.082330502569675446
876,1507,0.079631149768829346
877,877,0
877,1245,1
877,203,0.42094516754150391
877,304,0.24691374599933624
877,517,0.23897232115268707
877,526,0.23595726490020752
877,1955,0.22576931118965149
877,1459,0.22462180256843567
877,1596,0.21619842946529388
877,1392,0.20314992964267731
877,265,0.19524937868118286
877,1685,0.18357662856578827
877,1924,0.18112292885780334
877,1564,0.17193330824375153
877,1971,0.16248913109302521
878,878,0
878,1136,1
878,1938,0.57865190505981445
878,1467,0.54582178592681885
878,1890,0.53842896223068237
878,416,0.27742165327072144
878,444,0.21656186878681183
878,177,0.15729683637619019
878,1695,0.13947701454162598
878,858,0.13451370596885681
878,917,0.09685196727514267
878,531,0.084195494651794434
878,1947,0.051272984594106674
878,600,0.043903425335884094
878,1323,0.042488537728786469
879,879,0
879,1686,1
879,1722,0.6330980658531189
879,1086,0.41559416055679321
879,5,0.40905794501304626
879,1782,0.40101417899131775
879,1964,0.19077242910861969
879,196,0.12599867582321167
879,306,0.12013227492570877
879,1324,0.11804535984992981
879,1227,0.10523688793182373
879,756,0.10090076923370361
879,936,0.099543586373329163
879,662,0.097068853676319122
879,303,0.090426079928874969
880,880,0
880,636,1
880,1528,0.7080187201499939
880,118,0.36292961239814758
880,1556,0.35697725415229797
880,56,0.24193646013736725
880,935,0.21872617304325104
880,716,0.17730216681957245
880,1022,0.14672896265983582
880,1374,0.13433925807476044
880,491,0.12566240131855011
880,206,0.12249515950679779
880,1280,0.10660617798566818
880,1602,0.10313437134027481
880,195,0.10202747583389282
881,881,0
881,1440,1
881,1919,0.4060492217540741
881,538,0.36777809262275696
881,948,0.35324552655220032
881,1384,0.263750821352005
881,1328,0.24094825983047485
881,25,0.21162156760692596
881,1445,0.19554486870765686
881,329,0.18380776047706604
881,141,0.16722190380096436
881,1306,0.16002543270587921
881,1007,0.13265050947666168
881,825,0.12158139795064926
881,1692,0.10266803950071335
882,882,0
882,172,1
882,331,0.47179970145225525
882,1760,0.33628976345062256
882,567,0.27541685104370117
882,955,0.25101399421691895
882,1847,0.24016842246055603
882,1308,0.20888222754001617
882,517,0.18859627842903137
882,101,0.17802508175373077
882,864,0.17191016674041748
882,1888,0.1555580198764801
882,998,0.14770771563053131
882,1547,0.14739334583282471
882,1872,0.13412725925445557
883,883,0
883,1002,1
883,1329,0.96815711259841919
883,254,0.26026013493537903
883,705,0.20834237337112427
883,1600,0.20350430905818939
883,477,0.1951296329498291
883,319,0.18025979399681091
883,1305,0.15544337034225464
883,475,0.14975278079509735
883,345,0.14543788135051727
883,1518,0.12128310650587082
883,1610,0.11543971300125122
883,224,0.10645966976881027
883,412,0.097411550581455231
884,884,0
884,892,1
884,161,0.4612729549407959
884,1323,0.4204866886138916
884,424,0.31056851148605347
884,148,0.24884340167045593
884,103,0.19988463819026947
884,1930,0.18722552061080933
884,357,0.18336039781570435
884,1112,0.17957204580307007
884,1853,0.17823849618434906
884,740,0.16399544477462769
884,42,0.15118990838527679
884,1896,0.11243660748004913
884,1270,0.10981683433055878
885,885,0
885,714,1
885,575,0.5842168927192688
885,1370,0.38172066211700439
885,846,0.33198913931846619
885,265,0.27349686622619629
885,1231,0.27050438523292542
885,1244,0.21927495300769806
885,99,0.18102633953094482
885,763,0.12513934075832367
885,1406,0.12024606764316559
885,95,0.11835882067680359
885,1121,0.11666455119848251
885,1933,0.098935633897781372
885,1320,0.08532404899597168
886,886,0
886,1745,1
886,1519,0.96340781450271606
886,1979,0.72513657808303833
886,1646,0.18603746592998505
886,11,0.17475232481956482
886,1847,0.17028422653675079
886,1216,0.13820239901542664
886,403,0.10045699030160904
886,349,0.0868721604347229
886,873,0.082274012267589569
886,460,0.075903527438640594
886,536,0.072590328752994537
886,464,0.066865019500255585
886,1920,0.064110912382602692
887,887,0
887,1662,1
887,1514,0.50087982416152954
887,1285,0.47863659262657166
887,767,0.45708870887756348
887,1091,0.3668174147605896
887,1369,0.31341221928596497
887,1440,0.18641319870948792
887,1530,0.14105135202407837
887,261,0.10164366662502289
887,1169,0.085233546793460846
887,1408,0.077498674392700195
887,166,0.07075846940279007
887,329,0.06422647088766098
887,214,0.06323348730802536
888,888,0
888,1065,1
888,30,0.68512028455734253
888,1174,0.37063559889793396
888,978,0.24942244589328766
888,1942,0.19457684457302094
888,410,0.19103530049324036
888,727,0.18005654215812683
888,1178,0.16552247107028961
888,328,0.15790474414825439
888,701,0.15021157264709473
888,1750,0.14792412519454956
888,774,0.14407096803188324
888,1083,0.13618090748786926
888,1561,0.13422608375549316
889,889,0
889,1211,1
889,1102,0.28253471851348877
889,1576,0.26879820227622986
889,1763,0.25293365120887756
889,1199,0.23607710003852844
889,1203,0.23484756052494049
889,1103,0.2329423576593399
889,1126,0.23201024532318115
889,1174,0.22564545273780823
889,391,0.21503566205501556
889,1942,0.20998801290988922
889,454,0.19809228181838989
889,1522,0.16932283341884613
889,1499,0.14866176247596741
890,890,0
890,1772,1
890,1321,0.62279033660888672
890,1968,0.33473363518714905
890,538,0.23065005242824554
890,208,0.22716745734214783
890,1608,0.22303429245948792
890,25,0.20976512134075165
890,1404,0.19145765900611877
890,253,0.17665284872055054
890,1816,0.15554593503475189
890,1134,0.15055640041828156
890,393,0.14738991856575012
890,427,0.12021631002426147
890,825,0.11693358421325684
891,891,0
891,1458,1
891,676,0.89861488342285156
891,1898,0.66170775890350342
891,181,0.41223517060279846
891,1137,0.38809654116630554
891,59,0.15411831438541412
891,509,0.13587294518947601
891,1929,0.069447971880435944
891,1347,0.063748277723789215
891,1032,0.059280663728713989
891,151,0.02847152017056942
891,1798,0.019800759851932526
891,383,0.008606848306953907
891,796,0.0068983873352408409
892,892,0
892,884,1
892,1853,0.72050637006759644
892,1323,0.60227155685424805
892,1930,0.27364459633827209
892,103,0.20177569985389709
892,161,0.17216232419013977
892,918,0.14084917306900024
892,42,0.13660091161727905
892,148,0.13489042222499847
892,424,0.12368856370449066
892,1399,0.11826133728027344
892,1043,0.10827349126338959
892,945,0.098546653985977173
892,1218,0.075427934527397156
893,893,0
893,1754,1
893,1031,0.44473156332969666
893,1386,0.316700279712677
893,1045,0.30504357814788818
893,1100,0.27122944593429565
893,370,0.26946261525154114
893,1804,0.20341663062572479
893,463,0.19775420427322388
893,71,0.18970620632171631
893,1038,0.15670721232891083
893,1218,0.14912484586238861
893,402,0.1372162252664566
893,712,0.13354460895061493
893,769,0.13225214183330536
894,894,0
894,1201,1
894,1339,0.74421221017837524
894,1512,0.32984596490859985
894,51,0.30127304792404175
894,1172,0.2994844913482666
894,1449,0.23684430122375488
894,346,0.20855769515037537
894,377,0.19710846245288849
894,1218,0.133965864777565
894,1692,0.11034328490495682
894,157,0.09595073014497757
894,764,0.094609223306179047
894,208,0.080989435315132141
894,1222,0.073705002665519714
895,895,0
895,1770,1
895,1520,0.7976418137550354
895,268,0.45137232542037964
895,705,0.44765067100524902
895,1403,0.29749837517738342
895,304,0.20820200443267822
895,1193,0.17808927595615387
895,934,0.11112313717603683
895,594,0.093066997826099396
895,1048,0.081796504557132721
895,955,0.067476555705070496
895,1368,0.066012918949127197
895,1624,0.055372618138790131
895,464,0.051584400236606598
896,896,0
896,506,1
896,1560,0.63648176193237305
896,1812,0.52096474170684814
896,1817,0.37341710925102234
896,64,0.21281149983406067
896,17,0.20311100780963898
896,757,0.1874668300151825
896,707,0.18245844542980194
896,1899,0.18101868033409119
896,282,0.12607614696025848
896,65,0.10326655209064484
896,1193,0.067047819495201111
896,594,0.058000430464744568
896,1176,0.054762553423643112
897,897,0
897,927,1
897,1341,0.43612551689147949
897,416,0.37482419610023499
897,917,0.31407231092453003
897,767,0.25860804319381714
897,697,0.194600909948349
897,878,0.19164091348648071
897,1527,0.1867816150188446
897,1088,0.17777524888515472
897,600,0.15960510075092316
897,334,0.1581319123506546
897,1114,0.15415781736373901
897,1938,0.15086981654167175
897,1529,0.14970420300960541
898,898,0
898,1408,1
898,360,0.5219571590423584
898,1248,0.48524138331413269
898,1625,0.36870929598808289
898,930,0.30342110991477966
898,299,0.30094379186630249
898,462,0.26384440064430237
898,1841,0.13989309966564178
898,137,0.1349429190158844
898,1527,0.1292853057384491
898,1327,0.077848091721534729
898,1393,0.071944653987884521
898,999,0.05986950546503067
898,1828,0.048984572291374207
899,899,0
899,1987,1
899,1312,0.63210242986679077
899,84,0.53646796941757202
899,820,0.42712163925170898
899,378,0.25689196586608887
899,1838,0.21055205166339874
899,1075,0.17960980534553528
899,1564,0.1248181015253067
899,1865,0.1184101328253746
899,1988,0.10083436965942383
899,57,0.086964480578899384
899,1101,0.082349255681037903
899,133,0.075960099697113037
899,755,0.074812978506088257
900,900,0
900,866,1
900,804,0.61620020866394043
900,1626,0.32179611921310425
900,373,0.27481108903884888
900,289,0.2443646639585495
900,399,0.21818184852600098
900,585,0.18461388349533081
900,633,0.17603974044322968
900,1980,0.16535963118076324
900,1696,0.15144214034080505
900,1131,0.15130996704101562
900,488,0.14573551714420319
900,49,0.13756963610649109
900,1818,0.11946438252925873
901,901,0
901,834,1
901,1510,0.5887831449508667
901,876,0.28114098310470581
901,1794,0.24993976950645447
901,1507,0.23750071227550507
901,139,0.22855590283870697
901,1113,0.20572493970394135
901,1433,0.17325074970722198
901,381,0.16791106760501862
901,1282,0.15701326727867126
901,645,0.15701138973236084
901,632,0.15591062605381012
901,402,0.15516954660415649
901,1043,0.14898397028446198
902,902,0
902,500,1
902,1821,0.53451943397521973
902,600,0.37969043850898743
902,1856,0.34864306449890137
902,291,0.26295283436775208
902,202,0.24847337603569031
902,218,0.21672628819942474
902,1536,0.18224646151065826
902,1859,0.15517719089984894
902,565,0.14797887206077576
902,1529,0.13648194074630737
902,1444,0.1090225949883461
902,1078,0.094842478632926941
902,1207,0.090134896337985992
903,903,0
903,1855,1
903,1116,0.64592427015304565
903,1371,0.42979800701141357
903,1690,0.38158491253852844
903,505,0.28975337743759155
903,351,0.28170356154441833
903,976,0.18131418526172638
903,340,0.15991808474063873
903,970,0.13779725134372711
903,415,0.098526589572429657
903,1787,0.082581944763660431
903,1725,0.074380427598953247
903,106,0.072611354291439056
903,1557,0.070989325642585754
904,904,0
904,1577,1
904,1914,0.69517570734024048
904,799,0.57105082273483276
904,699,0.32924970984458923
904,1907,0.23942059278488159
904,1477,0.20414996147155762
904,693,0.16184724867343903
904,446,0.1425534188747406
904,1121,0.13322150707244873
904,868,0.12014713883399963
904,653,0.1032736673951149
904,1287,0.07402433454990387
904,374,0.070271730422973633
904,310,0.062497556209564209
905,905,0
905,687,1
905,1666,0.52244019508361816
905,722,0.35501065850257874
905,611,0.30634346604347229
905,608,0.29891809821128845
905,148,0.23456177115440369
905,1534,0.22497473657131195
905,188,0.18020273745059967
905,1335,0.13751432299613953
905,1431,0.13680161535739899
905,775,0.13415972888469696
905,1449,0.13315406441688538
905,1270,0.1241552010178566
905,678,0.11865116655826569
906,906,0
906,996,1
906,665,0.44557228684425354
906,1782,0.3386121392250061
906,1686,0.33545386791229248
906,1119,0.33432897925376892
906,1299,0.31020602583885193
906,1875,0.22169534862041473
906,777,0.19776120781898499
906,715,0.13471145927906036
906,1722,0.13324727118015289
906,26,0.12230684608221054
906,421,0.11527279764413834
906,1108,0.11000189185142517
906,879,0.10771389305591583
907,907,0
907,1926,1
907,1843,0.64093214273452759
907,1540,0.4764610230922699
907,647,0.38693761825561523
907,1994,0.38514158129692078
907,747,0.22287672758102417
907,707,0.13377203047275543
907,567,0.13291332125663757
907,1953,0.10443117469549179
907,553,0.099223680794239044
907,1498,0.091433309018611908
907,1537,0.088557682931423187
907,1472,0.085652299225330353
907,839,0.058553740382194519
908,908,0
908,465,1
908,649,0.66837352514266968
908,1432,0.61999297142028809
908,1918,0.53080993890762329
908,1056,0.30230745673179626
908,1436,0.28903630375862122
908,684,0.21980622410774231
908,1671,0.11784236133098602
908,1735,0.093394502997398376
908,326,0.019032759591937065
908,1607,0.018804043531417847
908,603,0.011879976838827133
908,779,0.01060112752020359
908,599,0.0050057223998010159
909,909,0
909,69,1
909,940,0.44523879885673523
909,1159,0.37921562790870667
909,404,0.30609378218650818
909,548,0.27881252765655518
909,1027,0.25531291961669922
909,758,0.19253174960613251
909,376,0.17623177170753479
909,1255,0.17582525312900543
909,1595,0.15313191711902618
909,576,0.14528989791870117
909,1909,0.13429625332355499
909,303,0.13309518992900848
909,1645,0.1318209171295166
910,910,0
910,208,1
910,393,0.72273629903793335
910,1667,0.28299355506896973
910,316,0.27995598316192627
910,1342,0.2536264955997467
910,1794,0.24576438963413239
910,1619,0.22176751494407654
910,1141,0.20617975294589996
910,1321,0.18230532109737396
910,402,0.14161992073059082
910,1093,0.098710507154464722
910,377,0.098227515816688538
910,445,0.093769915401935577
910,849,0.079227365553379059
911,911,0
911,1883,1
911,1050,0.72668993473052979
911,931,0.24194881319999695
911,471,0.24045521020889282
911,353,0.23831529915332794
911,1348,0.23206883668899536
911,779,0.16718988120555878
911,1569,0.16297657787799835
911,1074,0.15857067704200745
911,1659,0.15717555582523346
911,1757,0.15319061279296875
911,368,0.14760127663612366
911,1331,0.14487268030643463
911,1317,0.1358356773853302
912,912,0
912,1950,1
912,1678,0.60633969306945801
912,1709,0.52622556686401367
912,1380,0.38146218657493591
912,362,0.26371476054191589
912,1255,0.20427000522613525
912,306,0.13853497803211212
912,86,0.13704243302345276
912,534,0.13607153296470642
912,73,0.12445087730884552
912,1909,0.11852096766233444
912,1049,0.092940539121627808
912,1597,0.090284630656242371
912,1001,0.08703187108039856
913,913,0
913,593,1
913,1741,0.41619622707366943
913,217,0.27765753865242004
913,151,0.24396930634975433
913,979,0.22587680816650391
913,1773,0.224331334233284
913,198,0.22217145562171936
913,1347,0.21132130920886993
913,1622,0.20747536420822144
913,1758,0.18168370425701141
913,1032,0.1804383248090744
913,1229,0.17654068768024445
913,980,0.17578987777233124
913,1503,0.16343666613101959
914,914,0
914,112,1
914,250,0.50308710336685181
914,1279,0.33431962132453918
914,400,0.2996896505355835
914,494,0.22464095056056976
914,1685,0.20834642648696899
914,354,0.20695962011814117
914,556,0.17266166210174561
914,1948,0.16811612248420715
914,1072,0.16675026714801788
914,1961,0.1632009744644165
914,1316,0.15941645205020905
914,1708,0.14987783133983612
914,754,0.14982733130455017
915,915,0
915,1163,1
915,1716,0.9812433123588562
915,168,0.43590676784515381
915,246,0.28662332892417908
915,627,0.20124714076519012
915,452,0.19615679979324341
915,588,0.14914681017398834
915,1578,0.1408340185880661
915,682,0.13091869652271271
915,1837,0.10480019450187683
915,240,0.088675811886787415
915,814,0.073069155216217041
915,1682,0.059703528881072998
915,1975,0.058569282293319702
916,916,0
916,756,1
916,1255,0.68794691562652588
916,662,0.60558152198791504
916,646,0.34565490484237671
916,978,0.17294193804264069
916,1199,0.15798681974411011
916,1412,0.15217168629169464
916,574,0.13707585632801056
916,391,0.13678207993507385
916,196,0.11424824595451355
916,5,0.11247862875461578
916,582,0.10392956435680389
916,963,0.096238277852535248
916,619,0.083854451775550842
917,917,0
917,767,1
917,927,0.72395056486129761
917,1088,0.69867175817489624
917,1024,0.25330296158790588
917,177,0.24573852121829987
917,1530,0.17986166477203369
917,878,0.12929840385913849
917,740,0.11872462183237076
917,1093,0.11820228397846222
917,631,0.10420563817024231
917,1292,0.10301977396011353
917,531,0.093990840017795563
917,1444,0.071073964238166809
917,1527,0.066852651536464691
918,918,0
918,1043,1
918,1218,0.48060035705566406
918,402,0.45302700996398926
918,94,0.27540603280067444
918,1794,0.24696366488933563
918,1496,0.24112305045127869
918,1323,0.23062786459922791
918,1093,0.17027129232883453
918,1930,0.1569659411907196
918,892,0.15281827747821808
918,161,0.12985305488109589
918,1399,0.12756058573722839
918,393,0.12109515815973282
918,157,0.12056968361139297
919,919,0
919,765,1
919,641,0.52724140882492065
919,381,0.40353935956954956
919,1493,0.38025540113449097
919,316,0.2878631055355072
919,740,0.19913975894451141
919,67,0.18235805630683899
919,922,0.15435352921485901
919,1605,0.15270200371742249
919,424,0.13220557570457458
919,1270,0.12838585674762726
919,445,0.12828250229358673
919,1772,0.11850285530090332
919,1743,0.11206044256687164
920,920,0
920,82,1
920,884,0.42473214864730835
920,1896,0.31962227821350098
920,892,0.27735444903373718
920,611,0.25702717900276184
920,148,0.23956681787967682
920,161,0.20760722458362579
920,595,0.20725816488265991
920,602,0.20456767082214355
920,1351,0.18368126451969147
920,1746,0.17140021920204163
920,42,0.14401301741600037
920,571,0.13556444644927979
920,1323,0.13449138402938843
921,921,0
921,1548,1
921,1012,0.38846874237060547
921,340,0.28413912653923035
921,856,0.25927454233169556
921,766,0.22868156433105469
921,1777,0.22790190577507019
921,195,0.22563996911048889
921,1276,0.22497148811817169
921,1949,0.20798654854297638
921,976,0.20285555720329285
921,1786,0.19452007114887238
921,690,0.16078519821166992
921,935,0.1512540727853775
921,184,0.15041172504425049
922,922,0
922,1635,1
922,1270,0.75833070278167725
922,1935,0.65092909336090088
922,731,0.30134272575378418
922,424,0.24618147313594818
922,765,0.17968818545341492
922,531,0.11526070535182953
922,220,0.11403004825115204
922,740,0.11142025887966156
922,444,0.10058058053255081
922,333,0.08864285796880722
922,1248,0.082955144345760345
922,539,0.082247793674468994
922,1024,0.075288102030754089
923,923,0
923,1082,1
923,1356,0.74682241678237915
923,1634,0.32390695810317993
923,1956,0.24803103506565094
923,1986,0.22313332557678223
923,1081,0.22068282961845398
923,1022,0.18031671643257141
923,122,0.17183749377727509
923,1801,0.15316015481948853
923,1807,0.13938169181346893
923,1256,0.12970496714115143
923,359,0.12670844793319702
923,109,0.12390074133872986
923,1721,0.11930179595947266
924,924,0
924,1527,1
924,1078,0.64260351657867432
924,462,0.48494967818260193
924,1776,0.37180289626121521
924,1536,0.26429000496864319
924,927,0.26167833805084229
924,218,0.16697821021080017
924,1341,0.15622611343860626
924,697,0.12805327773094177
924,166,0.099930092692375183
924,1444,0.099589310586452484
924,897,0.095716528594493866
924,299,0.068380340933799744
924,767,0.066691651940345764
925,925,0
925,1511,1
925,678,0.52132505178451538
925,1509,0.49324333667755127
925,60,0.29476293921470642
925,234,0.25215438008308411
925,1517,0.24150817096233368
925,1753,0.1931518018245697
925,281,0.19284161925315857
925,1118,0.18753145635128021
925,444,0.12587055563926697
925,1635,0.11109301447868347
925,1530,0.10478540509939194
925,967,0.094623416662216187
925,1270,0.093995742499828339
926,926,0
926,1201,1
926,1339,0.6649591326713562
926,1384,0.45231956243515015
926,1991,0.33199387788772583
926,1816,0.21276015043258667
926,910,0.17725883424282074
926,476,0.16833484172821045
926,407,0.15728600323200226
926,208,0.15373827517032623
926,894,0.1385529488325119
926,377,0.1217251718044281
926,1301,0.11895954608917236
926,1342,0.10676509886980057
926,323,0.10223347693681717
927,927,0
927,917,1
927,1527,0.99644535779953003
927,897,0.46495747566223145
927,218,0.29421636462211609
927,1341,0.21162790060043335
927,697,0.18875366449356079
927,767,0.13995370268821716
927,177,0.10855458676815033
927,1470,0.10652299225330353
927,1408,0.097166240215301514
927,360,0.095150254666805267
927,878,0.073099158704280853
927,416,0.066328383982181549
927,1088,0.064112551510334015
928,928,0
928,968,1
928,1600,0.99942761659622192
928,1907,0.69464981555938721
928,1127,0.23948538303375244
928,66,0.16664734482765198
928,1015,0.15692645311355591
928,1752,0.13365241885185242
928,1732,0.12532810866832733
928,203,0.095240376889705658
928,1013,0.071480423212051392
928,1224,0.067048601806163788
928,1976,0.061084672808647156
928,1025,0.051085121929645538
928,1267,0.044824559241533279
929,929,0
929,96,1
929,153,0.86222219467163086
929,121,0.57934558391571045
929,122,0.32015857100486755
929,966,0.18724599480628967
929,123,0.18119136989116669
929,666,0.14498403668403625
929,789,0.13411617279052734
929,1220,0.11211712658405304
929,1081,0.094802737236022949
929,169,0.078213505446910858
929,942,0.075166173279285431
929,1918,0.0745396688580513
929,459,0.06279309093952179
930,930,0
930,825,1
930,480,0.54917001724243164
930,538,0.33332341909408569
930,141,0.26838317513465881
930,1024,0.24305953085422516
930,623,0.22202058136463165
930,1328,0.2040632963180542
930,643,0.1956484466791153
930,898,0.18301941454410553
930,1393,0.15930648148059845
930,25,0.15001401305198669
930,860,0.13668496906757355
930,1886,0.13631996512413025
930,423,0.12588070333003998
931,931,0
931,1628,1
931,267,0.83318239450454712
931,1767,0.23961111903190613
931,1067,0.22305680811405182
931,1883,0.2172607034444809
931,848,0.2034502774477005
931,986,0.19050309062004089
931,1781,0.18410202860832214
931,994,0.16622841358184814
931,1074,0.14348518848419189
931,779,0.14132337272167206
931,1502,0.12748962640762329
931,911,0.12052321434020996
931,232,0.11667448282241821
932,932,0
932,217,1
932,566,0.6379731297492981
932,1854,0.58587938547134399
932,1951,0.46709918975830078
932,773,0.3826565146446228
932,605,0.21030037105083466
932,713,0.14148640632629395
932,73,0.13532857596874237
932,227,0.11463657021522522
932,143,0.056164689362049103
932,593,0.055630840361118317
932,979,0.051599372178316116
932,1921,0.034102514386177063
932,560,0.034042596817016602
933,933,0
933,1203,1
933,454,0.54289168119430542
933,793,0.40916749835014343
933,1522,0.26013743877410889
933,1503,0.22570139169692993
933,1102,0.19315545260906219
933,1763,0.1900707483291626
933,1272,0.18968299031257629
933,889,0.17089243233203888
933,1211,0.15349812805652618
933,1419,0.1513621062040329
933,1126,0.14675946533679962
933,1446,0.14233273267745972
933,1469,0.13122884929180145
934,934,0
934,1784,1
934,1151,0.60462319850921631
934,808,0.45887187123298645
934,1770,0.32911372184753418
934,319,0.21842285990715027
934,272,0.21550385653972626
934,591,0.19427491724491119
934,580,0.1636049896478653
934,705,0.15734653174877167
934,1520,0.13874445855617523
934,481,0.12658299505710602
934,412,0.10577065497636795
934,304,0.10385547578334808
934,1803,0.090171262621879578
935,935,0
935,1548,1
935,1528,0.44100618362426758
935,752,0.40760120749473572
935,1526,0.28554722666740417
935,880,0.27654209733009338
935,856,0.25166007876396179
935,651,0.21531088650226593
935,1336,0.19576533138751984
935,1786,0.18791930377483368
935,340,0.17898830771446228
935,1135,0.16951760649681091
935,921,0.11171977967023849
935,766,0.10303670167922974
935,1022,0.082276150584220886
936,936,0
936,1062,1
936,1683,0.34367680549621582
936,879,0.32889994978904724
936,484,0.29919886589050293
936,5,0.25915282964706421
936,1491,0.25545847415924072
936,196,0.24233624339103699
936,1345,0.20513418316841125
936,662,0.20410175621509552
936,605,0.16503825783729553
936,1448,0.15539178252220154
936,1782,0.15268425643444061
936,1441,0.15141643583774567
936,959,0.14440539479255676
937,937,0
937,821,1
937,1409,0.66001641750335693
937,1238,0.51204699277877808
937,1246,0.32767373323440552
937,1319,0.21251116693019867
937,685,0.17839282751083374
937,1772,0.16009305417537689
937,1804,0.1515757143497467
937,119,0.13671736419200897
937,1304,0.12295899540185928
937,1579,0.11891490966081619
937,516,0.11806348711252213
937,608,0.11074565351009369
937,795,0.097182221710681915
938,938,0
938,1388,1
938,1437,0.7779010534286499
938,70,0.27587836980819702
938,814,0.25949388742446899
938,627,0.24292238056659698
938,1837,0.19637106359004974
938,1522,0.18184004724025726
938,1358,0.17561376094818115
938,1052,0.14603331685066223
938,248,0.14016492664813995
938,452,0.13505195081233978
938,682,0.13220654428005219
938,1578,0.12886059284210205
938,461,0.11455312371253967
939,939,0
939,557,1
939,311,0.79124301671981812
939,1410,0.54562246799468994
939,1422,0.44733124971389771
939,946,0.19340081512928009
939,1796,0.1585497260093689
939,614,0.14890220761299133
939,1788,0.12769076228141785
939,45,0.10355483740568161
939,1624,0.097239792346954346
939,1370,0.090326704084873199
939,537,0.080107755959033966
939,1098,0.061845727264881134
939,99,0.061083246022462845
940,940,0
940,69,1
940,548,0.55450725555419922
940,1255,0.49947798252105713
940,909,0.45081830024719238
940,1293,0.24046811461448669
940,1027,0.23514287173748016
940,1159,0.16926653683185577
940,1447,0.15362642705440521
940,582,0.13881868124008179
940,1390,0.11099561303853989
940,1909,0.10192922502756119
940,1272,0.094580337405204773
940,1480,0.079352416098117828
940,1606,0.07790711522102356
941,941,0
941,431,1
941,470,0.44991883635520935
941,1706,0.41784262657165527
941,1547,0.30856701731681824
941,172,0.2727886438369751
941,111,0.23944085836410522
941,1279,0.20999887585639954
941,533,0.18386855721473694
941,1948,0.15701398253440857
941,914,0.15102936327457428
941,1456,0.13722443580627441
941,324,0.1330336332321167
941,998,0.12784837186336517
941,1961,0.11832403391599655
942,942,0
942,1273,1
942,1936,0.51155394315719604
942,844,0.3750440776348114
942,1604,0.3215366005897522
942,966,0.28506007790565491
942,38,0.23509494960308075
942,1940,0.20278802514076233
942,459,0.17919114232063293
942,1553,0.14287362992763519
942,1684,0.14029026031494141
942,1581,0.13435927033424377
942,269,0.13092425465583801
942,243,0.12514175474643707
942,961,0.12303013354539871
943,943,0
943,843,1
943,684,0.54710036516189575
943,1793,0.5329405665397644
943,175,0.36544382572174072
943,1781,0.21296656131744385
943,1637,0.21275162696838379
943,267,0.18839903175830841
943,848,0.16976158320903778
943,1124,0.15795665979385376
943,1790,0.15513111650943756
943,1737,0.12560267746448517
943,233,0.11029919981956482
943,1085,0.078624479472637177
943,931,0.049910780042409897
944,944,0
944,755,1
944,1564,0.42594099044799805
944,1368,0.4234408438205719
944,1543,0.36544173955917358
944,102,0.24185764789581299
944,1158,0.17463849484920502
944,414,0.17437383532524109
944,408,0.16650058329105377
944,1971,0.16107970476150513
944,101,0.16089543700218201
944,820,0.16027370095252991
944,1101,0.15779095888137817
944,1685,0.14952346682548523
944,822,0.14512555301189423
945,945,0
945,1853,1
945,437,0.97987282276153564
945,1797,0.31876367330551147
945,188,0.24483105540275574
945,1930,0.22121730446815491
945,892,0.17980895936489105
945,731,0.13878150284290314
945,1493,0.13388556241989136
945,1743,0.13115653395652771
945,220,0.12385499477386475
945,424,0.11639133840799332
945,1943,0.11153135448694229
945,457,0.11046928912401199
945,285,0.096334561705589294
946,946,0
946,311,1
946,45,0.71128106117248535
946,355,0.38793504238128662
946,864,0.23891229927539825
946,101,0.22255495190620422
946,1803,0.19998244941234589
946,955,0.19802936911582947
946,1422,0.17795222997665405
946,594,0.17405930161476135
946,1580,0.14791485667228699
946,464,0.14629031717777252
946,520,0.11112196743488312
946,553,0.11052527278661728
946,882,0.08034101128578186
947,947,0
947,1779,1
947,1799,0.31772845983505249
947,1243,0.28881135582923889
947,808,0.28143236041069031
947,1647,0.27013057470321655
947,589,0.27002763748168945
947,165,0.26753750443458557
947,1955,0.25061044096946716
947,1101,0.18374773859977722
947,1245,0.17452500760555267
947,1998,0.15917246043682098
947,1987,0.15568000078201294
947,1151,0.1437455415725708
947,1610,0.14374540746212006
948,948,0
948,442,1
948,1442,0.64121603965759277
948,881,0.52445435523986816
948,1850,0.18788503110408783
948,1530,0.1778501570224762
948,1704,0.17603927850723267
948,1007,0.17200170457363129
948,281,0.17077110707759857
948,1440,0.16019876301288605
948,1693,0.15635913610458374
948,753,0.13863177597522736
948,1306,0.13737371563911438
948,1919,0.1345740407705307
948,388,0.12953422963619232
949,949,0
949,387,1
949,1645,0.93347328901290894
949,1481,0.7682030200958252
949,534,0.55593180656433105
949,1640,0.2703251838684082
949,1909,0.23471914231777191
949,1447,0.081681996583938599
949,1597,0.03262091800570488
949,792,0.015095689333975315
949,796,0.0053578945808112621
949,1281,0.0036316188052296638
949,1742,0.0026747505180537701
949,1925,0.0019142844248563051
949,468,0.001267258427105844
950,950,0
950,1212,1
950,1572,0.90262508392333984
950,1512,0.26692256331443787
950,674,0.26530200242996216
950,107,0.24680429697036743
950,1277,0.2059209793806076
950,1768,0.1559145450592041
950,1880,0.15044298768043518
950,1449,0.14558544754981995
950,639,0.13941597938537598
950,781,0.13493049144744873
950,1172,0.10247123241424561
950,1435,0.095871336758136749
950,1746,0.094690307974815369
951,951,0
951,1360,1
951,1123,0.71205317974090576
951,1692,0.65080422163009644
951,1327,0.6507602334022522
951,836,0.1521560400724411
951,1007,0.13170318305492401
951,1635,0.11659868061542511
951,137,0.091550141572952271
951,1525,0.085208028554916382
951,1328,0.073480114340782166
951,1468,0.06704721599817276
951,1559,0.059845514595508575
951,1265,0.059489019215106964
951,1182,0.056198231875896454
952,952,0
952,741,1
952,1822,0.55465775728225708
952,684,0.36110612750053406
952,1735,0.35438963770866394
952,267,0.35428363084793091
952,1035,0.29459542036056519
952,736,0.20055733621120453
952,1673,0.14291171729564667
952,1628,0.13640503585338593
952,1074,0.13478384912014008
952,1462,0.11209788173437119
952,1944,0.10631995648145676
952,1405,0.081134714186191559
952,1436,0.073650427162647247
953,953,0
953,233,1
953,848,0.76604664325714111
953,976,0.71457701921463013
953,1777,0.3815600574016571
953,1611,0.28408342599868774
953,1526,0.13346786797046661
953,1450,0.12024417519569397
953,491,0.10558126866817474
953,970,0.076050847768783569
953,150,0.070898361504077911
953,1615,0.07084965705871582
953,340,0.065308153629302979
953,1767,0.063645802438259125
953,469,0.054579753428697586
954,954,0
954,1553,1
954,1283,0.9210016131401062
954,1147,0.5397983193397522
954,617,0.26203140616416931
954,31,0.22129690647125244
954,1460,0.15510781109333038
954,829,0.14604085683822632
954,1928,0.12837612628936768
954,375,0.1144549548625946
954,1845,0.10962864011526108
954,1999,0.09007156640291214
954,844,0.089089848101139069
954,1432,0.079135335981845856
954,1684,0.050851140171289444
955,955,0
955,101,1
955,464,0.70213937759399414
955,517,0.40911310911178589
955,1760,0.28530985116958618
955,520,0.21251635253429413
955,1770,0.20010372996330261
955,1803,0.17429763078689575
955,44,0.16727249324321747
955,1459,0.14581656455993652
955,1961,0.13843584060668945
955,1685,0.12899139523506165
955,553,0.11576549708843231
955,354,0.11462361365556717
955,882,0.11250542104244232
956,956,0
956,752,1
956,1275,0.71819168329238892
956,399,0.35902148485183716
956,994,0.27670192718505859
956,1181,0.25808501243591309
956,843,0.20110887289047241
956,1526,0.18062400817871094
956,880,0.16551762819290161
956,1067,0.14439411461353302
956,356,0.14222912490367889
956,1280,0.12878040969371796
956,997,0.11585034430027008
956,195,0.11154792457818985
956,49,0.10482831299304962
957,957,0
957,1107,1
957,1720,0.71509438753128052
957,1721,0.38487491011619568
957,828,0.30093726515769958
957,1581,0.24859820306301117
957,1786,0.19863910973072052
957,1130,0.18972350656986237
957,255,0.17308042943477631
957,1735,0.15767876803874969
957,1664,0.15078745782375336
957,1405,0.1087525486946106
957,1371,0.10318442434072495
957,1607,0.095869623124599457
957,1855,0.079673834145069122
958,958,0
958,1516,1
958,776,0.72026443481445312
958,794,0.68980669975280762
958,13,0.23137259483337402
958,1003,0.21139636635780334
958,731,0.17840617895126343
958,1567,0.16724447906017303
958,704,0.15970824658870697
958,333,0.13078722357749939
958,1073,0.12416612356901169
958,1653,0.088208377361297607
958,514,0.08078378438949585
958,429,0.075371526181697845
958,922,0.049380805343389511
959,959,0
959,509,1
959,662,0.45290562510490417
959,574,0.44819849729537964
959,193,0.43241846561431885
959,619,0.41866588592529297
959,196,0.17178153991699219
959,498,0.16485856473445892
959,383,0.15552635490894318
959,59,0.14231529831886292
959,1205,0.12393675744533539
959,325,0.10840894281864166
959,1361,0.098643168807029724
959,205,0.097908057272434235
959,1415,0.091331131756305695
960,960,0
960,57,1
960,1838,0.66319787502288818
960,494,0.32335832715034485
960,250,0.31610703468322754
960,354,0.2838674783706665
960,1708,0.24287572503089905
960,1987,0.16885685920715332
960,271,0.15002298355102539
960,1865,0.14837250113487244
960,1948,0.1326279491186142
960,1600,0.12694315612316132
960,1988,0.1248803436756134
960,1046,0.11362189054489136
960,1025,0.11216701567173004
961,961,0
961,1940,1
961,942,0.48124486207962036
961,1604,0.29805749654769897
961,1474,0.24398094415664673
961,1344,0.23739819228649139
961,38,0.21293015778064728
961,269,0.21131879091262817
961,1996,0.18464295566082001
961,596,0.17690891027450562
961,466,0.17645716667175293
961,153,0.17555008828639984
961,1936,0.17279870808124542
961,789,0.17204686999320984
961,1273,0.16354604065418243
962,962,0
962,1569,1
962,1757,0.48341673612594604
962,1162,0.31824880838394165
962,212,0.28748214244842529
962,1348,0.26642623543739319
962,550,0.2654411792755127
962,450,0.25771066546440125
962,1250,0.21638405323028564
962,624,0.15366584062576294
962,1200,0.15070977807044983
962,397,0.13456280529499054
962,654,0.13146403431892395
962,1317,0.12240389734506607
962,487,0.11897017806768417
963,963,0
963,847,1
963,1227,0.7286573052406311
963,86,0.39247193932533264
963,1199,0.27627727389335632
963,534,0.22044500708580017
963,1086,0.22000752389431
963,1645,0.2153877466917038
963,1102,0.1909017413854599
963,756,0.15820313990116119
963,343,0.12086028605699539
963,1504,0.10755734890699387
963,1027,0.098046720027923584
963,1005,0.093310505151748657
963,1412,0.084762893617153168
964,964,0
964,658,1
964,777,0.39244517683982849
964,507,0.3875160813331604
964,1716,0.28915992379188538
964,613,0.27563020586967468
964,1861,0.24810017645359039
964,387,0.22105047106742859
964,1842,0.20671889185905457
964,1425,0.19040590524673462
964,1237,0.18189238011837006
964,1622,0.15773703157901764
964,790,0.13160602748394012
964,385,0.11444175243377686
964,1682,0.11019472032785416
965,965,0
965,1869,1
965,473,0.82962244749069214
965,495,0.58240067958831787
965,905,0.35042262077331543
965,611,0.24494385719299316
965,1431,0.20147798955440521
965,540,0.17407558858394623
965,1824,0.12167291343212128
965,1360,0.086107097566127777
965,1486,0.081976979970932007
965,1666,0.069799184799194336
965,164,0.060780856758356094
965,608,0.054955959320068359
965,1943,0.048655696213245392
966,966,0
966,123,1
966,649,0.89140892028808594
966,1602,0.6202579140663147
966,1484,0.47076436877250671
966,1581,0.15419724583625793
966,1918,0.14438676834106445
966,269,0.12593704462051392
966,942,0.11945036798715591
966,1022,0.092043519020080566
966,828,0.083789736032485962
966,880,0.063321173191070557
966,1556,0.05741477757692337
966,529,0.046843361109495163
966,1220,0.037070013582706451
967,967,0
967,1470,1
967,360,0.65346658229827881
967,234,0.34873387217521667
967,218,0.3122103214263916
967,60,0.21541686356067657
967,177,0.20601005852222443
967,178,0.20568768680095673
967,742,0.1636546403169632
967,709,0.15834803879261017
967,1007,0.15706315636634827
967,849,0.1300632506608963
967,1605,0.12986376881599426
967,1828,0.12064395844936371
967,29,0.10572966188192368
968,968,0
968,1907,1
968,1039,0.73733222484588623
968,1013,0.50926929712295532
968,481,0.2844620943069458
968,928,0.28068846464157104
968,868,0.2043156623840332
968,349,0.18873745203018188
968,580,0.13649663329124451
968,1343,0.12039420008659363
968,1120,0.099847480654716492
968,653,0.096020549535751343
968,1847,0.08949047327041626
968,1972,0.08017323911190033
968,374,0.079659253358840942
969,969,0
969,1938,1
969,285,0.68078887462615967
969,1695,0.33001464605331421
969,858,0.24017700552940369
969,1234,0.22194378077983856
969,878,0.21186821162700653
969,1809,0.20881542563438416
969,137,0.20704346895217896
969,531,0.16598886251449585
969,296,0.1608535498380661
969,1248,0.14238260686397552
969,1399,0.12492405623197556
969,1439,0.11307670176029205
969,1890,0.099009864032268524
970,970,0
970,1615,1
970,233,0.79852545261383057
970,690,0.55430310964584351
970,56,0.29680445790290833
970,106,0.2451339066028595
970,801,0.21324476599693298
970,397,0.12405208498239517
970,22,0.12357985228300095
970,903,0.10452062636613846
970,195,0.099721863865852356
970,953,0.092866405844688416
970,716,0.08667367696762085
970,1557,0.086065739393234253
970,1777,0.081407457590103149
971,971,0
971,1484,1
971,47,0.51688092947006226
971,1906,0.32094684243202209
971,1749,0.26669934391975403
971,857,0.26481929421424866
971,1191,0.21933518350124359
971,269,0.20915707945823669
971,636,0.1934012770652771
971,1336,0.17689964175224304
971,813,0.15780180692672729
971,31,0.15481947362422943
971,1462,0.15435297787189484
971,485,0.13868097960948944
971,255,0.13308826088905334
972,972,0
972,1767,1
972,1219,0.88404297828674316
972,848,0.34435638785362244
972,375,0.28222358226776123
972,1080,0.22647994756698608
972,1714,0.19089204072952271
972,242,0.15263569355010986
972,1283,0.13245642185211182
972,150,0.132186159491539
972,1460,0.11875228583812714
972,626,0.11604094505310059
972,1651,0.1155705526471138
972,1999,0.1091349720954895
972,267,0.10212501883506775
973,973,0
973,1539,1
973,1380,0.56423830986022949
973,1480,0.37082755565643311
973,1001,0.33946901559829712
973,1648,0.29377564787864685
973,1036,0.24513272941112518
973,574,0.19627393782138824
973,1617,0.17551545798778534
973,468,0.13083256781101227
973,1255,0.12871250510215759
973,420,0.12385848164558411
973,708,0.11939521878957748
973,0,0.10962918400764465
973,1633,0.10922428220510483
974,974,0
974,954,1
974,1460,0.70604431629180908
974,204,0.42423105239868164
974,1845,0.41434121131896973
974,125,0.23060108721256256
974,617,0.18947279453277588
974,1736,0.15942899882793427
974,1999,0.14587795734405518
974,1652,0.12991771101951599
974,1462,0.12497544288635254
974,1230,0.11491914093494415
974,1553,0.10847003757953644
974,1147,0.080728776752948761
974,1581,0.077889934182167053
975,975,0
975,1387,1
975,575,0.72530573606491089
975,99,0.53029012680053711
975,398,0.28845006227493286
975,757,0.19533541798591614
975,1422,0.15787623822689056
975,1871,0.1457822173833847
975,1913,0.14181420207023621
975,81,0.13725918531417847
975,23,0.1326269805431366
975,1316,0.11835537850856781
975,1675,0.11436082422733307
975,88,0.11018499732017517
975,552,0.10925428569316864
976,976,0
976,340,1
976,1777,0.48377382755279541
976,1725,0.38309931755065918
976,1546,0.28523093461990356
976,1413,0.26604732871055603
976,183,0.23789064586162567
976,1829,0.21939389407634735
976,953,0.20457993447780609
976,1450,0.15001818537712097
976,991,0.13995394110679626
976,921,0.13760600984096527
976,62,0.13383322954177856
976,1855,0.13318821787834167
976,1548,0.13227048516273499
977,977,0
977,1531,1
977,1773,0.48662880063056946
977,1680,0.27430126070976257
977,588,0.22967706620693207
977,1591,0.22500120103359222
977,19,0.21179182827472687
977,225,0.21176961064338684
977,1180,0.20930761098861694
977,715,0.18963399529457092
977,682,0.18596906960010529
977,579,0.17378668487071991
977,1740,0.17185033857822418
977,1854,0.17093473672866821
977,1993,0.1662401407957077
978,978,0
978,496,1
978,701,0.71152502298355103
978,916,0.47075551748275757
978,1174,0.39298874139785767
978,646,0.19523422420024872
978,391,0.18333978950977325
978,16,0.17253364622592926
978,756,0.16115839779376984
978,1574,0.13290280103683472
978,855,0.11555156856775284
978,662,0.11428908258676529
978,593,0.089417211711406708
978,1504,0.083838894963264465
978,582,0.083358392119407654
979,979,0
979,729,1
979,727,0.83032387495040894
979,217,0.44951340556144714
979,435,0.44788402318954468
979,913,0.2068077027797699
979,151,0.1780584305524826
979,198,0.1376459151506424
979,1240,0.11225023865699768
979,73,0.10427418351173401
979,1014,0.096868544816970825
979,364,0.088197439908981323
979,1951,0.087771706283092499
979,1741,0.086563192307949066
979,1902,0.08073502779006958
980,980,0
980,347,1
980,869,0.87638533115386963
980,1032,0.67490273714065552
980,1009,0.57075423002243042
980,1156,0.12311722338199615
980,1192,0.11703044921159744
980,875,0.10386892408132553
980,515,0.084198623895645142
980,1347,0.075592145323753357
980,1178,0.070656783878803253
980,1622,0.065030090510845184
980,1229,0.060461558401584625
980,1542,0.044292401522397995
980,1792,0.040603645145893097
981,981,0
981,613,1
981,1149,0.49133691191673279
981,257,0.33802157640457153
981,532,0.30604749917984009
981,1475,0.30531460046768188
981,1792,0.26453632116317749
981,1425,0.25980454683303833
981,306,0.18288014829158783
981,1027,0.15909697115421295
981,1255,0.14972794055938721
981,1782,0.13114793598651886
981,1682,0.12130843847990036
981,93,0.10308933258056641
981,1199,0.094574786722660065
982,982,0
982,1069,1
982,568,0.57425516843795776
982,2,0.40167605876922607
982,1303,0.35076192021369934
982,411,0.30831611156463623
982,1330,0.24616533517837524
982,145,0.21537211537361145
982,1568,0.16357284784317017
982,1700,0.15552487969398499
982,1122,0.14491251111030579
982,861,0.10592447221279144
982,523,0.099941790103912354
982,1268,0.077625297009944916
982,1191,0.062842950224876404
983,983,0
983,594,1
983,313,0.74433928728103638
983,1770,0.34497448801994324
983,1803,0.30150702595710754
983,1580,0.24113388359546661
983,705,0.20350025594234467
983,1723,0.20019425451755524
983,1603,0.16753149032592773
983,1395,0.14258764684200287
983,101,0.12913428246974945
983,1370,0.12531358003616333
983,1176,0.11536691337823868
983,412,0.11053349822759628
983,1520,0.080783069133758545
984,984,0
984,1430,1
984,625,0.87295234203338623
984,1929,0.46450629830360413
984,116,0.3637462854385376
984,814,0.25510901212692261
984,578,0.12314335256814957
984,225,0.12279745191335678
984,1233,0.1206848993897438
984,27,0.11211145669221878
984,167,0.10697676241397858
984,257,0.10422065109014511
984,796,0.099835313856601715
984,777,0.098287232220172882
984,515,0.062528438866138458
985,985,0
985,1840,1
985,1672,0.48483815789222717
985,680,0.45026388764381409
985,1426,0.2972760796546936
985,1364,0.29207077622413635
985,490,0.2085697203874588
985,1180,0.19727317988872528
985,417,0.18833239376544952
985,749,0.15377986431121826
985,657,0.13358020782470703
985,186,0.13236105442047119
985,1161,0.13215921819210052
985,1960,0.1225593090057373
985,874,0.11383292824029922
986,986,0
986,1138,1
986,1252,0.49258783459663391
986,670,0.41213700175285339
986,931,0.35697582364082336
986,1418,0.32183817028999329
986,232,0.20069664716720581
986,353,0.19956175982952118
986,779,0.15212967991828918
986,1781,0.14976568520069122
986,1090,0.14828558266162872
986,465,0.13377219438552856
986,1502,0.12312265485525131
986,118,0.11714334040880203
986,723,0.098874837160110474
987,987,0
987,312,1
987,172,0.45826023817062378
987,598,0.45220041275024414
987,1941,0.25278735160827637
987,882,0.25222858786582947
987,1771,0.24868828058242798
987,1847,0.20787662267684937
987,1300,0.19564595818519592
987,998,0.1946059912443161
987,1223,0.16389895975589752
987,352,0.14444161951541901
987,864,0.11477614939212799
987,1603,0.11100183427333832
987,1209,0.11047034710645676
988,988,0
988,298,1
988,491,0.79004198312759399
988,590,0.71929585933685303
988,720,0.37593626976013184
988,1418,0.28728926181793213
988,841,0.10983636975288391
988,459,0.098967999219894409
988,1273,0.096345402300357819
988,1457,0.08196113258600235
988,465,0.074372410774230957
988,1696,0.074022151529788971
988,79,0.070870444178581238
988,801,0.068527437746524811
988,1936,0.059419333934783936
989,989,0
989,1570,1
989,991,0.5359194278717041
989,340,0.36699652671813965
989,976,0.33849933743476868
989,1829,0.31266131997108459
989,668,0.21410757303237915
989,1548,0.19294042885303497
989,921,0.18877154588699341
989,1777,0.17670720815658569
989,992,0.12342090904712677
989,1786,0.12271782010793686
989,1725,0.11881809681653976
989,660,0.11682677268981934
989,1396,0.098508059978485107
990,990,0
990,1964,1
990,1086,0.90376031398773193
990,1448,0.40183150768280029
990,138,0.22308744490146637
990,306,0.20003530383110046
990,879,0.19868935644626617
990,560,0.16676037013530731
990,154,0.15455730259418488
990,1722,0.13269731402397156
990,196,0.12144257128238678
990,1227,0.11187915503978729
990,1062,0.1087154820561409
990,343,0.09287523478269577
990,1299,0.090553455054759979
991,991,0
991,694,1
991,124,0.45487156510353088
991,1829,0.43540778756141663
991,976,0.37689861655235291
991,1570,0.35398611426353455
991,1413,0.30371361970901489
991,1725,0.17353859543800354
991,340,0.15967121720314026
991,1777,0.15110419690608978
991,989,0.12623724341392517
991,1139,0.10658533871173859
991,1714,0.09655364602804184
991,1855,0.089726164937019348
991,183,0.07860468327999115
992,992,0
992,1786,1
992,1548,0.4414496123790741
992,294,0.42410117387771606
992,1581,0.41579344868659973
992,1191,0.34397128224372864
992,1336,0.23223316669464111
992,935,0.19819864630699158
992,1188,0.18822541832923889
992,651,0.17473281919956207
992,856,0.16617316007614136
992,1713,0.15802435576915741
992,255,0.063158527016639709
992,1721,0.051725674420595169
992,4,0.0491056889295578
993,993,0
993,857,1
993,1006,0.33024930953979492
993,723,0.27958551049232483
993,1090,0.24711327254772186
993,716,0.24462923407554626
993,1152,0.23843075335025787
993,1720,0.22107575833797455
993,118,0.22000935673713684
993,350,0.21229046583175659
993,843,0.19313938915729523
993,1077,0.19223582744598389
993,1655,0.18628118932247162
993,1482,0.18248344957828522
993,215,0.15935820341110229
994,994,0
994,787,1
994,1275,0.58017241954803467
994,195,0.37610352039337158
994,956,0.29346367716789246
994,1186,0.26890233159065247
994,79,0.21143786609172821
994,1280,0.19196672737598419
994,491,0.18242955207824707
994,207,0.179851233959198
994,931,0.16387704014778137
994,880,0.12998637557029724
994,6,0.12167572975158691
994,970,0.10824589431285858
994,690,0.098776564002037048
995,995,0
995,1751,1
995,486,0.73151916265487671
995,1809,0.3854852020740509
995,1947,0.35138404369354248
995,1890,0.34889426827430725
995,1352,0.327251136302948
995,860,0.15668480098247528
995,200,0.13793396949768066
995,1100,0.098473675549030304
995,157,0.08707832545042038
995,1258,0.086825139820575714
995,1676,0.075416065752506256
995,1314,0.070715516805648804
995,91,0.049223870038986206
996,996,0
996,468,1
996,1798,0.7270359992980957
996,1814,0.65785294771194458
996,1119,0.65267610549926758
996,777,0.43324470520019531
996,205,0.15814980864524841
996,906,0.12352261692285538
996,1782,0.095152974128723145
996,715,0.020825263112783432
996,1929,0.0152721107006073
996,708,0.010609446093440056
996,534,0.0073365261778235435
996,1490,0.0029438044875860214
996,1242,0.0022623590193688869
997,997,0
997,1944,1
997,1035,0.8623698353767395
997,1181,0.45734092593193054
997,273,0.32715493440628052
997,524,0.25501444935798645
997,1275,0.20151792466640472
997,1822,0.1725195050239563
997,195,0.15898913145065308
997,1873,0.095061637461185455
997,953,0.095003768801689148
997,1983,0.086005248129367828
997,856,0.079643167555332184
997,956,0.062726236879825592
997,1191,0.053540166467428207
998,998,0
998,1904,1
998,1961,0.87369233369827271
998,172,0.36524853110313416
998,1706,0.21600264310836792
998,74,0.18679347634315491
998,955,0.17720037698745728
998,101,0.16885073482990265
998,275,0.16808895766735077
998,1580,0.14024975895881653
998,517,0.13244713842868805
998,815,0.13012290000915527
998,536,0.12455610930919647
998,464,0.11214551329612732
998,1359,0.11149094253778458
999,999,0
999,1642,1
999,360,0.6203995943069458
999,299,0.4118538498878479
999,927,0.23110054433345795
999,697,0.19830015301704407
999,327,0.18977101147174835
999,177,0.18144750595092773
999,218,0.17698989808559418
999,1341,0.15695175528526306
999,1676,0.15507923066616058
999,1470,0.15332892537117004
999,1527,0.14656364917755127
999,87,0.14608807861804962
999,1478,0.13902246952056885
1000,1000,0
1000,1995,1
1000,194,0.48567801713943481
1000,1715,0.43304392695426941
1000,359,0.26897972822189331
1000,451,0.22478742897510529
1000,49,0.21673883497714996
1000,1774,0.18920008838176727
1000,1081,0.18665073812007904
1000,401,0.18433006107807159
1000,125,0.17894087731838226
1000,1825,0.14189618825912476
1000,348,0.13361117243766785
1000,664,0.13251182436943054
1000,128,0.13051515817642212
1001,1001,0
1001,1539,1
1001,174,0.77361857891082764
1001,973,0.62018066644668579
1001,1597,0.31834143400192261
1001,1648,0.21836456656455994
1001,806,0.17648495733737946
1001,912,0.15590856969356537
1001,468,0.15196610987186432
1001,1481,0.13488639891147614
1001,1645,0.083318449556827545
1001,551,0.078844085335731506
1001,534,0.074352644383907318
1001,1380,0.069922201335430145
1001,77,0.05069240927696228
1002,1002,0
1002,883,1
1002,1518,0.87115007638931274
1002,1976,0.55399680137634277
1002,1717,0.2034175843000412
1002,1610,0.19658587872982025
1002,481,0.19214600324630737
1002,1600,0.16164079308509827
1002,1907,0.13874973356723785
1002,1148,0.11082814633846283
1002,699,0.10420914739370346
1002,1239,0.10233423858880997
1002,1329,0.099563762545585632
1002,190,0.091833576560020447
1002,319,0.080434210598468781
1003,1003,0
1003,794,1
1003,208,0.96247506141662598
1003,344,0.28907743096351624
1003,476,0.27497902512550354
1003,402,0.22751376032829285
1003,1748,0.20358067750930786
1003,1386,0.1898193359375
1003,726,0.16006657481193542
1003,377,0.11533239483833313
1003,764,0.11437273770570755
1003,1404,0.10932713747024536
1003,323,0.095816262066364288
1003,1292,0.084945656359195709
1003,1653,0.079586222767829895
1004,1004,0
1004,746,1
1004,711,0.5000423789024353
1004,1425,0.45279133319854736
1004,702,0.44575688242912292
1004,569,0.27189165353775024
1004,1630,0.23748078942298889
1004,1993,0.19695912301540375
1004,1488,0.1775471419095993
1004,1347,0.14177320897579193
1004,527,0.12709182500839233
1004,1750,0.12583515048027039
1004,1716,0.080793030560016632
1004,1842,0.074726752936840057
1004,1773,0.074211224913597107
1005,1005,0
1005,306,1
1005,1475,0.8049931526184082
1005,1242,0.3046073317527771
1005,613,0.3037446141242981
1005,1612,0.26661780476570129
1005,1542,0.21352480351924896
1005,1229,0.18380916118621826
1005,708,0.15065521001815796
1005,981,0.13056007027626038
1005,1633,0.12020997703075409
1005,963,0.11771846562623978
1005,1192,0.10778266191482544
1005,1709,0.10185991227626801
1005,1103,0.10080196708440781
1006,1006,0
1006,499,1
1006,215,0.58827888965606689
1006,1152,0.49193727970123291
1006,1077,0.31315538287162781
1006,1090,0.28034105896949768
1006,723,0.22745673358440399
1006,232,0.18278960883617401
1006,255,0.16849003732204437
1006,1344,0.16456156969070435
1006,1318,0.11038206517696381
1006,1252,0.10687975585460663
1006,1720,0.0958123579621315
1006,1586,0.089122816920280457
1006,716,0.08768145740032196
1007,1007,0
1007,742,1
1007,1900,0.60356301069259644
1007,1828,0.49811467528343201
1007,1327,0.34205758571624756
1007,1442,0.33283936977386475
1007,1123,0.22457894682884216
1007,782,0.22396127879619598
1007,178,0.12763246893882751
1007,1265,0.12199554592370987
1007,1704,0.11853603273630142
1007,967,0.093810729682445526
1007,1328,0.076695382595062256
1007,951,0.075000286102294922
1007,1349,0.068111255764961243
1008,1008,0
1008,1446,1
1008,1633,0.73076790571212769
1008,131,0.4548109769821167
1008,1562,0.39924794435501099
1008,0,0.27068689465522766
1008,708,0.25157341361045837
1008,1837,0.18112519383430481
1008,1648,0.169056236743927
1008,1952,0.088338457047939301
1008,420,0.082925662398338318
1008,454,0.082540176808834076
1008,695,0.074454642832279205
1008,1699,0.062709085643291473
1008,1649,0.058648090809583664
1009,1009,0
1009,1229,1
1009,869,0.46824228763580322
1009,73,0.46200704574584961
1009,347,0.37473016977310181
1009,980,0.33705303072929382
1009,1178,0.28193783760070801
1009,1083,0.20331472158432007
1009,1475,0.18552698194980621
1009,713,0.15372847020626068
1009,515,0.10368854552507401
1009,1199,0.098320953547954559
1009,593,0.083589047193527222
1009,1458,0.079565919935703278
1009,410,0.075189992785453796
1010,1010,0
1010,1699,1
1010,811,0.71084070205688477
1010,1574,0.58843851089477539
1010,1617,0.28674989938735962
1010,15,0.2785000205039978
1010,226,0.21155983209609985
1010,1505,0.19365473091602325
1010,425,0.12837372720241547
1010,201,0.12043336033821106
1010,1638,0.099336184561252594
1010,729,0.089635290205478668
1010,288,0.074843719601631165
1010,3,0.068943902850151062
1010,646,0.055571302771568298
1011,1011,0
1011,1421,1
1011,168,0.43676766753196716
1011,1682,0.33144351840019226
1011,676,0.32404330372810364
1011,1550,0.29770168662071228
1011,1798,0.25370842218399048
1011,1505,0.24643872678279877
1011,1087,0.18768791854381561
1011,59,0.16489985585212708
1011,1163,0.16194497048854828
1011,1271,0.13839349150657654
1011,915,0.12906035780906677
1011,452,0.12495661526918411
1011,93,0.1098489910364151
1012,1012,0
1012,184,1
1012,491,0.431711345911026
1012,195,0.36357137560844421
1012,79,0.28161981701850891
1012,921,0.22520385682582855
1012,1548,0.20182517170906067
1012,1022,0.19681665301322937
1012,1526,0.19535006582736969
1012,459,0.18499484658241272
1012,664,0.18060208857059479
1012,1777,0.17599059641361237
1012,856,0.17042486369609833
1012,835,0.16031764447689056
1012,1396,0.13845740258693695
1013,1013,0
1013,580,1
1013,968,0.38485664129257202
1013,1402,0.30189001560211182
1013,1039,0.28821054100990295
1013,1204,0.28041267395019531
1013,591,0.26381427049636841
1013,481,0.20974378287792206
1013,1907,0.19618643820285797
1013,1647,0.19360971450805664
1013,319,0.17701511085033417
1013,1803,0.17386876046657562
1013,1535,0.17007496953010559
1013,536,0.13884654641151428
1013,1239,0.12835527956485748
1014,1014,0
1014,1380,1
1014,1902,0.38676077127456665
1014,1322,0.31564432382583618
1014,73,0.25822612643241882
1014,979,0.25224313139915466
1014,1678,0.24825167655944824
1014,0,0.21547174453735352
1014,912,0.21446579694747925
1014,1036,0.2064691036939621
1014,727,0.20432978868484497
1014,1921,0.17812739312648773
1014,1272,0.17741942405700684
1014,226,0.13069050014019012
1014,1789,0.1187838539481163
1015,1015,0
1015,11,1
1015,644,0.40826934576034546
1015,886,0.3875356912612915
1015,1519,0.34231781959533691
1015,66,0.27146297693252563
1015,1434,0.22340011596679688
1015,824,0.19930970668792725
1015,1979,0.19367067515850067
1015,928,0.19010429084300995
1015,1127,0.18260101974010468
1015,1401,0.16760490834712982
1015,1858,0.15425427258014679
1015,552,0.096859514713287354
1015,1976,0.089503489434719086
1016,1016,0
1016,571,1
1016,1730,0.70211583375930786
1016,424,0.44226953387260437
1016,437,0.32175639271736145
1016,478,0.29395434260368347
1016,1270,0.22387306392192841
1016,1515,0.18884569406509399
1016,473,0.17966488003730774
1016,1943,0.15691356360912323
1016,945,0.14555846154689789
1016,1118,0.090939521789550781
1016,1335,0.066090427339076996
1016,687,0.057016044855117798
1016,371,0.037885125726461411
1017,1017,0
1017,1001,1
1017,1598,0.63230478763580322
1017,1916,0.37305793166160583
1017,77,0.34779068827629089
1017,1950,0.28758466243743896
1017,174,0.26281845569610596
1017,420,0.2210315465927124
1017,1958,0.21395955979824066
1017,1293,0.1828882247209549
1017,940,0.11278050392866135
1017,973,0.0873117595911026
1017,1539,0.066706076264381409
1017,1390,0.063203945755958557
1017,1272,0.055447641760110855
1018,1018,0
1018,1237,1
1018,949,0.42850238084793091
1018,453,0.31482747197151184
1018,248,0.29337891936302185
1018,1447,0.28153082728385925
1018,1271,0.22339662909507751
1018,59,0.19257256388664246
1018,167,0.18552546203136444
1018,387,0.18333630263805389
1018,116,0.1802702397108078
1018,1415,0.16405186057090759
1018,187,0.15899863839149475
1018,875,0.15034379065036774
1018,796,0.15015275776386261
1019,1019,0
1019,69,1
1019,909,0.47539839148521423
1019,806,0.38139691948890686
1019,1380,0.31417962908744812
1019,376,0.2348574697971344
1019,251,0.22365275025367737
1019,1688,0.20358926057815552
1019,335,0.18307584524154663
1019,1649,0.16765224933624268
1019,548,0.16179966926574707
1019,940,0.1564985066652298
1019,174,0.13959166407585144
1019,404,0.13664345443248749
1019,1272,0.12855027616024017
1020,1020,0
1020,1322,1
1020,174,0.93547266721725464
1020,1036,0.31428796052932739
1020,806,0.286568284034729
1020,1380,0.28163859248161316
1020,1272,0.18025939166545868
1020,362,0.14037907123565674
1020,1648,0.12296638637781143
1020,1597,0.12292554974555969
1020,1539,0.11821611970663071
1020,1001,0.1148044764995575
1020,1014,0.10520671308040619
1020,0,0.097512446343898773
1020,1789,0.086650989949703217
1021,1021,0
1021,1334,1
1021,597,0.80491167306900024
1021,428,0.59168243408203125
1021,1623,0.51170581579208374
1021,366,0.22867712378501892
1021,1173,0.20912823081016541
1021,872,0.14608946442604065
1021,1447,0.10922548174858093
1021,1481,0.071243166923522949
1021,295,0.061037097126245499
1021,1326,0.049598891288042068
1021,116,0.04697147011756897
1021,1412,0.045911204069852829
1021,358,0.030717609450221062
1022,1022,0
1022,1556,1
1022,856,0.29210871458053589
1022,491,0.28267008066177368
1022,1548,0.25753727555274963
1022,459,0.24927958846092224
1022,298,0.24641048908233643
1022,1280,0.23561039566993713
1022,1012,0.23172624409198761
1022,56,0.21232922375202179
1022,340,0.19633500277996063
1022,649,0.18271435797214508
1022,359,0.17680257558822632
1022,401,0.17282341420650482
1022,1918,0.17054933309555054
1023,1023,0
1023,1529,1
1023,87,0.66565108299255371
1023,1711,0.40446451306343079
1023,436,0.27636685967445374
1023,1444,0.23773477971553802
1023,177,0.22889953851699829
1023,1372,0.18954621255397797
1023,1058,0.16174589097499847
1023,709,0.16119499504566193
1023,645,0.15189515054225922
1023,1238,0.1185854971408844
1023,721,0.10822215676307678
1023,1088,0.10244987905025482
1023,600,0.10013613104820251
1024,1024,0
1024,1093,1
1024,740,0.54908847808837891
1024,177,0.52402663230895996
1024,1248,0.33477845788002014
1024,1605,0.29861000180244446
1024,25,0.28294724225997925
1024,1141,0.18792662024497986
1024,917,0.1753164678812027
1024,922,0.12838658690452576
1024,538,0.092586897313594818
1024,208,0.090888887643814087
1024,1381,0.088895216584205627
1024,1292,0.081380210816860199
1024,849,0.072051838040351868
1025,1025,0
1025,743,1
1025,815,0.40502804517745972
1025,66,0.38543707132339478
1025,1267,0.26020342111587524
1025,1046,0.26008859276771545
1025,324,0.19698682427406311
1025,761,0.19332318007946014
1025,363,0.19194360077381134
1025,271,0.19014039635658264
1025,960,0.18266703188419342
1025,57,0.17067556083202362
1025,1990,0.16497780382633209
1025,1279,0.15435926616191864
1025,1948,0.15105907618999481
1026,1026,0
1026,564,1
1026,1806,0.68504434823989868
1026,422,0.53531110286712646
1026,1407,0.31465139985084534
1026,1383,0.26090636849403381
1026,352,0.17708146572113037
1026,1920,0.15136381983757019
1026,598,0.14408741891384125
1026,408,0.11592192947864532
1026,820,0.11042126268148422
1026,1223,0.10784972459077835
1026,1354,0.10597951710224152
1026,1847,0.099478244781494141
1026,1537,0.098789587616920471
1027,1027,0
1027,1645,1
1027,1255,0.47549593448638916
1027,1909,0.46877437829971313
1027,387,0.42638033628463745
1027,981,0.20775371789932251
1027,1197,0.20501522719860077
1027,303,0.18406152725219727
1027,613,0.16171334683895111
1027,708,0.13869418203830719
1027,1503,0.13718773424625397
1027,1102,0.1286211758852005
1027,1447,0.1251399964094162
1027,1126,0.12494246661663055
1027,792,0.12310877442359924
1028,1028,0
1028,29,1
1028,234,0.55486124753952026
1028,967,0.29298827052116394
1028,742,0.25925350189208984
1028,641,0.24272912740707397
1028,919,0.24019980430603027
1028,381,0.19184395670890808
1028,1608,0.19034799933433533
1028,60,0.17620058357715607
1028,1900,0.17124360799789429
1028,748,0.17077624797821045
1028,1493,0.15597259998321533
1028,1123,0.13214758038520813
1028,740,0.12831650674343109
1029,1029,0
1029,912,1
1029,1229,0.76990598440170288
1029,73,0.73261475563049316
1029,362,0.54149430990219116
1029,1009,0.45251229405403137
1029,727,0.11056936532258987
1029,1826,0.076178930699825287
1029,1049,0.058245446532964706
1029,1083,0.051870349794626236
1029,1709,0.038063377141952515
1029,1950,0.03255690261721611
1029,713,0.015722990036010742
1029,869,0.014478364959359169
1029,566,0.012683013454079628
1030,1030,0
1030,1153,1
1030,1295,0.64665383100509644
1030,1333,0.51613956689834595
1030,535,0.31963500380516052
1030,1636,0.21589712798595428
1030,1268,0.19871635735034943
1030,1253,0.18196503818035126
1030,1912,0.17813655734062195
1030,865,0.14195312559604645
1030,274,0.11207454651594162
1030,1984,0.10343775898218155
1030,242,0.10342074185609818
1030,1283,0.099410697817802429
1030,1715,0.089459970593452454
1031,1031,0
1031,370,1
1031,893,0.8517799973487854
1031,1754,0.81524443626403809
1031,1100,0.54939156770706177
1031,365,0.13914164900779724
1031,1352,0.11559312045574188
1031,486,0.087674245238304138
1031,769,0.067012183368206024
1031,602,0.060891412198543549
1031,463,0.054445482790470123
1031,1304,0.047766443341970444
1031,1890,0.042481955140829086
1031,489,0.039178650826215744
1031,1804,0.03629804402589798
1032,1032,0
1032,980,1
1032,97,0.82287323474884033
1032,1758,0.30980312824249268
1032,347,0.29141944646835327
1032,1929,0.28190428018569946
1032,1622,0.22346965968608856
1032,869,0.20604708790779114
1032,1009,0.1433732658624649
1032,515,0.139921635389328
1032,1156,0.1288997083902359
1032,1347,0.11590789258480072
1032,151,0.1057092696428299
1032,814,0.073660820722579956
1032,1458,0.063895769417285919
1033,1033,0
1033,200,1
1033,1559,0.59159016609191895
1033,58,0.55430805683135986
1033,639,0.44358113408088684
1033,1182,0.19657529890537262
1033,753,0.16994068026542664
1033,178,0.16579677164554596
1033,762,0.14397627115249634
1033,1212,0.14342981576919556
1033,1431,0.11925928294658661
1033,1449,0.098709866404533386
1033,51,0.097198888659477234
1033,1821,0.093465447425842285
1033,1349,0.089051857590675354
1034,1034,0
1034,689,1
1034,1250,0.46233487129211426
1034,1256,0.41856157779693604
1034,124,0.36083006858825684
1034,1974,0.2792486846446991
1034,1681,0.25894853472709656
1034,455,0.23333583772182465
1034,1284,0.16756889224052429
1034,1967,0.14415821433067322
1034,1690,0.13763394951820374
1034,1116,0.13163860142230988
1034,90,0.1070636659860611
1034,1665,0.1046200767159462
1034,523,0.1009458601474762
1035,1035,0
1035,997,1
1035,1944,0.87687629461288452
1035,524,0.49518504738807678
1035,1822,0.28658756613731384
1035,741,0.23460157215595245
1035,1275,0.14135240018367767
1035,1628,0.13132986426353455
1035,1181,0.12906891107559204
1035,1894,0.11638526618480682
1035,931,0.10593846440315247
1035,1983,0.10554607957601547
1035,953,0.10381064563989639
1035,273,0.098877646028995514
1035,276,0.081336818635463715
1036,1036,0
1036,1272,1
1036,1380,0.76410305500030518
1036,1539,0.61363136768341064
1036,1617,0.25344476103782654
1036,973,0.18325076997280121
1036,1699,0.16961190104484558
1036,1649,0.13367877900600433
1036,135,0.12229745835065842
1036,1480,0.1189272403717041
1036,15,0.11601836979389191
1036,1876,0.1131308451294899
1036,1505,0.10975170880556107
1036,1322,0.1091478243470192
1036,1390,0.099899508059024811
1037,1037,0
1037,1970,1
1037,742,0.92792654037475586
1037,1007,0.59274721145629883
1037,762,0.27997913956642151
1037,1264,0.23912756145000458
1037,25,0.20849311351776123
1037,753,0.12832039594650269
1037,849,0.11386319249868393
1037,510,0.089194968342781067
1037,1172,0.085726156830787659
1037,1927,0.075561419129371643
1037,1349,0.07188677042722702
1037,1140,0.053178954869508743
1037,967,0.040891397744417191
1038,1038,0
1038,71,1
1038,893,0.33973217010498047
1038,1754,0.29157194495201111
1038,1386,0.24870719015598297
1038,1089,0.24768613278865814
1038,1105,0.23926706612110138
1038,1218,0.21507509052753448
1038,1804,0.21265918016433716
1038,1997,0.21056143939495087
1038,1609,0.19895339012145996
1038,769,0.19514298439025879
1038,1667,0.18630217015743256
1038,712,0.16988296806812286
1038,370,0.15135876834392548
1039,1039,0
1039,968,1
1039,1013,0.5809938907623291
1039,481,0.3263823390007019
1039,580,0.31687095761299133
1039,213,0.28867921233177185
1039,1784,0.19044429063796997
1039,1907,0.1828511655330658
1039,1343,0.17559316754341125
1039,934,0.15749739110469818
1039,1204,0.15566226840019226
1039,163,0.14113031327724457
1039,928,0.13093411922454834
1039,868,0.13049313426017761
1039,591,0.12935683131217957
1040,1040,0
1040,1160,1
1040,1951,0.98119920492172241
1040,394,0.65939158201217651
1040,745,0.28012391924858093
1040,227,0.27917203307151794
1040,117,0.27744102478027344
1040,252,0.15235996246337891
1040,1916,0.095178954303264618
1040,247,0.038647949695587158
1040,226,0.034200802445411682
1040,418,0.031575780361890793
1040,812,0.027166405692696571
1040,3,0.02574087493121624
1040,1491,0.024696249514818192
1041,1041,0
1041,409,1
1041,1862,0.41871330142021179
1041,1495,0.25483819842338562
1041,400,0.25328701734542847
1041,1305,0.24761335551738739
1041,1668,0.22267928719520569
1041,171,0.20715264976024628
1041,345,0.19447915256023407
1041,1309,0.19416424632072449
1041,199,0.19259312748908997
1041,1620,0.18575406074523926
1041,216,0.18288330733776093
1041,1251,0.17773056030273438
1041,66,0.17500461637973785
1042,1042,0
1042,1309,1
1042,1812,0.56661820411682129
1042,594,0.41557645797729492
1042,398,0.32808235287666321
1042,1899,0.28832665085792542
1042,1395,0.22486965358257294
1042,338,0.1882660835981369
1042,1387,0.16251316666603088
1042,673,0.15308347344398499
1042,95,0.15115946531295776
1042,68,0.12496376782655716
1042,757,0.11898839473724365
1042,705,0.10055319964885712
1042,1406,0.08389764279127121
1043,1043,0
1043,918,1
1043,1794,0.41526934504508972
1043,1218,0.3805963397026062
1043,1667,0.26029840111732483
1043,892,0.25780302286148071
1043,1307,0.23500622808933258
1043,393,0.18715918064117432
1043,94,0.17734122276306152
1043,402,0.17570075392723083
1043,706,0.17324601113796234
1043,1352,0.17065612971782684
1043,1249,0.1684565395116806
1043,1323,0.16093675792217255
1043,910,0.14442189037799835
1044,1044,0
1044,318,1
1044,505,0.79028677940368652
1044,1802,0.32680627703666687
1044,350,0.26907816529273987
1044,52,0.24215255677700043
1044,1371,0.21879296004772186
1044,1555,0.17746099829673767
1044,1720,0.1608414500951767
1044,1787,0.15668073296546936
1044,903,0.15228430926799774
1044,1584,0.14481143653392792
1044,1655,0.10668082535266876
1044,1851,0.090805970132350922
1044,179,0.070217132568359375
1045,1045,0
1045,674,1
1045,893,0.72601711750030518
1045,463,0.52801340818405151
1045,1754,0.25238892436027527
1045,1619,0.2512589693069458
1045,146,0.21347340941429138
1045,1150,0.20556667447090149
1045,1549,0.12100110203027725
1045,1277,0.11298459023237228
1045,1031,0.10727556049823761
1045,1352,0.10691480338573456
1045,1386,0.095443211495876312
1045,1339,0.094542190432548523
1045,237,0.092004597187042236
1046,1046,0
1046,171,1
1046,1657,0.50109082460403442
1046,199,0.35677212476730347
1046,815,0.3264676034450531
1046,57,0.32001975178718567
1046,494,0.30727729201316833
1046,1025,0.27267530560493469
1046,271,0.19885416328907013
1046,960,0.16711986064910889
1046,1267,0.10635066032409668
1046,1585,0.10538896918296814
1046,1041,0.08641534298658371
1046,1398,0.083500966429710388
1046,1544,0.074961207807064056
1047,1047,0
1047,1097,1
1047,1906,0.48796749114990234
1047,529,0.45287913084030151
1047,1187,0.38979524374008179
1047,1336,0.28593325614929199
1047,1602,0.26685076951980591
1047,1762,0.25024363398551941
1047,766,0.14352965354919434
1047,828,0.13041254878044128
1047,1735,0.12940289080142975
1047,935,0.11495152860879898
1047,1484,0.087246112525463104
1047,278,0.084682926535606384
1047,1124,0.082997880876064301
1048,1048,0
1048,1368,1
1048,553,0.93096452951431274
1048,594,0.25169703364372253
1048,464,0.23037043213844299
1048,1357,0.20753923058509827
1048,983,0.19260971248149872
1048,955,0.1835576593875885
1048,1899,0.17748074233531952
1048,1483,0.15387964248657227
1048,41,0.12793999910354614
1048,944,0.11774479597806931
1048,1176,0.11706792563199997
1048,520,0.1118372306227684
1048,1624,0.10419721901416779
1049,1049,0
1049,1709,1
1049,404,0.53757679462432861
1049,1542,0.3159639835357666
1049,1192,0.29586824774742126
1049,1612,0.24448961019515991
1049,1027,0.21468190848827362
1049,912,0.19651634991168976
1049,1229,0.17485417425632477
1049,1005,0.16749702394008636
1049,73,0.16580094397068024
1049,1826,0.15769743919372559
1049,77,0.15460392832756042
1049,613,0.15409171581268311
1049,1503,0.12724268436431885
1050,1050,0
1050,397,1
1050,487,0.98440468311309814
1050,1659,0.54656893014907837
1050,274,0.22166308760643005
1050,1194,0.18023517727851868
1050,911,0.16549266874790192
1050,1273,0.16308441758155823
1050,689,0.1329227089881897
1050,1883,0.12797296047210693
1050,615,0.096661925315856934
1050,779,0.089317500591278076
1050,212,0.084486015141010284
1050,1767,0.07082764059305191
1050,242,0.043249122798442841
1051,1051,0
1051,364,1
1051,1649,0.54778695106506348
1051,417,0.50806570053100586
1051,588,0.25583326816558838
1051,1902,0.21992696821689606
1051,1791,0.20644374191761017
1051,1488,0.19794821739196777
1051,729,0.16381476819515228
1051,1921,0.14806152880191803
1051,582,0.14227616786956787
1051,335,0.14219141006469727
1051,544,0.13208143413066864
1051,1272,0.12413077801465988
1051,507,0.11833921074867249
1052,1052,0
1052,201,1
1052,1574,0.29583543539047241
1052,226,0.27376097440719604
1052,1522,0.27028292417526245
1052,198,0.2637137770652771
1052,1010,0.24711529910564423
1052,1458,0.23050676286220551
1052,135,0.21129873394966125
1052,15,0.20372197031974792
1052,1505,0.19509375095367432
1052,1837,0.19314880669116974
1052,1789,0.18287704885005951
1052,1154,0.1725199967622757
1052,151,0.16700957715511322
1053,1053,0
1053,1679,1
1053,1661,0.37191441655158997
1053,609,0.30486154556274414
1053,372,0.26990750432014465
1053,1762,0.24895033240318298
1053,1397,0.22569972276687622
1053,1777,0.21585196256637573
1053,1831,0.21108509600162506
1053,1165,0.20003613829612732
1053,114,0.19167567789554596
1053,679,0.18336577713489532
1053,801,0.16413205862045288
1053,90,0.15981425344944
1053,278,0.15960520505905151
1054,1054,0
1054,1656,1
1054,28,0.56516790390014648
1054,7,0.37802839279174805
1054,467,0.36225828528404236
1054,1998,0.23511567711830139
1054,448,0.22423338890075684
1054,290,0.21623781323432922
1054,1915,0.20781053602695465
1054,136,0.15982444584369659
1054,1167,0.14676155149936676
1054,770,0.13282905519008636
1054,1708,0.12477346509695053
1054,213,0.080032125115394592
1054,405,0.07382260262966156
1055,1055,0
1055,1355,1
1055,23,0.58525151014328003
1055,1971,0.39935281872749329
1055,367,0.37124919891357422
1055,728,0.26704013347625732
1055,210,0.22832992672920227
1055,734,0.2223551869392395
1055,102,0.14517815411090851
1055,472,0.14079327881336212
1055,556,0.12990635633468628
1055,1543,0.12632009387016296
1055,1838,0.098768040537834167
1055,1913,0.098254993557929993
1055,877,0.094088412821292877
1056,1056,0
1056,351,1
1056,469,0.64364737272262573
1056,1735,0.62085264921188354
1056,1651,0.24365323781967163
1056,649,0.22397777438163757
1056,1671,0.21951746940612793
1056,1855,0.14650870859622955
1056,62,0.12502112984657288
1056,684,0.12344483286142349
1056,183,0.12181784212589264
1056,736,0.11147754639387131
1056,1397,0.1096908375620842
1056,1999,0.1094440296292305
1056,465,0.10783933848142624
1057,1057,0
1057,501,1
1057,585,0.59649914503097534
1057,373,0.43114659190177917
1057,92,0.35090920329093933
1057,988,0.29231327772140503
1057,801,0.21570263803005219
1057,1452,0.17742079496383667
1057,804,0.15611505508422852
1057,1268,0.14449162781238556
1057,1315,0.12519106268882751
1057,1457,0.11697415262460709
1057,679,0.10563854873180389
1057,491,0.10242845863103867
1057,1831,0.09205203503370285
1058,1058,0
1058,327,1
1058,1246,0.32300454378128052
1058,1023,0.31383335590362549
1058,296,0.27930435538291931
1058,1534,0.27558380365371704
1058,1947,0.25941821932792664
1058,1711,0.21424677968025208
1058,444,0.20918433368206024
1058,1338,0.19221867620944977
1058,878,0.17773792147636414
1058,1442,0.17084819078445435
1058,1529,0.16805294156074524
1058,442,0.16224335134029388
1058,1136,0.16121555864810944
1059,1059,0
1059,1747,1
1059,36,0.38290935754776001
1059,1363,0.34607210755348206
1059,33,0.33915033936500549
1059,769,0.30931723117828369
1059,1190,0.27224656939506531
1059,1886,0.25704473257064819
1059,862,0.19931076467037201
1059,1478,0.18331010639667511
1059,1642,0.16604958474636078
1059,1381,0.12513376772403717
1059,918,0.11319757252931595
1059,144,0.11239507049322128
1059,1579,0.10074488073587418
1060,1060,0
1060,1908,1
1060,1585,0.43010491132736206
1060,1727,0.294706791639328
1060,1884,0.26121276617050171
1060,1594,0.24964790046215057
1060,197,0.2250201404094696
1060,914,0.20778980851173401
1060,1041,0.20325677096843719
1060,759,0.20052032172679901
1060,1025,0.1805553138256073
1060,698,0.17460280656814575
1060,1495,0.1736079603433609
1060,1657,0.15992340445518494
1060,112,0.14594034850597382
1061,1061,0
1061,1145,1
1061,1732,0.47233614325523376
1061,1571,0.25708559155464172
1061,152,0.24804839491844177
1061,1477,0.2393677681684494
1061,1287,0.23619827628135681
1061,1907,0.22567147016525269
1061,799,0.20435911417007446
1061,868,0.19822578132152557
1061,928,0.17788539826869965
1061,300,0.17337331175804138
1061,1343,0.1621243804693222
1061,210,0.15621301531791687
1061,1144,0.15600040555000305
1062,1062,0
1062,1798,1
1062,936,0.93347382545471191
1062,484,0.75314903259277344
1062,257,0.18858270347118378
1062,1682,0.18814107775688171
1062,306,0.13692250847816467
1062,93,0.12722097337245941
1062,1448,0.11927961558103561
1062,509,0.1072111576795578
1062,1782,0.092742763459682465
1062,715,0.085022613406181335
1062,605,0.061287663877010345
1062,1792,0.060748782008886337
1062,196,0.053111545741558075
1063,1063,0
1063,1497,1
1063,1124,0.89755117893218994
1063,652,0.5087159276008606
1063,47,0.27638453245162964
1063,1626,0.23860533535480499
1063,1749,0.23721592128276825
1063,1310,0.21193292737007141
1063,1135,0.12914146482944489
1063,1187,0.11775770783424377
1063,1545,0.11757967621088028
1063,636,0.072359800338745117
1063,1,0.042630057781934738
1063,1502,0.036798294633626938
1063,1462,0.020212935283780098
1064,1064,0
1064,1504,1
1064,1177,0.62856370210647583
1064,1174,0.49786335229873657
1064,1629,0.35315817594528198
1064,1932,0.26860454678535461
1064,701,0.17944109439849854
1064,1199,0.16149228811264038
1064,1086,0.15128321945667267
1064,27,0.14685533940792084
1064,745,0.13636557757854462
1064,1103,0.11538305878639221
1064,916,0.091513022780418396
1064,1430,0.088586680591106415
1064,1412,0.087787345051765442
1065,1065,0
1065,30,1
1065,727,0.43108576536178589
1065,746,0.37047287821769714
1065,1750,0.29746896028518677
1065,1178,0.24439677596092224
1065,328,0.2295231819152832
1065,1347,0.21599759161472321
1065,453,0.21139785647392273
1065,1942,0.20416544377803802
1065,582,0.15837679803371429
1065,711,0.15088111162185669
1065,646,0.14368566870689392
1065,1689,0.12828674912452698
1065,1004,0.12115579843521118
1066,1066,0
1066,1644,1
1066,1632,0.53747230768203735
1066,504,0.44456428289413452
1066,754,0.28762483596801758
1066,1685,0.28387179970741272
1066,1366,0.2369680255651474
1066,520,0.21325790882110596
1066,822,0.19362218677997589
1066,1882,0.17488016188144684
1066,400,0.12764893472194672
1066,1305,0.12221764773130417
1066,163,0.10832495242357254
1066,1566,0.092167943716049194
1066,158,0.084276348352432251
1067,1067,0
1067,1502,1
1067,1260,0.78694605827331543
1067,1556,0.60495656728744507
1067,624,0.42370691895484924
1067,681,0.30894359946250916
1067,861,0.16850495338439941
1067,546,0.14937199652194977
1067,1873,0.1058591827750206
1067,1191,0.085146859288215637
1067,1767,0.084506183862686157
1067,459,0.082813143730163574
1067,585,0.042287647724151611
1067,1022,0.036493826657533646
1067,1135,0.027345987036824226
1068,1068,0
1068,1918,1
1068,1280,0.64705914258956909
1068,1502,0.46356663107872009
1068,1556,0.44069936871528625
1068,1067,0.30839210748672485
1068,666,0.28931257128715515
1068,1807,0.16050359606742859
1068,459,0.14341562986373901
1068,1696,0.08723101019859314
1068,1553,0.077325277030467987
1068,1626,0.076074592769145966
1068,779,0.075735971331596375
1068,1022,0.075106233358383179
1068,105,0.062468834221363068
1069,1069,0
1069,788,1
1069,861,0.94332432746887207
1069,1568,0.52521020174026489
1069,243,0.32074648141860962
1069,1457,0.25042960047721863
1069,982,0.19469282031059265
1069,1080,0.15080517530441284
1069,1268,0.11696969717741013
1069,585,0.093684621155261993
1069,1715,0.085681810975074768
1069,1260,0.066561810672283173
1069,568,0.058256253600120544
1069,681,0.057179253548383713
1069,686,0.043349962681531906
1070,1070,0
1070,199,1
1070,171,0.81865060329437256
1070,537,0.39743483066558838
1070,1953,0.3078138530254364
1070,1703,0.24136090278625488
1070,1871,0.21839757263660431
1070,112,0.16442285478115082
1070,1422,0.15979671478271484
1070,99,0.11503561586141586
1070,1309,0.11122781038284302
1070,494,0.10394405573606491
1070,1041,0.09832695871591568
1070,520,0.086514726281166077
1070,518,0.083961397409439087
1071,1071,0
1071,1668,1
1071,1775,0.44292601943016052
1071,66,0.43633735179901123
1071,1657,0.3839556872844696
1071,1990,0.26880383491516113
1071,1477,0.24535354971885681
1071,1398,0.22551576793193817
1071,1041,0.14873866736888885
1071,408,0.1409391462802887
1071,564,0.13304899632930756
1071,1780,0.12880472838878632
1071,1401,0.12461893260478973
1071,352,0.11851327866315842
1071,1495,0.10933125764131546
1072,1072,0
1072,1862,1
1072,400,0.70814526081085205
1072,759,0.39865505695343018
1072,1685,0.35055187344551086
1072,1392,0.2279471755027771
1072,1305,0.2083064466714859
1072,1965,0.1626976877450943
1072,754,0.14978566765785217
1072,216,0.14341026544570923
1072,914,0.13338448107242584
1072,675,0.12371428310871124
1072,1316,0.10882771760225296
1072,20,0.10642122477293015
1072,592,0.08504679799079895
1073,1073,0
1073,1567,1
1073,692,0.88340187072753906
1073,1335,0.52976655960083008
1073,514,0.3486468493938446
1073,1003,0.28166648745536804
1073,333,0.19540829956531525
1073,958,0.14770279824733734
1073,794,0.11350376158952713
1073,1653,0.099322311580181122
1073,323,0.085527412593364716
1073,1115,0.06683117151260376
1073,606,0.056248888373374939
1073,1516,0.049566738307476044
1073,53,0.049298297613859177
1074,1074,0
1074,1628,1
1074,829,0.47698304057121277
1074,1822,0.31273993849754333
1074,1922,0.2509748637676239
1074,267,0.21534310281276703
1074,1894,0.20788910984992981
1074,1671,0.20562499761581421
1074,741,0.19642888009548187
1074,1557,0.1943984180688858
1074,1317,0.18901947140693665
1074,931,0.17508494853973389
1074,351,0.16256515681743622
1074,1944,0.16086514294147491
1074,1092,0.15897981822490692
1075,1075,0
1075,1904,1
1075,1406,0.43959265947341919
1075,899,0.35422796010971069
1075,1987,0.32118469476699829
1075,287,0.30129644274711609
1075,1312,0.28208205103874207
1075,728,0.26019418239593506
1075,1428,0.19507502019405365
1075,1961,0.17660810053348541
1075,432,0.14630740880966187
1075,378,0.14040078222751617
1075,74,0.11593497544527054
1075,1101,0.092492617666721344
1075,57,0.081490315496921539
1076,1076,0
1076,1194,1
1076,22,0.93823772668838501
1076,690,0.37897211313247681
1076,1949,0.24675723910331726
1076,245,0.23219063878059387
1076,274,0.18345080316066742
1076,1759,0.17656347155570984
1076,78,0.15262119472026825
1076,195,0.13536857068538666
1076,1186,0.10012006759643555
1076,835,0.097685225307941437
1076,21,0.097476653754711151
1076,921,0.086785838007926941
1076,1012,0.080653801560401917
1077,1077,0
1077,1318,1
1077,1330,0.68636447191238403
1077,411,0.34890240430831909
1077,255,0.28398600220680237
1077,1006,0.25761038064956665
1077,723,0.22562186419963837
1077,865,0.20931720733642578
1077,497,0.19760550558567047
1077,215,0.15396276116371155
1077,568,0.14471395313739777
1077,264,0.11204096674919128
1077,827,0.099076032638549805
1077,499,0.094435811042785645
1077,1720,0.09324859082698822
1078,1078,0
1078,1536,1
1078,1776,0.65079230070114136
1078,924,0.32393956184387207
1078,1527,0.31965655088424683
1078,462,0.29578688740730286
1078,1934,0.203470379114151
1078,1444,0.18309712409973145
1078,1841,0.15979167819023132
1078,1859,0.13754133880138397
1078,1141,0.13683393597602844
1078,297,0.13607302308082581
1078,1506,0.12237994372844696
1078,218,0.12106946110725403
1078,1663,0.11646215617656708
1079,1079,0
1079,1391,1
1079,860,0.62326252460479736
1079,333,0.30889013409614563
1079,692,0.25133362412452698
1079,141,0.23250660300254822
1079,1729,0.18755242228507996
1079,623,0.18215847015380859
1079,1384,0.17973053455352783
1079,1115,0.17329934239387512
1079,1411,0.1690596342086792
1079,995,0.16508960723876953
1079,480,0.15102742612361908
1079,390,0.14507417380809784
1079,1258,0.13790558278560638
1080,1080,0
1080,1219,1
1080,1122,0.51605021953582764
1080,1681,0.43290194869041443
1080,788,0.41980770230293274
1080,1069,0.30158835649490356
1080,546,0.19947190582752228
1080,1568,0.15999571979045868
1080,848,0.14244236052036285
1080,1660,0.14037677645683289
1080,1651,0.12998436391353607
1080,62,0.12763190269470215
1080,626,0.12522120773792267
1080,1110,0.12059512734413147
1080,972,0.090814441442489624
1081,1081,0
1081,1696,1
1081,666,0.37730225920677185
1081,359,0.37265539169311523
1081,1807,0.34047642350196838
1081,1715,0.32490018010139465
1081,590,0.28167790174484253
1081,194,0.19215017557144165
1081,1022,0.18466177582740784
1081,1918,0.16568222641944885
1081,1774,0.15501987934112549
1081,122,0.14793612062931061
1081,401,0.13724535703659058
1081,92,0.11485904455184937
1081,1356,0.11232118308544159
1082,1082,0
1082,923,1
1082,668,0.48510769009590149
1082,1356,0.28419435024261475
1082,1413,0.27072587609291077
1082,1397,0.2510438859462738
1082,124,0.22765584290027618
1082,1012,0.21883049607276917
1082,1661,0.18934576213359833
1082,1022,0.18027471005916595
1082,1256,0.16766799986362457
1082,183,0.16495825350284576
1082,1986,0.15972334146499634
1082,359,0.1564050167798996
1082,921,0.15095531940460205
1083,1083,0
1083,1009,1
1083,362,0.53552424907684326
1083,1199,0.44711261987686157
1083,252,0.40703597664833069
1083,713,0.33995124697685242
1083,1178,0.25189360976219177
1083,1475,0.17792424559593201
1083,1950,0.16020208597183228
1083,532,0.13203237950801849
1083,1709,0.1181793138384819
1083,1689,0.11328396946191788
1083,73,0.10271734744310379
1083,1103,0.081476658582687378
1083,1437,0.039559215307235718
1084,1084,0
1084,1850,1
1084,1088,0.47074705362319946
1084,878,0.40977346897125244
1084,416,0.39766642451286316
1084,794,0.32850533723831177
1084,334,0.24952533841133118
1084,296,0.18201440572738647
1084,917,0.16432696580886841
1084,764,0.14380621910095215
1084,1292,0.12200970947742462
1084,146,0.11650947481393814
1084,429,0.11557980626821518
1084,1338,0.10768888145685196
1084,1304,0.098731972277164459
1085,1085,0
1085,1333,1
1085,843,0.68909686803817749
1085,194,0.42775058746337891
1085,375,0.23800677061080933
1085,18,0.21350327134132385
1085,1131,0.19393481314182281
1085,1030,0.1776161789894104
1085,49,0.17175483703613281
1085,451,0.16560691595077515
1085,1253,0.14542300999164581
1085,1700,0.13023354113101959
1085,659,0.1284974068403244
1085,535,0.11366800963878632
1085,752,0.11180155724287033
1086,1086,0
1086,1504,1
1086,879,0.5208888053894043
1086,196,0.42857754230499268
1086,756,0.38247579336166382
1086,963,0.35339275002479553
1086,1227,0.26290556788444519
1086,662,0.23543953895568848
1086,990,0.13482224941253662
1086,306,0.13248027861118317
1086,1686,0.10637021064758301
1086,154,0.089068017899990082
1086,1964,0.087649017572402954
1086,1177,0.086536861956119537
1086,847,0.08628537505865097
1087,1087,0
1087,676,1
1087,181,0.64208805561065674
1087,0,0.38210481405258179
1087,1798,0.32667416334152222
1087,1375,0.31504973769187927
1087,1154,0.27930521965026855
1087,1837,0.18091206252574921
1087,1929,0.12821638584136963
1087,1562,0.11495169252157211
1087,138,0.10953967273235321
1087,1633,0.10916554927825928
1087,708,0.10895971208810806
1087,1236,0.10621681809425354
1087,996,0.10370439291000366
1088,1088,0
1088,917,1
1088,721,0.46504369378089905
1088,1529,0.39904323220252991
1088,1292,0.38430681824684143
1088,177,0.31526210904121399
1088,1444,0.24900892376899719
1088,726,0.23787875473499298
1088,631,0.17043443024158478
1088,878,0.14092789590358734
1088,1084,0.12236800789833069
1088,463,0.11081897467374802
1088,416,0.10827578604221344
1088,1093,0.10429571568965912
1088,927,0.099224887788295746
1089,1089,0
1089,1963,1
1089,1112,0.91023993492126465
1089,1619,0.26729485392570496
1089,1140,0.24668346345424652
1089,161,0.22672733664512634
1089,918,0.1965748518705368
1089,910,0.18831981718540192
1089,1386,0.17390933632850647
1089,1093,0.15335291624069214
1089,463,0.12746050953865051
1089,402,0.12417527288198471
1089,862,0.10789898037910461
1089,726,0.097987227141857147
1089,1579,0.086273565888404846
1090,1090,0
1090,1432,1
1090,232,0.51696175336837769
1090,684,0.34729912877082825
1090,1006,0.27102002501487732
1090,56,0.23120826482772827
1090,499,0.20745500922203064
1090,716,0.19596363604068756
1090,723,0.19427040219306946
1090,1720,0.1863892674446106
1090,31,0.17678752541542053
1090,1252,0.15094408392906189
1090,255,0.14589376747608185
1090,215,0.14206509292125702
1090,1928,0.14063382148742676
1091,1091,0
1091,1408,1
1091,1530,0.7328493595123291
1091,1259,0.403961181640625
1091,767,0.38213145732879639
1091,1527,0.21780891716480255
1091,1516,0.1943332850933075
1091,1511,0.18364061415195465
1091,1439,0.15687774121761322
1091,1695,0.13382914662361145
1091,531,0.12220700830221176
1091,917,0.10398991405963898
1091,776,0.10311905294656754
1091,462,0.090094052255153656
1091,1663,0.082048781216144562
1092,1092,0
1092,1681,1
1092,1767,0.72696775197982788
1092,829,0.72025197744369507
1092,1557,0.36008158326148987
1092,2,0.24161964654922485
1092,1651,0.15322799980640411
1092,1568,0.10914365947246552
1092,242,0.10215365141630173
1092,546,0.10175823420286179
1092,572,0.09435340017080307
1092,419,0.093138180673122406
1092,243,0.083830364048480988
1092,62,0.063082784414291382
1092,1283,0.057284239679574966
1093,1093,0
1093,740,1
1093,208,0.65071582794189453
1093,1024,0.45417851209640503
1093,631,0.40494847297668457
1093,177,0.23286429047584534
1093,25,0.23157985508441925
1093,1963,0.21592593193054199
1093,1140,0.15693110227584839
1093,1381,0.14831185340881348
1093,1930,0.10240530967712402
1093,917,0.079599730670452118
1093,849,0.078884005546569824
1093,1292,0.078807681798934937
1093,918,0.071736603975296021
1094,1094,0
1094,1967,1
1094,1669,0.72179913520812988
1094,856,0.61477446556091309
1094,1276,0.60070836544036865
1094,294,0.32586324214935303
1094,1548,0.23296110332012177
1094,455,0.14762483537197113
1094,654,0.071695499122142792
1094,550,0.058260127902030945
1094,1396,0.046038519591093063
1094,1829,0.041442196816205978
1094,369,0.018987720832228661
1094,340,0.014364590868353844
1094,664,0.012369507923722267
1095,1095,0
1095,1260,1
1095,1502,0.89020699262619019
1095,683,0.36286705732345581
1095,1980,0.28072714805603027
1095,585,0.24476358294487
1095,1418,0.2008606493473053
1095,1067,0.14811623096466064
1095,1457,0.14572368562221527
1095,618,0.1238810122013092
1095,670,0.12059196829795837
1095,1138,0.12029570341110229
1095,626,0.10953868180513382
1095,866,0.082685045897960663
1095,1124,0.076632417738437653
1096,1096,0
1096,1660,1
1096,523,0.56362283229827881
1096,525,0.42037615180015564
1096,1684,0.26178914308547974
1096,791,0.226944699883461
1096,1219,0.2077159583568573
1096,1184,0.18556876480579376
1096,1107,0.18295992910861969
1096,341,0.16578491032123566
1096,1879,0.1596607118844986
1096,243,0.15334257483482361
1096,1651,0.14517155289649963
1096,649,0.11985588818788528
1096,1378,0.11409913003444672
1097,1097,0
1097,529,1
1097,1184,0.66533106565475464
1097,1047,0.44085237383842468
1097,1906,0.28977087140083313
1097,828,0.26041102409362793
1097,1602,0.19378763437271118
1097,92,0.18942908942699432
1097,766,0.15209522843360901
1097,966,0.14040853083133698
1097,1762,0.11797235161066055
1097,649,0.11644646525382996
1097,651,0.11638415604829788
1097,1484,0.11303863674402237
1097,1107,0.11095690727233887
1098,1098,0
1098,1422,1
1098,1769,0.90844458341598511
1098,557,0.7688789963722229
1098,1133,0.4090782105922699
1098,738,0.15679813921451569
1098,398,0.10734351724386215
1098,757,0.10595937818288803
1098,230,0.071445733308792114
1098,311,0.071373850107192993
1098,68,0.070028893649578094
1098,939,0.069060102105140686
1098,946,0.058949451893568039
1098,1070,0.056072905659675598
1098,1387,0.053457565605640411
1099,1099,0
1099,37,1
1099,322,0.76803779602050781
1099,1697,0.35550695657730103
1099,1924,0.22712580859661102
1099,244,0.21944446861743927
1099,1365,0.21606890857219696
1099,1849,0.16349200904369354
1099,95,0.15844698250293732
1099,868,0.15687045454978943
1099,1406,0.15034690499305725
1099,304,0.13678948581218719
1099,575,0.12832669913768768
1099,693,0.11877454072237015
1099,412,0.10766865313053131
1100,1100,0
1100,1890,1
1100,370,0.73016142845153809
1100,769,0.36419215798377991
1100,1476,0.28357058763504028
1100,402,0.20994441211223602
1100,486,0.20007061958312988
1100,1031,0.18882882595062256
1100,726,0.15740591287612915
1100,1292,0.15265454351902008
1100,1352,0.13064728677272797
1100,1114,0.1279418021440506
1100,157,0.12719736993312836
1100,918,0.11852432787418365
1100,878,0.11574722826480865
1101,1101,0
1101,1243,1
1101,1799,0.91788530349731445
1101,1564,0.40627592802047729
1101,1459,0.31555911898612976
1101,165,0.29700967669487
1101,755,0.29625844955444336
1101,517,0.12962014973163605
1101,589,0.12234688550233841
1101,1312,0.11873342841863632
1101,1547,0.094895318150520325
1101,808,0.077488347887992859
1101,1987,0.054234087467193604
1101,944,0.039794798940420151
1101,826,0.036782119423151016
1102,1102,0
1102,1211,1
1102,1203,0.65856176614761353
1102,1199,0.39473289251327515
1102,1027,0.36705157160758972
1102,963,0.32782667875289917
1102,889,0.28737726807594299
1102,1293,0.14136046171188354
1102,1645,0.13472115993499756
1102,1447,0.13199679553508759
1102,1103,0.11233197897672653
1102,1640,0.10074029862880707
1102,1126,0.093309015035629272
1102,1763,0.083842754364013672
1102,1597,0.073035992681980133
1103,1103,0
1103,1576,1
1103,1199,0.40021666884422302
1103,889,0.2974357008934021
1103,1005,0.27412164211273193
1103,1763,0.26922419667243958
1103,1102,0.2464432418346405
1103,963,0.20500996708869934
1103,981,0.20262099802494049
1103,70,0.19221876561641693
1103,1293,0.17790535092353821
1103,1475,0.17320096492767334
1103,1083,0.16382785141468048
1103,1916,0.15718436241149902
1103,867,0.14747874438762665
1104,1104,0
1104,1984,1
1104,535,0.88161277770996094
1104,1153,0.59392565488815308
1104,1805,0.43823108077049255
1104,865,0.18204544484615326
1104,1303,0.16049295663833618
1104,1030,0.11469348520040512
1104,1636,0.11284957826137543
1104,558,0.10300071537494659
1104,1295,0.085872985422611237
1104,155,0.081821411848068237
1104,1912,0.061996236443519592
1104,1851,0.047388292849063873
1104,497,0.042961221188306808
1105,1105,0
1105,685,1
1105,769,0.36880776286125183
1105,1579,0.30139142274856567
1105,427,0.29404237866401672
1105,1399,0.27273324131965637
1105,406,0.23493365943431854
1105,1756,0.22459810972213745
1105,1893,0.19142614305019379
1105,842,0.18824018537998199
1105,522,0.1803814172744751
1105,1175,0.17129585146903992
1105,918,0.17070873081684113
1105,1323,0.15596815943717957
1105,1112,0.15236055850982666
1106,1106,0
1106,162,1
1106,1753,0.91584783792495728
1106,371,0.4192119836807251
1106,1274,0.39588764309883118
1106,478,0.2528129518032074
1106,1935,0.12946306169033051
1106,1731,0.12288317829370499
1106,1183,0.12281543016433716
1106,1016,0.12055637687444687
1106,139,0.11012834310531616
1106,1350,0.09424591064453125
1106,1582,0.08427303284406662
1106,1885,0.080505043268203735
1106,1844,0.058265019208192825
1107,1107,0
1107,957,1
1107,341,0.71477216482162476
1107,1130,0.63990139961242676
1107,1721,0.3444100022315979
1107,1720,0.19639274477958679
1107,1735,0.18104551732540131
1107,1684,0.16159409284591675
1107,1581,0.14166323840618134
1107,62,0.11272510141134262
1107,1096,0.10091780126094818
1107,649,0.092243790626525879
1107,1651,0.089904583990573883
1107,503,0.076905809342861176
1107,1786,0.05441347137093544
1108,1108,0
1108,1782,1
1108,1722,0.72298258543014526
1108,879,0.34047204256057739
1108,458,0.30326873064041138
1108,1778,0.24833449721336365
1108,1345,0.21419128775596619
1108,906,0.191567063331604
1108,1945,0.17280600965023041
1108,482,0.15239989757537842
1108,507,0.11664163321256638
1108,758,0.11630567908287048
1108,1686,0.1115376353263855
1108,5,0.10829357802867889
1108,658,0.10808631777763367
1109,1109,0
1109,533,1
1109,271,0.52893000841140747
1109,1706,0.46922600269317627
1109,998,0.39701676368713379
1109,1904,0.29896286129951477
1109,104,0.22285805642604828
1109,864,0.20635657012462616
1109,1221,0.1605750173330307
1109,74,0.13544857501983643
1109,1872,0.13078367710113525
1109,275,0.12653851509094238
1109,1961,0.10606712847948074
1109,57,0.068450793623924255
1109,728,0.055685218423604965
1110,1110,0
1110,626,1
1110,1080,0.28597164154052734
1110,1767,0.28452709317207336
1110,419,0.24839480221271515
1110,1681,0.23938161134719849
1110,546,0.23376969993114471
1110,1502,0.23039861023426056
1110,1883,0.2132580578327179
1110,972,0.20700347423553467
1110,1260,0.20636174082756042
1110,1092,0.20340935885906219
1110,848,0.19752974808216095
1110,1067,0.17957603931427002
1110,681,0.17731030285358429
1111,1111,0
1111,821,1
1111,1292,0.89619165658950806
1111,1404,0.61012208461761475
1111,1304,0.49663087725639343
1111,1804,0.37294104695320129
1111,370,0.10778841376304626
1111,825,0.10503032058477402
1111,476,0.099948681890964508
1111,1476,0.051744185388088226
1111,129,0.048390895128250122
1111,710,0.042722392827272415
1111,721,0.042666368186473846
1111,726,0.018085664138197899
1111,1100,0.014628746546804905
1112,1112,0
1112,161,1
1112,1963,0.46340426802635193
1112,1089,0.40374252200126648
1112,884,0.26526293158531189
1112,602,0.21284794807434082
1112,1323,0.21269112825393677
1112,769,0.19806136190891266
1112,463,0.17699015140533447
1112,1756,0.17456796765327454
1112,918,0.17363519966602325
1112,892,0.16288581490516663
1112,685,0.15744030475616455
1112,416,0.15579749643802643
1112,177,0.14956571161746979
1113,1113,0
1113,607,1
1113,1510,0.79067909717559814
1113,834,0.55014491081237793
1113,901,0.49851354956626892
1113,1718,0.20156124234199524
1113,1724,0.12858249247074127
1113,871,0.11051180958747864
1113,1625,0.099306851625442505
1113,1157,0.091025181114673615
1113,87,0.089277513325214386
1113,1588,0.088025115430355072
1113,1207,0.087210506200790405
1113,1031,0.086565256118774414
1113,1733,0.085484661161899567
1114,1114,0
1114,697,1
1114,296,0.43441352248191833
1114,1890,0.38711056113243103
1114,1439,0.34211927652359009
1114,1100,0.30412578582763672
1114,878,0.28953307867050171
1114,927,0.24461308121681213
1114,1527,0.19076915085315704
1114,726,0.18111468851566315
1114,416,0.15572644770145416
1114,1947,0.11276507377624512
1114,1476,0.10701890289783478
1114,1292,0.084353357553482056
1114,1938,0.073233932256698608
1115,1115,0
1115,1249,1
1115,1391,0.58204317092895508
1115,852,0.54204988479614258
1115,390,0.36502611637115479
1115,333,0.26018533110618591
1115,1935,0.22489000856876373
1115,1411,0.20338654518127441
1115,1731,0.16234683990478516
1115,1258,0.15674781799316406
1115,692,0.1004306972026825
1115,1567,0.090236581861972809
1115,402,0.086179390549659729
1115,1274,0.070127002894878387
1115,445,0.063250303268432617
1116,1116,0
1116,903,1
1116,1389,0.73137307167053223
1116,1725,0.40454092621803284
1116,1855,0.3767964243888855
1116,1665,0.29040235280990601
1116,415,0.21790947020053864
1116,1690,0.21337060630321503
1116,340,0.13154079020023346
1116,523,0.11918009072542191
1116,1184,0.1063285768032074
1116,1371,0.086509525775909424
1116,1681,0.084479428827762604
1116,1284,0.073227874934673309
1116,791,0.07123662531375885
1117,1117,0
1117,733,1
1117,1795,0.79975831508636475
1117,368,0.74741441011428833
1117,1532,0.63362568616867065
1117,223,0.27727875113487244
1117,1253,0.19000527262687683
1117,620,0.095936223864555359
1117,1162,0.090601161122322083
1117,844,0.019693288952112198
1117,1845,0.018700150772929192
1117,1283,0.011699358932673931
1117,838,0.010014978237450123
1117,954,0.0086614368483424187
1117,411,0.0035012559965252876
1118,1118,0
1118,1270,1
1118,202,0.5493813157081604
1118,642,0.2958686351776123
1118,424,0.26856857538223267
1118,1016,0.26388713717460632
1118,678,0.23806890845298767
1118,765,0.23330335319042206
1118,925,0.21712653338909149
1118,514,0.17461690306663513
1118,1856,0.14470210671424866
1118,775,0.14366422593593597
1118,1753,0.14170710742473602
1118,1511,0.11885116249322891
1118,1663,0.1171446219086647
1119,1119,0
1119,996,1
1119,777,0.90017944574356079
1119,1490,0.5198635458946228
1119,715,0.36856532096862793
1119,1738,0.20478507876396179
1119,906,0.17354045808315277
1119,1798,0.16729244589805603
1119,625,0.10885618627071381
1119,1622,0.10158750414848328
1119,1782,0.078180417418479919
1119,797,0.077677443623542786
1119,1773,0.075745835900306702
1119,1929,0.071268767118453979
1119,1062,0.059357840567827225
1120,1120,0
1120,653,1
1120,88,0.47982937097549438
1120,1632,0.4791165292263031
1120,1224,0.38204473257064819
1120,1979,0.33578857779502869
1120,481,0.20252865552902222
1120,552,0.16505336761474609
1120,824,0.15004810690879822
1120,868,0.1316218227148056
1120,968,0.12165426462888718
1120,1121,0.11816683411598206
1120,1939,0.11404117196798325
1120,349,0.11367201805114746
1120,163,0.11331662535667419
1121,1121,0
1121,693,1
1121,1287,0.9934844970703125
1121,1231,0.80621600151062012
1121,575,0.72317057847976685
1121,799,0.19436438381671906
1121,757,0.12874512374401093
1121,1913,0.018594134598970413
1121,854,0.010399955324828625
1121,885,0.0093328813090920448
1121,1355,0.0076092020608484745
1121,1387,0.0046923193149268627
1121,1120,0.0042243199422955513
1121,64,0.0030725605320185423
1121,1988,0.0029768424574285746
1122,1122,0
1122,62,1
1122,1793,0.45355492830276489
1122,1725,0.32641637325286865
1122,1080,0.31027516722679138
1122,546,0.24891579151153564
1122,523,0.21576407551765442
1122,1219,0.20645299553871155
1122,1651,0.20563022792339325
1122,1829,0.17288489639759064
1122,2,0.16695863008499146
1122,1303,0.16525809466838837
1122,848,0.1503249853849411
1122,1268,0.14998799562454224
1122,1135,0.1344720870256424
1123,1123,0
1123,1265,1
1123,1608,0.68757724761962891
1123,1327,0.65197658538818359
1123,951,0.18696892261505127
1123,1007,0.18693947792053223
1123,836,0.17275989055633545
1123,1692,0.16604739427566528
1123,742,0.16379599273204803
1123,1328,0.12922662496566772
1123,784,0.1236647367477417
1123,643,0.11465977132320404
1123,1134,0.11023678630590439
1123,1841,0.10974807292222977
1123,748,0.10329166799783707
1124,1124,0
1124,1135,1
1124,47,0.40594592690467834
1124,683,0.34103816747665405
1124,1063,0.29461133480072021
1124,1906,0.23321191966533661
1124,1122,0.2283729612827301
1124,1187,0.22414124011993408
1124,1502,0.21647796034812927
1124,1191,0.19983722269535065
1124,98,0.18812945485115051
1124,1545,0.1624104380607605
1124,1067,0.15727789700031281
1124,684,0.13467508554458618
1124,1793,0.12076534330844879
1125,1125,0
1125,1584,1
1125,1378,0.64358258247375488
1125,1385,0.5388978123664856
1125,341,0.42789775133132935
1125,1184,0.23406681418418884
1125,791,0.20703567564487457
1125,145,0.17703312635421753
1125,1303,0.15896078944206238
1125,113,0.14351794123649597
1125,1684,0.094510413706302643
1125,568,0.08094121515750885
1125,1284,0.069256842136383057
1125,838,0.068973958492279053
1125,52,0.062219031155109406
1126,1126,0
1126,1027,1
1126,793,0.96773248910903931
1126,889,0.34039375185966492
1126,1211,0.28031867742538452
1126,303,0.21269193291664124
1126,1763,0.1893904060125351
1126,680,0.17705696821212769
1126,69,0.16533669829368591
1126,1102,0.13779456913471222
1126,404,0.10795847326517105
1126,391,0.089801840484142303
1126,1293,0.081641554832458496
1126,1897,0.07916637510061264
1126,1595,0.077613651752471924
1127,1127,0
1127,1600,1
1127,1858,0.83190393447875977
1127,133,0.592437744140625
1127,1610,0.31614437699317932
1127,84,0.25692933797836304
1127,1976,0.14750070869922638
1127,1668,0.13821223378181458
1127,1148,0.13414901494979858
1127,1239,0.12023141980171204
1127,165,0.11318261921405792
1127,928,0.074971966445446014
1127,1752,0.071115292608737946
1127,1015,0.056933969259262085
1127,1847,0.053186539560556412
1128,1128,0
1128,677,1
1128,679,0.89871692657470703
1128,577,0.87842857837677002
1128,801,0.28668281435966492
1128,1805,0.14809751510620117
1128,276,0.13232335448265076
1128,804,0.11570945382118225
1128,865,0.093816697597503662
1128,1208,0.079780928790569305
1128,1275,0.069396458566188812
1128,1883,0.05730050802230835
1128,479,0.051139909774065018
1128,6,0.048510454595088959
1128,1057,0.046988137066364288
1129,1129,0
1129,110,1
1129,735,0.33498340845108032
1129,1801,0.29646140336990356
1129,599,0.2499547004699707
1129,1280,0.24863030016422272
1129,1147,0.23521803319454193
1129,1639,0.23209644854068756
1129,863,0.22865292429924011
1129,1074,0.21419960260391235
1129,123,0.19393527507781982
1129,1922,0.1856551468372345
1129,459,0.17976759374141693
1129,1460,0.16012121737003326
1129,1556,0.14721353352069855
1130,1130,0
1130,341,1
1130,1107,0.63559722900390625
1130,1546,0.62784844636917114
1130,183,0.30181854963302612
1130,62,0.22324451804161072
1130,1725,0.22174890339374542
1130,1651,0.18236932158470154
1130,1855,0.16292473673820496
1130,957,0.13702082633972168
1130,976,0.10952048003673553
1130,52,0.091431528329849243
1130,1735,0.085691966116428375
1130,1056,0.065319225192070007
1130,351,0.062352295964956284
1131,1131,0
1131,866,1
1131,289,0.81557005643844604
1131,451,0.62520873546600342
1131,18,0.35204893350601196
1131,633,0.25675866007804871
1131,380,0.15012477338314056
1131,411,0.14733552932739258
1131,568,0.12964162230491638
1131,1696,0.11068233102560043
1131,1138,0.072094045579433441
1131,1684,0.067679740488529205
1131,314,0.0651349276304245
1131,1604,0.057893581688404083
1131,1728,0.056712128221988678
1132,1132,0
1132,1895,1
1132,1417,0.50418442487716675
1132,807,0.47519809007644653
1132,1354,0.32603052258491516
1132,968,0.28166446089744568
1132,1477,0.21175652742385864
1132,1764,0.20341569185256958
1132,1907,0.16479320824146271
1132,1039,0.16301678121089935
1132,868,0.16124626994132996
1132,1800,0.12343244254589081
1132,824,0.11190815269947052
1132,1577,0.093477636575698853
1132,1120,0.086767174303531647
1133,1133,0
1133,1769,1
1133,1422,0.85997104644775391
1133,398,0.63055545091629028
1133,1098,0.36492446064949036
1133,786,0.25576946139335632
1133,1167,0.22658194601535797
1133,1357,0.086032874882221222
1133,230,0.077351167798042297
1133,1520,0.077095083892345428
1133,88,0.07504890114068985
1133,1170,0.066219165921211243
1133,1915,0.064595088362693787
1133,1387,0.061825249344110489
1133,557,0.060923751443624496
1134,1134,0
1134,445,1
1134,1991,0.76164501905441284
1134,643,0.52200251817703247
1134,780,0.25937363505363464
1134,480,0.22421716153621674
1134,1816,0.20763702690601349
1134,67,0.17187890410423279
1134,1123,0.16010212898254395
1134,1328,0.14027231931686401
1134,890,0.10936024785041809
1134,748,0.096857741475105286
1134,1327,0.092257075011730194
1134,765,0.09125286340713501
1134,782,0.070033468306064606
1135,1135,0
1135,585,1
1135,1124,0.93951374292373657
1135,399,0.30968281626701355
1135,1526,0.30855756998062134
1135,47,0.25231167674064636
1135,935,0.21279449760913849
1135,1067,0.17745199799537659
1135,1122,0.16029730439186096
1135,1268,0.13161478936672211
1135,752,0.11695109307765961
1135,160,0.088585816323757172
1135,1528,0.079770736396312714
1135,1191,0.076775200664997101
1135,1626,0.052575483918190002
1136,1136,0
1136,1304,1
1136,878,0.92188370227813721
1136,1751,0.85976690053939819
1136,342,0.35598796606063843
1136,1467,0.24425099790096283
1136,1947,0.23951925337314606
1136,1534,0.062692083418369293
1136,1277,0.052936367690563202
1136,722,0.046870306134223938
1136,794,0.034182850271463394
1136,148,0.028884192928671837
1136,370,0.024294078350067139
1136,1746,0.024153558537364006
1136,721,0.011462600901722908
1137,1137,0
1137,410,1
1137,891,0.59356415271759033
1137,1458,0.44640359282493591
1137,1347,0.40448126196861267
1137,773,0.30136683583259583
1137,1361,0.23756009340286255
1137,1701,0.18650861084461212
1137,1508,0.15367454290390015
1137,913,0.15214411914348602
1137,1689,0.12872250378131866
1137,593,0.1140105351805687
1137,217,0.068187162280082703
1137,1499,0.066847294569015503
1137,418,0.053411535918712616
1138,1138,0
1138,1252,1
1138,1936,0.49263694882392883
1138,1418,0.34448108077049255
1138,986,0.31261450052261353
1138,353,0.28339138627052307
1138,232,0.27207252383232117
1138,670,0.20855268836021423
1138,1260,0.17567561566829681
1138,1067,0.17129011452198029
1138,1273,0.16002073884010315
1138,31,0.14045079052448273
1138,1818,0.13093671202659607
1138,1502,0.108248271048069
1138,118,0.10652515292167664
1139,1139,0
1139,397,1
1139,546,0.67290699481964111
1139,1615,0.39274191856384277
1139,150,0.28580963611602783
1139,1767,0.244114950299263
1139,953,0.2073986828327179
1139,835,0.20330034196376801
1139,1453,0.15350620448589325
1139,124,0.14776022732257843
1139,689,0.13299402594566345
1139,1681,0.12464825809001923
1139,991,0.11861592531204224
1139,479,0.11430565267801285
1139,1894,0.10879165679216385
1140,1140,0
1140,1172,1
1140,849,0.49246850609779358
1140,1815,0.44584596157073975
1140,1093,0.43858891725540161
1140,1349,0.3639848530292511
1140,1970,0.2673417329788208
1140,177,0.19807219505310059
1140,1222,0.1667473316192627
1140,740,0.15518556535243988
1140,1772,0.097491413354873657
1140,1089,0.085465691983699799
1140,762,0.072328530251979828
1140,910,0.065397992730140686
1140,862,0.057975407689809799
1141,1141,0
1141,1605,1
1141,849,0.54851871728897095
1141,1024,0.29091799259185791
1141,1794,0.2637229859828949
1141,297,0.25432068109512329
1141,910,0.23016250133514404
1141,1506,0.20765255391597748
1141,1776,0.18545901775360107
1141,177,0.16741824150085449
1141,740,0.16133396327495575
1141,1342,0.15642470121383667
1141,1372,0.15524578094482422
1141,1619,0.15458659827709198
1141,445,0.13111811876296997
1142,1142,0
1142,1607,1
1142,1436,0.60983437299728394
1142,1922,0.58082807064056396
1142,599,0.54421180486679077
1142,832,0.26844680309295654
1142,828,0.18490445613861084
1142,603,0.15009728074073792
1142,1602,0.13313533365726471
1142,1671,0.096872538328170776
1142,1787,0.08444560319185257
1142,1616,0.073676712810993195
1142,48,0.072415187954902649
1142,1362,0.061091966927051544
1142,766,0.046937849372625351
1143,1143,0
1143,1816,1
1143,46,0.83578670024871826
1143,1134,0.3256441056728363
1143,1265,0.29532364010810852
1143,1183,0.27064210176467896
1143,1968,0.17452578246593475
1143,748,0.1666996031999588
1143,407,0.15304125845432281
1143,259,0.15252923965454102
1143,643,0.14730562269687653
1143,782,0.14672970771789551
1143,1123,0.094687215983867645
1143,1719,0.072119362652301788
1143,1962,0.071846760809421539
1144,1144,0
1144,1732,1
1144,95,0.885081946849823
1144,1988,0.44186654686927795
1144,1698,0.3274979293346405
1144,1406,0.1809924840927124
1144,1849,0.1808696836233139
1144,1985,0.15406395494937897
1144,1524,0.13901081681251526
1144,302,0.13557259738445282
1144,1924,0.12516993284225464
1144,1267,0.11431780457496643
1144,1145,0.085260502994060516
1144,536,0.072308927774429321
1144,1803,0.064878128468990326
1145,1145,0
1145,1061,1
1145,1732,0.41399902105331421
1145,1144,0.39880558848381042
1145,1365,0.29317054152488708
1145,868,0.25838786363601685
1145,1849,0.21859748661518097
1145,1417,0.18685375154018402
1145,1155,0.17544722557067871
1145,1985,0.17270877957344055
1145,799,0.1695609986782074
1145,1099,0.16955161094665527
1145,1907,0.16829320788383484
1145,1231,0.14255450665950775
1145,300,0.1389538049697876
1146,1146,0
1146,1897,1
1146,1877,0.70439636707305908
1146,855,0.64108526706695557
1146,328,0.3968239426612854
1146,582,0.25430047512054443
1146,404,0.21401591598987579
1146,335,0.10432282090187073
1146,1051,0.10196363925933838
1146,364,0.099220089614391327
1146,239,0.097933553159236908
1146,69,0.093025423586368561
1146,1649,0.081908546388149261
1146,793,0.06150422990322113
1146,548,0.056397229433059692
1147,1147,0
1147,1553,1
1147,954,0.71532505750656128
1147,38,0.46262028813362122
1147,1129,0.27579107880592346
1147,942,0.23968462646007538
1147,844,0.21473239362239838
1147,525,0.19576820731163025
1147,649,0.13595820963382721
1147,1999,0.1286722868680954
1147,829,0.12703117728233337
1147,466,0.11740342527627945
1147,1283,0.10207542777061462
1147,1273,0.10170807689428329
1147,1660,0.090124621987342834
1148,1148,0
1148,1600,1
1148,840,0.44581368565559387
1148,165,0.3884127140045166
1148,1495,0.36690610647201538
1148,1668,0.31466978788375854
1148,1308,0.2364412397146225
1148,1127,0.23326297104358673
1148,1858,0.21665506064891815
1148,203,0.15074010193347931
1148,1752,0.14052370190620422
1148,1976,0.12915997207164764
1148,408,0.10997257381677628
1148,1948,0.08911287784576416
1148,1002,0.085220180451869965
1149,1149,0
1149,981,1
1149,682,0.62479585409164429
1149,532,0.44526726007461548
1149,93,0.34544992446899414
1149,1860,0.31723082065582275
1149,711,0.30722615122795105
1149,732,0.2355772852897644
1149,3,0.17110094428062439
1149,1475,0.14445795118808746
1149,1425,0.092914663255214691
1149,252,0.080336429178714752
1149,257,0.060316126793622971
1149,1682,0.046908359974622726
1149,605,0.035307947546243668
1150,1150,0
1150,1549,1
1150,852,0.67650496959686279
1150,91,0.47964999079704285
1150,1619,0.39542323350906372
1150,1207,0.28381484746932983
1150,1352,0.26303362846374512
1150,995,0.20481894910335541
1150,1391,0.14636161923408508
1150,1045,0.10882911831140518
1150,601,0.083903424441814423
1150,237,0.070095039904117584
1150,463,0.066785775125026703
1150,1249,0.064498648047447205
1150,565,0.063180610537528992
1151,1151,0
1151,808,1
1151,1784,0.79322564601898193
1151,934,0.50382012128829956
1151,349,0.21013215184211731
1151,1799,0.20051659643650055
1151,1770,0.19407317042350769
1151,481,0.17229978740215302
1151,272,0.15517982840538025
1151,1243,0.14443705976009369
1151,1308,0.12114404141902924
1151,412,0.11093894392251968
1151,1998,0.1034427136182785
1151,1972,0.10029581189155579
1151,1847,0.097379997372627258
1152,1152,0
1152,1006,1
1152,499,0.59782117605209351
1152,497,0.28577932715415955
1152,640,0.28200781345367432
1152,1787,0.22665680944919586
1152,1077,0.21948644518852234
1152,232,0.2160898745059967
1152,716,0.19066856801509857
1152,615,0.1642301082611084
1152,1604,0.15863335132598877
1152,48,0.15374816954135895
1152,1805,0.13840436935424805
1152,1290,0.13760213553905487
1152,350,0.13576741516590118
1153,1153,0
1153,535,1
1153,1030,0.68798178434371948
1153,1912,0.35364198684692383
1153,1984,0.27664455771446228
1153,1104,0.25662657618522644
1153,1636,0.24891549348831177
1153,1295,0.20273734629154205
1153,497,0.17449748516082764
1153,1333,0.13905397057533264
1153,865,0.1270456463098526
1153,1194,0.12342705577611923
1153,274,0.11337120831012726
1153,1805,0.10394696146249771
1153,1851,0.098991908133029938
1154,1154,0
1154,676,1
1154,151,0.87080568075180054
1154,1758,0.46090817451477051
1154,1640,0.40304896235466003
1154,1375,0.38921362161636353
1154,181,0.3207281231880188
1154,1242,0.10974639654159546
1154,1929,0.082972094416618347
1154,730,0.073586098849773407
1154,534,0.067811004817485809
1154,708,0.065709277987480164
1154,1229,0.02766958624124527
1154,198,0.01942865177989006
1154,1005,0.015262930653989315
1155,1155,0
1155,734,1
1155,552,0.49847286939620972
1155,1732,0.46922910213470459
1155,95,0.32383587956428528
1155,1988,0.30593821406364441
1155,1287,0.24862682819366455
1155,1406,0.1973082423210144
1155,1231,0.19129590690135956
1155,575,0.16578242182731628
1155,1144,0.14575649797916412
1155,1145,0.1080891489982605
1155,23,0.09977228194475174
1155,1121,0.078777886927127838
1155,1571,0.073999457061290741
1156,1156,0
1156,515,1
1156,347,0.52640140056610107
1156,980,0.25345718860626221
1156,1640,0.2460818886756897
1156,1192,0.23268213868141174
1156,1758,0.2282273918390274
1156,814,0.20455612242221832
1156,1032,0.20054025948047638
1156,1542,0.19158317148685455
1156,1622,0.18130546808242798
1156,625,0.17106062173843384
1156,1229,0.1603216826915741
1156,1242,0.15938667953014374
1156,1009,0.1512807309627533
1157,1157,0
1157,8,1
1157,1510,0.98641443252563477
1157,1323,0.31092795729637146
1157,60,0.30996832251548767
1157,148,0.17233914136886597
1157,437,0.16597050428390503
1157,1399,0.15836749970912933
1157,1625,0.15526238083839417
1157,834,0.13915236294269562
1157,1930,0.13123579323291779
1157,188,0.12473486363887787
1157,381,0.084987573325634003
1157,884,0.083802446722984314
1157,1823,0.083733119070529938
1158,1158,0
1158,1547,1
1158,1209,0.53497403860092163
1158,755,0.30804619193077087
1158,1771,0.30473768711090088
1158,158,0.28210097551345825
1158,1685,0.27586326003074646
1158,1564,0.24282883107662201
1158,944,0.23652389645576477
1158,1670,0.20505848526954651
1158,517,0.16024689376354218
1158,1101,0.10264422744512558
1158,203,0.099457710981369019
1158,822,0.078682571649551392
1158,1972,0.07573486864566803
1159,1159,0
1159,574,1
1159,1255,0.4994933009147644
1159,909,0.4908425509929657
1159,1645,0.3637082576751709
1159,1412,0.23853597044944763
1159,940,0.23395545780658722
1159,576,0.18815872073173523
1159,1390,0.15571592748165131
1159,1650,0.15173596143722534
1159,758,0.14291597902774811
1159,1909,0.13432909548282623
1159,69,0.12101754546165466
1159,1447,0.10895649343729019
1159,1027,0.077525585889816284
1160,1160,0
1160,1916,1
1160,1617,0.54879778623580933
1160,135,0.40032556653022766
1160,226,0.36706888675689697
1160,117,0.26293912529945374
1160,288,0.22903503477573395
1160,1040,0.21612712740898132
1160,1951,0.18172338604927063
1160,15,0.15909989178180695
1160,394,0.14907985925674438
1160,201,0.13068835437297821
1160,63,0.10833749920129776
1160,247,0.081469729542732239
1160,227,0.072193235158920288
1161,1161,0
1161,749,1
1161,1741,0.43701177835464478
1161,1595,0.42635446786880493
1161,1499,0.29078567028045654
1161,913,0.26461580395698547
1161,496,0.22777745127677917
1161,1840,0.19001846015453339
1161,417,0.17982891201972961
1161,985,0.17641466856002808
1161,1960,0.16005174815654755
1161,1240,0.15969488024711609
1161,1503,0.14046989381313324
1161,1211,0.12766276299953461
1161,593,0.12621241807937622
1162,1162,0
1162,737,1
1162,1759,0.98748046159744263
1162,1318,0.66275870800018311
1162,368,0.44833958148956299
1162,1845,0.11926639080047607
1162,654,0.11440841108560562
1162,844,0.097023382782936096
1162,1795,0.09677770733833313
1162,223,0.074151642620563507
1162,1532,0.070512861013412476
1162,962,0.065184794366359711
1162,1474,0.05996105819940567
1162,550,0.057625558227300644
1162,1200,0.053399428725242615
1163,1163,0
1163,588,1
1163,682,0.63836580514907837
1163,627,0.58646684885025024
1163,1505,0.31048703193664551
1163,915,0.30440908670425415
1163,1921,0.25958153605461121
1163,1475,0.16785964369773865
1163,93,0.12906217575073242
1163,1837,0.10150100290775299
1163,1149,0.090947888791561127
1163,452,0.090308785438537598
1163,1682,0.08729003369808197
1163,1902,0.076865464448928833
1163,19,0.063738033175468445
1164,1164,0
1164,1489,1
1164,855,0.63756680488586426
1164,16,0.55703043937683105
1164,682,0.46397075057029724
1164,1902,0.24137324094772339
1164,713,0.18882344663143158
1164,30,0.1753980815410614
1164,1561,0.11074277758598328
1164,1065,0.10751822590827942
1164,588,0.10638821870088577
1164,1574,0.09250359982252121
1164,364,0.09112270176410675
1164,746,0.070535682141780853
1164,605,0.063923686742782593
1165,1165,0
1165,1679,1
1165,1615,0.48386856913566589
1165,439,0.39399147033691406
1165,832,0.37630829215049744
1165,1777,0.35798740386962891
1165,372,0.30246660113334656
1165,89,0.18706899881362915
1165,1396,0.15945467352867126
1165,970,0.13606239855289459
1165,1967,0.12165014445781708
1165,1669,0.11924321949481964
1165,212,0.10706427693367004
1165,1362,0.083439655601978302
1165,903,0.078289516270160675
1166,1166,0
1166,1813,1
1166,876,0.72349441051483154
1166,901,0.38012972474098206
1166,834,0.34217718243598938
1166,1625,0.29012614488601685
1166,1507,0.21267198026180267
1166,1157,0.18548882007598877
1166,1510,0.16244150698184967
1166,1372,0.1547662615776062
1166,522,0.1016140803694725
1166,1794,0.10152620077133179
1166,862,0.096249274909496307
1166,427,0.083064906299114227
1166,29,0.07314281165599823
1167,1167,0
1167,290,1
1167,398,0.81292808055877686
1167,1403,0.59413743019104004
1167,1133,0.39125698804855347
1167,1357,0.36359143257141113
1167,1575,0.33867847919464111
1167,1998,0.077953249216079712
1167,448,0.062235038727521896
1167,1251,0.058944784104824066
1167,895,0.05868939682841301
1167,136,0.047373980283737183
1167,1520,0.041061997413635254
1167,786,0.033856905996799469
1167,1054,0.026181546971201897
1168,1168,0
1168,504,1
1168,1632,0.72128957509994507
1168,1066,0.28915539383888245
1168,1366,0.28296211361885071
1168,513,0.26774758100509644
1168,1644,0.22795024514198303
1168,1565,0.17274719476699829
1168,786,0.16481801867485046
1168,1677,0.15894016623497009
1168,1566,0.15865799784660339
1168,1120,0.13778378069400787
1168,1251,0.13158084452152252
1168,518,0.1017768457531929
1168,219,0.091483861207962036
1169,1169,0
1169,601,1
1169,166,0.97169476747512817
1169,1479,0.7069629430770874
1169,144,0.44401848316192627
1169,395,0.23055261373519897
1169,1536,0.13993950188159943
1169,1285,0.11613286286592484
1169,1663,0.085567429661750793
1169,1674,0.078201800584793091
1169,261,0.035821050405502319
1169,704,0.028115754947066307
1169,218,0.026448439806699753
1169,1314,0.024601491168141365
1169,762,0.01883443258702755
1170,1170,0
1170,37,1
1170,1698,0.64004099369049072
1170,1520,0.40952223539352417
1170,464,0.31246227025985718
1170,1365,0.29711329936981201
1170,95,0.24164421856403351
1170,403,0.17113815248012543
1170,1832,0.13401228189468384
1170,536,0.13129520416259766
1170,398,0.12633280456066132
1170,1769,0.12485330551862717
1170,1979,0.11539965122938156
1170,1216,0.11186813563108444
1170,1745,0.091205857694149017
1171,1171,0
1171,1804,1
1171,1296,0.7168307900428772
1171,1754,0.68232566118240356
1171,370,0.321644127368927
1171,1997,0.2116791307926178
1171,1386,0.1734614372253418
1171,543,0.13901235163211823
1171,1404,0.12292759865522385
1171,71,0.11654384434223175
1171,253,0.09624539315700531
1171,1733,0.089562192559242249
1171,1304,0.084385983645915985
1171,1321,0.079993359744548798
1171,893,0.072276301681995392
1172,1172,0
1172,1140,1
1172,51,0.69679880142211914
1172,1512,0.2826048731803894
1172,424,0.23110905289649963
1172,1435,0.22685867547988892
1172,894,0.21818570792675018
1172,687,0.19408327341079712
1172,1222,0.1895725429058075
1172,510,0.1690438985824585
1172,178,0.16500547528266907
1172,1270,0.14896807074546814
1172,1201,0.13079841434955597
1172,1238,0.12772206962108612
1172,1970,0.12614746391773224
1173,1173,0
1173,39,1
1173,1925,0.50213634967803955
1173,229,0.26145774126052856
1173,1241,0.23353889584541321
1173,410,0.22979676723480225
1173,574,0.21718505024909973
1173,1334,0.21504203975200653
1173,1255,0.20331388711929321
1173,1447,0.18935243785381317
1173,1689,0.18195550143718719
1173,453,0.17988134920597076
1173,1909,0.17644809186458588
1173,1018,0.16044746339321136
1173,193,0.15633496642112732
1174,1174,0
1174,889,1
1174,30,0.91214984655380249
1174,978,0.90705257654190063
1174,1199,0.40325802564620972
1174,916,0.16384333372116089
1174,701,0.13714194297790527
1174,1504,0.11070835590362549
1174,1211,0.10809863358736038
1174,1083,0.044402636587619781
1174,1126,0.031346507370471954
1174,1102,0.027960140258073807
1174,391,0.024786666035652161
1174,1103,0.020371122285723686
1174,756,0.015770278871059418
1175,1175,0
1175,1353,1
1175,842,0.43245357275009155
1175,1478,0.41806149482727051
1175,1399,0.3707040548324585
1175,1487,0.33621609210968018
1175,583,0.23297971487045288
1175,1893,0.21874067187309265
1175,1823,0.19462704658508301
1175,1625,0.16442598402500153
1175,1248,0.15416224300861359
1175,8,0.11400330066680908
1175,1105,0.11051035672426224
1175,1157,0.092692337930202484
1175,871,0.067313365638256073
1176,1176,0
1176,1483,1
1176,1195,0.49873802065849304
1176,983,0.40114116668701172
1176,244,0.33920907974243164
1176,412,0.28042545914649963
1176,1624,0.24085770547389984
1176,594,0.19570557773113251
1176,1812,0.18969015777111053
1176,1370,0.16748641431331635
1176,64,0.15451410412788391
1176,1048,0.14208535850048065
1176,1899,0.1127612292766571
1176,1193,0.10134308040142059
1176,1520,0.082935824990272522
1177,1177,0
1177,27,1
1177,578,0.5183788537979126
1177,1504,0.45196801424026489
1177,1430,0.323057621717453
1177,154,0.26824283599853516
1177,1086,0.2572803795337677
1177,662,0.22393257915973663
1177,665,0.20367318391799927
1177,26,0.16708466410636902
1177,1412,0.13145434856414795
1177,1686,0.12156893312931061
1177,847,0.093642435967922211
1177,277,0.073738448321819305
1177,295,0.072863802313804626
1178,1178,0
1178,1750,1
1178,605,0.39019712805747986
1178,1009,0.38026508688926697
1178,1347,0.26608884334564209
1178,1083,0.22731027007102966
1178,410,0.22549407184123993
1178,713,0.2015581876039505
1178,773,0.19381618499755859
1178,1981,0.18665751814842224
1178,869,0.17716130614280701
1178,980,0.17590253055095673
1178,746,0.16338494420051575
1178,1561,0.1629934161901474
1178,328,0.15606315433979034
1179,1179,0
1179,1327,1
1179,771,0.38837209343910217
1179,1869,0.29732227325439453
1179,1931,0.28817051649093628
1179,1534,0.24423122406005859
1179,722,0.23278002440929413
1179,1360,0.22648252546787262
1179,951,0.22028651833534241
1179,643,0.18863594532012939
1179,164,0.18739654123783112
1179,1183,0.16511335968971252
1179,1328,0.16444495320320129
1179,478,0.15245211124420166
1179,483,0.15119592845439911
1180,1180,0
1180,1672,1
1180,1562,0.36398398876190186
1180,364,0.29666939377784729
1180,1921,0.265472412109375
1180,1649,0.25660368800163269
1180,729,0.24211221933364868
1180,1902,0.23785956203937531
1180,435,0.23442351818084717
1180,588,0.2230045348405838
1180,1699,0.16894178092479706
1180,425,0.16792395710945129
1180,490,0.15866930782794952
1180,1773,0.15381033718585968
1180,657,0.13741374015808105
1181,1181,0
1181,997,1
1181,1949,0.75730514526367188
1181,233,0.49226883053779602
1181,318,0.45102989673614502
1181,350,0.22539401054382324
1181,956,0.21230502426624298
1181,1546,0.12833483517169952
1181,1275,0.11759103089570999
1181,195,0.11410021781921387
1181,1188,0.09814174473285675
1181,273,0.084176361560821533
1181,716,0.080596230924129486
1181,1851,0.074797943234443665
1181,348,0.070851638913154602
1182,1182,0
1182,58,1
1182,1809,0.60543042421340942
1182,137,0.42029178142547607
1182,1839,0.41579639911651611
1182,200,0.32924455404281616
1182,1470,0.2163504958152771
1182,1478,0.21167440712451935
1182,1314,0.17433004081249237
1182,360,0.11342471837997437
1182,817,0.11209200322628021
1182,1033,0.081045918166637421
1182,1559,0.078377798199653625
1182,1676,0.077973119914531708
1182,951,0.070864513516426086
1183,1183,0
1183,722,1
1183,478,0.64348500967025757
1183,1666,0.43056458234786987
1183,805,0.30945298075675964
1183,1534,0.21457900106906891
1183,1265,0.20272916555404663
1183,371,0.1752389520406723
1183,107,0.17156168818473816
1183,1751,0.15946219861507416
1183,1449,0.14378358423709869
1183,148,0.11984382569789886
1183,643,0.11769725382328033
1183,1746,0.11259775608778
1183,1270,0.10588518530130386
1184,1184,0
1184,1378,1
1184,1097,0.5297168493270874
1184,243,0.3574061393737793
1184,649,0.25358584523200989
1184,828,0.22998170554637909
1184,1116,0.21814502775669098
1184,529,0.21611206233501434
1184,791,0.18689896166324615
1184,1665,0.18241141736507416
1184,1684,0.16960684955120087
1184,92,0.15789157152175903
1184,145,0.15772910416126251
1184,717,0.12517508864402771
1184,415,0.12223239243030548
1185,1185,0
1185,1225,1
1185,592,0.53737187385559082
1185,1193,0.42441239953041077
1185,1965,0.39994552731513977
1185,1566,0.35806474089622498
1185,504,0.25930926203727722
1185,754,0.15089520812034607
1185,20,0.14611402153968811
1185,1329,0.14077132940292358
1185,1685,0.11018339544534683
1185,1305,0.1083894819021225
1185,1072,0.095489300787448883
1185,1913,0.091283522546291351
1185,1862,0.084652401506900787
1186,1186,0
1186,195,1
1186,690,0.57136040925979614
1186,1214,0.5272223949432373
1186,994,0.410228431224823
1186,1275,0.36446464061737061
1186,6,0.24958665668964386
1186,79,0.20000950992107391
1186,1076,0.15439228713512421
1186,880,0.082092002034187317
1186,78,0.079759001731872559
1186,1819,0.077256046235561371
1186,491,0.071443215012550354
1186,21,0.05990898609161377
1186,1374,0.059174753725528717
1187,1187,0
1187,40,1
1187,1735,0.711478590965271
1187,1124,0.49968546628952026
1187,935,0.41652998328208923
1187,1906,0.25798195600509644
1187,530,0.17246876657009125
1187,1047,0.14434926211833954
1187,1556,0.12459480762481689
1187,1545,0.1214984655380249
1187,1063,0.1104445606470108
1187,1135,0.10521511733531952
1187,183,0.08853178471326828
1187,1022,0.080338962376117706
1187,206,0.073776595294475555
1188,1188,0
1188,1786,1
1188,1581,0.72759538888931274
1188,1482,0.5631365180015564
1188,206,0.51988518238067627
1188,1313,0.17219218611717224
1188,935,0.16647681593894958
1188,1181,0.12445209920406342
1188,992,0.11098232865333557
1188,880,0.10002247989177704
1188,1191,0.09502805769443512
1188,204,0.088092990219593048
1188,956,0.084947884082794189
1188,1548,0.082482323050498962
1188,1336,0.071588397026062012
1189,1189,0
1189,895,1
1189,268,0.56418871879577637
1189,1644,0.326372891664505
1189,1770,0.24633471667766571
1189,1933,0.24596522748470306
1189,873,0.21737614274024963
1189,1923,0.19898965954780579
1189,822,0.19071574509143829
1189,504,0.16251355409622192
1189,955,0.15929155051708221
1189,1565,0.15645463764667511
1189,464,0.15577767789363861
1189,1979,0.14387686550617218
1189,1158,0.13903854787349701
1190,1190,0
1190,1676,1
1190,1059,0.58303958177566528
1190,36,0.38934531807899475
1190,173,0.24265420436859131
1190,1393,0.22164149582386017
1190,1319,0.20922228693962097
1190,486,0.1936192661523819
1190,1890,0.16459624469280243
1190,1476,0.1631767749786377
1190,669,0.16124451160430908
1190,999,0.15784150362014771
1190,1919,0.15529726445674896
1190,1747,0.14221136271953583
1190,1642,0.12299185991287231
1191,1191,0
1191,255,1
1191,1581,0.87211978435516357
1191,1462,0.71195119619369507
1191,856,0.38466766476631165
1191,31,0.28004202246665955
1191,568,0.1689029335975647
1191,1067,0.11655095964670181
1191,1318,0.1043136939406395
1191,294,0.077193848788738251
1191,1873,0.045812498778104782
1191,1556,0.045214183628559113
1191,62,0.037661861628293991
1191,56,0.033007733523845673
1191,1906,0.029450153931975365
1192,1192,0
1192,1612,1
1192,1242,0.73487609624862671
1192,306,0.31707772612571716
1192,1197,0.23890016973018646
1192,613,0.22428439557552338
1192,1229,0.21241116523742676
1192,1049,0.19518847763538361
1192,1027,0.17904587090015411
1192,1792,0.16007150709629059
1192,1005,0.15643368661403656
1192,1645,0.13666144013404846
1192,1542,0.12068584561347961
1192,981,0.11821708083152771
1192,86,0.11304028332233429
1193,1193,0
1193,1817,1
1193,506,0.50419384241104126
1193,705,0.49033847451210022
1193,1329,0.27167269587516785
1193,1185,0.22412866353988647
1193,592,0.21738363802433014
1193,1368,0.19410717487335205
1193,304,0.17394617199897766
1193,1305,0.16558095812797546
1193,412,0.16031405329704285
1193,673,0.15416236221790314
1193,1812,0.13138607144355774
1193,594,0.11503177881240845
1193,895,0.10464546829462051
1194,1194,0
1194,274,1
1194,22,0.72430336475372314
1194,1076,0.67588597536087036
1194,487,0.31253319978713989
1194,1659,0.29082977771759033
1194,549,0.20805422961711884
1194,1050,0.15571035444736481
1194,1759,0.12533886730670929
1194,1984,0.10229435563087463
1194,245,0.089796274900436401
1194,655,0.068299412727355957
1194,1153,0.068044900894165039
1194,690,0.04904179647564888
1194,970,0.036767829209566116
1195,1195,0
1195,1176,1
1195,244,0.52631354331970215
1195,1483,0.35109445452690125
1195,1624,0.29498681426048279
1195,1370,0.27213895320892334
1195,1812,0.22979405522346497
1195,1832,0.18586811423301697
1195,1899,0.17969308793544769
1195,311,0.15408274531364441
1195,64,0.14868603646755219
1195,282,0.14196443557739258
1195,983,0.14154897630214691
1195,763,0.14093409478664398
1195,1048,0.13978715240955353
1196,1196,0
1196,1960,1
1196,1240,0.63506060838699341
1196,719,0.46154090762138367
1196,811,0.27563592791557312
1196,700,0.23713308572769165
1196,120,0.23439627885818481
1196,435,0.19375307857990265
1196,1840,0.16349886357784271
1196,512,0.16294935345649719
1196,548,0.11590443551540375
1196,387,0.11343012750148773
1196,1852,0.11162156611680984
1196,364,0.10273782163858414
1196,1480,0.099236220121383667
1197,1197,0
1197,695,1
1197,1027,0.90669214725494385
1197,303,0.62824815511703491
1197,1192,0.31354174017906189
1197,1645,0.30043557286262512
1197,625,0.16658233106136322
1197,1622,0.11243527382612228
1197,1763,0.1004987433552742
1197,1782,0.079560473561286926
1197,1542,0.07396659255027771
1197,680,0.067716091871261597
1197,86,0.057670269161462784
1197,1242,0.053608134388923645
1197,1792,0.04594266414642334
1198,1198,0
1198,1739,1
1198,133,0.41063579916954041
1198,475,0.32094758749008179
1198,1988,0.27666056156158447
1198,68,0.26584023237228394
1198,84,0.26344013214111328
1198,1239,0.24792620539665222
1198,1891,0.24696917831897736
1198,1395,0.17261016368865967
1198,757,0.15507975220680237
1198,883,0.14555227756500244
1198,1600,0.14334847033023834
1198,1610,0.13351121544837952
1198,1144,0.12436385452747345
1199,1199,0
1199,1447,1
1199,1255,0.96331995725631714
1199,1925,0.46465280652046204
1199,963,0.28105035424232483
1199,1102,0.21212562918663025
1199,1909,0.1964983195066452
1199,534,0.17698970437049866
1199,981,0.17564776539802551
1199,1103,0.15937790274620056
1199,27,0.067775629460811615
1199,1211,0.063591510057449341
1199,916,0.05226680263876915
1199,1689,0.050905421376228333
1199,889,0.04268963634967804
1200,1200,0
1200,1276,1
1200,189,0.94038087129592896
1200,1586,0.44268941879272461
1200,1759,0.33905452489852905
1200,737,0.23934884369373322
1200,1555,0.18737214803695679
1200,1318,0.15298601984977722
1200,337,0.11495306342840195
1200,1162,0.11262355744838715
1200,1787,0.086259104311466217
1200,487,0.081392303109169006
1200,690,0.07500176876783371
1200,195,0.068346261978149414
1200,654,0.06648872047662735
1201,1201,0
1201,894,1
1201,377,0.47847136855125427
1201,926,0.4531673789024353
1201,1667,0.33640921115875244
1201,1339,0.32366278767585754
1201,910,0.23418252170085907
1201,1816,0.18543538451194763
1201,1172,0.18449346721172333
1201,1772,0.13830706477165222
1201,208,0.13286875188350677
1201,1512,0.11285627633333206
1201,316,0.11205995827913284
1201,1140,0.1114223301410675
1201,1222,0.10355415195226669
1202,1202,0
1202,1573,1
1202,115,0.57406622171401978
1202,1995,0.3957209587097168
1202,1030,0.28267693519592285
1202,75,0.26976951956748962
1202,1253,0.23061250150203705
1202,1153,0.19712314009666443
1202,274,0.18978904187679291
1202,223,0.18449951708316803
1202,1333,0.1774255782365799
1202,1256,0.1143987849354744
1202,242,0.10160325467586517
1202,655,0.097884975373744965
1202,835,0.091328561305999756
1203,1203,0
1203,1503,1
1203,1763,0.87618929147720337
1203,1102,0.46965938806533813
1203,1211,0.45778825879096985
1203,1522,0.29642710089683533
1203,1542,0.23763932287693024
1203,454,0.20723739266395569
1203,889,0.10882535576820374
1203,1005,0.073925428092479706
1203,1027,0.056600794196128845
1203,695,0.048545986413955688
1203,1229,0.029168294742703438
1203,933,0.024140628054738045
1203,1126,0.020742990076541901
1204,1204,0
1204,580,1
1204,1760,0.6071820855140686
1204,1308,0.38886663317680359
1204,1013,0.36519289016723633
1204,1535,0.34863221645355225
1204,759,0.27816560864448547
1204,203,0.19508010149002075
1204,197,0.16373723745346069
1204,349,0.12875328958034515
1204,517,0.09656805545091629
1204,743,0.089529015123844147
1204,44,0.086910299956798553
1204,481,0.084205567836761475
1204,1148,0.074058406054973602
1205,1205,0
1205,509,1
1205,443,0.61661386489868164
1205,662,0.26461455225944519
1205,758,0.21998867392539978
1205,383,0.21909460425376892
1205,205,0.21620464324951172
1205,574,0.21240566670894623
1205,959,0.194075807929039
1205,196,0.18832170963287354
1205,1836,0.17699821293354034
1205,1412,0.1561664342880249
1205,325,0.15144525468349457
1205,512,0.15082235634326935
1205,797,0.1401398628950119
1206,1206,0
1206,1717,1
1206,374,0.72796273231506348
1206,54,0.58706748485565186
1206,1907,0.52644610404968262
1206,968,0.1856636106967926
1206,1577,0.18500001728534698
1206,1002,0.14226937294006348
1206,1697,0.13364085555076599
1206,904,0.10208263248205185
1206,280,0.086494371294975281
1206,1972,0.075809068977832794
1206,928,0.058214418590068817
1206,868,0.048160124570131302
1206,1610,0.048078041523694992
1207,1207,0
1207,463,1
1207,697,0.51378870010375977
1207,436,0.50423920154571533
1207,291,0.45184826850891113
1207,1529,0.25331965088844299
1207,1549,0.20969681441783905
1207,645,0.19602502882480621
1207,1619,0.15078054368495941
1207,1724,0.13319393992424011
1207,1150,0.12950713932514191
1207,1507,0.11128287762403488
1207,565,0.08990565687417984
1207,91,0.083668448030948639
1207,87,0.079637452960014343
1208,1208,0
1208,1867,1
1208,1541,0.57668763399124146
1208,1452,0.41393837332725525
1208,664,0.37711361050605774
1208,479,0.27727741003036499
1208,450,0.23096363246440887
1208,1967,0.16603444516658783
1208,1094,0.14595134556293488
1208,293,0.14344982802867889
1208,1873,0.13610178232192993
1208,654,0.12016547471284866
1208,1276,0.11860156059265137
1208,856,0.1147017702460289
1208,1396,0.085906900465488434
1209,1209,0
1209,470,1
1209,1941,0.54974162578582764
1209,1547,0.33064204454421997
1209,1158,0.30548864603042603
1209,265,0.28408887982368469
1209,431,0.2062755823135376
1209,1101,0.18634156882762909
1209,755,0.18090583384037018
1209,517,0.16967771947383881
1209,1564,0.15363779664039612
1209,203,0.13712327182292938
1209,172,0.1361093670129776
1209,1810,0.13440550863742828
1209,1904,0.13245819509029388
1210,1210,0
1210,144,1
1210,1169,0.99354946613311768
1210,667,0.4327806830406189
1210,166,0.30077973008155823
1210,94,0.21673734486103058
1210,1479,0.21640202403068542
1210,601,0.1960626095533371
1210,924,0.16997547447681427
1210,33,0.14164257049560547
1210,1341,0.062605962157249451
1210,1496,0.057723820209503174
1210,395,0.056090567260980606
1210,1886,0.031345758587121964
1210,1527,0.031197533011436462
1211,1211,0
1211,889,1
1211,1102,0.40428945422172546
1211,1203,0.3333791196346283
1211,1499,0.26157230138778687
1211,1763,0.24674829840660095
1211,454,0.23533947765827179
1211,1447,0.21585643291473389
1211,1199,0.20768082141876221
1211,1027,0.1901242733001709
1211,1126,0.17646653950214386
1211,1942,0.16954945027828217
1211,1909,0.16651621460914612
1211,1522,0.15150445699691772
1211,1503,0.14786754548549652
1212,1212,0
1212,1512,1
1212,107,0.48681509494781494
1212,639,0.45556697249412537
1212,1768,0.38911384344100952
1212,950,0.37707480788230896
1212,157,0.20534338057041168
1212,1435,0.19608257710933685
1212,519,0.18916286528110504
1212,1449,0.14960207045078278
1212,346,0.12245725840330124
1212,1352,0.088029898703098297
1212,1674,0.086126722395420074
1212,1692,0.085793875157833099
1212,1249,0.07571893185377121
1213,1213,0
1213,1829,1
1213,369,0.59755599498748779
1213,1568,0.5676988959312439
1213,546,0.50659322738647461
1213,1967,0.24649627506732941
1213,1297,0.18650361895561218
1213,1139,0.16954189538955688
1213,1226,0.12891474366188049
1213,1250,0.10171142220497131
1213,145,0.097869530320167542
1213,1094,0.093205824494361877
1213,1777,0.076692387461662292
1213,1268,0.06989530473947525
1213,1303,0.064210511744022369
1214,1214,0
1214,1186,1
1214,195,0.37984839081764221
1214,1679,0.30826231837272644
1214,787,0.3048853874206543
1214,79,0.3046356737613678
1214,1165,0.23313668370246887
1214,1801,0.195071741938591
1214,1275,0.1908901035785675
1214,109,0.17654329538345337
1214,372,0.17558175325393677
1214,1012,0.17158156633377075
1214,89,0.17139796912670135
1214,994,0.16474692523479462
1214,184,0.13031424582004547
1215,1215,0
1215,630,1
1215,1971,0.39598530530929565
1215,656,0.35147041082382202
1215,1601,0.30397635698318481
1215,221,0.29066988825798035
1215,1920,0.22399570047855377
1215,1355,0.21787326037883759
1215,604,0.19106382131576538
1215,1048,0.18916164338588715
1215,755,0.16061475872993469
1215,1913,0.1519639641046524
1215,783,0.14776472747325897
1215,1832,0.14533425867557526
1215,1646,0.13701213896274567
1216,1216,0
1216,886,1
1216,403,0.80759435892105103
1216,1745,0.61344927549362183
1216,1698,0.28282973170280457
1216,302,0.19004888832569122
1216,1519,0.17880429327487946
1216,1170,0.15730176866054535
1216,1799,0.14935706555843353
1216,272,0.13419760763645172
1216,545,0.10312576591968536
1216,785,0.089285753667354584
1216,1144,0.085699364542961121
1216,315,0.061370201408863068
1216,1382,0.053832694888114929
1217,1217,0
1217,298,1
1217,659,0.97455143928527832
1217,465,0.54510337114334106
1217,263,0.49511834979057312
1217,1956,0.25258535146713257
1217,590,0.10509555041790009
1217,549,0.10394296795129776
1217,1637,0.10196729004383087
1217,779,0.079111434519290924
1217,841,0.058216486126184464
1217,720,0.055767420679330826
1217,1528,0.048321746289730072
1217,1471,0.047755066305398941
1217,988,0.03935772180557251
1218,1218,0
1218,1339,1
1218,918,0.61712813377380371
1218,157,0.54731911420822144
1218,1043,0.27321317791938782
1218,1352,0.20612244307994843
1218,402,0.20319858193397522
1218,764,0.15488776564598083
1218,208,0.14883352816104889
1218,393,0.14752981066703796
1218,1733,0.14266343414783478
1218,370,0.13417156040668488
1218,1323,0.128734290599823
1218,784,0.10170562565326691
1218,1100,0.10138515383005142
1219,1219,0
1219,401,1
1219,523,0.37886771559715271
1219,1080,0.3416556715965271
1219,1714,0.285297691822052
1219,62,0.24917066097259521
1219,1651,0.21629218757152557
1219,75,0.21228925883769989
1219,972,0.21140876412391663
1219,1767,0.20233500003814697
1219,1681,0.18822909891605377
1219,1283,0.18382832407951355
1219,242,0.14925171434879303
1219,1122,0.14624032378196716
1219,1725,0.14201733469963074
1220,1220,0
1220,123,1
1220,269,0.61400550603866577
1220,966,0.51420009136199951
1220,1484,0.318634033203125
1220,14,0.26684960722923279
1220,1996,0.18107038736343384
1220,1918,0.1739768385887146
1220,666,0.1347963809967041
1220,471,0.12894655764102936
1220,153,0.12703083455562592
1220,1315,0.12468075007200241
1220,1602,0.11682967096567154
1220,459,0.10524532198905945
1220,929,0.10063200443983078
1221,1221,0
1221,1706,1
1221,1109,0.678508460521698
1221,74,0.61481213569641113
1221,1359,0.40500026941299438
1221,271,0.33726078271865845
1221,747,0.15550322830677032
1221,1961,0.12947167456150055
1221,112,0.12578725814819336
1221,494,0.12487491965293884
1221,768,0.12342891097068787
1221,998,0.063956916332244873
1221,111,0.062925666570663452
1221,104,0.043315134942531586
1221,914,0.042045444250106812
1222,1222,0
1222,1435,1
1222,1140,0.59808808565139771
1222,316,0.38867947459220886
1222,51,0.36778569221496582
1222,377,0.34139728546142578
1222,1172,0.32849958539009094
1222,1667,0.1381784975528717
1222,1772,0.1214558333158493
1222,884,0.12028781324625015
1222,1201,0.11072392761707306
1222,1089,0.10621567815542221
1222,1238,0.10173666477203369
1222,1282,0.093764819204807281
1222,161,0.090082257986068726
1223,1223,0
1223,629,1
1223,45,0.7137407660484314
1223,300,0.62821757793426514
1223,1657,0.36153349280357361
1223,820,0.30412384867668152
1223,1603,0.15872074663639069
1223,570,0.15074411034584045
1223,1580,0.12827771902084351
1223,85,0.10531911998987198
1223,1231,0.099858380854129791
1223,1868,0.095009550452232361
1223,1382,0.08701913058757782
1223,408,0.041041150689125061
1223,1788,0.033292271196842194
1224,1224,0
1224,552,1
1224,1120,0.32374289631843567
1224,1575,0.30975738167762756
1224,1392,0.30441519618034363
1224,95,0.29101806879043579
1224,1343,0.27673053741455078
1224,693,0.2461107075214386
1224,653,0.18965822458267212
1224,1697,0.17330737411975861
1224,1979,0.16527649760246277
1224,592,0.16009174287319183
1224,1946,0.1594739705324173
1224,1862,0.15436884760856628
1224,481,0.15294528007507324
1225,1225,0
1225,1185,1
1225,592,0.58454000949859619
1225,20,0.3500944972038269
1225,1566,0.27292877435684204
1225,1193,0.25206536054611206
1225,338,0.24018144607543945
1225,130,0.17840583622455597
1225,1965,0.17705866694450378
1225,304,0.17254108190536499
1225,846,0.17146766185760498
1225,1403,0.13760043680667877
1225,1316,0.12492223829030991
1225,754,0.12395596504211426
1225,877,0.12111920863389969
1226,1226,0
1226,369,1
1226,1974,0.61343008279800415
1226,115,0.36375987529754639
1226,1912,0.25001236796379089
1226,1250,0.24746428430080414
1226,1213,0.21361865103244781
1226,155,0.20758774876594543
1226,455,0.16719715297222137
1226,1568,0.16063027083873749
1226,550,0.15973693132400513
1226,982,0.13584242761135101
1226,733,0.13367396593093872
1226,1295,0.13271082937717438
1226,1268,0.12123040854930878
1227,1227,0
1227,963,1
1227,1973,0.5339057445526123
1227,1086,0.43050509691238403
1227,196,0.30244806408882141
1227,5,0.2754664421081543
1227,1412,0.19436243176460266
1227,1722,0.19364717602729797
1227,879,0.18178397417068481
1227,508,0.17217342555522919
1227,1504,0.16207264363765717
1227,1958,0.12357702106237411
1227,1782,0.12243098020553589
1227,303,0.1086919978260994
1227,847,0.10582834482192993
1228,1228,0
1228,559,1
1228,356,0.67822742462158203
1228,1795,0.43619471788406372
1228,411,0.43337714672088623
1228,451,0.37349143624305725
1228,1257,0.1893695741891861
1228,1253,0.16920877993106842
1228,1117,0.101014643907547
1228,264,0.097606368362903595
1228,1162,0.089225299656391144
1228,737,0.08789486438035965
1228,1000,0.084900140762329102
1228,1700,0.083596661686897278
1228,289,0.082775004208087921
1229,1229,0
1229,1009,1
1229,593,0.40102905035018921
1229,73,0.38985562324523926
1229,1005,0.3455127477645874
1229,1192,0.27911806106567383
1229,306,0.2258470207452774
1229,1503,0.18965664505958557
1229,347,0.17858706414699554
1229,1049,0.15994557738304138
1229,566,0.15930445492267609
1229,515,0.15440286695957184
1229,1542,0.1478654146194458
1229,912,0.13791199028491974
1229,1475,0.13784654438495636
1230,1230,0
1230,1736,1
1230,204,0.32766562700271606
1230,1460,0.32637861371040344
1230,125,0.29751330614089966
1230,273,0.28731399774551392
1230,1639,0.27011361718177795
1230,530,0.24460089206695557
1230,1713,0.23491834104061127
1230,1546,0.22718387842178345
1230,1827,0.16220478713512421
1230,1855,0.13654099404811859
1230,124,0.13486526906490326
1230,523,0.13150255382061005
1230,382,0.12608090043067932
1231,1231,0
1231,1121,1
1231,799,0.41946324706077576
1231,45,0.40357875823974609
1231,1355,0.26391986012458801
1231,446,0.26154139637947083
1231,1287,0.24499659240245819
1231,885,0.23611228168010712
1231,1346,0.2102830559015274
1231,300,0.1706666499376297
1231,1580,0.16968211531639099
1231,1406,0.14025448262691498
1231,575,0.13257712125778198
1231,1370,0.12983497977256775
1231,275,0.12398472428321838
1232,1232,0
1232,435,1
1232,1236,0.35969871282577515
1232,729,0.34821432828903198
1232,1699,0.2710290253162384
1232,818,0.22158974409103394
1232,610,0.21893037855625153
1232,657,0.20384989678859711
1232,1491,0.20338229835033417
1232,1798,0.20268405973911285
1232,441,0.1815575510263443
1232,715,0.17875181138515472
1232,1562,0.17369261384010315
1232,325,0.17252948880195618
1232,1550,0.17098522186279297
1233,1233,0
1233,1423,1
1233,116,0.54729741811752319
1233,167,0.35583144426345825
1233,850,0.29567211866378784
1233,428,0.22154003381729126
1233,1975,0.21331274509429932
1233,1237,0.17307001352310181
1233,872,0.17131483554840088
1233,949,0.16789853572845459
1233,625,0.16701635718345642
1233,1861,0.16424287855625153
1233,964,0.16012905538082123
1233,1766,0.14275038242340088
1233,387,0.12681123614311218
1234,1234,0
1234,285,1
1234,1439,0.92767280340194702
1234,606,0.5171126127243042
1234,379,0.38262322545051575
1234,969,0.22144743800163269
1234,220,0.1916075199842453
1234,53,0.12319110333919525
1234,1248,0.11555440723896027
1234,1100,0.091235391795635223
1234,1381,0.089191071689128876
1234,1399,0.074293807148933411
1234,1024,0.060283750295639038
1234,1609,0.059244196861982346
1234,1893,0.053434375673532486
1235,1235,0
1235,621,1
1235,1237,0.41851726174354553
1235,790,0.41538330912590027
1235,387,0.34487366676330566
1235,548,0.25999030470848083
1235,1688,0.23172149062156677
1235,964,0.17466816306114197
1235,1480,0.15769615769386292
1235,1481,0.15753316879272461
1235,1766,0.15593479573726654
1235,1539,0.1548418402671814
1235,792,0.1545109897851944
1235,806,0.14361822605133057
1235,1018,0.13759835064411163
1236,1236,0
1236,1562,1
1236,610,0.93225193023681641
1236,0,0.59163659811019897
1236,1798,0.36448150873184204
1236,676,0.29384106397628784
1236,1232,0.21872818470001221
1236,1550,0.11950765550136566
1236,1087,0.11341473460197449
1236,1421,0.084908723831176758
1236,435,0.063428737223148346
1236,1699,0.056730411946773529
1236,973,0.026553234085440636
1236,1648,0.021840980276465416
1236,1375,0.019570391625165939
1237,1237,0
1237,241,1
1237,1842,0.49989244341850281
1237,1235,0.29613387584686279
1237,387,0.28718757629394531
1237,1018,0.25175690650939941
1237,964,0.24738842248916626
1237,1425,0.22199307382106781
1237,658,0.21506626904010773
1237,548,0.20070625841617584
1237,790,0.15659771859645844
1237,167,0.14336633682250977
1237,573,0.13218514621257782
1237,1447,0.12810882925987244
1237,1716,0.12650243937969208
1238,1238,0
1238,178,1
1238,608,0.45933344960212708
1238,516,0.41757962107658386
1238,742,0.24274915456771851
1238,177,0.22529174387454987
1238,709,0.22087277472019196
1238,1529,0.21573781967163086
1238,722,0.20251460373401642
1238,1772,0.19746002554893494
1238,148,0.17144329845905304
1238,1172,0.15328195691108704
1238,687,0.14554113149642944
1238,1265,0.12962387502193451
1238,1813,0.12545455992221832
1239,1239,0
1239,481,1
1239,1764,0.58404117822647095
1239,1739,0.4251038134098053
1239,591,0.34300342202186584
1239,1382,0.2312237024307251
1239,1127,0.20003402233123779
1239,1291,0.19329735636711121
1239,1907,0.18271832168102264
1239,1198,0.17705631256103516
1239,409,0.1373153030872345
1239,584,0.12670546770095825
1239,562,0.11488527804613113
1239,1402,0.10488085448741913
1239,1587,0.086632438004016876
1240,1240,0
1240,512,1
1240,443,0.39187145233154297
1240,1630,0.38434323668479919
1240,569,0.24675950407981873
1240,1196,0.24658191204071045
1240,364,0.2431599497795105
1240,582,0.23875311017036438
1240,325,0.22516252100467682
1240,435,0.17807888984680176
1240,1840,0.16088475286960602
1240,1347,0.15409071743488312
1240,484,0.14821258187294006
1240,711,0.14540418982505798
1240,1909,0.14359208941459656
1241,1241,0
1241,39,1
1241,1361,0.45573806762695312
1241,1173,0.43550407886505127
1241,229,0.32579541206359863
1241,551,0.2535533607006073
1241,1689,0.22305822372436523
1241,410,0.21138130128383636
1241,730,0.1600029468536377
1241,1458,0.15680243074893951
1241,1160,0.15223513543605804
1241,63,0.1436547189950943
1241,193,0.13335873186588287
1241,1925,0.12897711992263794
1241,362,0.12682880461215973
1242,1242,0
1242,86,1
1242,1192,0.47507807612419128
1242,1612,0.42964497208595276
1242,1005,0.41634401679039001
1242,1640,0.34074696898460388
1242,1645,0.27789238095283508
1242,708,0.24522304534912109
1242,534,0.2338358610868454
1242,1633,0.10996375977993011
1242,963,0.098049968481063843
1242,1814,0.081673234701156616
1242,996,0.068525560200214386
1242,1758,0.066432170569896698
1242,613,0.06347917765378952
1243,1243,0
1243,165,1
1243,1101,0.51195460557937622
1243,1308,0.36222302913665771
1243,808,0.35667961835861206
1243,1799,0.33464103937149048
1243,1459,0.23470526933670044
1243,517,0.17471396923065186
1243,826,0.16536791622638702
1243,1564,0.15607929229736328
1243,1151,0.1362810879945755
1243,840,0.13203522562980652
1243,1998,0.12522335350513458
1243,1547,0.11146601289510727
1243,1647,0.10552841424942017
1244,1244,0
1244,244,1
1244,885,0.79012507200241089
1244,1370,0.55856752395629883
1244,846,0.47722429037094116
1244,1933,0.44566220045089722
1244,1624,0.21446006000041962
1244,1923,0.11168877780437469
1244,763,0.057434394955635071
1244,673,0.055054564028978348
1244,1368,0.048037491738796234
1244,1882,0.044242847710847855
1244,1193,0.039888858795166016
1244,1812,0.038434591144323349
1244,1320,0.026070484891533852
1245,1245,0
1245,877,1
1245,203,0.63504606485366821
1245,1924,0.27354159951210022
1245,1454,0.26617807149887085
1245,1752,0.24625080823898315
1245,1596,0.22659337520599365
1245,1647,0.18790516257286072
1245,517,0.17535202205181122
1245,1955,0.16706463694572449
1245,165,0.16674162447452545
1245,1600,0.16457565128803253
1245,1948,0.15334503352642059
1245,210,0.12308546900749207
1245,1459,0.12120916694402695
1246,1246,0
1246,1058,1
1246,1084,0.67261207103729248
1246,87,0.32860222458839417
1246,416,0.28407731652259827
1246,937,0.23510450124740601
1246,1023,0.20983497798442841
1246,1304,0.19781340658664703
1246,1711,0.17067080736160278
1246,1409,0.15306811034679413
1246,602,0.15086871385574341
1246,1088,0.13940781354904175
1246,334,0.12653848528862
1246,821,0.12324712425470352
1246,436,0.11504540592432022
1247,1247,0
1247,134,1
1247,154,0.57866275310516357
1247,277,0.43591165542602539
1247,205,0.29773977398872375
1247,26,0.28948751091957092
1247,818,0.24885022640228271
1247,996,0.16770580410957336
1247,441,0.14160376787185669
1247,534,0.13346394896507263
1247,1263,0.12895771861076355
1247,1550,0.12622083723545074
1247,295,0.1248309537768364
1247,665,0.12023425847291946
1247,138,0.11322947591543198
1248,1248,0
1248,1399,1
1248,531,0.90878838300704956
1248,1024,0.30702739953994751
1248,177,0.23449249565601349
1248,922,0.20286937057971954
1248,740,0.1757192462682724
1248,1381,0.16899044811725616
1248,1930,0.16514024138450623
1248,1893,0.14567038416862488
1248,25,0.13429887592792511
1248,1323,0.11963696777820587
1248,1408,0.1163490042090416
1248,444,0.11403078585863113
1248,1496,0.11388043314218521
1249,1249,0
1249,706,1
1249,1115,0.42385140061378479
1249,852,0.376016765832901
1249,1479,0.36470741033554077
1249,390,0.33365678787231445
1249,1506,0.29564070701599121
1249,1307,0.20650579035282135
1249,1794,0.20524327456951141
1249,157,0.1535983681678772
1249,1391,0.12620940804481506
1249,107,0.12341005355119705
1249,1141,0.10523299872875214
1249,445,0.10154019296169281
1249,1731,0.091271638870239258
1250,1250,0
1250,550,1
1250,369,0.82845008373260498
1250,1974,0.40513315796852112
1250,1568,0.29788962006568909
1250,1034,0.19829128682613373
1250,382,0.18504613637924194
1250,1967,0.17709852755069733
1250,1092,0.16071434319019318
1250,861,0.12400352954864502
1250,455,0.12069859355688095
1250,450,0.10619212687015533
1250,962,0.10606986284255981
1250,572,0.10552064329385757
1250,596,0.091786749660968781
1251,1251,0
1251,644,1
1251,518,0.51787668466567993
1251,1357,0.32697552442550659
1251,400,0.28488999605178833
1251,216,0.21342165768146515
1251,1892,0.20498792827129364
1251,754,0.20319525897502899
1251,1305,0.19957658648490906
1251,345,0.19755703210830688
1251,1041,0.19184666872024536
1251,520,0.16835103929042816
1251,1644,0.1467844545841217
1251,1632,0.12950044870376587
1251,1167,0.12192700803279877
1252,1252,0
1252,1138,1
1252,723,0.66430056095123291
1252,670,0.35667431354522705
1252,1344,0.23181097209453583
1252,986,0.20811896026134491
1252,1006,0.19469375908374786
1252,232,0.18942663073539734
1252,31,0.18754316866397858
1252,1090,0.17666803300380707
1252,471,0.17084133625030518
1252,353,0.14269872009754181
1252,215,0.12950640916824341
1252,1418,0.12894684076309204
1252,309,0.1256650984287262
1253,1253,0
1253,1030,1
1253,1283,0.67495310306549072
1253,1700,0.56809729337692261
1253,838,0.330262690782547
1253,411,0.27419441938400269
1253,1117,0.17385014891624451
1253,497,0.16835050284862518
1253,242,0.15287277102470398
1253,1532,0.14723594486713409
1253,1153,0.09163539856672287
1253,1604,0.090325906872749329
1253,451,0.082434035837650299
1253,1851,0.078470408916473389
1253,1333,0.074216872453689575
1254,1254,0
1254,1262,1
1254,1654,0.44952380657196045
1254,1721,0.35999760031700134
1254,716,0.31490355730056763
1254,1631,0.28522571921348572
1254,118,0.2495744526386261
1254,1581,0.2214655727148056
1254,1956,0.19735606014728546
1254,880,0.18194626271724701
1254,1188,0.17618915438652039
1254,326,0.12957024574279785
1254,1684,0.12725469470024109
1254,942,0.11996606737375259
1254,314,0.093921482563018799
1255,1255,0
1255,1909,1
1255,1447,0.36345511674880981
1255,1027,0.34921708703041077
1255,582,0.3033561110496521
1255,574,0.29345452785491943
1255,387,0.24176390469074249
1255,1645,0.2297404557466507
1255,1199,0.21509659290313721
1255,916,0.19408713281154633
1255,981,0.18417532742023468
1255,940,0.1578482985496521
1255,534,0.1359068900346756
1255,1159,0.12178920954465866
1255,1272,0.11699259281158447
1256,1256,0
1256,1034,1
1256,245,0.5403362512588501
1256,1690,0.3348006010055542
1256,124,0.2656097412109375
1256,689,0.24652644991874695
1256,835,0.23929347097873688
1256,115,0.21867753565311432
1256,1082,0.21611249446868896
1256,655,0.15060429275035858
1256,75,0.1504199206829071
1256,1284,0.14780335128307343
1256,1634,0.14472238719463348
1256,274,0.13840354979038239
1256,923,0.1135815903544426
1257,1257,0
1257,559,1
1257,356,0.7864106297492981
1257,622,0.43886753916740417
1257,455,0.41194868087768555
1257,664,0.31834256649017334
1257,115,0.21580073237419128
1257,1228,0.17871220409870148
1257,273,0.17393982410430908
1257,348,0.13769210875034332
1257,1774,0.088439568877220154
1257,1827,0.04521266371011734
1257,1912,0.040851417928934097
1257,1736,0.039018724113702774
1257,1713,0.031650949269533157
1258,1258,0
1258,1731,1
1258,1115,0.71943521499633789
1258,390,0.50507861375808716
1258,308,0.45773985981941223
1258,43,0.27065688371658325
1258,1249,0.22803568840026855
1258,995,0.21237958967685699
1258,852,0.14354534447193146
1258,1391,0.10792895406484604
1258,1411,0.07616104930639267
1258,860,0.074000425636768341
1258,1352,0.04285731166601181
1258,1079,0.036799803376197815
1258,486,0.032272361218929291
1259,1259,0
1259,1695,1
1259,858,0.39860159158706665
1259,1411,0.33434513211250305
1259,1511,0.32575115561485291
1259,1859,0.26825684309005737
1259,1091,0.25329196453094482
1259,1527,0.22046957910060883
1259,1885,0.22035087645053864
1259,1635,0.20745547115802765
1259,969,0.18787778913974762
1259,1663,0.13172437250614166
1259,444,0.12201134115457535
1259,462,0.12073814123868942
1259,126,0.11602318286895752
1260,1260,0
1260,1067,1
1260,1818,0.4218294620513916
1260,1283,0.3204503059387207
1260,1095,0.31497099995613098
1260,861,0.28929084539413452
1260,1700,0.2052447497844696
1260,1069,0.19482791423797607
1260,242,0.1804899126291275
1260,1138,0.18004347383975983
1260,1502,0.17835576832294464
1260,1457,0.17632701992988586
1260,865,0.1656690388917923
1260,626,0.14324994385242462
1260,1268,0.13614434003829956
1261,1261,0
1261,28,1
1261,133,0.66092866659164429
1261,1498,0.49285054206848145
1261,1291,0.42546215653419495
1261,84,0.32175692915916443
1261,315,0.22593966126441956
1261,230,0.17730081081390381
1261,41,0.13831759989261627
1261,584,0.11779022961854935
1261,1312,0.10371082276105881
1261,1846,0.074378900229930878
1261,644,0.059041384607553482
1261,302,0.055090829730033875
1261,1127,0.054317358881235123
1262,1262,0
1262,1254,1
1262,1631,0.88852179050445557
1262,1728,0.34962970018386841
1262,942,0.17596930265426636
1262,38,0.17249302566051483
1262,451,0.16959115862846375
1262,1553,0.15414384007453918
1262,841,0.15367567539215088
1262,1995,0.1498858630657196
1262,1684,0.14556750655174255
1262,488,0.1424441784620285
1262,1654,0.1414046585559845
1262,289,0.13744096457958221
1262,1956,0.12612439692020416
1263,1263,0
1263,847,1
1263,295,0.74793177843093872
1263,135,0.28468424081802368
1263,134,0.21147659420967102
1263,154,0.20855876803398132
1263,343,0.20828182995319366
1263,1958,0.20252534747123718
1263,138,0.1796354353427887
1263,511,0.16636036336421967
1263,534,0.16328540444374084
1263,1617,0.14862179756164551
1263,1247,0.13693450391292572
1263,1916,0.12842278182506561
1263,247,0.12017745524644852
1264,1264,0
1264,1970,1
1264,631,0.75508707761764526
1264,510,0.72606909275054932
1264,1815,0.64399784803390503
1264,740,0.18966932594776154
1264,1093,0.11461765319108963
1264,1140,0.094531841576099396
1264,1172,0.088650994002819061
1264,424,0.053916212171316147
1264,103,0.053764879703521729
1264,25,0.052760571241378784
1264,1930,0.052087381482124329
1264,1744,0.044297754764556885
1264,1037,0.037434261292219162
1265,1265,0
1265,1123,1
1265,1608,0.62180954217910767
1265,742,0.3097759485244751
1265,1449,0.28409332036972046
1265,722,0.24645388126373291
1265,1559,0.23175588250160217
1265,1692,0.21355064213275909
1265,8,0.20170541107654572
1265,1327,0.17136222124099731
1265,178,0.1367003470659256
1265,1183,0.12420008331537247
1265,748,0.12368346005678177
1265,1007,0.1211821436882019
1265,784,0.12062658369541168
1266,1266,0
1266,970,1
1266,801,0.80940520763397217
1266,1659,0.61142176389694214
1266,690,0.31825962662696838
1266,1194,0.27490288019180298
1266,994,0.23306046426296234
1266,1186,0.14810821413993835
1266,6,0.10675046592950821
1266,22,0.1066935658454895
1266,301,0.08716612309217453
1266,18,0.080771960318088531
1266,677,0.051617089658975601
1266,233,0.040134910494089127
1266,1076,0.038600660860538483
1267,1267,0
1267,355,1
1267,815,0.47744092345237732
1267,807,0.4483952522277832
1267,743,0.32378080487251282
1267,1417,0.20182941854000092
1267,45,0.18928422033786774
1267,66,0.18293857574462891
1267,57,0.18117205798625946
1267,1535,0.16880439221858978
1267,199,0.15126524865627289
1267,1025,0.14938031136989594
1267,1144,0.14837096631526947
1267,536,0.14779789745807648
1267,1803,0.13643525540828705
1268,1268,0
1268,585,1
1268,1295,0.33466896414756775
1268,804,0.28227639198303223
1268,664,0.27957570552825928
1268,1457,0.252581387758255
1268,1069,0.2512606680393219
1268,1030,0.23992170393466949
1268,1122,0.21047425270080566
1268,861,0.20766091346740723
1268,865,0.19410930573940277
1268,546,0.17995168268680573
1268,1715,0.17495086789131165
1268,1135,0.16247002780437469
1268,1568,0.13698062300682068
1269,1269,0
1269,402,1
1269,94,0.95511144399642944
1269,208,0.54709827899932861
1269,1093,0.2216322273015976
1269,918,0.17397618293762207
1269,393,0.16289918124675751
1269,1003,0.15049415826797485
1269,910,0.14733392000198364
1269,798,0.13887558877468109
1269,357,0.10472498834133148
1269,1963,0.088629357516765594
1269,1794,0.083878859877586365
1269,606,0.066378042101860046
1269,740,0.065859757363796234
1270,1270,0
1270,424,1
1270,922,0.46848955750465393
1270,687,0.31994733214378357
1270,765,0.28297987580299377
1270,107,0.25986179709434509
1270,444,0.25686579942703247
1270,1663,0.21455854177474976
1270,740,0.18371090292930603
1270,1935,0.17991136014461517
1270,1635,0.17786175012588501
1270,514,0.16220627725124359
1270,678,0.15236629545688629
1270,539,0.12895722687244415
1270,722,0.119171142578125
1271,1271,0
1271,1018,1
1271,551,0.87102037668228149
1271,468,0.64861738681793213
1271,59,0.57758975028991699
1271,676,0.40738993883132935
1271,1421,0.082503482699394226
1271,1578,0.075237765908241272
1271,1898,0.074689954519271851
1271,452,0.069657571613788605
1271,181,0.034642104059457779
1271,1682,0.022314202040433884
1271,1415,0.014644896611571312
1271,949,0.014434199780225754
1271,796,0.014145712368190289
1272,1272,0
1272,1036,1
1272,1380,0.50093233585357666
1272,1709,0.33827176690101624
1272,1649,0.3234715461730957
1272,1950,0.28107297420501709
1272,1027,0.19876855611801147
1272,1255,0.19073577225208282
1272,1902,0.17631193995475769
1272,582,0.17181272804737091
1272,1503,0.15279650688171387
1272,1539,0.15169732272624969
1272,69,0.14720621705055237
1272,362,0.1388213187456131
1272,387,0.13499172031879425
1273,1273,0
1273,1936,1
1273,942,0.93259340524673462
1273,487,0.44425451755523682
1273,459,0.28756040334701538
1273,779,0.20171016454696655
1273,844,0.17416189610958099
1273,1283,0.14341412484645844
1273,1022,0.13359381258487701
1273,242,0.11591330915689468
1273,1604,0.1129176989197731
1273,988,0.095585264265537262
1273,1471,0.092346198856830597
1273,1050,0.087003573775291443
1273,243,0.085843898355960846
1274,1274,0
1274,1885,1
1274,1935,0.48266807198524475
1274,1350,0.3186022937297821
1274,333,0.31732180714607239
1274,1844,0.27154615521430969
1274,1411,0.27046746015548706
1274,1751,0.20465990900993347
1274,1115,0.1818133145570755
1274,107,0.16505789756774902
1274,860,0.14812590181827545
1274,514,0.14465981721878052
1274,639,0.13981400430202484
1274,692,0.13576154410839081
1274,852,0.12639683485031128
1275,1275,0
1275,195,1
1275,994,0.45382288098335266
1275,956,0.43083271384239197
1275,997,0.32886001467704773
1275,1526,0.27299416065216064
1275,184,0.21246452629566193
1275,1186,0.19988994300365448
1275,399,0.18068836629390717
1275,1012,0.15404726564884186
1275,953,0.15318320691585541
1275,1181,0.1447390615940094
1275,1280,0.13595585525035858
1275,664,0.1239028126001358
1275,491,0.11550727486610413
1276,1276,0
1276,856,1
1276,1094,0.48623532056808472
1276,1669,0.4317268431186676
1276,1200,0.36230161786079407
1276,1548,0.3246777355670929
1276,189,0.20145857334136963
1276,294,0.18550772964954376
1276,921,0.15213645994663239
1276,1318,0.14426851272583008
1276,1992,0.13492576777935028
1276,737,0.13469499349594116
1276,1967,0.12604308128356934
1276,195,0.11206292361021042
1276,1586,0.11084651201963425
1277,1277,0
1277,674,1
1277,1304,0.36003252863883972
1277,1136,0.33697134256362915
1277,200,0.27728229761123657
1277,1751,0.26811718940734863
1277,1746,0.23841455578804016
1277,1319,0.21934579312801361
1277,1890,0.21344423294067383
1277,1449,0.20737402141094208
1277,878,0.1823773980140686
1277,721,0.15903525054454803
1277,950,0.15225465595722198
1277,1947,0.14658237993717194
1277,1549,0.14566443860530853
1278,1278,0
1278,385,1
1278,1814,0.5494915246963501
1278,1242,0.42251923680305481
1278,870,0.33624312281608582
1278,650,0.31795984506607056
1278,262,0.23972703516483307
1278,1446,0.18947486579418182
1278,1612,0.1730550080537796
1278,695,0.12544463574886322
1278,1008,0.12045056372880936
1278,174,0.11696550995111465
1278,1861,0.11311048269271851
1278,1597,0.1019844263792038
1278,1156,0.10046697407960892
1279,1279,0
1279,324,1
1279,1392,0.93899089097976685
1279,1948,0.83122968673706055
1279,271,0.42054411768913269
1279,914,0.24261601269245148
1279,494,0.096122130751609802
1279,1872,0.083764009177684784
1279,1456,0.065357856452465057
1279,104,0.063847251236438751
1279,400,0.047657284885644913
1279,81,0.040296617895364761
1279,1025,0.031065948307514191
1279,1961,0.023424584418535233
1279,1760,0.021977551281452179
1280,1280,0
1280,1556,1
1280,1022,0.41170904040336609
1280,1526,0.35400089621543884
1280,195,0.26779237389564514
1280,206,0.23853594064712524
1280,1068,0.23016579449176788
1280,459,0.21321481466293335
1280,184,0.211199089884758
1280,491,0.20996084809303284
1280,1,0.19742435216903687
1280,1012,0.15387192368507385
1280,1067,0.1448894739151001
1280,880,0.14461024105548859
1280,79,0.1295141875743866
1281,1281,0
1281,1597,1
1281,949,0.46749511361122131
1281,1925,0.33396247029304504
1281,1909,0.29405272006988525
1281,806,0.23999921977519989
1281,1447,0.22820910811424255
1281,1551,0.21170508861541748
1281,387,0.19685220718383789
1281,1481,0.1802992969751358
1281,870,0.16647885739803314
1281,792,0.15848720073699951
1281,1640,0.15119405090808868
1281,1645,0.14230562746524811
1281,320,0.13584281504154205
1282,1282,0
1282,1435,1
1282,1966,0.48981529474258423
1282,1549,0.47951513528823853
1282,834,0.30337253212928772
1282,1238,0.2620236873626709
1282,1222,0.22664391994476318
1282,645,0.20127144455909729
1282,178,0.1610918790102005
1282,1507,0.1548783928155899
1282,1813,0.14243064820766449
1282,901,0.14105205237865448
1282,516,0.1220758780837059
1282,91,0.11732275784015656
1282,1619,0.10540150851011276
1283,1283,0
1283,242,1
1283,1684,0.30039501190185547
1283,1219,0.29169169068336487
1283,844,0.29125124216079712
1283,1260,0.225714311003685
1283,1767,0.22368209064006805
1283,1273,0.22134308516979218
1283,954,0.21960075199604034
1283,1092,0.21031378209590912
1283,375,0.19682662189006805
1283,1700,0.19428694248199463
1283,1253,0.18500739336013794
1283,1651,0.17735198140144348
1283,243,0.16942161321640015
1284,1284,0
1284,596,1
1284,145,0.93481510877609253
1284,155,0.66375261545181274
1284,1116,0.27764400839805603
1284,243,0.26859182119369507
1284,1094,0.21564628183841705
1284,838,0.11371159553527832
1284,523,0.1071784645318985
1284,1967,0.088170565664768219
1284,791,0.066916167736053467
1284,525,0.048739977180957794
1284,1034,0.045361079275608063
1284,1289,0.038432162255048752
1284,92,0.037926290184259415
1285,1285,0
1285,58,1
1285,1663,0.73037499189376831
1285,1470,0.45330527424812317
1285,762,0.3995908796787262
1285,1662,0.21150954067707062
1285,781,0.19045920670032501
1285,753,0.18391183018684387
1285,346,0.1558469831943512
1285,1530,0.11451061069965363
1285,1314,0.10743579268455505
1285,1496,0.10156222432851791
1285,531,0.097902856767177582
1285,1674,0.083308503031730652
1285,1440,0.077179513871669769
1286,1286,0
1286,1991,1
1286,780,0.61060035228729248
1286,765,0.51081693172454834
1286,1567,0.50737875699996948
1286,323,0.23210853338241577
1286,1134,0.2038499116897583
1286,514,0.15263257920742035
1286,371,0.13705494999885559
1286,67,0.12260259687900543
1286,805,0.10736709088087082
1286,643,0.10425621271133423
1286,445,0.10097169131040573
1286,259,0.059924926608800888
1286,919,0.057323601096868515
1287,1287,0
1287,1121,1
1287,1231,0.44751417636871338
1287,799,0.34471246600151062
1287,575,0.28425011038780212
1287,1571,0.25282213091850281
1287,1155,0.24405395984649658
1287,693,0.23903952538967133
1287,885,0.22115880250930786
1287,81,0.18256959319114685
1287,472,0.15075041353702545
1287,1061,0.14529016613960266
1287,552,0.14093181490898132
1287,23,0.12814927101135254
1287,734,0.12564074993133545
1288,1288,0
1288,1856,1
1288,600,0.4099864661693573
1288,61,0.34859549999237061
1288,1033,0.34131938219070435
1288,1821,0.27226892113685608
1288,500,0.20991060137748718
1288,902,0.18820661306381226
1288,1559,0.18487474322319031
1288,60,0.16990970075130463
1288,200,0.16073049604892731
1288,678,0.15938965976238251
1288,687,0.1563907116651535
1288,178,0.15471860766410828
1288,1351,0.15058822929859161
1289,1289,0
1289,145,1
1289,1284,0.37295544147491455
1289,243,0.37091100215911865
1289,1378,0.36243751645088196
1289,791,0.2784174382686615
1289,1069,0.22628238797187805
1289,596,0.21802853047847748
1289,525,0.20926325023174286
1289,113,0.18462668359279633
1289,686,0.17067338526248932
1289,1974,0.15424242615699768
1289,1568,0.1358150839805603
1289,1660,0.11583203077316284
1289,1125,0.10740372538566589
1290,1290,0
1290,690,1
1290,118,0.64525407552719116
1290,1152,0.29725742340087891
1290,48,0.27161407470703125
1290,841,0.2500661313533783
1290,1654,0.21010632812976837
1290,1471,0.20027920603752136
1290,1819,0.19498072564601898
1290,380,0.17701816558837891
1290,301,0.16994819045066833
1290,1325,0.14888815581798553
1290,716,0.12796792387962341
1290,487,0.11257292330265045
1290,1266,0.10092776268720627
1291,1291,0
1291,345,1
1291,408,0.58997130393981934
1291,1395,0.45133069157600403
1291,584,0.35031571984291077
1291,1498,0.34201174974441528
1291,354,0.22275154292583466
1291,553,0.20859548449516296
1291,101,0.13273727893829346
1291,1305,0.11242610216140747
1291,839,0.10761575400829315
1291,1239,0.099251009523868561
1291,1261,0.097201526165008545
1291,820,0.096496343612670898
1291,28,0.096182793378829956
1292,1292,0
1292,726,1
1292,721,0.79111236333847046
1292,1304,0.25775665044784546
1292,764,0.25178658962249756
1292,1404,0.24658209085464478
1292,1088,0.22272488474845886
1292,1890,0.17239883542060852
1292,1963,0.17222702503204346
1292,1804,0.15836265683174133
1292,1024,0.15079978108406067
1292,1093,0.12833599746227264
1292,1321,0.12665641307830811
1292,917,0.11581516265869141
1292,1476,0.11233042180538177
1293,1293,0
1293,940,1
1293,1102,0.67113184928894043
1293,1447,0.47505354881286621
1293,508,0.37506648898124695
1293,1126,0.28634300827980042
1293,1103,0.22611474990844727
1293,1255,0.13604958355426788
1293,889,0.13010010123252869
1293,1199,0.1205674409866333
1293,859,0.12016507238149643
1293,1027,0.11347427219152451
1293,963,0.093702025711536407
1293,1211,0.092494472861289978
1293,1227,0.066625066101551056
1294,1294,0
1294,1561,1
1294,579,0.9559975266456604
1294,1178,0.31325820088386536
1294,1978,0.21886125206947327
1294,1792,0.21678119897842407
1294,1750,0.21302935481071472
1294,702,0.21169224381446838
1294,1680,0.1977727860212326
1294,980,0.12078388780355453
1294,240,0.11772966384887695
1294,713,0.096939496695995331
1294,605,0.083707451820373535
1294,1489,0.082948304712772369
1294,1475,0.077396564185619354
1295,1295,0
1295,1030,1
1295,865,0.81056231260299683
1295,1268,0.35942402482032776
1295,1984,0.25482046604156494
1295,1457,0.20902946591377258
1295,1967,0.19930122792720795
1295,1153,0.16788522899150848
1295,1805,0.15277890861034393
1295,243,0.15210281312465668
1295,1303,0.14026188850402832
1295,92,0.12652172148227692
1295,113,0.1133449450135231
1295,861,0.11244224011898041
1295,596,0.10842401534318924
1296,1296,0
1296,253,1
1296,476,0.367449551820755
1296,663,0.36015662550926208
1296,623,0.30839061737060547
1296,1321,0.30286058783531189
1296,1404,0.27494996786117554
1296,1171,0.27210614085197449
1296,1003,0.24412387609481812
1296,1991,0.21230489015579224
1296,1433,0.16020375490188599
1296,393,0.14448656141757965
1296,1905,0.089140459895133972
1296,805,0.085738971829414368
1296,370,0.084971420466899872
1297,1297,0
1297,456,1
1297,717,0.38923349976539612
1297,1303,0.27038222551345825
1297,1557,0.26524725556373596
1297,369,0.24478103220462799
1297,1513,0.24439129233360291
1297,145,0.22068846225738525
1297,1568,0.21579515933990479
1297,450,0.21082025766372681
1297,1967,0.20111128687858582
1297,215,0.17864030599594116
1297,415,0.17540338635444641
1297,1330,0.15200141072273254
1297,499,0.138397216796875
1298,1298,0
1298,1954,1
1298,213,0.34472525119781494
1298,1723,0.33974909782409668
1298,1042,0.30151060223579407
1298,725,0.25853967666625977
1298,629,0.25063449144363403
1298,1309,0.22816963493824005
1298,1402,0.21012195944786072
1298,44,0.18003430962562561
1298,1587,0.17686612904071808
1298,171,0.16070689260959625
1298,199,0.15314023196697235
1298,1395,0.15153685212135315
1298,1535,0.15115721523761749
1299,1299,0
1299,421,1
1299,1448,0.44047284126281738
1299,996,0.39349985122680664
1299,906,0.3858439028263092
1299,1062,0.32750365138053894
1299,468,0.26749497652053833
1299,1798,0.18157845735549927
1299,1682,0.17814607918262482
1299,93,0.12562109529972076
1299,257,0.12510789930820465
1299,613,0.12268253415822983
1299,1929,0.1202331930398941
1299,185,0.12019310146570206
1299,777,0.11850994825363159
1300,1300,0
1300,1771,1
1300,1752,0.98923707008361816
1300,1013,0.51762539148330688
1300,1148,0.27869525551795959
1300,312,0.21053485572338104
1300,1308,0.16526824235916138
1300,203,0.13509576022624969
1300,840,0.13013187050819397
1300,928,0.12528069317340851
1300,1847,0.093312196433544159
1300,1204,0.070715159177780151
1300,580,0.067416958510875702
1300,197,0.064880646765232086
1300,1907,0.058697473257780075
1301,1301,0
1301,519,1
1301,1911,0.36100539565086365
1301,1339,0.35451814532279968
1301,894,0.29831531643867493
1301,1218,0.26741230487823486
1301,157,0.21236139535903931
1301,926,0.20381209254264832
1301,1435,0.19842016696929932
1301,1449,0.18619279563426971
1301,1201,0.17939047515392303
1301,1751,0.17127428948879242
1301,1212,0.1625492125749588
1301,1733,0.15799088776111603
1301,32,0.15364713966846466
1302,1302,0
1302,1981,1
1302,1792,0.74812829494476318
1302,579,0.72534167766571045
1302,1750,0.44045883417129517
1302,328,0.25838020443916321
1302,1561,0.22893758118152618
1302,605,0.1076556071639061
1302,1345,0.10613783448934555
1302,1178,0.077138401567935944
1302,484,0.06389954686164856
1302,5,0.059763215482234955
1302,196,0.03443821519613266
1302,702,0.032040044665336609
1302,1441,0.024579465389251709
1303,1303,0
1303,2,1
1303,865,0.4130936861038208
1303,1700,0.37239664793014526
1303,1330,0.30600842833518982
1303,145,0.26406046748161316
1303,568,0.25150379538536072
1303,618,0.23857429623603821
1303,1457,0.21976642310619354
1303,1122,0.17608281970024109
1303,717,0.16868771612644196
1303,982,0.15662553906440735
1303,243,0.12115981429815292
1303,1295,0.11145817488431931
1303,1378,0.10748062282800674
1304,1304,0
1304,1804,1
1304,1136,0.72461724281311035
1304,1292,0.45081740617752075
1304,721,0.38445800542831421
1304,370,0.24271263182163239
1304,1277,0.20622244477272034
1304,764,0.17356491088867188
1304,794,0.1630915105342865
1304,1947,0.15293146669864655
1304,1890,0.1216452419757843
1304,365,0.088066659867763519
1304,1409,0.071133844554424286
1304,1751,0.064912550151348114
1304,878,0.06272512674331665
1305,1305,0
1305,345,1
1305,1685,0.46573984622955322
1305,354,0.3409152626991272
1305,1862,0.2539421021938324
1305,1543,0.23928803205490112
1305,400,0.21587978303432465
1305,408,0.21558898687362671
1305,224,0.19992437958717346
1305,754,0.19801963865756989
1305,101,0.16841337084770203
1305,1780,0.16160483658313751
1305,592,0.15827620029449463
1305,1884,0.15108373761177063
1305,520,0.13822142779827118
1306,1306,0
1306,881,1
1306,1327,0.85317492485046387
1306,930,0.85024416446685791
1306,1704,0.61302822828292847
1306,1828,0.39450559020042419
1306,1007,0.10822393745183945
1306,1328,0.033710625022649765
1306,1416,0.028471207246184349
1306,1442,0.0094324629753828049
1306,1408,0.0060959011316299438
1306,898,0.0056197047233581543
1306,612,0.0016504295635968447
1306,538,0.0014983100118115544
1306,948,0.001241189893335104
1307,1307,0
1307,1747,1
1307,1506,0.81651979684829712
1307,1794,0.71443212032318115
1307,1249,0.38575178384780884
1307,33,0.37310692667961121
1307,1043,0.20661264657974243
1307,849,0.099300861358642578
1307,918,0.087509498000144958
1307,876,0.070274807512760162
1307,667,0.051983937621116638
1307,1886,0.045518115162849426
1307,144,0.030103445053100586
1307,706,0.013378000818192959
1307,1141,0.01239992119371891
1308,1308,0
1308,1243,1
1308,1760,0.48032575845718384
1308,165,0.37661102414131165
1308,349,0.25230687856674194
1308,517,0.25207436084747314
1308,1204,0.22059021890163422
1308,840,0.19610632956027985
1308,1770,0.18534088134765625
1308,808,0.17727485299110413
1308,1847,0.17675489187240601
1308,1151,0.1609770655632019
1308,584,0.14905712008476257
1308,1771,0.14119561016559601
1308,580,0.13827922940254211
1309,1309,0
1309,338,1
1309,1042,0.99367976188659668
1309,250,0.33708807826042175
1309,354,0.33644160628318787
1309,1395,0.30112206935882568
1309,213,0.28189963102340698
1309,44,0.21307536959648132
1309,592,0.11270682513713837
1309,1387,0.075800083577632904
1309,409,0.065000854432582855
1309,405,0.055364444851875305
1309,594,0.048550304025411606
1309,95,0.046042907983064651
1309,199,0.040119815617799759
1310,1310,0
1310,636,1
1310,1626,0.82614880800247192
1310,47,0.7167431116104126
1310,1418,0.19221833348274231
1310,1063,0.18277294933795929
1310,373,0.17256149649620056
1310,1135,0.15734849870204926
1310,1528,0.1407506912946701
1310,1502,0.11243438720703125
1310,1374,0.097431086003780365
1310,1124,0.095848932862281799
1310,752,0.082527585327625275
1310,1918,0.074208661913871765
1310,1068,0.055895302444696426
1311,1311,0
1311,1969,1
1311,608,0.43806684017181396
1311,164,0.33820280432701111
1311,890,0.27157118916511536
1311,1772,0.24786804616451263
1311,1493,0.22937345504760742
1311,1797,0.21344669163227081
1311,429,0.18536144495010376
1311,894,0.18530404567718506
1311,1486,0.17238844931125641
1311,742,0.16637735068798065
1311,1970,0.15534539520740509
1311,1704,0.15235130488872528
1311,188,0.151232048869133
1312,1312,0
1312,302,1
1312,1459,0.52247530221939087
1312,1101,0.33948370814323425
1312,84,0.31639036536216736
1312,1987,0.29270219802856445
1312,899,0.21259972453117371
1312,41,0.19261689484119415
1312,1243,0.17429864406585693
1312,1799,0.16522127389907837
1312,165,0.16313345730304718
1312,1988,0.1505073606967926
1312,728,0.13703911006450653
1312,1564,0.13062542676925659
1312,1904,0.10978821665048599
1313,1313,0
1313,356,1
1313,559,0.8928566575050354
1313,1188,0.59963864088058472
1313,1482,0.39295434951782227
1313,1191,0.36921164393424988
1313,411,0.11057798564434052
1313,992,0.092966288328170776
1313,451,0.07828790694475174
1313,843,0.074498556554317474
1313,827,0.073937118053436279
1313,956,0.059720698744058609
1313,1077,0.057323750108480453
1313,1318,0.056530032306909561
1313,255,0.04838113859295845
1314,1314,0
1314,1674,1
1314,601,0.82040613889694214
1314,332,0.79738670587539673
1314,58,0.69712179899215698
1314,1352,0.11168071627616882
1314,565,0.10730564594268799
1314,237,0.080291315913200378
1314,1512,0.066571034491062164
1314,1890,0.048151526600122452
1314,1182,0.047172099351882935
1314,200,0.037872727960348129
1314,1285,0.035484179854393005
1314,762,0.031824000179767609
1314,753,0.025632139295339584
1315,1315,0
1315,1980,1
1315,1457,0.75816643238067627
1315,666,0.34960240125656128
1315,988,0.33169135451316833
1315,96,0.2483641654253006
1315,153,0.21304804086685181
1315,1418,0.2025129646062851
1315,1696,0.15317678451538086
1315,1325,0.1451205313205719
1315,1918,0.13917435705661774
1315,683,0.10560449957847595
1315,92,0.10304038971662521
1315,585,0.093493461608886719
1315,361,0.063898570835590363
1316,1316,0
1316,99,1
1316,1392,0.97625309228897095
1316,81,0.62407594919204712
1316,754,0.58476495742797852
1316,556,0.26406621932983398
1316,1871,0.13856180012226105
1316,400,0.087357968091964722
1316,592,0.082332387566566467
1316,23,0.044073335826396942
1316,1566,0.040723755955696106
1316,1862,0.025298302993178368
1316,1387,0.014663736335933208
1316,914,0.014245534315705299
1316,1072,0.010473000817000866
1317,1317,0
1317,1532,1
1317,456,0.76326256990432739
1317,1348,0.73411673307418823
1317,1092,0.259889155626297
1317,1331,0.24286733567714691
1317,615,0.14389963448047638
1317,829,0.13732509315013885
1317,1162,0.10450965911149979
1317,232,0.10219282656908035
1317,1628,0.10091891139745712
1317,1074,0.095949925482273102
1317,369,0.084249407052993774
1317,572,0.071118615567684174
1317,1330,0.066596776247024536
1318,1318,0
1318,255,1
1318,1586,0.68439316749572754
1318,654,0.49988606572151184
1318,294,0.4139004647731781
1318,1077,0.38569405674934387
1318,1474,0.28850996494293213
1318,1162,0.16261930763721466
1318,1276,0.081047095358371735
1318,856,0.077293835580348969
1318,1191,0.075906820595264435
1318,1669,0.067087411880493164
1318,737,0.063291147351264954
1318,1581,0.053658988326787949
1318,1330,0.053596403449773788
1319,1319,0
1319,1342,1
1319,1349,0.49490976333618164
1319,1277,0.38527077436447144
1319,1619,0.3548724353313446
1319,674,0.26675650477409363
1319,1890,0.26003700494766235
1319,721,0.19498328864574432
1319,1292,0.16323922574520111
1319,237,0.15050199627876282
1319,177,0.14826664328575134
1319,1304,0.13634695112705231
1319,1088,0.13467755913734436
1319,1140,0.11668650060892105
1319,1919,0.100344218313694
1320,1320,0
1320,739,1
1320,885,0.51469355821609497
1320,1933,0.44172951579093933
1320,877,0.43815222382545471
1320,1392,0.28429743647575378
1320,268,0.26883506774902344
1320,446,0.24166283011436462
1320,763,0.14951947331428528
1320,1810,0.13750985264778137
1320,822,0.1286882609128952
1320,265,0.086359158158302307
1320,1244,0.073288217186927795
1320,1965,0.072182722389698029
1320,20,0.069976337254047394
1321,1321,0
1321,253,1
1321,1404,0.3790486752986908
1321,208,0.3785376250743866
1321,1433,0.29932340979576111
1321,393,0.28979653120040894
1321,1772,0.24525067210197449
1321,890,0.22163195908069611
1321,910,0.20484399795532227
1321,1292,0.18083590269088745
1321,370,0.16743454337120056
1321,1024,0.15088954567909241
1321,402,0.14480680227279663
1321,1804,0.12411876767873764
1321,1093,0.12036558985710144
1322,1322,0
1322,1380,1
1322,1020,0.70782512426376343
1322,1036,0.43768730759620667
1322,0,0.33923891186714172
1322,1852,0.2560940682888031
1322,1539,0.24418680369853973
1322,1648,0.16220799088478088
1322,806,0.15904770791530609
1322,973,0.13494142889976501
1322,1014,0.13024356961250305
1322,1505,0.093625694513320923
1322,912,0.087809465825557709
1322,1272,0.078642189502716064
1322,790,0.075336776673793793
1323,1323,0
1323,148,1
1323,1399,0.61059892177581787
1323,892,0.43513524532318115
1323,871,0.27724897861480713
1323,1853,0.27724394202232361
1323,884,0.26215773820877075
1323,161,0.20681315660476685
1323,918,0.15869522094726562
1323,1930,0.14563597738742828
1323,1248,0.11705352365970612
1323,177,0.10783042013645172
1323,878,0.1052684560418129
1323,1938,0.10278324782848358
1323,1157,0.10043419152498245
1324,1324,0
1324,1978,1
1324,579,0.68834513425827026
1324,1680,0.52724814414978027
1324,303,0.34339582920074463
1324,625,0.17580366134643555
1324,1686,0.16944606602191925
1324,1792,0.16138976812362671
1324,1425,0.13474644720554352
1324,257,0.13262024521827698
1324,27,0.13137088716030121
1324,1782,0.12938931584358215
1324,879,0.12853896617889404
1324,665,0.09741608053445816
1324,981,0.087180733680725098
1325,1325,0
1325,48,1
1325,301,0.67345708608627319
1325,801,0.47768545150756836
1325,1616,0.32618933916091919
1325,56,0.22748441994190216
1325,118,0.22193822264671326
1325,1418,0.20272254943847656
1325,720,0.18106111884117126
1325,499,0.12651321291923523
1325,278,0.12115111947059631
1325,716,0.1156366690993309
1325,988,0.086203619837760925
1325,309,0.074060581624507904
1325,293,0.072790667414665222
1326,1326,0
1326,1499,1
1326,428,0.85263937711715698
1326,1960,0.33690768480300903
1326,700,0.32603207230567932
1326,1334,0.29350876808166504
1326,1623,0.23764146864414215
1326,597,0.21106375753879547
1326,116,0.18465453386306763
1326,320,0.11969297379255295
1326,366,0.075531631708145142
1326,358,0.072392396628856659
1326,1742,0.068992264568805695
1326,554,0.067732483148574829
1326,792,0.060105130076408386
1327,1327,0
1327,1328,1
1327,1123,0.79851335287094116
1327,643,0.69475001096725464
1327,1828,0.30798906087875366
1327,782,0.27195805311203003
1327,748,0.15745508670806885
1327,1007,0.14898188412189484
1327,1416,0.13865426182746887
1327,480,0.088210396468639374
1327,951,0.083751492202281952
1327,1265,0.078741274774074554
1327,1635,0.065600112080574036
1327,1179,0.036778070032596588
1327,1841,0.035501644015312195
1328,1328,0
1328,643,1
1328,1327,0.54897910356521606
1328,480,0.41901981830596924
1328,1692,0.31121477484703064
1328,1416,0.27127799391746521
1328,1635,0.26301714777946472
1328,1449,0.25342324376106262
1328,860,0.20311243832111359
1328,107,0.12065247446298599
1328,1935,0.11517129093408585
1328,922,0.10351347178220749
1328,1468,0.10069848597049713
1328,157,0.099421128630638123
1328,444,0.097388051450252533
1329,1329,0
1329,883,1
1329,412,0.45077976584434509
1329,693,0.37181231379508972
1329,1891,0.37139037251472473
1329,254,0.35303246974945068
1329,1193,0.25778740644454956
1329,477,0.22602465748786926
1329,304,0.16314353048801422
1329,430,0.12648576498031616
1329,1914,0.12622912228107452
1329,1971,0.12214945256710052
1329,705,0.11739276349544525
1329,1305,0.11195797473192215
1329,1610,0.10871231555938721
1330,1330,0
1330,2,1
1330,568,0.6290547251701355
1330,255,0.32424822449684143
1330,1077,0.29431235790252686
1330,838,0.26848065853118896
1330,1303,0.2097942978143692
1330,1700,0.19455161690711975
1330,31,0.18992882966995239
1330,499,0.17371228337287903
1330,411,0.14845924079418182
1330,215,0.14714054763317108
1330,1318,0.12386612594127655
1330,865,0.1046241894364357
1330,982,0.098722413182258606
1331,1331,0
1331,1317,1
1331,1092,0.70406568050384521
1331,419,0.30712640285491943
1331,1532,0.28084695339202881
1331,1110,0.21458110213279724
1331,1348,0.20382049679756165
1331,242,0.19613654911518097
1331,733,0.19223023951053619
1331,1767,0.18443267047405243
1331,1260,0.15147313475608826
1331,368,0.1341530978679657
1331,572,0.12429739534854889
1331,1628,0.10962051153182983
1331,911,0.10411050170660019
1332,1332,0
1332,1947,1
1332,1828,0.74876934289932251
1332,1449,0.28649348020553589
1332,444,0.27303105592727661
1332,1834,0.27084788680076599
1332,1442,0.24338023364543915
1332,200,0.21877290308475494
1332,442,0.19097967445850372
1332,178,0.13984565436840057
1332,1416,0.11677313596010208
1332,1809,0.11211217939853668
1332,388,0.10663589090108871
1332,1534,0.10287012904882431
1332,1693,0.096383951604366302
1333,1333,0
1333,1030,1
1333,1636,0.34452813863754272
1333,75,0.30916938185691833
1333,1153,0.30008277297019958
1333,1085,0.27052760124206543
1333,401,0.26552042365074158
1333,52,0.21914324164390564
1333,535,0.19814540445804596
1333,1219,0.19369065761566162
1333,1253,0.18368186056613922
1333,800,0.15902450680732727
1333,1700,0.15581506490707397
1333,194,0.15525321662425995
1333,1912,0.15230390429496765
1334,1334,0
1334,1742,1
1334,597,0.45384570956230164
1334,320,0.43702787160873413
1334,428,0.34502536058425903
1334,1326,0.26466983556747437
1334,1021,0.2503642737865448
1334,295,0.2144957035779953
1334,1173,0.21298597753047943
1334,1499,0.1980806440114975
1334,949,0.18563169240951538
1334,1623,0.089001975953578949
1334,796,0.088727094233036041
1334,205,0.083842314779758453
1334,534,0.0832013338804245
1335,1335,0
1335,611,1
1335,514,0.30824169516563416
1335,1666,0.28628754615783691
1335,333,0.26709365844726562
1335,905,0.23918992280960083
1335,819,0.22238153219223022
1335,1270,0.21007241308689117
1335,1935,0.20994901657104492
1335,107,0.20537456870079041
1335,731,0.19581577181816101
1335,1695,0.19375739991664886
1335,1525,0.19337677955627441
1335,687,0.18925504386425018
1335,1797,0.18609021604061127
1336,1336,0
1336,935,1
1336,1786,0.54201620817184448
1336,992,0.31973063945770264
1336,766,0.2418319433927536
1336,718,0.2380385547876358
1336,880,0.21752841770648956
1336,1602,0.21501427888870239
1336,1188,0.21417002379894257
1336,1762,0.19665601849555969
1336,1047,0.15741527080535889
1336,1721,0.14873626828193665
1336,636,0.14455762505531311
1336,1484,0.13616554439067841
1336,651,0.13503608107566833
1337,1337,0
1337,1920,1
1337,564,0.80559903383255005
1337,363,0.64365237951278687
1337,283,0.502532958984375
1337,1872,0.43101561069488525
1337,275,0.10661844909191132
1337,598,0.082216814160346985
1337,1810,0.081513598561286926
1337,873,0.073839470744132996
1337,886,0.067467533051967621
1337,1979,0.044100675731897354
1337,1646,0.023648342117667198
1337,1745,0.0229914840310812
1337,1847,0.021695874631404877
1338,1338,0
1338,1467,1
1338,342,0.9754675030708313
1338,1896,0.35090485215187073
1338,1711,0.34280207753181458
1338,1687,0.22189293801784515
1338,188,0.16014096140861511
1338,878,0.13881640136241913
1338,547,0.12462665885686874
1338,1136,0.10275311022996902
1338,1084,0.10187820345163345
1338,775,0.10153663158416748
1338,433,0.097664430737495422
1338,905,0.095351733267307281
1338,858,0.093056142330169678
1339,1339,0
1339,157,1
1339,1218,0.8124573826789856
1339,764,0.51648223400115967
1339,208,0.30183601379394531
1339,894,0.25967305898666382
1339,1512,0.19497151672840118
1339,1449,0.15083903074264526
1339,107,0.12892593443393707
1339,1201,0.11157508194446564
1339,1619,0.096837140619754791
1339,926,0.09012719988822937
1339,1093,0.089123517274856567
1339,146,0.088686741888523102
1339,910,0.065356455743312836
1340,1340,0
1340,1771,1
1340,580,0.7008591890335083
1340,319,0.41889289021492004
1340,1402,0.24953551590442657
1340,203,0.18308509886264801
1340,570,0.17490243911743164
1340,591,0.1597936749458313
1340,1013,0.157827228307724
1340,449,0.15361499786376953
1340,1158,0.15199412405490875
1340,635,0.1499541699886322
1340,1972,0.13569308817386627
1340,1941,0.13539071381092072
1340,1204,0.13535580039024353
1341,1341,0
1341,166,1
1341,1496,0.67824864387512207
1341,927,0.55235475301742554
1341,177,0.22269287705421448
1341,897,0.21702626347541809
1341,917,0.19590848684310913
1341,1963,0.17840337753295898
1341,1938,0.16400949656963348
1341,767,0.16232520341873169
1341,416,0.12045794725418091
1341,1756,0.11217696219682693
1341,769,0.10977112501859665
1341,1642,0.10150524228811264
1341,1527,0.092018179595470428
1342,1342,0
1342,91,1
1342,1619,0.82695907354354858
1342,910,0.43913832306861877
1342,1549,0.30130657553672791
1342,1319,0.25736978650093079
1342,1747,0.24862131476402283
1342,1141,0.22879734635353088
1342,486,0.10295213013887405
1342,1363,0.090941838920116425
1342,1321,0.089241296052932739
1342,1783,0.088183708488941193
1342,849,0.082747124135494232
1342,1386,0.07779470831155777
1342,1372,0.072840578854084015
1343,1343,0
1343,1224,1
1343,1697,0.49574849009513855
1343,968,0.42203003168106079
1343,235,0.26931259036064148
1343,1039,0.2525465190410614
1343,653,0.2283657044172287
1343,37,0.21687762439250946
1343,552,0.20264177024364471
1343,1575,0.16376042366027832
1343,386,0.15141686797142029
1343,1120,0.13252238929271698
1343,928,0.12931784987449646
1343,1924,0.1276305615901947
1343,10,0.1147153377532959
1344,1344,0
1344,1604,1
1344,568,0.53303563594818115
1344,1006,0.41113802790641785
1344,1252,0.37170416116714478
1344,269,0.34922415018081665
1344,293,0.21672625839710236
1344,1138,0.17586985230445862
1344,31,0.14880281686782837
1344,215,0.14854632318019867
1344,1330,0.13714325428009033
1344,1484,0.13211570680141449
1344,499,0.12371071428060532
1344,1077,0.080111518502235413
1344,380,0.07876228541135788
1345,1345,0
1345,5,1
1345,484,0.54237282276153564
1345,1792,0.50282245874404907
1345,1683,0.43226364254951477
1345,1782,0.27111828327178955
1345,532,0.24720010161399841
1345,981,0.20258598029613495
1345,1808,0.13792406022548676
1345,306,0.12693774700164795
1345,1062,0.10849747806787491
1345,879,0.094329304993152618
1345,936,0.094026073813438416
1345,1451,0.075116530060768127
1345,1108,0.071689754724502563
1346,1346,0
1346,1231,1
1346,300,0.98015064001083374
1346,1428,0.65888291597366333
1346,275,0.3821258544921875
1346,1788,0.18546895682811737
1346,1868,0.15805324912071228
1346,714,0.10171088576316833
1346,885,0.094090387225151062
1346,809,0.079408697783946991
1346,210,0.070982947945594788
1346,1732,0.053313091397285461
1346,1223,0.052044667303562164
1346,446,0.04867827519774437
1346,1370,0.041975162923336029
1347,1347,0
1347,746,1
1347,1458,0.49953916668891907
1347,1178,0.38286349177360535
1347,410,0.37408003211021423
1347,1750,0.32235744595527649
1347,1004,0.20692040026187897
1347,980,0.18506215512752533
1347,527,0.17768716812133789
1347,1630,0.17215552926063538
1347,1032,0.1576143205165863
1347,1689,0.11002675443887711
1347,913,0.10975228250026703
1347,1240,0.10443100333213806
1347,151,0.10439804196357727
1348,1348,0
1348,615,1
1348,1317,0.8459923267364502
1348,1757,0.82936859130859375
1348,1569,0.50128394365310669
1348,456,0.27390012145042419
1348,1532,0.097709938883781433
1348,596,0.080281846225261688
1348,962,0.072105608880519867
1348,1092,0.060147691518068314
1348,1050,0.033989839255809784
1348,499,0.028897006064653397
1348,911,0.027914388105273247
1348,717,0.027750741690397263
1348,1331,0.027555759996175766
1349,1349,0
1349,58,1
1349,742,0.85038495063781738
1349,1140,0.4026329517364502
1349,1642,0.35316163301467896
1349,177,0.29102197289466858
1349,1608,0.2474224865436554
1349,842,0.19207759201526642
1349,1919,0.1529277116060257
1349,762,0.1089450865983963
1349,849,0.10431951284408569
1349,1970,0.057168878614902496
1349,1319,0.054366603493690491
1349,1512,0.049814067780971527
1349,1093,0.042650278657674789
1350,1350,0
1350,1274,1
1350,805,0.76556146144866943
1350,1885,0.31647360324859619
1350,202,0.28801074624061584
1350,1467,0.27769565582275391
1350,1746,0.24760347604751587
1350,1935,0.16035939753055573
1350,775,0.15725667774677277
1350,1183,0.15445861220359802
1350,547,0.14338058233261108
1350,600,0.11329822987318039
1350,1844,0.10340910404920578
1350,1753,0.09277111291885376
1350,1751,0.086604475975036621
1351,1351,0
1351,82,1
1351,291,0.37091508507728577
1351,645,0.36078870296478271
1351,600,0.30370569229125977
1351,436,0.30285698175430298
1351,1896,0.27115237712860107
1351,1859,0.18177758157253265
1351,1529,0.16813990473747253
1351,547,0.16277885437011719
1351,1467,0.16084215044975281
1351,202,0.16054646670818329
1351,1207,0.15708713233470917
1351,1746,0.15436038374900818
1351,897,0.151947021484375
1352,1352,0
1352,157,1
1352,1619,0.51611459255218506
1352,1751,0.36154231429100037
1352,1218,0.35875394940376282
1352,200,0.26885911822319031
1352,1314,0.24211964011192322
1352,486,0.18419277667999268
1352,995,0.16965670883655548
1352,1100,0.1559348851442337
1352,1890,0.13816052675247192
1352,918,0.13576312363147736
1352,871,0.13308960199356079
1352,1323,0.13108013570308685
1352,1512,0.11162468045949936
1353,1353,0
1353,842,1
1353,1175,0.64918810129165649
1353,1608,0.58292257785797119
1353,1123,0.28579702973365784
1353,8,0.27050110697746277
1353,1265,0.17895123362541199
1353,1478,0.17268063127994537
1353,1625,0.14907102286815643
1353,742,0.14386311173439026
1353,1349,0.11032076179981232
1353,583,0.1084146574139595
1353,1559,0.10292629152536392
1353,1157,0.077162757515907288
1353,1813,0.075082890689373016
1354,1354,0
1354,1878,1
1354,1632,0.66300064325332642
1354,518,0.54799753427505493
1354,163,0.383413165807724
1354,699,0.31202462315559387
1354,481,0.24847912788391113
1354,409,0.19550678133964539
1354,1806,0.16693989932537079
1354,1892,0.16601136326789856
1354,219,0.059643048793077469
1354,564,0.046546045690774918
1354,349,0.043307196348905563
1354,1644,0.041581351310014725
1354,513,0.032436728477478027
1355,1355,0
1355,1231,1
1355,1971,0.40504321455955505
1355,1121,0.40036112070083618
1355,258,0.31263214349746704
1355,575,0.29127034544944763
1355,728,0.28071978688240051
1355,1913,0.18767675757408142
1355,23,0.18562157452106476
1355,820,0.15913112461566925
1355,1988,0.14978623390197754
1355,1406,0.14717833697795868
1355,693,0.13085050880908966
1355,899,0.13083198666572571
1355,474,0.12577921152114868
1356,1356,0
1356,923,1
1356,1721,0.62622523307800293
1356,789,0.35814055800437927
1356,966,0.33684653043746948
1356,4,0.31427022814750671
1356,1082,0.20111113786697388
1356,828,0.19533652067184448
1356,668,0.18006418645381927
1356,1022,0.15516917407512665
1356,1548,0.14656303822994232
1356,1081,0.11493802070617676
1356,1602,0.11441706120967865
1356,529,0.08482968807220459
1356,123,0.078973613679409027
1357,1357,0
1357,1387,1
1357,1998,0.52552378177642822
1357,553,0.47377666831016541
1357,354,0.34616768360137939
1357,448,0.28224283456802368
1357,28,0.27677583694458008
1357,644,0.19093924760818481
1357,414,0.18487939238548279
1357,757,0.15552528202533722
1357,41,0.10032493621110916
1357,1048,0.09794018417596817
1357,1520,0.096214741468429565
1357,230,0.091184116899967194
1357,345,0.085401713848114014
1358,1358,0
1358,26,1
1358,1875,0.46974816918373108
1358,1473,0.38406738638877869
1358,458,0.29318243265151978
1358,70,0.23154771327972412
1358,277,0.23019427061080933
1358,240,0.20798352360725403
1358,134,0.19630236923694611
1358,867,0.19569717347621918
1358,938,0.18476024270057678
1358,257,0.13507138192653656
1358,1778,0.12777549028396606
1358,441,0.12710487842559814
1358,665,0.12345384061336517
1359,1359,0
1359,1923,1
1359,998,0.91825973987579346
1359,1706,0.67866897583007812
1359,768,0.46703159809112549
1359,431,0.18406064808368683
1359,1933,0.14673614501953125
1359,1535,0.11229018121957779
1359,955,0.084443062543869019
1359,536,0.062466494739055634
1359,1961,0.059829093515872955
1359,464,0.059569649398326874
1359,44,0.057872261852025986
1359,74,0.042039342224597931
1359,1221,0.033629260957241058
1360,1360,0
1360,1692,1
1360,1869,0.62825411558151245
1360,1525,0.3848724365234375
1360,164,0.32308539748191833
1360,1468,0.25812211632728577
1360,951,0.24206387996673584
1360,1449,0.19397503137588501
1360,1931,0.14861375093460083
1360,1666,0.14441940188407898
1360,1824,0.14317792654037476
1360,1328,0.12506158649921417
1360,1265,0.12174203246831894
1360,1486,0.11217977106571198
1360,1123,0.081319734454154968
1361,1361,0
1361,1701,1
1361,410,0.62067216634750366
1361,418,0.49700316786766052
1361,39,0.27895072102546692
1361,1241,0.25088545680046082
1361,193,0.19753085076808929
1361,1689,0.19721250236034393
1361,959,0.19167029857635498
1361,773,0.16442219913005829
1361,1458,0.14414365589618683
1361,509,0.13730825483798981
1361,745,0.079489074647426605
1361,1951,0.076634407043457031
1361,1347,0.070960827171802521
1362,1362,0
1362,450,1
1362,661,0.6154589056968689
1362,9,0.42921698093414307
1362,1822,0.22925247251987457
1362,485,0.21725466847419739
1362,212,0.20785674452781677
1362,735,0.18493320047855377
1362,1873,0.18158932030200958
1362,1669,0.16560229659080505
1362,1665,0.16211950778961182
1362,123,0.15594902634620667
1362,269,0.14587019383907318
1362,1967,0.10723797231912613
1362,415,0.10454811155796051
1363,1363,0
1363,784,1
1363,423,0.87472593784332275
1363,486,0.67061257362365723
1363,1886,0.6280103325843811
1363,669,0.30360060930252075
1363,1747,0.084508582949638367
1363,522,0.079612679779529572
1363,33,0.065095663070678711
1363,1588,0.060839604586362839
1363,173,0.033499319106340408
1363,918,0.028899870812892914
1363,370,0.027524033561348915
1363,1321,0.026227986440062523
1363,1059,0.023742394521832466
1364,1364,0
1364,134,1
1364,490,0.6024736762046814
1364,511,0.51085609197616577
1364,425,0.22557203471660614
1364,695,0.19254052639007568
1364,985,0.19193671643733978
1364,1672,0.18883079290390015
1364,277,0.16578599810600281
1364,1197,0.15738137066364288
1364,391,0.15087854862213135
1364,708,0.13831143081188202
1364,680,0.13379931449890137
1364,756,0.13111189007759094
1364,1426,0.11741182208061218
1365,1365,0
1365,1170,1
1365,37,0.9185788631439209
1365,1745,0.66991287469863892
1365,330,0.23545478284358978
1365,1698,0.23271091282367706
1365,1145,0.18026843667030334
1365,1099,0.17957538366317749
1365,545,0.17801767587661743
1365,886,0.082372166216373444
1365,403,0.057822540402412415
1365,1216,0.056928854435682297
1365,95,0.044933035969734192
1365,868,0.035233456641435623
1365,1520,0.035086657851934433
1366,1366,0
1366,1644,1
1366,520,0.68767088651657104
1366,1066,0.40898296236991882
1366,1882,0.39522650837898254
1366,1632,0.36182799935340881
1366,504,0.28704193234443665
1366,754,0.20875556766986847
1366,1305,0.1636977344751358
1366,513,0.098895609378814697
1366,1677,0.097523093223571777
1366,1566,0.086961016058921814
1366,1817,0.046065308153629303
1366,822,0.032137025147676468
1366,219,0.03210848942399025
1367,1367,0
1367,252,1
1367,321,0.65438389778137207
1367,1964,0.46374905109405518
1367,745,0.31784945726394653
1367,394,0.23034042119979858
1367,605,0.1966143399477005
1367,93,0.17999763786792755
1367,532,0.16243179142475128
1367,1448,0.13414280116558075
1367,1598,0.12734301388263702
1367,260,0.12134908139705658
1367,3,0.11264066398143768
1367,936,0.1030634343624115
1367,1441,0.10298171639442444
1368,1368,0
1368,944,1
1368,1048,0.83705788850784302
1368,755,0.6292223334312439
1368,1971,0.46946433186531067
1368,1817,0.15912783145904541
1368,304,0.13215410709381104
1368,763,0.1179041862487793
1368,1685,0.10922686010599136
1368,1193,0.10367769747972488
1368,101,0.088564842939376831
1368,955,0.085117757320404053
1368,287,0.063364274799823761
1368,1564,0.061842039227485657
1368,1543,0.050174754112958908
1369,1369,0
1369,166,1
1369,1285,0.62776750326156616
1369,781,0.44374874234199524
1369,767,0.33046725392341614
1369,1341,0.24862305819988251
1369,927,0.23117884993553162
1369,897,0.19646386802196503
1369,1815,0.1478363573551178
1369,762,0.13922500610351562
1369,1169,0.11894499510526657
1369,832,0.11891236156225204
1369,395,0.10281606763601303
1369,416,0.10274561494588852
1369,917,0.098157286643981934
1370,1370,0
1370,244,1
1370,763,0.67998623847961426
1370,1933,0.56917268037796021
1370,1580,0.44716677069664001
1370,1624,0.28443223237991333
1370,983,0.12504327297210693
1370,1603,0.12336359918117523
1370,1803,0.12288813292980194
1370,594,0.11561109125614166
1370,313,0.10963072627782822
1370,311,0.093571491539478302
1370,101,0.079123318195343018
1370,885,0.078895479440689087
1370,1520,0.078000709414482117
1371,1371,0
1371,505,1
1371,1546,0.59489941596984863
1371,903,0.52755796909332275
1371,52,0.3385680615901947
1371,341,0.26742905378341675
1371,716,0.2051658034324646
1371,1276,0.14055860042572021
1371,1855,0.13867576420307159
1371,1690,0.13615640997886658
1371,1584,0.13464638590812683
1371,1654,0.12735506892204285
1371,1548,0.11228525638580322
1371,856,0.092827707529067993
1371,348,0.090763136744499207
1372,1372,0
1372,1433,1
1372,709,0.6473618745803833
1372,1141,0.31540012359619141
1372,1605,0.29912453889846802
1372,1529,0.28166446089744568
1372,299,0.25864136219024658
1372,1444,0.17487260699272156
1372,1023,0.1695372611284256
1372,1966,0.15219950675964355
1372,1321,0.1521717756986618
1372,177,0.12674933671951294
1372,1342,0.11787819117307663
1372,645,0.10602174699306488
1372,178,0.1052672266960144
1373,1373,0
1373,1962,1
1373,1353,0.35896602272987366
1373,427,0.29479342699050903
1373,51,0.27815195918083191
1373,1667,0.23893436789512634
1373,1608,0.23757091164588928
1373,1816,0.22682298719882965
1373,1222,0.19932273030281067
1373,1123,0.19920063018798828
1373,742,0.19575424492359161
1373,1813,0.1807238906621933
1373,1201,0.16731776297092438
1373,1265,0.16682381927967072
1373,842,0.16251038014888763
1374,1374,0
1374,1528,1
1374,880,0.40983137488365173
1374,752,0.37049651145935059
1374,79,0.32037985324859619
1374,491,0.31721705198287964
1374,78,0.26903590559959412
1374,109,0.25859469175338745
1374,1526,0.25855487585067749
1374,298,0.21246275305747986
1374,636,0.1368071436882019
1374,1,0.093342654407024384
1374,1918,0.088250972330570221
1374,1418,0.087077058851718903
1374,1186,0.084849268198013306
1375,1375,0
1375,0,1
1375,1154,0.74970453977584839
1375,1087,0.43175694346427917
1375,135,0.23150861263275146
1375,1242,0.21349738538265228
1375,86,0.18730953335762024
1375,912,0.186247318983078
1375,676,0.18535022437572479
1375,1633,0.15385296940803528
1375,201,0.12785480916500092
1375,1758,0.12345116585493088
1375,708,0.11670350283384323
1375,1562,0.10209175944328308
1375,1008,0.09755370020866394
1376,1376,0
1376,1480,1
1376,1539,0.47849336266517639
1376,1688,0.42252764105796814
1376,973,0.32621598243713379
1376,1421,0.29916617274284363
1376,790,0.27372127771377563
1376,621,0.18029949069023132
1376,59,0.16595636308193207
1376,586,0.1507735550403595
1376,1235,0.1366649866104126
1376,1648,0.13517682254314423
1376,1036,0.12086795270442963
1376,1699,0.11177639663219452
1376,1196,0.10525517910718918
1377,1377,0
1377,379,1
1377,53,0.7376897931098938
1377,663,0.73301565647125244
1377,1731,0.28441312909126282
1377,1588,0.27240607142448425
1377,784,0.17553533613681793
1377,1733,0.1361217200756073
1377,423,0.11963753402233124
1377,1743,0.10883542895317078
1377,220,0.089364871382713318
1377,1468,0.080606415867805481
1377,253,0.064688563346862793
1377,1234,0.057970680296421051
1377,825,0.046605322510004044
1378,1378,0
1378,1184,1
1378,243,0.54888427257537842
1378,1684,0.44734093546867371
1378,568,0.30529516935348511
1378,717,0.2340446263551712
1378,1303,0.22551962733268738
1378,1125,0.21788032352924347
1378,145,0.19832627475261688
1378,791,0.16360503435134888
1378,1457,0.14069874584674835
1378,1069,0.13077662885189056
1378,113,0.11834192276000977
1378,1660,0.088953010737895966
1378,1584,0.087218970060348511
1379,1379,0
1379,1742,1
1379,1836,0.58044278621673584
1379,383,0.36454901099205017
1379,1481,0.33169329166412354
1379,1814,0.29959675669670105
1379,1861,0.24747151136398315
1379,468,0.20395137369632721
1379,205,0.16721193492412567
1379,1415,0.15384916961193085
1379,586,0.15083454549312592
1379,428,0.11179187893867493
1379,1205,0.10302434861660004
1379,262,0.10144715011119843
1379,1334,0.091023102402687073
1380,1380,0
1380,1036,1
1380,1272,0.62014651298522949
1380,973,0.51796787977218628
1380,1539,0.30847823619842529
1380,1322,0.25448998808860779
1380,912,0.18967260420322418
1380,1852,0.15452593564987183
1380,1950,0.14790506660938263
1380,69,0.14094419777393341
1380,1480,0.12163791060447693
1380,1678,0.11650311946868896
1380,1649,0.11436930298805237
1380,1902,0.1108117401599884
1380,1014,0.1094452291727066
1381,1381,0
1381,25,1
1381,1496,0.44229573011398315
1381,1093,0.40529197454452515
1381,1248,0.30280044674873352
1381,144,0.30080083012580872
1381,1024,0.28463715314865112
1381,538,0.26843634247779846
1381,1930,0.22037425637245178
1381,918,0.14208604395389557
1381,1399,0.13693077862262726
1381,740,0.12317817658185959
1381,94,0.10452941805124283
1381,1234,0.097307167947292328
1381,1641,0.078223414719104767
1382,1382,0
1382,1847,1
1382,824,0.59712016582489014
1382,1803,0.38718768954277039
1382,45,0.36027175188064575
1382,355,0.31971484422683716
1382,1239,0.31087568402290344
1382,1603,0.23454479873180389
1382,1764,0.16767115890979767
1382,1580,0.1372920423746109
1382,481,0.12655715644359589
1382,584,0.069693386554718018
1382,272,0.067179284989833832
1382,567,0.066981211304664612
1382,315,0.061792075634002686
1383,1383,0
1383,1670,1
1383,132,0.47405081987380981
1383,944,0.40953299403190613
1383,822,0.30337235331535339
1383,831,0.2551160454750061
1383,158,0.24025091528892517
1383,352,0.2014925479888916
1383,1158,0.19586734473705292
1383,1026,0.15936583280563354
1383,1771,0.15437351167201996
1383,408,0.14973527193069458
1383,820,0.13225692510604858
1383,1407,0.11937139183282852
1383,310,0.11209911108016968
1384,1384,0
1384,407,1
1384,1991,0.8336678147315979
1384,926,0.54232233762741089
1384,825,0.42985180020332336
1384,881,0.26505953073501587
1384,1328,0.13206389546394348
1384,141,0.115192711353302
1384,476,0.10217918455600739
1384,1079,0.099364683032035828
1384,819,0.095165297389030457
1384,612,0.087221153080463409
1384,1445,0.082423776388168335
1384,1468,0.065777607262134552
1384,1339,0.056601148098707199
1385,1385,0
1385,1125,1
1385,1378,0.35927224159240723
1385,568,0.28236967325210571
1385,1684,0.23595190048217773
1385,1097,0.23109577596187592
1385,451,0.2250509113073349
1385,633,0.21590881049633026
1385,341,0.21147401630878448
1385,92,0.20808026194572449
1385,1131,0.205746129155159
1385,1184,0.19381967186927795
1385,1584,0.18794183433055878
1385,113,0.18537122011184692
1385,145,0.16481170058250427
1386,1386,0
1386,726,1
1386,1754,0.93121123313903809
1386,370,0.6015470027923584
1386,402,0.53125017881393433
1386,1804,0.48344272375106812
1386,910,0.082520991563796997
1386,1089,0.070167660713195801
1386,893,0.051339868456125259
1386,1003,0.042165439575910568
1386,1433,0.025958731770515442
1386,1619,0.024784833192825317
1386,1100,0.024059196934103966
1386,463,0.020749052986502647
1386,208,0.017702506855130196
1387,1387,0
1387,99,1
1387,354,0.42850410938262939
1387,757,0.41314470767974854
1387,1357,0.34780633449554443
1387,398,0.32716348767280579
1387,754,0.2564866840839386
1387,95,0.23721040785312653
1387,592,0.19660307466983795
1387,1988,0.14811263978481293
1387,1899,0.13285224139690399
1387,448,0.11796087026596069
1387,1946,0.11505062133073807
1387,1309,0.094460897147655487
1387,575,0.091531418263912201
1388,1388,0
1388,938,1
1388,1437,0.67074048519134521
1388,70,0.2629321813583374
1388,418,0.26107937097549438
1388,627,0.23683625459671021
1388,260,0.21834993362426758
1388,394,0.18772324919700623
1388,257,0.17167870700359344
1388,225,0.16801369190216064
1388,605,0.16112092137336731
1388,1689,0.14867222309112549
1388,745,0.14740301668643951
1388,248,0.13880239427089691
1388,796,0.13352932035923004
1389,1389,0
1389,1116,1
1389,903,0.38268488645553589
1389,1855,0.35130682587623596
1389,1725,0.27907305955886841
1389,351,0.23087918758392334
1389,1661,0.22411410510540009
1389,1690,0.21468761563301086
1389,1665,0.20782451331615448
1389,183,0.17827810347080231
1389,991,0.1738353818655014
1389,340,0.17034235596656799
1389,976,0.16626738011837006
1389,694,0.16395154595375061
1389,415,0.16364911198616028
1390,1390,0
1390,15,1
1390,1617,0.65819793939590454
1390,1960,0.43161705136299133
1390,811,0.34144753217697144
1390,1255,0.30260595679283142
1390,1480,0.16182698309421539
1390,1036,0.1603437215089798
1390,1159,0.14212292432785034
1390,940,0.13412348926067352
1390,646,0.13355794548988342
1390,792,0.12020573765039444
1390,582,0.12017393112182617
1390,288,0.10072425007820129
1390,1272,0.099938027560710907
1391,1391,0
1391,1079,1
1391,1115,0.5227624773979187
1391,390,0.3978741466999054
1391,704,0.26358547806739807
1391,1536,0.26121488213539124
1391,333,0.22974412143230438
1391,1249,0.21835842728614807
1391,860,0.19682726263999939
1391,852,0.16100442409515381
1391,601,0.15958987176418304
1391,1729,0.13347148895263672
1391,514,0.12266908586025238
1391,107,0.11998394876718521
1391,1411,0.11980437487363815
1392,1392,0
1392,1316,1
1392,81,0.76880890130996704
1392,1279,0.72919720411300659
1392,1224,0.4389316737651825
1392,877,0.23679813742637634
1392,1072,0.12296207249164581
1392,552,0.12226564437150955
1392,1685,0.10532984137535095
1392,250,0.091551691293716431
1392,754,0.09025951474905014
1392,400,0.058228924870491028
1392,885,0.047906510531902313
1392,1245,0.047464638948440552
1392,1465,0.047186676412820816
1393,1393,0
1393,249,1
1393,299,0.74112528562545776
1393,480,0.31473854184150696
1393,1506,0.30005764961242676
1393,1747,0.26148894429206848
1393,538,0.19009955227375031
1393,849,0.16099569201469421
1393,1886,0.16013769805431366
1393,876,0.15540486574172974
1393,173,0.14066706597805023
1393,1363,0.13420528173446655
1393,1608,0.11727750301361084
1393,862,0.11541940271854401
1393,1900,0.11528008431196213
1394,1394,0
1394,1820,1
1394,950,0.56689542531967163
1394,259,0.53823065757751465
1394,388,0.38625988364219666
1394,637,0.34118777513504028
1394,1746,0.30011981725692749
1394,805,0.21372732520103455
1394,780,0.18630434572696686
1394,407,0.12321227788925171
1394,1286,0.077146366238594055
1394,231,0.04556376114487648
1394,1143,0.044091444462537766
1394,1765,0.042323991656303406
1394,775,0.041823383420705795
1395,1395,0
1395,705,1
1395,319,0.5725090503692627
1395,594,0.56011092662811279
1395,1803,0.36164581775665283
1395,1291,0.27209421992301941
1395,1998,0.21590951085090637
1395,983,0.20977124571800232
1395,338,0.20759519934654236
1395,1309,0.18912394344806671
1395,101,0.11111181974411011
1395,354,0.070552334189414978
1395,95,0.062796920537948608
1395,1988,0.043425984680652618
1395,448,0.030248846858739853
1396,1396,0
1396,1541,1
1396,1639,0.47931361198425293
1396,184,0.46754169464111328
1396,455,0.35986033082008362
1396,1012,0.29837915301322937
1396,1094,0.2572939395904541
1396,1873,0.23833426833152771
1396,1777,0.14973448216915131
1396,1548,0.11663921922445297
1396,856,0.10917939245700836
1396,479,0.10852609574794769
1396,195,0.10783404111862183
1396,550,0.10770035535097122
1396,681,0.10656262189149857
1397,1397,0
1397,469,1
1397,351,0.85655874013900757
1397,40,0.57587385177612305
1397,183,0.5172048807144165
1397,90,0.1747966855764389
1397,1777,0.1221250519156456
1397,1665,0.10409209132194519
1397,953,0.094919890165328979
1397,1615,0.093289151787757874
1397,1450,0.088249288499355316
1397,1855,0.074207015335559845
1397,340,0.069292254745960236
1397,1681,0.068269863724708557
1397,1056,0.068004533648490906
1398,1398,0
1398,1865,1
1398,1862,0.47165602445602417
1398,216,0.37832054495811462
1398,1316,0.3507048487663269
1398,1046,0.30750080943107605
1398,494,0.27527013421058655
1398,400,0.22100870311260223
1398,960,0.1874786764383316
1398,1041,0.17353643476963043
1398,1838,0.16675233840942383
1398,1071,0.10831818729639053
1398,81,0.10109203308820724
1398,1727,0.090703040361404419
1398,1521,0.074552051723003387
1399,1399,0
1399,1248,1
1399,1323,0.65491801500320435
1399,1853,0.4836236834526062
1399,1930,0.31953725218772888
1399,531,0.24454595148563385
1399,1893,0.20808984339237213
1399,1496,0.14329648017883301
1399,842,0.14311924576759338
1399,148,0.14118941128253937
1399,188,0.11943763494491577
1399,1486,0.11942217499017715
1399,457,0.1132417619228363
1399,1938,0.10942991077899933
1399,871,0.10703926533460617
1400,1400,0
1400,1995,1
1400,348,0.77259474992752075
1400,1000,0.6417202353477478
1400,125,0.37332835793495178
1400,49,0.27681174874305725
1400,194,0.18806114792823792
1400,1257,0.13707831501960754
1400,78,0.092713885009288788
1400,1634,0.088238157331943512
1400,1188,0.085418187081813812
1400,1413,0.08397548645734787
1400,530,0.074072569608688354
1400,1546,0.050601977854967117
1400,359,0.042272012680768967
1401,1401,0
1401,675,1
1401,644,0.33261451125144958
1401,331,0.31844231486320496
1401,400,0.27846705913543701
1401,1668,0.26981112360954285
1401,66,0.2476533055305481
1401,1780,0.23866172134876251
1401,1708,0.21881203353404999
1401,1948,0.20260114967823029
1401,1858,0.20042005181312561
1401,414,0.15785732865333557
1401,1015,0.15180739760398865
1401,1127,0.14837227761745453
1401,408,0.14137892425060272
1402,1402,0
1402,635,1
1402,1620,0.5530814528465271
1402,319,0.50747877359390259
1402,409,0.49304655194282532
1402,1013,0.3350532054901123
1402,1587,0.29799577593803406
1402,1884,0.14366383850574493
1402,1910,0.13709105551242828
1402,1395,0.083351589739322662
1402,580,0.078661829233169556
1402,213,0.076976120471954346
1402,1309,0.069877110421657562
1402,477,0.069487407803535461
1402,1239,0.061133012175559998
1403,1403,0
1403,1957,1
1403,338,0.99781495332717896
1403,448,0.51643556356430054
1403,1167,0.3667328953742981
1403,895,0.30285069346427917
1403,1368,0.14670613408088684
1403,1899,0.10148496180772781
1403,398,0.092675231397151947
1403,1998,0.091475442051887512
1403,705,0.083631113171577454
1403,44,0.07154613733291626
1403,304,0.051332022994756699
1403,7,0.045066382735967636
1403,553,0.039138544350862503
1404,1404,0
1404,1321,1
1404,1292,0.63543879985809326
1404,764,0.40183582901954651
1404,253,0.37371706962585449
1404,208,0.29610395431518555
1404,1804,0.19850523769855499
1404,794,0.15702740848064423
1404,726,0.1384509950876236
1404,1963,0.1284806877374649
1404,890,0.12764261662960052
1404,1772,0.12279672175645828
1404,821,0.1112816259264946
1404,370,0.10789388418197632
1404,1093,0.10771263390779495
1405,1405,0
1405,415,1
1405,661,0.50147968530654907
1405,1557,0.29285413026809692
1405,255,0.27515947818756104
1405,1665,0.25487253069877625
1405,1927,0.25302591919898987
1405,1725,0.24086511135101318
1405,62,0.19637826085090637
1405,829,0.18767918646335602
1405,1720,0.17194321751594543
1405,1906,0.16675019264221191
1405,1651,0.1326427161693573
1405,503,0.11760933697223663
1405,382,0.11562302708625793
1406,1406,0
1406,95,1
1406,1988,0.92216569185256958
1406,728,0.32334768772125244
1406,1459,0.23033139109611511
1406,1987,0.18834701180458069
1406,1144,0.18112340569496155
1406,1395,0.1777152419090271
1406,1580,0.15296882390975952
1406,1387,0.14773175120353699
1406,1811,0.1293652206659317
1406,1732,0.12789885699748993
1406,575,0.12412568926811218
1406,1946,0.10129022598266602
1406,1231,0.10047737509012222
1407,1407,0
1407,1914,1
1407,1370,0.59479010105133057
1407,1026,0.49139317870140076
1407,17,0.42500948905944824
1407,1121,0.33801156282424927
1407,707,0.17655183374881744
1407,820,0.16337473690509796
1407,854,0.15125082433223724
1407,1231,0.14954015612602234
1407,64,0.098311416804790497
1407,1383,0.091796249151229858
1407,809,0.078713923692703247
1407,1878,0.078693002462387085
1407,45,0.069452986121177673
1408,1408,0
1408,1527,1
1408,360,0.56365352869033813
1408,531,0.47155499458312988
1408,1530,0.33345359563827515
1408,1248,0.24920198321342468
1408,1091,0.22133474051952362
1408,927,0.20200215280056
1408,1470,0.18716797232627869
1408,917,0.17645545303821564
1408,1024,0.13072201609611511
1408,898,0.12541820108890533
1408,1439,0.090161271393299103
1408,767,0.081094063818454742
1408,1938,0.074668571352958679
1409,1409,0
1409,1304,1
1409,1277,0.6047787070274353
1409,365,0.39778211712837219
1409,516,0.34925934672355652
1409,937,0.2889569103717804
1409,1238,0.24462369084358215
1409,1319,0.2020195871591568
1409,1911,0.1486353874206543
1409,1136,0.14345079660415649
1409,1804,0.12520553171634674
1409,1282,0.11566529422998428
1409,602,0.10061662644147873
1409,1246,0.096265494823455811
1409,436,0.089634031057357788
1410,1410,0
1410,537,1
1410,1899,0.94567352533340454
1410,939,0.51894193887710571
1410,99,0.41203078627586365
1410,614,0.25319868326187134
1410,1871,0.18247422575950623
1410,1422,0.10636270791292191
1410,520,0.087868563830852509
1410,74,0.086300186812877655
1410,1048,0.075942642986774445
1410,1624,0.0754694864153862
1410,311,0.072995379567146301
1410,1387,0.044961296021938324
1410,474,0.044673297554254532
1411,1411,0
1411,390,1
1411,333,0.91799837350845337
1411,1582,0.3397432267665863
1411,1115,0.26646310091018677
1411,1935,0.22510269284248352
1411,1274,0.21382136642932892
1411,692,0.17291150987148285
1411,514,0.12509682774543762
1411,1259,0.11981303244829178
1411,1731,0.11604467779397964
1411,1635,0.11397316306829453
1411,1663,0.11393947154283524
1411,285,0.091136209666728973
1411,1391,0.090837866067886353
1412,1412,0
1412,205,1
1412,508,0.81831896305084229
1412,847,0.37140640616416931
1412,916,0.25414469838142395
1412,574,0.21961419284343719
1412,963,0.20027825236320496
1412,27,0.16418847441673279
1412,662,0.16399973630905151
1412,758,0.1639978438615799
1412,1159,0.16069357097148895
1412,534,0.12112697213888168
1412,1645,0.11496808379888535
1412,196,0.089081540703773499
1412,1227,0.065075941383838654
1413,1413,0
1413,1714,1
1413,401,0.79059642553329468
1413,124,0.63240832090377808
1413,1546,0.6193663477897644
1413,976,0.24277158081531525
1413,359,0.14388144016265869
1413,835,0.11288434267044067
1413,75,0.092858612537384033
1413,530,0.091900289058685303
1413,1450,0.05336621031165123
1413,671,0.043660670518875122
1413,183,0.032160993665456772
1413,1219,0.026010399684309959
1413,991,0.025024663656949997
1414,1414,0
1414,1519,1
1414,403,0.51360511779785156
1414,464,0.3732323944568634
1414,1216,0.35284876823425293
1414,1646,0.31456607580184937
1414,886,0.26220551133155823
1414,1866,0.23741927742958069
1414,172,0.15261220932006836
1414,882,0.14491400122642517
1414,873,0.13905434310436249
1414,1917,0.13212798535823822
1414,363,0.11658886820077896
1414,1888,0.086292430758476257
1414,1760,0.0814170241355896
1415,1415,0
1415,619,1
1415,574,0.73230087757110596
1415,1945,0.6435742974281311
1415,732,0.37212002277374268
1415,468,0.20320965349674225
1415,1480,0.20083732903003693
1415,1599,0.1822865754365921
1415,59,0.15874719619750977
1415,1018,0.091567195951938629
1415,959,0.082616053521633148
1415,325,0.077454127371311188
1415,241,0.060065723955631256
1415,193,0.05561363697052002
1415,1836,0.046499583870172501
1416,1416,0
1416,860,1
1416,141,0.559844970703125
1416,1328,0.443663090467453
1416,480,0.31484082341194153
1416,643,0.25351914763450623
1416,1828,0.22952406108379364
1416,444,0.21070705354213715
1416,1327,0.18858464062213898
1416,1635,0.18613041937351227
1416,1935,0.12669177353382111
1416,1536,0.11048862338066101
1416,1841,0.10464604198932648
1416,333,0.095167316496372223
1416,388,0.083078198134899139
1417,1417,0
1417,807,1
1417,1267,0.67807489633560181
1417,1939,0.28955698013305664
1417,1144,0.25765350461006165
1417,824,0.23851481080055237
1417,355,0.22831721603870392
1417,1895,0.2112971693277359
1417,1382,0.20708304643630981
1417,199,0.17359204590320587
1417,1764,0.13575808703899384
1417,1145,0.13408938050270081
1417,1132,0.12719610333442688
1417,68,0.11561508476734161
1417,1698,0.11014170944690704
1418,1418,0
1418,1528,1
1418,465,0.73600733280181885
1418,118,0.31277638673782349
1418,298,0.30753791332244873
1418,720,0.23524664342403412
1418,56,0.23478442430496216
1418,1138,0.20346969366073608
1418,988,0.17728172242641449
1418,1502,0.17556367814540863
1418,18,0.15770135819911957
1418,590,0.13178163766860962
1418,1918,0.10024295747280121
1418,491,0.070408083498477936
1418,880,0.064086832106113434
1419,1419,0
1419,1916,1
1419,1469,0.93116134405136108
1419,1005,0.25866740942001343
1419,1103,0.24294610321521759
1419,1576,0.2373969703912735
1419,1475,0.20139776170253754
1419,1522,0.14480917155742645
1419,227,0.14439798891544342
1419,362,0.13080468773841858
1419,1902,0.12774612009525299
1419,117,0.12397290021181107
1419,1709,0.12309157103300095
1419,201,0.12221246212720871
1419,1617,0.11829511821269989
1420,1420,0
1420,221,1
1420,757,0.41385334730148315
1420,1357,0.30907934904098511
1420,786,0.29843845963478088
1420,1946,0.26520392298698425
1420,770,0.25853699445724487
1420,1913,0.25257179141044617
1420,656,0.1935495138168335
1420,1769,0.19170743227005005
1420,1387,0.18359486758708954
1420,11,0.1647198349237442
1420,398,0.12837924063205719
1420,68,0.12572507560253143
1420,1133,0.12153378129005432
1421,1421,0
1421,59,1
1421,1011,0.42903360724449158
1421,676,0.32151517271995544
1421,610,0.29802373051643372
1421,1682,0.24607549607753754
1421,1798,0.21602340042591095
1421,1480,0.20054686069488525
1421,159,0.18290972709655762
1421,586,0.18131132423877716
1421,1271,0.17275477945804596
1421,1550,0.16748614609241486
1421,1505,0.16739289462566376
1421,973,0.16736270487308502
1421,1376,0.15645702183246613
1422,1422,0
1422,1098,1
1422,1133,0.79023581743240356
1422,1769,0.70183044672012329
1422,557,0.42620518803596497
1422,398,0.21714286506175995
1422,946,0.1513075977563858
1422,939,0.14103893935680389
1422,311,0.11063726991415024
1422,614,0.077686093747615814
1422,1410,0.066920392215251923
1422,594,0.065133839845657349
1422,1387,0.060101132839918137
1422,1070,0.050855502486228943
1422,1899,0.047795504331588745
1423,1423,0
1423,1233,1
1423,116,0.48930087685585022
1423,167,0.30281654000282288
1423,1766,0.23126372694969177
1423,1237,0.22214868664741516
1423,1716,0.20199836790561676
1423,1975,0.19721110165119171
1423,749,0.1928977370262146
1423,872,0.19107051193714142
1423,241,0.19097384810447693
1423,658,0.17488515377044678
1423,387,0.17267663776874542
1423,454,0.17096942663192749
1423,417,0.16867005825042725
1424,1424,0
1424,315,1
1424,1846,0.35718971490859985
1424,1382,0.29197290539741516
1424,1261,0.25965785980224609
1424,567,0.23143865168094635
1424,355,0.22466371953487396
1424,256,0.22222207486629486
1424,882,0.21903872489929199
1424,1127,0.19731496274471283
1424,85,0.18697468936443329
1424,1498,0.18614348769187927
1424,1216,0.17927099764347076
1424,1308,0.17731855809688568
1424,66,0.17368713021278381
1425,1425,0
1425,257,1
1425,981,0.51312685012817383
1425,507,0.40659791231155396
1425,1682,0.38025841116905212
1425,711,0.22970204055309296
1425,1842,0.19730848073959351
1425,1149,0.19446572661399841
1425,1773,0.17050588130950928
1425,1630,0.16225095093250275
1425,1716,0.15701565146446228
1425,658,0.14783680438995361
1425,1792,0.12937086820602417
1425,1004,0.11529987305402756
1425,1622,0.10315382480621338
1426,1426,0
1426,818,1
1426,425,0.42802935838699341
1426,985,0.41712084412574768
1426,1364,0.24250221252441406
1426,811,0.22380757331848145
1426,554,0.21826855838298798
1426,749,0.20252238214015961
1426,1960,0.19844824075698853
1426,1180,0.19549101591110229
1426,490,0.18251879513263702
1426,1740,0.16354610025882721
1426,1562,0.15222159028053284
1426,1840,0.14142785966396332
1426,1499,0.14099352061748505
1427,1427,0
1427,238,1
1427,1157,0.38628879189491272
1427,61,0.36892566084861755
1427,188,0.23833146691322327
1427,1510,0.2358858585357666
1427,1338,0.23013673722743988
1427,60,0.21661087870597839
1427,148,0.18754668533802032
1427,1058,0.18642206490039825
1427,87,0.18003284931182861
1427,1534,0.17689630389213562
1427,1023,0.17262658476829529
1427,516,0.17133082449436188
1427,1718,0.15586337447166443
1428,1428,0
1428,1788,1
1428,300,0.64673542976379395
1428,714,0.4394281804561615
1428,1904,0.28967541456222534
1428,1346,0.23209173977375031
1428,104,0.21050597727298737
1428,1961,0.17839054763317108
1428,1231,0.17797411978244781
1428,265,0.14687788486480713
1428,885,0.13232976198196411
1428,1868,0.12349081784486771
1428,1075,0.11930598318576813
1428,1406,0.10921407490968704
1428,74,0.10087455064058304
1429,1429,0
1429,376,1
1429,724,0.81332123279571533
1429,1852,0.49950426816940308
1429,443,0.34691101312637329
1429,576,0.20358516275882721
1429,610,0.18600569665431976
1429,1836,0.13971665501594543
1429,806,0.11568520218133926
1429,35,0.11231647431850433
1429,1814,0.10834059864282608
1429,512,0.10518559068441391
1429,1240,0.10273750871419907
1429,484,0.088735029101371765
1429,1672,0.084842391312122345
1430,1430,0
1430,984,1
1430,1177,0.86650550365447998
1430,665,0.3142317533493042
1430,578,0.30474358797073364
1430,27,0.29963794350624084
1430,625,0.28173667192459106
1430,1629,0.1671660989522934
1430,225,0.16544945538043976
1430,1504,0.15204223990440369
1430,26,0.091355979442596436
1430,1324,0.076323933899402618
1430,1686,0.068934932351112366
1430,257,0.061675857752561569
1430,438,0.057089660316705704
1431,1431,0
1431,61,1
1431,1559,0.71393662691116333
1431,200,0.69727349281311035
1431,871,0.31030884385108948
1431,608,0.24017377197742462
1431,1534,0.18707951903343201
1431,905,0.17538967728614807
1431,148,0.16905611753463745
1431,1824,0.13987459242343903
1431,1809,0.11187192052602768
1431,516,0.089269660413265228
1431,722,0.026485633105039597
1431,1449,0.023394819349050522
1431,842,0.022774189710617065
1432,1432,0
1432,1090,1
1432,1462,0.38832756876945496
1432,232,0.36379179358482361
1432,31,0.34873098134994507
1432,684,0.25110343098640442
1432,829,0.22055654227733612
1432,255,0.20401868224143982
1432,1928,0.19096405804157257
1432,56,0.1900433748960495
1432,649,0.1793416440486908
1432,267,0.16274511814117432
1432,1581,0.15827833116054535
1432,1735,0.13271060585975647
1432,269,0.11627811938524246
1433,1433,0
1433,1372,1
1433,1321,0.71265548467636108
1433,253,0.34267717599868774
1433,402,0.22360937297344208
1433,1386,0.19386228919029236
1433,910,0.18465569615364075
1433,726,0.17803607881069183
1433,1748,0.17665866017341614
1433,1141,0.17033235728740692
1433,393,0.16483251750469208
1433,1605,0.15539810061454773
1433,370,0.13910263776779175
1433,623,0.13437500596046448
1433,299,0.13070262968540192
1434,1434,0
1434,770,1
1434,644,0.7998088002204895
1434,1015,0.75459367036819458
1434,11,0.2244303822517395
1434,1858,0.16180798411369324
1434,1401,0.15589819848537445
1434,1127,0.15461485087871552
1434,1976,0.11311134696006775
1434,824,0.11028126627206802
1434,1668,0.092019908130168915
1434,1251,0.090321645140647888
1434,1800,0.087767980992794037
1434,133,0.081192962825298309
1434,1939,0.081047594547271729
1435,1435,0
1435,1222,1
1435,1282,0.83042353391647339
1435,1619,0.41358816623687744
1435,1172,0.33408936858177185
1435,1212,0.31692132353782654
1435,1512,0.25012323260307312
1435,1549,0.18622134625911713
1435,1352,0.1016230434179306
1435,107,0.091371007263660431
1435,178,0.090840645134449005
1435,51,0.088143117725849152
1435,1746,0.074821345508098602
1435,157,0.066118910908699036
1435,1238,0.062604069709777832
1436,1436,0
1436,1607,1
1436,599,0.66434115171432495
1436,603,0.49447029829025269
1436,1602,0.34474042057991028
1436,1922,0.26631352305412292
1436,1735,0.159881591796875
1436,828,0.14439447224140167
1436,485,0.14095853269100189
1436,1142,0.12898021936416626
1436,123,0.12805859744548798
1436,661,0.12662684917449951
1436,966,0.10828720033168793
1436,1432,0.10091561079025269
1436,1362,0.098923221230506897
1437,1437,0
1437,248,1
1437,938,0.81540679931640625
1437,1689,0.586314857006073
1437,1388,0.48418119549751282
1437,70,0.26678633689880371
1437,1522,0.16647505760192871
1437,452,0.1252395361661911
1437,1578,0.10231613367795944
1437,1458,0.079030081629753113
1437,627,0.078093625605106354
1437,814,0.059307042509317398
1437,461,0.05866711214184761
1437,1083,0.048270322382450104
1437,394,0.03680107370018959
1438,1438,0
1438,1439,1
1438,1487,0.62204819917678833
1438,1408,0.6025998592376709
1438,34,0.55523121356964111
1438,1234,0.23656347393989563
1438,1381,0.14443250000476837
1438,1893,0.1442096084356308
1438,1114,0.10870993137359619
1438,1476,0.10590411722660065
1438,1091,0.095633633434772491
1438,999,0.082884587347507477
1438,1756,0.07079547643661499
1438,898,0.069824464619159698
1438,930,0.068048790097236633
1439,1439,0
1439,1234,1
1439,767,0.38717859983444214
1439,285,0.34556865692138672
1439,1114,0.30129185318946838
1439,1893,0.25436347723007202
1439,457,0.22519835829734802
1439,917,0.21983252465724945
1439,969,0.20431900024414062
1439,1408,0.19495046138763428
1439,1756,0.16679742932319641
1439,878,0.1589769572019577
1439,1516,0.15697477757930756
1439,1938,0.14618368446826935
1439,1248,0.14525966346263885
1440,1440,0
1440,261,1
1440,1514,0.8054957389831543
1440,346,0.8045116662979126
1440,881,0.69569408893585205
1440,1285,0.11811565607786179
1440,329,0.08741798996925354
1440,1663,0.077123269438743591
1440,1641,0.061862949281930923
1440,1674,0.061299264430999756
1440,753,0.051315419375896454
1440,539,0.043301928788423538
1440,1512,0.037172660231590271
1440,25,0.033370058983564377
1440,1525,0.030213888734579086
1441,1441,0
1441,732,1
1441,662,0.8604816198348999
1441,711,0.45848265290260315
1441,619,0.30379980802536011
1441,27,0.25535100698471069
1441,605,0.2376181036233902
1441,257,0.14741748571395874
1441,509,0.14156684279441833
1441,225,0.10581888258457184
1441,325,0.10192637890577316
1441,1599,0.09713783860206604
1441,1149,0.088903993368148804
1441,1425,0.059261288493871689
1441,5,0.049115315079689026
1442,1442,0
1442,1007,1
1442,442,0.73822921514511108
1442,1828,0.42693644762039185
1442,1332,0.38122060894966125
1442,1919,0.3328583836555481
1442,948,0.33125588297843933
1442,742,0.17955832183361053
1442,178,0.12793807685375214
1442,1349,0.081695646047592163
1442,608,0.078536368906497955
1442,1900,0.075505845248699188
1442,1704,0.063305094838142395
1442,360,0.046190045773983002
1442,1449,0.043659668415784836
1443,1443,0
1443,647,1
1443,747,0.67187488079071045
1443,614,0.46904778480529785
1443,1923,0.34052348136901855
1443,313,0.24850423634052277
1443,1843,0.21025021374225616
1443,1359,0.19454102218151093
1443,1403,0.13717266917228699
1443,983,0.11876428872346878
1443,955,0.1100567951798439
1443,44,0.10263595730066299
1443,74,0.10263487696647644
1443,1535,0.10165823251008987
1443,895,0.099221482872962952
1444,1444,0
1444,1529,1
1444,1088,0.31198456883430481
1444,600,0.26440516114234924
1444,721,0.26429295539855957
1444,1653,0.23579612374305725
1444,645,0.21757738292217255
1444,917,0.21363000571727753
1444,1536,0.21114209294319153
1444,177,0.20841097831726074
1444,444,0.2076730877161026
1444,878,0.20362067222595215
1444,1605,0.19938443601131439
1444,1024,0.18639655411243439
1444,1748,0.18258461356163025
1445,1445,0
1445,1863,1
1445,141,0.71637457609176636
1445,780,0.51297223567962646
1445,13,0.34348490834236145
1445,881,0.29244160652160645
1445,1830,0.23720854520797729
1445,1384,0.19586393237113953
1445,388,0.13889160752296448
1445,1134,0.10557106882333755
1445,442,0.083888843655586243
1445,1416,0.076395153999328613
1445,1820,0.073840275406837463
1445,710,0.072294116020202637
1445,67,0.057664107531309128
1446,1446,0
1446,1008,1
1446,454,0.39296996593475342
1446,1633,0.38272321224212646
1446,1837,0.30525168776512146
1446,131,0.27900418639183044
1446,695,0.24598322808742523
1446,1791,0.19352427124977112
1446,1975,0.18897965550422668
1446,385,0.18649299442768097
1446,24,0.15865088999271393
1446,708,0.1559777557849884
1446,1542,0.14764814078807831
1446,1562,0.13502146303653717
1446,1473,0.13465537130832672
1447,1447,0
1447,1909,1
1447,1255,0.64529210329055786
1447,1925,0.64260601997375488
1447,1199,0.33759960532188416
1447,387,0.22812288999557495
1447,1027,0.18210616707801819
1447,949,0.18207730352878571
1447,1645,0.15622599422931671
1447,1211,0.13748331367969513
1447,1102,0.090432673692703247
1447,940,0.08420061320066452
1447,872,0.080764636397361755
1447,1293,0.07613883912563324
1447,792,0.063845455646514893
1448,1448,0
1448,93,1
1448,1505,0.345378577709198
1448,468,0.27450713515281677
1448,981,0.26840710639953613
1448,1682,0.25897249579429626
1448,1475,0.22833789885044098
1448,534,0.21926303207874298
1448,1062,0.19888037443161011
1448,732,0.19579365849494934
1448,676,0.19504545629024506
1448,306,0.19107374548912048
1448,257,0.17927786707878113
1448,1149,0.17748163640499115
1448,708,0.17447039484977722
1449,1449,0
1449,1666,1
1449,107,0.87572699785232544
1449,1692,0.63308775424957275
1449,157,0.33766207098960876
1449,1328,0.23412628471851349
1449,722,0.15015417337417603
1449,1824,0.14077907800674438
1449,1265,0.10335361957550049
1449,687,0.093038134276866913
1449,1339,0.090573489665985107
1449,1751,0.071661219000816345
1449,1512,0.065758854150772095
1449,444,0.063284009695053101
1449,639,0.047694899141788483
1450,1450,0
1450,183,1
1450,1413,0.35690858960151672
1450,976,0.35435459017753601
1450,953,0.30530130863189697
1450,609,0.25961199402809143
1450,1661,0.2455836683511734
1450,671,0.24432654678821564
1450,1949,0.2139793336391449
1450,1714,0.20365174114704132
1450,1397,0.17100001871585846
1450,359,0.14774757623672485
1450,298,0.13792423903942108
1450,1611,0.13330751657485962
1450,1546,0.13319571316242218
1451,1451,0
1451,532,1
1451,1707,0.97457069158554077
1451,93,0.50972014665603638
1451,3,0.47600999474525452
1451,875,0.30273804068565369
1451,1149,0.15922456979751587
1451,1842,0.074057206511497498
1451,63,0.072847545146942139
1451,711,0.069962792098522186
1451,1505,0.069917887449264526
1451,981,0.058265697211027145
1451,1593,0.051550589501857758
1451,1480,0.048886567354202271
1451,790,0.039144840091466904
1452,1452,0
1452,1208,1
1452,1967,0.51172494888305664
1452,1094,0.34690362215042114
1452,293,0.30272969603538513
1452,92,0.25370165705680847
1452,664,0.21070215106010437
1452,1012,0.19287639856338501
1452,1819,0.18744052946567535
1452,1057,0.17956209182739258
1452,459,0.15910166501998901
1452,450,0.14566801488399506
1452,1276,0.14396639168262482
1452,1541,0.14118370413780212
1452,1396,0.13133054971694946
1453,1453,0
1453,1774,1
1453,1139,0.40899989008903503
1453,455,0.37947705388069153
1453,1396,0.31189849972724915
1453,184,0.2837771475315094
1453,664,0.28333431482315063
1453,1541,0.26959985494613647
1453,622,0.23296342790126801
1453,479,0.1644628643989563
1453,1012,0.15066966414451599
1453,1526,0.1333417147397995
1453,835,0.12058360129594803
1453,1639,0.087049923837184906
1453,681,0.080730542540550232
1454,1454,0
1454,250,1
1454,1245,0.94451892375946045
1454,1524,0.84362512826919556
1454,1732,0.70315378904342651
1454,960,0.075575582683086395
1454,877,0.05898255854845047
1454,1924,0.047856416553258896
1454,152,0.043311551213264465
1454,203,0.041199471801519394
1454,210,0.038782518357038498
1454,1600,0.033625595271587372
1454,1463,0.026055106893181801
1454,1987,0.025742126628756523
1454,1456,0.024466967210173607
1455,1455,0
1455,852,1
1455,1258,0.46708047389984131
1455,1150,0.38597577810287476
1455,1844,0.33296453952789307
1455,706,0.31310635805130005
1455,390,0.28592696785926819
1455,1249,0.27358123660087585
1455,1934,0.14411431550979614
1455,1391,0.13729383051395416
1455,1115,0.13422822952270508
1455,1274,0.13279625773429871
1455,565,0.10769742727279663
1455,308,0.099794402718544006
1455,995,0.092330373823642731
1456,1456,0
1456,1948,1
1456,250,0.60273247957229614
1456,1279,0.42683392763137817
1456,1025,0.21825827658176422
1456,44,0.21795262396335602
1456,914,0.21616433560848236
1456,1710,0.21337002515792847
1456,1454,0.20601001381874084
1456,492,0.18523994088172913
1456,1535,0.13980786502361298
1456,960,0.13791626691818237
1456,1708,0.11583054065704346
1456,743,0.1147393211722374
1456,494,0.11203658580780029
1457,1457,0
1457,1568,1
1457,243,0.66185665130615234
1457,546,0.36224654316902161
1457,1069,0.30442246794700623
1457,861,0.2731156051158905
1457,585,0.26181554794311523
1457,1681,0.24409803748130798
1457,1967,0.18054069578647614
1457,92,0.14595705270767212
1457,1303,0.1395038515329361
1457,1268,0.11514391750097275
1457,1295,0.086716771125793457
1457,865,0.079475052654743195
1457,681,0.051989924162626266
1458,1458,0
1458,1689,1
1458,151,0.70847541093826294
1458,796,0.38838589191436768
1458,452,0.26679044961929321
1458,746,0.23433734476566315
1458,1347,0.22842772305011749
1458,1505,0.21760281920433044
1458,1682,0.15715092420578003
1458,248,0.13834434747695923
1458,418,0.12791039049625397
1458,676,0.11536779254674911
1458,1909,0.10968226194381714
1458,410,0.10916411876678467
1458,257,0.10525530576705933
1459,1459,0
1459,1998,1
1459,1799,0.34409204125404358
1459,1101,0.32843995094299316
1459,517,0.31116411089897156
1459,464,0.27998054027557373
1459,1243,0.25538063049316406
1459,808,0.24034498631954193
1459,1312,0.23745480179786682
1459,1564,0.20574532449245453
1459,165,0.16632907092571259
1459,95,0.1472785621881485
1459,302,0.13851715624332428
1459,955,0.13247771561145782
1459,101,0.11969097703695297
1460,1460,0
1460,829,1
1460,1673,0.4027860164642334
1460,1581,0.28881716728210449
1460,1462,0.27801120281219482
1460,273,0.2750186026096344
1460,62,0.23831813037395477
1460,1651,0.22457733750343323
1460,1999,0.20925943553447723
1460,954,0.19081482291221619
1460,1845,0.1713663786649704
1460,382,0.1633368581533432
1460,267,0.15707898139953613
1460,523,0.15460023283958435
1460,1767,0.15289981663227081
1461,1461,0
1461,510,1
1461,1850,0.52505475282669067
1461,781,0.43938523530960083
1461,1264,0.25416985154151917
1461,1896,0.23945264518260956
1461,231,0.22933584451675415
1461,631,0.21703068912029266
1461,1084,0.20619107782840729
1461,1088,0.20460659265518188
1461,687,0.16310136020183563
1461,571,0.14212347567081451
1461,413,0.1091456413269043
1461,1172,0.095913998782634735
1461,917,0.081382930278778076
1462,1462,0
1462,1581,1
1462,1191,0.92352712154388428
1462,1432,0.57161617279052734
1462,31,0.47335350513458252
1462,255,0.21667692065238953
1462,1556,0.11649775505065918
1462,1735,0.11568862199783325
1462,1460,0.094921469688415527
1462,206,0.093398399651050568
1462,269,0.073570221662521362
1462,1484,0.068512849509716034
1462,267,0.066035479307174683
1462,966,0.046567458659410477
1462,1067,0.046532332897186279
1463,1463,0
1463,1811,1
1463,635,0.54870909452438354
1463,20,0.40715041756629944
1463,1245,0.35741269588470459
1463,1454,0.29749372601509094
1463,1955,0.20477922260761261
1463,472,0.17486715316772461
1463,210,0.16974784433841705
1463,877,0.14897759258747101
1463,477,0.14433553814888
1463,338,0.14401648938655853
1463,1402,0.11480297148227692
1463,475,0.10553591698408127
1463,883,0.089060261845588684
1464,1464,0
1464,598,1
1464,899,0.77120083570480347
1464,460,0.55884534120559692
1464,1990,0.50367605686187744
1464,1355,0.3361542820930481
1464,1838,0.29855802655220032
1464,820,0.27073022723197937
1464,84,0.041070807725191116
1464,604,0.035712487995624542
1464,191,0.031829044222831726
1464,799,0.018781730905175209
1464,1810,0.014891225844621658
1464,1610,0.013352164998650551
1464,1872,0.012086679227650166
1465,1465,0
1465,1392,1
1465,20,0.52404975891113281
1465,235,0.35022518038749695
1465,389,0.32636046409606934
1465,1320,0.23525901138782501
1465,1245,0.20121346414089203
1465,1965,0.19909007847309113
1465,1224,0.19196009635925293
1465,1072,0.18528091907501221
1465,1343,0.17574569582939148
1465,1454,0.14698736369609833
1465,877,0.14380274713039398
1465,339,0.11346139013767242
1465,197,0.11344927549362183
1466,1466,0
1466,1692,1
1466,329,0.71765697002410889
1466,669,0.55168694257736206
1466,1339,0.34085527062416077
1466,1468,0.2732575535774231
1466,1512,0.20843084156513214
1466,1363,0.145273357629776
1466,346,0.1178719773888588
1466,157,0.11653250455856323
1466,784,0.10935057699680328
1466,1218,0.10147450864315033
1466,1360,0.094886675477027893
1466,1449,0.071919411420822144
1466,894,0.057696633040904999
1467,1467,0
1467,878,1
1467,1338,0.98432272672653198
1467,342,0.95968919992446899
1467,1136,0.53941196203231812
1467,1896,0.1028909832239151
1467,858,0.10125733911991119
1467,547,0.086500003933906555
1467,600,0.049568284302949905
1467,148,0.019120398908853531
1467,1859,0.017348242923617363
1467,1695,0.01694582961499691
1467,1746,0.013320565223693848
1467,1687,0.0091289523988962173
1467,1444,0.0073772580362856388
1468,1468,0
1468,1525,1
1468,1692,0.70215153694152832
1468,539,0.35557380318641663
1468,819,0.27508404850959778
1468,1328,0.26427122950553894
1468,1641,0.25104266405105591
1468,1360,0.21380795538425446
1468,157,0.13365918397903442
1468,329,0.13147233426570892
1468,1635,0.12699531018733978
1468,731,0.12638610601425171
1468,346,0.11904960125684738
1468,371,0.10831604152917862
1468,164,0.099083170294761658
1469,1469,0
1469,1678,1
1469,1419,0.91729509830474854
1469,1916,0.55673867464065552
1469,227,0.38783624768257141
1469,1005,0.19012336432933807
1469,306,0.13579484820365906
1469,490,0.11487213522195816
1469,1902,0.10494982451200485
1469,963,0.097932524979114532
1469,1617,0.095502942800521851
1469,1958,0.089207917451858521
1469,756,0.086677379906177521
1469,343,0.082293003797531128
1469,511,0.047668103128671646
1470,1470,0
1470,360,1
1470,58,0.48245483636856079
1470,967,0.41476824879646301
1470,218,0.38277986645698547
1470,1527,0.18275892734527588
1470,762,0.17878910899162292
1470,927,0.17599932849407196
1470,1285,0.17125020921230316
1470,531,0.17097538709640503
1470,1642,0.17028053104877472
1470,177,0.16422580182552338
1470,1408,0.16195623576641083
1470,1182,0.13464733958244324
1470,444,0.11599547415971756
1471,1471,0
1471,1728,1
1471,1273,0.41078713536262512
1471,655,0.38902890682220459
1471,487,0.29364860057830811
1471,1936,0.25934043526649475
1471,466,0.24726547300815582
1471,1604,0.23774902522563934
1471,1194,0.20076462626457214
1471,841,0.16657882928848267
1471,942,0.16410651803016663
1471,38,0.14504054188728333
1471,242,0.13368745148181915
1471,988,0.1306530237197876
1471,549,0.12824513018131256
1472,1472,0
1472,839,1
1472,345,0.56609523296356201
1472,1957,0.5190398097038269
1472,823,0.26580992341041565
1472,1926,0.24422828853130341
1472,1291,0.22858290374279022
1472,553,0.19008958339691162
1472,1817,0.18986165523529053
1472,506,0.18374490737915039
1472,136,0.1549859344959259
1472,224,0.10317128896713257
1472,254,0.094468601047992706
1472,448,0.085965335369110107
1472,1543,0.080854400992393494
1473,1473,0
1473,1791,1
1473,507,0.60295087099075317
1473,26,0.33320671319961548
1473,1875,0.31053701043128967
1473,981,0.24530439078807831
1473,613,0.19754266738891602
1473,1149,0.19311445951461792
1473,682,0.17524835467338562
1473,658,0.16947141289710999
1473,441,0.16429215669631958
1473,708,0.1475374847650528
1473,867,0.13402676582336426
1473,1778,0.11904381215572357
1473,1782,0.11461235582828522
1474,1474,0
1474,654,1
1474,1586,0.79786133766174316
1474,1318,0.6750333309173584
1474,294,0.28669852018356323
1474,255,0.24178431928157806
1474,1330,0.18012541532516479
1474,147,0.11179324239492416
1474,838,0.10942094027996063
1474,269,0.099512167274951935
1474,1845,0.095253415405750275
1474,1162,0.093559622764587402
1474,1077,0.092720985412597656
1474,1604,0.062719479203224182
1474,1006,0.060411471873521805
1475,1475,0
1475,306,1
1475,1005,0.78446519374847412
1475,713,0.49364554882049561
1475,981,0.4660336971282959
1475,613,0.39519011974334717
1475,532,0.23723910748958588
1475,1149,0.14591927826404572
1475,93,0.095563165843486786
1475,73,0.091333284974098206
1475,452,0.049606863409280777
1475,682,0.047532361000776291
1475,1505,0.045386742800474167
1475,1709,0.029902460053563118
1475,1791,0.02508174255490303
1476,1476,0
1476,1890,1
1476,1100,0.66312998533248901
1476,36,0.46793094277381897
1476,1292,0.44697371125221252
1476,146,0.2318553626537323
1476,726,0.19402635097503662
1476,601,0.17649051547050476
1476,769,0.15027691423892975
1476,329,0.13385342061519623
1476,1114,0.11150072515010834
1476,1024,0.10228225588798523
1476,712,0.086978726089000702
1476,416,0.073687732219696045
1476,721,0.06789543479681015
1477,1477,0
1477,1577,1
1477,1881,0.72273725271224976
1477,904,0.4439251720905304
1477,699,0.30246901512145996
1477,1061,0.21531853079795837
1477,1907,0.19228343665599823
1477,1657,0.18621863424777985
1477,1071,0.1475018709897995
1477,1354,0.13122759759426117
1477,1287,0.12356296926736832
1477,799,0.12002331763505936
1477,868,0.10913434624671936
1477,1223,0.10864676535129547
1477,1132,0.10383910685777664
1478,1478,0
1478,871,1
1478,1839,0.97274124622344971
1478,1642,0.66627418994903564
1478,58,0.3427424430847168
1478,137,0.13834188878536224
1478,1182,0.11622089147567749
1478,1496,0.10326514393091202
1478,1938,0.094569399952888489
1478,1248,0.094305992126464844
1478,360,0.087468899786472321
1478,1399,0.083430342376232147
1478,332,0.074815370142459869
1478,1676,0.072615616023540497
1478,1323,0.060101449489593506
1479,1479,0
1479,1841,1
1479,1249,0.95031988620758057
1479,220,0.43584102392196655
1479,1641,0.4358237087726593
1479,1635,0.27926889061927795
1479,1663,0.20267251133918762
1479,144,0.17690443992614746
1479,94,0.13270902633666992
1479,539,0.11532271653413773
1479,1511,0.047106564044952393
1479,1169,0.041418753564357758
1479,103,0.037822149693965912
1479,1496,0.026998924091458321
1479,836,0.024686617776751518
1480,1480,0
1480,1539,1
1480,973,0.68695193529129028
1480,574,0.32697311043739319
1480,453,0.2617916464805603
1480,790,0.24983495473861694
1480,619,0.22174859046936035
1480,1255,0.18047656118869781
1480,1036,0.17907845973968506
1480,1380,0.17587214708328247
1480,59,0.1512332558631897
1480,1390,0.13721896708011627
1480,582,0.1171591505408287
1480,1688,0.11303570121526718
1480,1376,0.1055082380771637
1481,1481,0
1481,792,1
1481,949,0.74647170305252075
1481,870,0.53938096761703491
1481,1645,0.33350801467895508
1481,1597,0.21322007477283478
1481,428,0.19881191849708557
1481,468,0.16695527732372284
1481,1001,0.14344258606433868
1481,1742,0.11644096672534943
1481,1447,0.1155613511800766
1481,1861,0.10415837168693542
1481,1539,0.089143306016921997
1481,1235,0.072200119495391846
1481,387,0.06759769469499588
1482,1482,0
1482,1188,1
1482,1313,0.46195578575134277
1482,451,0.42998620867729187
1482,289,0.4210682213306427
1482,264,0.39694485068321228
1482,1254,0.24553410708904266
1482,411,0.14864808320999146
1482,1581,0.13774357736110687
1482,718,0.1249924898147583
1482,843,0.11721483618021011
1482,559,0.11147292703390121
1482,1336,0.10888437181711197
1482,47,0.10256291180849075
1482,356,0.099882952868938446
1483,1483,0
1483,1176,1
1483,412,0.95584571361541748
1483,1048,0.26516187191009521
1483,1891,0.23616886138916016
1483,589,0.21766403317451477
1483,304,0.20367167890071869
1483,983,0.17300662398338318
1483,244,0.15683442354202271
1483,1368,0.15111258625984192
1483,1395,0.13951079547405243
1483,1832,0.1126960813999176
1483,1329,0.10288146138191223
1483,1799,0.096358217298984528
1483,1520,0.095975346863269806
1484,1484,0
1484,269,1
1484,966,0.55635625123977661
1484,1602,0.37138769030570984
1484,1581,0.24731612205505371
1484,971,0.22952349483966827
1484,880,0.21831168234348297
1484,1191,0.18220826983451843
1484,255,0.17481587827205658
1484,47,0.17201097309589386
1484,1906,0.16041277348995209
1484,636,0.15675248205661774
1484,1462,0.15305404365062714
1484,123,0.14414876699447632
1484,1432,0.14059576392173767
1485,1485,0
1485,1793,1
1485,1829,0.76937872171401978
1485,479,0.57902193069458008
1485,997,0.39412650465965271
1485,976,0.19347764551639557
1485,1777,0.16698943078517914
1485,953,0.15698868036270142
1485,1570,0.12169694155454636
1485,1541,0.11543195694684982
1485,160,0.11427393555641174
1485,1122,0.095176979899406433
1485,340,0.093421183526515961
1485,501,0.063052386045455933
1485,1181,0.043863102793693542
1486,1486,0
1486,1797,1
1486,164,0.52177494764328003
1486,1853,0.50494289398193359
1486,1869,0.47624540328979492
1486,731,0.33036762475967407
1486,429,0.32578638195991516
1486,1399,0.25902566313743591
1486,1627,0.24061179161071777
1486,764,0.063122518360614777
1486,1525,0.044517286121845245
1486,329,0.039457764476537704
1486,819,0.039425991475582123
1486,214,0.034057777374982834
1486,1468,0.027558960020542145
1487,1487,0
1487,129,1
1487,1248,0.34320226311683655
1487,1399,0.30380383133888245
1487,1893,0.2898903489112854
1487,1175,0.28000381588935852
1487,329,0.24872764945030212
1487,1756,0.23709571361541748
1487,1478,0.19597619771957397
1487,769,0.19219166040420532
1487,1627,0.17366689443588257
1487,1381,0.16450795531272888
1487,871,0.16279789805412292
1487,1938,0.15986824035644531
1487,1676,0.15516449511051178
1488,1488,0
1488,1004,1
1488,364,0.92025625705718994
1488,1630,0.58107489347457886
1488,241,0.37383711338043213
1488,1716,0.21251936256885529
1488,1425,0.14721263945102692
1488,1842,0.13407556712627411
1488,569,0.12928077578544617
1488,1051,0.098662599921226501
1488,417,0.085962235927581787
1488,711,0.085762195289134979
1488,1237,0.059286400675773621
1488,702,0.042611408978700638
1488,746,0.036342624574899673
1489,1489,0
1489,1763,1
1489,1164,0.41697067022323608
1489,1203,0.40362146496772766
1489,696,0.38872191309928894
1489,1791,0.36407738924026489
1489,1542,0.30774259567260742
1489,1576,0.19949273765087128
1489,417,0.16889524459838867
1489,454,0.12648823857307434
1489,793,0.11525922268629074
1489,1503,0.11329512298107147
1489,335,0.10898163914680481
1489,749,0.10690692067146301
1489,1902,0.086441799998283386
1490,1490,0
1490,1119,1
1490,996,0.61395680904388428
1490,1738,0.50269126892089844
1490,262,0.37566742300987244
1490,1798,0.37235480546951294
1490,1814,0.22751142084598541
1490,777,0.13146068155765533
1490,906,0.12602430582046509
1490,1929,0.11497600376605988
1490,1192,0.10446760803461075
1490,1242,0.092238821089267731
1490,205,0.084748037159442902
1490,560,0.080558940768241882
1490,1062,0.080229967832565308
1491,1491,0
1491,288,1
1491,117,0.60202926397323608
1491,619,0.47653988003730774
1491,936,0.23370455205440521
1491,646,0.19723905622959137
1491,916,0.17896123230457306
1491,1683,0.17783355712890625
1491,1951,0.17302574217319489
1491,959,0.17301839590072632
1491,1617,0.1591162234544754
1491,662,0.15197326242923737
1491,1010,0.15128993988037109
1491,193,0.12497204542160034
1491,227,0.10719326138496399
1492,1492,0
1492,254,1
1492,130,0.41286447644233704
1492,1472,0.38216468691825867
1492,823,0.37997028231620789
1492,282,0.32153570652008057
1492,1817,0.20694953203201294
1492,589,0.18981635570526123
1492,1543,0.18583548069000244
1492,430,0.14730626344680786
1492,1193,0.14371342957019806
1492,1887,0.14051774144172668
1492,1329,0.13458767533302307
1492,449,0.13388119637966156
1492,944,0.12774553894996643
1493,1493,0
1493,1743,1
1493,919,0.58518844842910767
1493,1930,0.32826748490333557
1493,316,0.23358531296253204
1493,945,0.21482747793197632
1493,1853,0.20482300221920013
1493,740,0.19760893285274506
1493,1772,0.18627232313156128
1493,765,0.1796097606420517
1493,381,0.16246750950813293
1493,1797,0.15732650458812714
1493,922,0.1552325040102005
1493,25,0.15195347368717194
1493,164,0.1497202068567276
1494,1494,0
1494,258,1
1494,1355,0.3947594165802002
1494,1215,0.33745819330215454
1494,1601,0.30951833724975586
1494,311,0.23330126702785492
1494,864,0.22620411217212677
1494,537,0.21457736194133759
1494,41,0.17971102893352509
1494,1410,0.17843016982078552
1494,728,0.17262656986713409
1494,1712,0.1724102795124054
1494,1580,0.17043109238147736
1494,1048,0.16221874952316284
1494,1231,0.15523825585842133
1495,1495,0
1495,1668,1
1495,1148,0.61568433046340942
1495,1884,0.36948040127754211
1495,1862,0.33762890100479126
1495,409,0.31386467814445496
1495,1041,0.26504319906234741
1495,345,0.23379842936992645
1495,408,0.13505318760871887
1495,1305,0.13004520535469055
1495,1600,0.11802656203508377
1495,1543,0.10601522028446198
1495,224,0.10425131767988205
1495,475,0.090280845761299133
1495,1780,0.087708532810211182
1496,1496,0
1496,144,1
1496,1930,0.59405690431594849
1496,406,0.56674611568450928
1496,1381,0.35770693421363831
1496,1341,0.24185897409915924
1496,918,0.20960193872451782
1496,1399,0.19789163768291473
1496,103,0.16493722796440125
1496,1938,0.10958494246006012
1496,1093,0.10824680328369141
1496,1248,0.10787870734930038
1496,769,0.096595369279384613
1496,58,0.076765097677707672
1496,740,0.075019024312496185
1497,1497,0
1497,1063,1
1497,652,0.3784816563129425
1497,1749,0.32920494675636292
1497,1626,0.26329341530799866
1497,1124,0.26239669322967529
1497,1135,0.2329251617193222
1497,788,0.2219865620136261
1497,47,0.20678117871284485
1497,681,0.19095718860626221
1497,1191,0.18267084658145905
1497,4,0.16236358880996704
1497,1980,0.16020175814628601
1497,1867,0.15876494348049164
1497,585,0.15685424208641052
1498,1498,0
1498,1291,1
1498,584,0.75837963819503784
1498,1261,0.53884661197662354
1498,1382,0.21450862288475037
1498,864,0.20675426721572876
1498,567,0.2039763480424881
1498,616,0.20223413407802582
1498,1601,0.1539095938205719
1498,85,0.1243508979678154
1498,1926,0.12300579249858856
1498,1953,0.10471382737159729
1498,1537,0.093386195600032806
1498,41,0.092637903988361359
1498,1888,0.090180225670337677
1499,1499,0
1499,1960,1
1499,320,0.96938729286193848
1499,1211,0.68624532222747803
1499,1326,0.44805890321731567
1499,811,0.17817260324954987
1499,15,0.13803809881210327
1499,949,0.12762647867202759
1499,425,0.076598532497882843
1499,1909,0.076269291341304779
1499,1503,0.060088567435741425
1499,889,0.041473262012004852
1499,1458,0.040479369461536407
1499,454,0.03630581870675087
1499,792,0.028140917420387268
1500,1500,0
1500,810,1
1500,1620,0.4205208420753479
1500,409,0.32935944199562073
1500,562,0.30219477415084839
1500,1239,0.24975216388702393
1500,1764,0.21203848719596863
1500,1587,0.19282570481300354
1500,1954,0.19247929751873016
1500,1477,0.18709595501422882
1500,629,0.17518976330757141
1500,1402,0.16963699460029602
1500,1518,0.16159094870090485
1500,1668,0.15895774960517883
1500,1884,0.15525583922863007
1501,1501,0
1501,1832,1
1501,763,0.57149291038513184
1501,464,0.36777469515800476
1501,656,0.25147038698196411
1501,111,0.22023141384124756
1501,268,0.19367575645446777
1501,630,0.18513683974742889
1501,221,0.17357093095779419
1501,37,0.17297327518463135
1501,1459,0.16767314076423645
1501,1170,0.16662228107452393
1501,1933,0.16480845212936401
1501,1971,0.13706120848655701
1501,526,0.13440646231174469
1502,1502,0
1502,1067,1
1502,465,0.60977929830551147
1502,1545,0.49992901086807251
1502,1918,0.42431539297103882
1502,626,0.36672800779342651
1502,1418,0.23438061773777008
1502,1807,0.17495536804199219
1502,1556,0.13139030337333679
1502,1095,0.12185334414243698
1502,1068,0.1128067821264267
1502,848,0.064176872372627258
1502,1260,0.059887822717428207
1502,683,0.055875290185213089
1502,590,0.050806313753128052
1503,1503,0
1503,1203,1
1503,1542,0.87276613712310791
1503,1027,0.29613187909126282
1503,1789,0.28347629308700562
1503,387,0.24646051228046417
1503,1758,0.23268647491931915
1503,1909,0.2197747528553009
1503,1272,0.14183060824871063
1503,1622,0.13854660093784332
1503,1522,0.11573080718517303
1503,454,0.10197056829929352
1503,151,0.097815148532390594
1503,1763,0.080360762774944305
1503,73,0.07934299111366272
1504,1504,0
1504,1086,1
1504,756,0.4015880823135376
1504,963,0.33677196502685547
1504,1177,0.29653650522232056
1504,1199,0.25271573662757874
1504,662,0.25028872489929199
1504,196,0.23405107855796814
1504,27,0.19042250514030457
1504,1973,0.18950437009334564
1504,916,0.18744377791881561
1504,1412,0.17671233415603638
1504,1227,0.15313762426376343
1504,847,0.120381198823452
1504,1174,0.11733360588550568
1505,1505,0
1505,93,1
1505,1682,0.4553057849407196
1505,151,0.36780223250389099
1505,452,0.30460140109062195
1505,1448,0.23533041775226593
1505,1475,0.21149776875972748
1505,1921,0.20980627834796906
1505,676,0.18356284499168396
1505,588,0.18128079175949097
1505,1902,0.16178226470947266
1505,708,0.15800561010837555
1505,1010,0.14928144216537476
1505,729,0.14678093791007996
1505,1458,0.14186249673366547
1506,1506,0
1506,480,1
1506,1307,0.87786555290222168
1506,1141,0.71116989850997925
1506,1249,0.53139877319335938
1506,1841,0.50343888998031616
1506,849,0.074246548116207123
1506,1393,0.06981697678565979
1506,297,0.062100544571876526
1506,1886,0.039894822984933853
1506,1934,0.011881183832883835
1506,33,0.0095964744687080383
1506,1747,0.0081299301236867905
1506,445,0.0051635452546179295
1506,1674,0.0021803015843033791
1507,1507,0
1507,1724,1
1507,1642,0.82765734195709229
1507,871,0.30387693643569946
1507,834,0.24577245116233826
1507,1813,0.2352571040391922
1507,291,0.19720588624477386
1507,177,0.18062444031238556
1507,1510,0.17647476494312286
1507,58,0.13692227005958557
1507,1747,0.12928937375545502
1507,1323,0.12603157758712769
1507,901,0.11964734643697739
1507,87,0.11924708634614944
1507,1349,0.10888543725013733
1508,1508,0
1508,320,1
1508,1137,0.55864906311035156
1508,1789,0.28440317511558533
1508,135,0.23284485936164856
1508,727,0.23025774955749512
1508,1029,0.2301371693611145
1508,1499,0.2205040454864502
1508,201,0.20469126105308533
1508,1052,0.1971515417098999
1508,1458,0.1775074303150177
1508,247,0.17265281081199646
1508,15,0.14346061646938324
1508,1173,0.13088841736316681
1508,511,0.12375195324420929
1509,1509,0
1509,782,1
1509,925,0.64963662624359131
1509,1511,0.42457079887390137
1509,1327,0.28917884826660156
1509,751,0.24306584894657135
1509,836,0.20143057405948639
1509,678,0.19878798723220825
1509,1007,0.18138031661510468
1509,281,0.15282629430294037
1509,1635,0.128050297498703
1509,1841,0.12398578971624374
1509,1704,0.11668402701616287
1509,29,0.10274448990821838
1509,1828,0.094546519219875336
1510,1510,0
1510,834,1
1510,1157,0.86882156133651733
1510,901,0.51844608783721924
1510,1323,0.29208475351333618
1510,148,0.27714461088180542
1510,8,0.18416489660739899
1510,1507,0.16391970217227936
1510,1113,0.15789215266704559
1510,884,0.11661416292190552
1510,42,0.087277382612228394
1510,871,0.078656949102878571
1510,600,0.054577387869358063
1510,892,0.054053623229265213
1510,161,0.053242210298776627
1511,1511,0
1511,1635,1
1511,1841,0.32876566052436829
1511,922,0.31649032235145569
1511,1663,0.30102905631065369
1511,776,0.25603923201560974
1511,1935,0.23134388029575348
1511,925,0.22489005327224731
1511,1270,0.20812888443470001
1511,333,0.19217965006828308
1511,678,0.17723606526851654
1511,731,0.17300255596637726
1511,444,0.17248779535293579
1511,1530,0.16275319457054138
1511,531,0.16254650056362152
1512,1512,0
1512,1212,1
1512,346,0.57593095302581787
1512,157,0.32566449046134949
1512,107,0.30963051319122314
1512,1674,0.27625536918640137
1512,1339,0.25206992030143738
1512,1172,0.19796159863471985
1512,894,0.17034019529819489
1512,1449,0.16670702397823334
1512,1619,0.14072591066360474
1512,1435,0.13768769800662994
1512,1349,0.12387986481189728
1512,1692,0.11520661413669586
1512,1314,0.11482588201761246
1513,1513,0
1513,1303,1
1513,1297,0.4831211268901825
1513,618,0.47286522388458252
1513,717,0.33156797289848328
1513,98,0.25721931457519531
1513,1457,0.2275867760181427
1513,683,0.20685975253582001
1513,1906,0.15746928751468658
1513,145,0.15533256530761719
1513,1378,0.15335477888584137
1513,503,0.15112332999706268
1513,415,0.13608711957931519
1513,278,0.10151075571775436
1513,1184,0.072795890271663666
1514,1514,0
1514,261,1
1514,1440,0.75189322233200073
1514,798,0.58996498584747314
1514,1641,0.54616916179656982
1514,776,0.26635825634002686
1514,1729,0.16387404501438141
1514,704,0.14975243806838989
1514,539,0.13127714395523071
1514,25,0.07213301956653595
1514,346,0.066538281738758087
1514,1567,0.050063613802194595
1514,1663,0.04494582861661911
1514,731,0.037239819765090942
1514,1479,0.036676675081253052
1515,1515,0
1515,1859,1
1515,539,0.76944243907928467
1515,1663,0.60179561376571655
1515,424,0.54729980230331421
1515,285,0.31459510326385498
1515,514,0.25626173615455627
1515,1016,0.10323457419872284
1515,1411,0.07330206036567688
1515,1641,0.058345712721347809
1515,220,0.055655714124441147
1515,945,0.041879259049892426
1515,1516,0.034689545631408691
1515,1853,0.02732381597161293
1515,1479,0.023061309009790421
1516,1516,0
1516,958,1
1516,776,0.50221925973892212
1516,1439,0.46113243699073792
1516,731,0.3594643771648407
1516,767,0.33859044313430786
1516,1515,0.29265487194061279
1516,945,0.23725545406341553
1516,1695,0.23351679742336273
1516,285,0.17730855941772461
1516,1091,0.094179600477218628
1516,922,0.088933974504470825
1516,631,0.049483682960271835
1516,1797,0.038267876952886581
1516,437,0.033888168632984161
1517,1517,0
1517,678,1
1517,925,0.45783275365829468
1517,775,0.39868262410163879
1517,1687,0.3387201726436615
1517,1797,0.25597718358039856
1517,687,0.20510677993297577
1517,765,0.17835702002048492
1517,722,0.177712082862854
1517,922,0.17052716016769409
1517,1666,0.15044710040092468
1517,1270,0.1490616649389267
1517,12,0.14419689774513245
1517,1704,0.14014351367950439
1517,478,0.14012651145458221
1518,1518,0
1518,1002,1
1518,219,0.62387734651565552
1518,699,0.38555407524108887
1518,883,0.34605565667152405
1518,1862,0.20268543064594269
1518,481,0.19826364517211914
1518,190,0.19702607393264771
1518,1878,0.16199982166290283
1518,477,0.1540009081363678
1518,409,0.15128827095031738
1518,1305,0.12916363775730133
1518,1976,0.12799181044101715
1518,518,0.12249553948640823
1518,345,0.10649635642766953
1519,1519,0
1519,886,1
1519,11,0.82007890939712524
1519,1979,0.45954915881156921
1519,464,0.21350064873695374
1519,1575,0.19271469116210938
1519,1459,0.16655559837818146
1519,1015,0.15901558101177216
1519,1646,0.15493789315223694
1519,1745,0.15157264471054077
1519,1760,0.1375809907913208
1519,1216,0.13456380367279053
1519,460,0.11569075286388397
1519,349,0.10373221337795258
1519,1872,0.097395487129688263
1520,1520,0
1520,594,1
1520,37,0.66113334894180298
1520,1979,0.35982665419578552
1520,1170,0.24180924892425537
1520,464,0.23090381920337677
1520,398,0.21415559947490692
1520,705,0.19064536690711975
1520,88,0.18785250186920166
1520,1803,0.15136168897151947
1520,895,0.14690729975700378
1520,536,0.14408273994922638
1520,304,0.13002686202526093
1520,1370,0.12863551080226898
1520,983,0.11955718696117401
1521,1521,0
1521,475,1
1521,1755,0.41301301121711731
1521,152,0.38011413812637329
1521,688,0.33086714148521423
1521,1694,0.26338323950767517
1521,472,0.25803425908088684
1521,1862,0.21295422315597534
1521,1495,0.19426989555358887
1521,192,0.19102421402931213
1521,1583,0.16225403547286987
1521,1865,0.14907346665859222
1521,960,0.12413977831602097
1521,1571,0.11670364439487457
1521,810,0.11106931418180466
1522,1522,0
1522,1203,1
1522,362,0.73954534530639648
1522,1640,0.39262545108795166
1522,1503,0.2896791398525238
1522,454,0.25916168093681335
1522,452,0.18169297277927399
1522,1437,0.17914651334285736
1522,248,0.17718774080276489
1522,1211,0.17393921315670013
1522,889,0.11309905350208282
1522,1689,0.10728330910205841
1522,1837,0.10528567433357239
1522,814,0.10502476245164871
1522,201,0.083212003111839294
1523,1523,0
1523,1860,1
1523,1473,0.83639794588088989
1523,1576,0.57635784149169922
1523,867,0.41653087735176086
1523,50,0.36396819353103638
1523,454,0.11518194526433945
1523,1103,0.10432817041873932
1523,391,0.096516981720924377
1523,889,0.095670402050018311
1523,1932,0.094164490699768066
1523,26,0.075526587665081024
1523,1958,0.045206334441900253
1523,1763,0.044394358992576599
1523,366,0.042643934488296509
1524,1524,0
1524,1454,1
1524,1144,0.5766414999961853
1524,1732,0.53952687978744507
1524,152,0.3630945086479187
1524,1647,0.24119238555431366
1524,960,0.23835375905036926
1524,1924,0.17190279066562653
1524,1600,0.14814591407775879
1524,1987,0.14017297327518463
1524,192,0.12550437450408936
1524,475,0.10715899616479874
1524,250,0.10021086037158966
1524,1402,0.078554697334766388
1524,1267,0.076430298388004303
1525,1525,0
1525,1468,1
1525,1360,0.43524119257926941
1525,819,0.40127062797546387
1525,1692,0.38399797677993774
1525,539,0.28078201413154602
1525,346,0.21145005524158478
1525,731,0.18967543542385101
1525,329,0.18400108814239502
1525,1486,0.15199768543243408
1525,1641,0.15138822793960571
1525,1335,0.14367444813251495
1525,1635,0.13145102560520172
1525,1328,0.12198734283447266
1525,107,0.11997776478528976
1526,1526,0
1526,399,1
1526,491,0.31581547856330872
1526,1012,0.29730108380317688
1526,1280,0.27653121948242188
1526,664,0.25380107760429382
1526,752,0.22844882309436798
1526,1135,0.22534911334514618
1526,935,0.22343894839286804
1526,1,0.21764510869979858
1526,49,0.20600202679634094
1526,953,0.18195481598377228
1526,359,0.1780267059803009
1526,184,0.15462586283683777
1526,1556,0.14795613288879395
1527,1527,0
1527,927,1
1527,1408,0.78169858455657959
1527,1536,0.6126435399055481
1527,462,0.29611542820930481
1527,218,0.20643730461597443
1527,924,0.18343643844127655
1527,360,0.15221105515956879
1527,1470,0.12610651552677155
1527,1078,0.099473506212234497
1527,917,0.099455907940864563
1527,697,0.099106080830097198
1527,1024,0.098910845816135406
1527,444,0.076486863195896149
1527,1444,0.074810303747653961
1528,1528,0
1528,1418,1
1528,298,0.68801313638687134
1528,880,0.48448905348777771
1528,118,0.36107882857322693
1528,1374,0.30106714367866516
1528,752,0.26506480574607849
1528,935,0.21708577871322632
1528,56,0.13236390054225922
1528,465,0.11861880868673325
1528,636,0.096510425209999084
1528,1556,0.084729492664337158
1528,590,0.062462981790304184
1528,491,0.050771147012710571
1528,1022,0.044643066823482513
1529,1529,0
1529,1444,1
1529,645,0.61190831661224365
1529,177,0.40871039032936096
1529,1023,0.36539265513420105
1529,436,0.32761019468307495
1529,600,0.28524556756019592
1529,1088,0.28151676058769226
1529,709,0.11488522589206696
1529,878,0.10092906653881073
1529,721,0.10086168348789215
1529,1372,0.088648691773414612
1529,1238,0.078206755220890045
1529,697,0.071651853621006012
1529,463,0.071320831775665283
1530,1530,0
1530,281,1
1530,917,0.61744564771652222
1530,1408,0.48717841506004333
1530,531,0.24843336641788483
1530,1663,0.21785703301429749
1530,767,0.21663184463977814
1530,1091,0.20500339567661285
1530,1704,0.2002471536397934
1530,1511,0.17744705080986023
1530,1285,0.12344857305288315
1530,1527,0.12325041741132736
1530,927,0.11531249433755875
1530,444,0.096274130046367645
1530,1470,0.0783587247133255
1531,1531,0
1531,977,1
1531,1773,0.56941819190979004
1531,19,0.44804945588111877
1531,1680,0.24773949384689331
1531,1854,0.23006509244441986
1531,560,0.22826997935771942
1531,1062,0.18721391260623932
1531,588,0.18283899128437042
1531,1119,0.15409030020236969
1531,151,0.14987532794475555
1531,1798,0.13293908536434174
1531,1921,0.12906180322170258
1531,1738,0.12773981690406799
1531,1180,0.11959359049797058
1532,1532,0
1532,1317,1
1532,232,0.42692825198173523
1532,615,0.34075188636779785
1532,1092,0.3124973475933075
1532,1851,0.26777312159538269
1532,838,0.26495051383972168
1532,829,0.20880897343158722
1532,572,0.19488123059272766
1532,1117,0.17649219930171967
1532,499,0.16760101914405823
1532,1330,0.15079855918884277
1532,1162,0.13299371302127838
1532,2,0.13232041895389557
1532,1781,0.13009467720985413
1533,1533,0
1533,1994,1
1533,1882,0.7748761773109436
1533,171,0.42747080326080322
1533,513,0.4042527973651886
1533,1884,0.32457587122917175
1533,1060,0.20396745204925537
1533,1908,0.18385213613510132
1533,1806,0.16445417702198029
1533,409,0.10969682782888412
1533,725,0.095331095159053802
1533,1354,0.079514771699905396
1533,219,0.053524799644947052
1533,1041,0.043722014874219894
1533,846,0.041654407978057861
1534,1534,0
1534,722,1
1534,771,0.34009620547294617
1534,1666,0.30492857098579407
1534,444,0.24928975105285645
1534,905,0.24905437231063843
1534,238,0.2303796261548996
1534,1136,0.227619469165802
1534,148,0.22604420781135559
1534,1559,0.19832436740398407
1534,188,0.18441283702850342
1534,1431,0.17965680360794067
1534,1947,0.1779620498418808
1534,687,0.17020264267921448
1534,608,0.16892039775848389
1535,1535,0
1535,44,1
1535,517,0.35214725136756897
1535,1760,0.30201086401939392
1535,536,0.27199816703796387
1535,1204,0.25361636281013489
1535,955,0.24703522026538849
1535,101,0.23189297318458557
1535,1803,0.2248355895280838
1535,1267,0.20014679431915283
1535,743,0.18953259289264679
1535,1013,0.17720271646976471
1535,580,0.1636628657579422
1535,1961,0.14873082935810089
1535,203,0.14408271014690399
1536,1536,0
1536,1078,1
1536,1527,0.60194766521453857
1536,1663,0.3949773907661438
1536,1776,0.36091956496238708
1536,218,0.22307665646076202
1536,1444,0.19201727211475372
1536,704,0.18180640041828156
1536,1391,0.16289064288139343
1536,601,0.15316127240657806
1536,1416,0.14813211560249329
1536,1859,0.13990293443202972
1536,1024,0.12023866921663284
1536,1141,0.11437317728996277
1536,444,0.11345221847295761
1537,1537,0
1537,1994,1
1537,567,0.73585563898086548
1537,408,0.3679802417755127
1537,352,0.30092287063598633
1537,584,0.2816292941570282
1537,1594,0.27870398759841919
1537,882,0.18232905864715576
1537,1771,0.13091202080249786
1537,331,0.11579820513725281
1537,1291,0.1130443811416626
1537,1540,0.1074880063533783
1537,1806,0.10212404280900955
1537,1308,0.098985105752944946
1537,1780,0.0911102294921875
1538,1538,0
1538,521,1
1538,460,0.60257220268249512
1538,1646,0.49201700091362
1538,446,0.33798778057098389
1538,886,0.33354219794273376
1538,1810,0.31821486353874207
1538,604,0.30420231819152832
1538,1610,0.21348893642425537
1538,1745,0.11412878334522247
1538,1752,0.081766851246356964
1538,799,0.050087384879589081
1538,1519,0.024472223594784737
1538,280,0.020679384469985962
1538,1015,0.013739638030529022
1539,1539,0
1539,973,1
1539,1036,0.75732880830764771
1539,1001,0.37849637866020203
1539,1480,0.36951237916946411
1539,1380,0.25895798206329346
1539,387,0.16894923150539398
1539,468,0.15088686347007751
1539,708,0.14873148500919342
1539,1633,0.12468627840280533
1539,1272,0.12214545905590057
1539,1648,0.12164480984210968
1539,1688,0.11958583444356918
1539,1255,0.094021722674369812
1539,613,0.091950781643390656
1540,1540,0
1540,1994,1
1540,567,0.93492430448532104
1540,747,0.57929188013076782
1540,946,0.50609892606735229
1540,1537,0.28916844725608826
1540,907,0.27160736918449402
1540,882,0.16675424575805664
1540,1953,0.036296263337135315
1540,1498,0.03073401004076004
1540,864,0.025320690125226974
1540,1594,0.023687401786446571
1540,331,0.018907900899648666
1540,172,0.014594933949410915
1540,1926,0.009499930776655674
1541,1541,0
1541,1396,1
1541,479,0.82032161951065063
1541,1867,0.42571809887886047
1541,1208,0.36752307415008545
1541,1873,0.35952350497245789
1541,1094,0.13613669574260712
1541,1777,0.13245455920696259
1541,184,0.11097981780767441
1541,450,0.099102161824703217
1541,681,0.093998521566390991
1541,1967,0.093363776803016663
1541,9,0.090741202235221863
1541,1012,0.089060239493846893
1541,1453,0.087961152195930481
1542,1542,0
1542,613,1
1542,1503,0.8506544828414917
1542,1791,0.60574281215667725
1542,1622,0.45622071623802185
1542,1763,0.22315511107444763
1542,1005,0.16758346557617188
1542,1203,0.15619274973869324
1542,1027,0.11379753798246384
1542,1049,0.075404055416584015
1542,1475,0.067432895302772522
1542,1758,0.059466656297445297
1542,387,0.049443256109952927
1542,1633,0.0491529181599617
1542,1192,0.03263869509100914
1543,1543,0
1543,1305,1
1543,102,0.73266404867172241
1543,345,0.63955867290496826
1543,944,0.50960594415664673
1543,224,0.15631860494613647
1543,1865,0.14778731763362885
1543,1884,0.13337258994579315
1543,354,0.11265715211629868
1543,1685,0.10710398107767105
1543,755,0.097480811178684235
1543,1564,0.091326124966144562
1543,408,0.075773343443870544
1543,1780,0.066753245890140533
1543,820,0.036483194679021835
1544,1544,0
1544,815,1
1544,271,0.60375320911407471
1544,1657,0.45660173892974854
1544,1961,0.45251530408859253
1544,1727,0.27786114811897278
1544,171,0.264667809009552
1544,1046,0.21298059821128845
1544,104,0.13691410422325134
1544,74,0.099697805941104889
1544,998,0.097345642745494843
1544,1908,0.090230874717235565
1544,809,0.079519137740135193
1544,45,0.077418789267539978
1544,265,0.057387102395296097
1545,1545,0
1545,1999,1
1545,267,0.64503598213195801
1545,1502,0.53418982028961182
1545,1673,0.48357638716697693
1545,736,0.40125057101249695
1545,626,0.16798786818981171
1545,469,0.11387698352336884
1545,40,0.10825271159410477
1545,1124,0.091208644211292267
1545,848,0.086691759526729584
1545,1067,0.085643991827964783
1545,683,0.069722853600978851
1545,1556,0.0684647336602211
1545,1611,0.050978999584913254
1546,1546,0
1546,1413,1
1546,1855,0.98014020919799805
1546,976,0.54236698150634766
1546,1725,0.25058621168136597
1546,1371,0.2452998012304306
1546,340,0.13607116043567657
1546,348,0.11548846960067749
1546,1548,0.11217987537384033
1546,1130,0.11057385057210922
1546,62,0.10729372501373291
1546,1022,0.096961155533790588
1546,124,0.073497340083122253
1546,183,0.072796590626239777
1546,1219,0.063633434474468231
1547,1547,0
1547,172,1
1547,755,0.86014443635940552
1547,1158,0.75180178880691528
1547,470,0.38956916332244873
1547,1209,0.32793694734573364
1547,1101,0.22007769346237183
1547,165,0.18233764171600342
1547,1243,0.076559312641620636
1547,517,0.035894136875867844
1547,1564,0.028121331706643105
1547,944,0.012521475553512573
1547,882,0.0087014706805348396
1547,1459,0.007434384897351265
1547,1948,0.0057874009944498539
1548,1548,0
1548,856,1
1548,921,0.49246814846992493
1548,340,0.40911561250686646
1548,1786,0.27657103538513184
1548,935,0.23199030756950378
1548,1022,0.21901138126850128
1548,1276,0.20945894718170166
1548,1094,0.19816981256008148
1548,1012,0.19380657374858856
1548,1777,0.17228905856609344
1548,766,0.13192307949066162
1548,1669,0.12748147547245026
1548,1546,0.12346599996089935
1548,651,0.12114378064870834
1549,1549,0
1549,91,1
1549,1619,0.43744537234306335
1549,1342,0.38086602091789246
1549,1282,0.26917093992233276
1549,1435,0.25316810607910156
1549,1150,0.24392706155776978
1549,674,0.19883495569229126
1549,1277,0.18178045749664307
1549,1207,0.18022632598876953
1549,1783,0.17410384118556976
1549,1352,0.17005950212478638
1549,237,0.16224195063114166
1549,463,0.13317844271659851
1549,1319,0.12189166992902756
1550,1550,0
1550,1798,1
1550,715,0.70644599199295044
1550,168,0.43415069580078125
1550,676,0.35947820544242859
1550,1011,0.31320902705192566
1550,181,0.31184014678001404
1550,1421,0.23581650853157043
1550,818,0.20948563516139984
1550,1236,0.12337522208690643
1550,1682,0.08887818455696106
1550,1247,0.042826853692531586
1550,1087,0.030598435550928116
1550,796,0.028697000816464424
1550,1898,0.022088484838604927
1551,1551,0
1551,1281,1
1551,443,0.44801568984985352
1551,1595,0.3448958694934845
1551,1156,0.32479763031005859
1551,1925,0.24904140830039978
1551,1909,0.20648443698883057
1551,949,0.19430696964263916
1551,187,0.1894606351852417
1551,872,0.16781434416770935
1551,1447,0.16239525377750397
1551,1623,0.15918272733688354
1551,1499,0.15604820847511292
1551,1758,0.153459832072258
1551,387,0.15098249912261963
1552,1552,0
1552,672,1
1552,649,0.53542530536651611
1552,469,0.46772864460945129
1552,465,0.38209658861160278
1552,1879,0.33021131157875061
1552,1807,0.31713318824768066
1552,1999,0.21557526290416718
1552,1056,0.19331938028335571
1552,1502,0.15621562302112579
1552,1918,0.073271915316581726
1552,1545,0.071455717086791992
1552,779,0.058937985450029373
1552,466,0.058641452342271805
1552,1651,0.046884242445230484
1553,1553,0
1553,38,1
1553,1147,0.68362104892730713
1553,954,0.56306976079940796
1553,844,0.34653803706169128
1553,942,0.24156726896762848
1553,1684,0.16817303001880646
1553,1283,0.16322809457778931
1553,1068,0.14892309904098511
1553,1936,0.13731488585472107
1553,1918,0.11706513911485672
1553,1807,0.086774975061416626
1553,1273,0.086065761744976044
1553,525,0.083803460001945496
1553,649,0.080738358199596405
1554,1554,0
1554,379,1
1554,522,0.42940622568130493
1554,1823,0.37226524949073792
1554,744,0.32233405113220215
1554,53,0.28734868764877319
1554,1625,0.26075321435928345
1554,94,0.19086496531963348
1554,1157,0.1854625940322876
1554,1588,0.18164488673210144
1554,1743,0.17085953056812286
1554,632,0.16198325157165527
1554,1609,0.12030009180307388
1554,220,0.12016825377941132
1554,12,0.10349138081073761
1555,1555,0
1555,1655,1
1555,505,0.32294994592666626
1555,1654,0.30183219909667969
1555,1200,0.29147270321846008
1555,690,0.27413421869277954
1555,1371,0.25132292509078979
1555,350,0.24797037243843079
1555,1276,0.23731599748134613
1555,1949,0.17403548955917358
1555,1786,0.16907095909118652
1555,716,0.16883605718612671
1555,1181,0.15947762131690979
1555,270,0.15549279749393463
1555,189,0.15297707915306091
1556,1556,0
1556,1022,1
1556,1280,0.38939058780670166
1556,1067,0.26728501915931702
1556,56,0.25057274103164673
1556,880,0.24004931747913361
1556,1918,0.23317086696624756
1556,491,0.21332713961601257
1556,1581,0.21167902648448944
1556,856,0.20781120657920837
1556,459,0.2004140317440033
1556,298,0.18138048052787781
1556,649,0.17357932031154633
1556,1502,0.17154635488986969
1556,465,0.1666804701089859
1557,1557,0
1557,415,1
1557,1092,0.36775860190391541
1557,106,0.33221298456192017
1557,717,0.29944178462028503
1557,829,0.28219255805015564
1557,56,0.27228939533233643
1557,62,0.20554333925247192
1557,1651,0.20136934518814087
1557,499,0.17677983641624451
1557,1681,0.16755875945091248
1557,1405,0.15802076458930969
1557,212,0.15470199286937714
1557,1725,0.14601151645183563
1557,970,0.14300227165222168
1558,1558,0
1558,1957,1
1558,1133,0.39170774817466736
1558,1357,0.35016182065010071
1558,1167,0.33708679676055908
1558,136,0.30722442269325256
1558,448,0.25531694293022156
1558,553,0.21826364099979401
1558,896,0.17814435064792633
1558,398,0.16150251030921936
1558,1899,0.16047254204750061
1558,786,0.1489718109369278
1558,230,0.13883312046527863
1558,506,0.13645058870315552
1558,221,0.12275392562150955
1559,1559,0
1559,8,1
1559,1431,0.3885517418384552
1559,1265,0.36126473546028137
1559,200,0.33759194612503052
1559,1534,0.31360641121864319
1559,1033,0.27495381236076355
1559,722,0.22195640206336975
1559,871,0.18654751777648926
1559,1809,0.16068322956562042
1559,58,0.15668979287147522
1559,842,0.13207536935806274
1559,1332,0.12943851947784424
1559,61,0.12262241542339325
1559,148,0.12090342491865158
1560,1560,0
1560,65,1
1560,896,0.93130868673324585
1560,707,0.37392035126686096
1560,616,0.27794292569160461
1560,1812,0.18653979897499084
1560,282,0.15704354643821716
1560,64,0.15169312059879303
1560,673,0.14035491645336151
1560,854,0.13114587962627411
1560,1500,0.11920265853404999
1560,725,0.11799662560224533
1560,518,0.11282148957252502
1560,506,0.10622785985469818
1560,1817,0.10068624466657639
1561,1561,0
1561,1981,1
1561,328,0.61972016096115112
1561,855,0.61049854755401611
1561,713,0.31911554932594299
1561,1178,0.28272390365600586
1561,579,0.21946299076080322
1561,1294,0.16609223186969757
1561,605,0.15844768285751343
1561,542,0.14880913496017456
1561,1750,0.12021424621343613
1561,1792,0.10958120971918106
1561,1978,0.055151309818029404
1561,1083,0.048909265547990799
1561,303,0.048158872872591019
1562,1562,0
1562,1852,1
1562,0,0.59564989805221558
1562,1633,0.37031617760658264
1562,1699,0.3398190438747406
1562,151,0.30295157432556152
1562,1921,0.2711607813835144
1562,708,0.17166878283023834
1562,1008,0.16275122761726379
1562,1180,0.14335481822490692
1562,425,0.12013794481754303
1562,1837,0.11482123285531998
1562,1505,0.111005038022995
1562,729,0.1085866317152977
1562,1902,0.094658821821212769
1563,1563,0
1563,381,1
1563,1730,0.72220224142074585
1563,1962,0.40770363807678223
1563,139,0.40198540687561035
1563,1753,0.31899178028106689
1563,836,0.19039955735206604
1563,493,0.17586363852024078
1563,371,0.16054169833660126
1563,478,0.11842013150453568
1563,1183,0.09398709237575531
1563,1265,0.086061142385005951
1563,8,0.085421688854694366
1563,1123,0.083135180175304413
1563,1157,0.062183186411857605
1564,1564,0
1564,755,1
1564,517,0.74072116613388062
1564,408,0.57192409038543701
1564,101,0.49778658151626587
1564,1101,0.45257836580276489
1564,944,0.17093309760093689
1564,1847,0.10698056221008301
1564,1803,0.072429187595844269
1564,1459,0.070771865546703339
1564,165,0.06029825285077095
1564,1799,0.058619435876607895
1564,1685,0.043078150600194931
1564,820,0.038380272686481476
1564,1243,0.022393815219402313
1565,1565,0
1565,1644,1
1565,520,0.7166019082069397
1565,1677,0.41841024160385132
1565,331,0.31091001629829407
1565,1251,0.22443500161170959
1565,946,0.21106654405593872
1565,1703,0.17947618663311005
1565,1632,0.16640375554561615
1565,614,0.14007139205932617
1565,1066,0.11959527432918549
1565,1366,0.11950956284999847
1565,518,0.11550779640674591
1565,1354,0.10739937424659729
1565,504,0.077505715191364288
1566,1566,0
1566,1871,1
1566,592,0.94584143161773682
1566,754,0.36131966114044189
1566,1185,0.23621340095996857
1566,1366,0.22576774656772614
1566,846,0.19339966773986816
1566,504,0.15827402472496033
1566,99,0.15019573271274567
1566,1882,0.1328100860118866
1566,1316,0.12671603262424469
1566,1066,0.11997602134943008
1566,1225,0.094988778233528137
1566,1632,0.082996629178524017
1566,1305,0.078390114009380341
1567,1567,0
1567,514,1
1567,323,0.71884375810623169
1567,333,0.61302989721298218
1567,776,0.58151870965957642
1567,539,0.23799936473369598
1567,1991,0.16766029596328735
1567,1935,0.099268384277820587
1567,445,0.08267703652381897
1567,1635,0.080191262066364288
1567,922,0.07771136611700058
1567,819,0.070215225219726562
1567,798,0.064813673496246338
1567,371,0.06029970571398735
1567,731,0.052664756774902344
1568,1568,0
1568,546,1
1568,861,0.72795790433883667
1568,1457,0.65940386056900024
1568,1069,0.51950323581695557
1568,243,0.22663295269012451
1568,1681,0.15482877194881439
1568,788,0.14228783547878265
1568,681,0.12402759492397308
1568,1092,0.10319633036851883
1568,1967,0.099678598344326019
1568,1080,0.045854449272155762
1568,369,0.03833867609500885
1568,2,0.032751474529504776
1568,1250,0.03242984414100647
1569,1569,0
1569,1757,1
1569,212,0.54498893022537231
1569,962,0.44995871186256409
1569,1348,0.38495448231697083
1569,450,0.34848415851593018
1569,301,0.23568879067897797
1569,1967,0.17025481164455414
1569,471,0.14549523591995239
1569,1050,0.13255324959754944
1569,624,0.12287233769893646
1569,456,0.1197565421462059
1569,397,0.08855922520160675
1569,865,0.082143634557723999
1569,654,0.081182584166526794
1570,1570,0
1570,991,1
1570,1829,0.95314741134643555
1570,989,0.57925361394882202
1570,976,0.35393351316452026
1570,561,0.21334876120090485
1570,160,0.10897636413574219
1570,340,0.10584351420402527
1570,694,0.1042536273598671
1570,348,0.10330895334482193
1570,1413,0.09357336163520813
1570,660,0.090017661452293396
1570,1725,0.074920341372489929
1570,1485,0.074000269174575806
1570,530,0.052305072546005249
1571,1571,0
1571,552,1
1571,1287,0.53176915645599365
1571,1061,0.33172154426574707
1571,1224,0.29231595993041992
1571,1121,0.28495940566062927
1571,68,0.25201672315597534
1571,1155,0.23745675384998322
1571,1521,0.18257692456245422
1571,1120,0.16699373722076416
1571,757,0.14196711778640747
1571,1145,0.14019268751144409
1571,1862,0.12526454031467438
1571,1198,0.11232220381498337
1571,1417,0.10732754319906235
1572,1572,0
1572,950,1
1572,514,0.49891442060470581
1572,611,0.40790647268295288
1572,1335,0.30473339557647705
1572,1212,0.27014175057411194
1572,107,0.26625937223434448
1572,346,0.17149561643600464
1572,1768,0.16182509064674377
1572,323,0.15033146739006042
1572,1525,0.14841791987419128
1572,539,0.1354731023311615
1572,1512,0.13531886041164398
1572,1339,0.12967254221439362
1572,157,0.12640276551246643
1573,1573,0
1573,242,1
1573,1202,0.88412094116210938
1573,1995,0.48191186785697937
1573,1283,0.44177320599555969
1573,1715,0.2196723073720932
1573,1253,0.19838182628154755
1573,844,0.13852331042289734
1573,38,0.11549796909093857
1573,115,0.10150117427110672
1573,75,0.087499417364597321
1573,1219,0.074035242199897766
1573,525,0.058237794786691666
1573,1030,0.056401103734970093
1573,223,0.049338545650243759
1574,1574,0
1574,1010,1
1574,16,0.49580040574073792
1574,425,0.34799632430076599
1574,811,0.32753705978393555
1574,1052,0.27060693502426147
1574,15,0.25715428590774536
1574,418,0.20990747213363647
1574,646,0.16220572590827942
1574,1458,0.151413694024086
1574,1854,0.15126164257526398
1574,496,0.14818964898586273
1574,569,0.135142982006073
1574,394,0.12543043494224548
1574,1638,0.12424957007169724
1575,1575,0
1575,1224,1
1575,268,0.59750908613204956
1575,1979,0.54433232545852661
1575,1519,0.46777388453483582
1575,11,0.23699155449867249
1575,1520,0.20694001019001007
1575,1167,0.18589381873607635
1575,1998,0.14793460071086884
1575,37,0.14605845510959625
1575,1784,0.10041242837905884
1575,552,0.079475335776805878
1575,95,0.078507594764232635
1575,1357,0.058275867253541946
1575,1946,0.056783415377140045
1576,1576,0
1576,1103,1
1576,889,0.42996498942375183
1576,1763,0.41247856616973877
1576,170,0.32601886987686157
1576,1523,0.19775517284870148
1576,1932,0.18609106540679932
1576,1860,0.17902515828609467
1576,1149,0.17683710157871246
1576,793,0.17657196521759033
1576,1211,0.17213845252990723
1576,1419,0.17132045328617096
1576,1942,0.16049185395240784
1576,1199,0.15924997627735138
1576,1083,0.15894651412963867
1577,1577,0
1577,699,1
1577,1907,0.74630707502365112
1577,868,0.65049952268600464
1577,904,0.54995423555374146
1577,1477,0.23792612552642822
1577,1878,0.20349934697151184
1577,54,0.1200282946228981
1577,968,0.087679512798786163
1577,219,0.06607336550951004
1577,1402,0.061878867447376251
1577,1354,0.049827441573143005
1577,374,0.045552540570497513
1577,1013,0.04452802985906601
1577,653,0.043135188519954681
1578,1578,0
1578,248,1
1578,452,0.88058269023895264
1578,1766,0.82824492454528809
1578,867,0.28278613090515137
1578,796,0.24588717520236969
1578,814,0.1153382807970047
1578,1716,0.10360324382781982
1578,1837,0.083684965968132019
1578,1975,0.082270994782447815
1578,116,0.074848927557468414
1578,1437,0.067349649965763092
1578,167,0.056879252195358276
1578,949,0.045432589948177338
1578,1682,0.039972387254238129
1579,1579,0
1579,862,1
1579,685,0.40610948204994202
1579,1963,0.34089583158493042
1579,427,0.29740199446678162
1579,1089,0.24941763281822205
1579,299,0.20884409546852112
1579,1105,0.19530659914016724
1579,177,0.18952381610870361
1579,1642,0.18693308532238007
1579,1321,0.18574030697345734
1579,769,0.16465617716312408
1579,999,0.16264723241329193
1579,726,0.15986885130405426
1579,1292,0.15954399108886719
1580,1580,0
1580,1603,1
1580,1803,0.59880012273788452
1580,45,0.35533049702644348
1580,1370,0.34751945734024048
1580,313,0.24541114270687103
1580,983,0.23916357755661011
1580,101,0.18947228789329529
1580,311,0.17700622975826263
1580,403,0.16771496832370758
1580,536,0.14936260879039764
1580,1564,0.12203982472419739
1580,594,0.11907472461462021
1580,1847,0.099156588315963745
1580,464,0.096846282482147217
1581,1581,0
1581,255,1
1581,1191,0.65314823389053345
1581,1462,0.61011296510696411
1581,294,0.33913201093673706
1581,856,0.25878798961639404
1581,1556,0.17218147218227386
1581,1786,0.15575020015239716
1581,716,0.13578683137893677
1581,966,0.10922501236200333
1581,1720,0.097537301480770111
1581,1022,0.097414851188659668
1581,1548,0.096623606979846954
1581,1318,0.093286015093326569
1581,568,0.087908379733562469
1582,1582,0
1582,1411,1
1582,1115,0.39066094160079956
1582,162,0.37442949414253235
1582,692,0.32711884379386902
1582,390,0.28734233975410461
1582,1731,0.28351283073425293
1582,1274,0.27182313799858093
1582,1258,0.1906665563583374
1582,333,0.18081286549568176
1582,1106,0.14754851162433624
1582,1935,0.12572674453258514
1582,1073,0.12317976355552673
1582,1335,0.1020529493689537
1582,220,0.1020156517624855
1583,1583,0
1583,1694,1
1583,152,0.33770501613616943
1583,192,0.31797119975090027
1583,475,0.27922156453132629
1583,1521,0.26457720994949341
1583,1811,0.23773716390132904
1583,1198,0.22307701408863068
1583,1739,0.19854208827018738
1583,899,0.19469791650772095
1583,1891,0.18937426805496216
1583,1987,0.1827547699213028
1583,472,0.16953010857105255
1583,854,0.16796267032623291
1583,367,0.14373023808002472
1584,1584,0
1584,341,1
1584,1125,0.45786571502685547
1584,52,0.43503811955451965
1584,1720,0.35023829340934753
1584,1371,0.33228969573974609
1584,1303,0.17643843591213226
1584,499,0.16710241138935089
1584,1184,0.16433006525039673
1584,48,0.15791039168834686
1584,716,0.15391989052295685
1584,903,0.14206333458423615
1584,1378,0.13438804447650909
1584,1116,0.13327684998512268
1584,717,0.10202562808990479
1585,1585,0
1585,1961,1
1585,1884,0.45071882009506226
1585,517,0.43049472570419312
1585,57,0.38316929340362549
1585,101,0.29492205381393433
1585,44,0.27445852756500244
1585,354,0.15879419445991516
1585,409,0.1447455883026123
1585,287,0.13919933140277863
1585,250,0.13466449081897736
1585,960,0.13016335666179657
1585,271,0.12733922898769379
1585,1060,0.11995334178209305
1585,408,0.11825795471668243
1586,1586,0
1586,1318,1
1586,1669,0.66470807790756226
1586,1474,0.60477948188781738
1586,654,0.35824844241142273
1586,255,0.34955906867980957
1586,294,0.28224736452102661
1586,1200,0.15946587920188904
1586,189,0.15589515864849091
1586,1276,0.12443144619464874
1586,1581,0.045281790196895599
1586,1720,0.0448174849152565
1586,856,0.039602302014827728
1586,450,0.039343744516372681
1586,550,0.038507033139467239
1587,1587,0
1587,1402,1
1587,409,0.60306113958358765
1587,1910,0.46766990423202515
1587,1620,0.42746928334236145
1587,1239,0.28099694848060608
1587,319,0.24137836694717407
1587,475,0.20473070442676544
1587,1764,0.16161635518074036
1587,1395,0.15811704099178314
1587,1291,0.10853424668312073
1587,1884,0.069205082952976227
1587,477,0.065838061273097992
1587,1954,0.063671447336673737
1587,1585,0.054595958441495895
1588,1588,0
1588,784,1
1588,522,0.61102563142776489
1588,379,0.35430258512496948
1588,253,0.24724781513214111
1588,669,0.21309752762317657
1588,1733,0.19318436086177826
1588,1823,0.18891584873199463
1588,1363,0.18326428532600403
1588,918,0.17306064069271088
1588,1608,0.16704362630844116
1588,1399,0.1586528867483139
1588,1323,0.14309856295585632
1588,370,0.13751068711280823
1588,1218,0.13647954165935516
1589,1589,0
1589,196,1
1589,574,0.45249414443969727
1589,576,0.41593661904335022
1589,758,0.26557338237762451
1589,1159,0.25981348752975464
1589,959,0.22040204703807831
1589,1650,0.2020842581987381
1589,912,0.19271223247051239
1589,443,0.18782852590084076
1589,1412,0.16818659007549286
1589,508,0.15491823852062225
1589,498,0.1354152113199234
1589,1925,0.12801653146743774
1589,1255,0.12351386994123459
1590,1590,0
1590,812,1
1590,1958,0.47144261002540588
1590,117,0.42082765698432922
1590,288,0.40918120741844177
1590,1638,0.38663282990455627
1590,646,0.16543032228946686
1590,1617,0.16340366005897522
1590,1916,0.15987935662269592
1590,1390,0.14391306042671204
1590,391,0.1292954683303833
1590,1491,0.12553253769874573
1590,186,0.12203313410282135
1590,916,0.10674697905778885
1590,1860,0.10256327688694
1591,1591,0
1591,225,1
1591,1062,0.55818557739257812
1591,715,0.4009939432144165
1591,1738,0.2470128983259201
1591,1441,0.22775396704673767
1591,509,0.19782117009162903
1591,257,0.18484970927238464
1591,1119,0.18231905996799469
1591,1773,0.15841637551784515
1591,1299,0.15707291662693024
1591,560,0.15530051290988922
1591,1531,0.15418606996536255
1591,936,0.14474235475063324
1591,1686,0.13824258744716644
1592,1592,0
1592,550,1
1592,382,0.41787460446357727
1592,1250,0.30011492967605591
1592,654,0.29017418622970581
1592,735,0.28936982154846191
1592,1713,0.25427132844924927
1592,1362,0.21005073189735413
1592,962,0.20808567106723785
1592,450,0.19551470875740051
1592,294,0.18569731712341309
1592,1474,0.16397374868392944
1592,1586,0.15146419405937195
1592,1396,0.12021702527999878
1592,369,0.12009232491254807
1593,1593,0
1593,3,1
1593,729,0.58289915323257446
1593,1451,0.45172587037086487
1593,226,0.37262392044067383
1593,1505,0.22163167595863342
1593,364,0.17744238674640656
1593,1921,0.16457696259021759
1593,1010,0.1623847633600235
1593,1902,0.14608097076416016
1593,63,0.13717322051525116
1593,588,0.12931914627552032
1593,1036,0.12813815474510193
1593,1051,0.12577734887599945
1593,1699,0.1071261465549469
1594,1594,0
1594,352,1
1594,1727,0.59745043516159058
1594,1537,0.35753068327903748
1594,408,0.28017809987068176
1594,1657,0.19928193092346191
1594,1780,0.195339635014534
1594,331,0.18182720243930817
1594,882,0.17878277599811554
1594,1994,0.17419390380382538
1594,675,0.17164361476898193
1594,1585,0.14979307353496552
1594,102,0.14861628413200378
1594,1060,0.14197468757629395
1594,1668,0.13027976453304291
1595,1595,0
1595,1909,1
1595,404,0.67509257793426514
1595,1126,0.65650051832199097
1595,680,0.47686153650283813
1595,909,0.26834022998809814
1595,1027,0.20126058161258698
1595,1503,0.15820294618606567
1595,1161,0.14079266786575317
1595,1240,0.072246663272380829
1595,69,0.057990018278360367
1595,1255,0.057811815291643143
1595,443,0.056538201868534088
1595,1499,0.042875465005636215
1595,582,0.042375374585390091
1596,1596,0
1596,1924,1
1596,1245,0.96755176782608032
1596,877,0.66866046190261841
1596,203,0.28890424966812134
1596,1752,0.2058674544095993
1596,470,0.1928136944770813
1596,1459,0.10626339912414551
1596,265,0.082873426377773285
1596,1209,0.078828766942024231
1596,431,0.075221896171569824
1596,324,0.063234224915504456
1596,526,0.061714015901088715
1596,1647,0.061254356056451797
1596,1810,0.053694900125265121
1597,1597,0
1597,806,1
1597,792,0.60619574785232544
1597,1281,0.53880000114440918
1597,1645,0.36219200491905212
1597,1909,0.33322891592979431
1597,387,0.2339545339345932
1597,86,0.16875587403774261
1597,949,0.15793922543525696
1597,1027,0.12561337649822235
1597,174,0.114791639149189
1597,1001,0.10418012738227844
1597,1481,0.054132420569658279
1597,1255,0.053853210061788559
1597,1539,0.053261164575815201
1598,1598,0
1598,77,1
1598,532,0.50755053758621216
1598,1950,0.3186737596988678
1598,1448,0.3173796534538269
1598,1916,0.23999275267124176
1598,252,0.22842273116111755
1598,63,0.21278364956378937
1598,1103,0.20329383015632629
1598,185,0.16905109584331512
1598,830,0.1660948246717453
1598,1475,0.15407694876194
1598,1709,0.13793531060218811
1598,1612,0.12960426509380341
1598,93,0.12202326953411102
1599,1599,0
1599,732,1
1599,27,0.4617922306060791
1599,1945,0.35805338621139526
1599,1860,0.30563691258430481
1599,981,0.28736081719398499
1599,1149,0.27744930982589722
1599,619,0.24791193008422852
1599,867,0.15888553857803345
1599,1441,0.14787688851356506
1599,26,0.13777716457843781
1599,578,0.136392742395401
1599,1686,0.1349128931760788
1599,5,0.1274029016494751
1599,288,0.12543831765651703
1600,1600,0
1600,1127,1
1600,1610,0.87582659721374512
1600,165,0.46707826852798462
1600,1148,0.40763586759567261
1600,1752,0.38676422834396362
1600,475,0.20719406008720398
1600,203,0.12436927855014801
1600,883,0.10762137919664383
1600,1987,0.099425375461578369
1600,1564,0.065390601754188538
1600,1976,0.053501531481742859
1600,928,0.051028113812208176
1600,1948,0.035810604691505432
1600,1668,0.02523970790207386
1601,1601,0
1601,1920,1
1601,1872,0.47403842210769653
1601,41,0.42429149150848389
1601,864,0.28217551112174988
1601,537,0.25776177644729614
1601,1953,0.21676716208457947
1601,331,0.21196648478507996
1601,414,0.19851654767990112
1601,45,0.19018654525279999
1601,644,0.14681117236614227
1601,946,0.14281441271305084
1601,802,0.12145719677209854
1601,882,0.120060034096241
1601,1498,0.12004856020212173
1602,1602,0
1602,828,1
1602,766,0.84261804819107056
1602,1607,0.50708329677581787
1602,966,0.33203038573265076
1602,599,0.24089331924915314
1602,1484,0.19478873908519745
1602,880,0.13515210151672363
1602,123,0.12390712648630142
1602,1436,0.11843185126781464
1602,1762,0.10148885846138
1602,1721,0.088678896427154541
1602,1786,0.078091464936733246
1602,1906,0.075420260429382324
1602,1581,0.068299509584903717
1603,1603,0
1603,1580,1
1603,1803,0.68905532360076904
1603,313,0.44653093814849854
1603,536,0.28427731990814209
1603,983,0.21591630578041077
1603,563,0.19778355956077576
1603,45,0.18183963000774384
1603,1370,0.17032954096794128
1603,1723,0.15631373226642609
1603,403,0.14626464247703552
1603,785,0.11970752477645874
1603,101,0.10460738092660904
1603,1382,0.099131964147090912
1603,1847,0.09513314813375473
1604,1604,0
1604,568,1
1604,499,0.53859293460845947
1604,838,0.42711034417152405
1604,1344,0.421174556016922
1604,243,0.34482204914093018
1604,942,0.3382219672203064
1604,1936,0.23496878147125244
1604,596,0.2245398610830307
1604,1273,0.12856899201869965
1604,232,0.089129403233528137
1604,1330,0.07536054402589798
1604,1283,0.032608631998300552
1604,1684,0.029527865350246429
1604,1818,0.022267922759056091
1605,1605,0
1605,1141,1
1605,740,0.42343670129776001
1605,849,0.40369218587875366
1605,1024,0.36789095401763916
1605,177,0.23343244194984436
1605,765,0.21057009696960449
1605,297,0.19755072891712189
1605,1093,0.19695022702217102
1605,1372,0.16610969603061676
1605,1444,0.16030271351337433
1605,208,0.14008042216300964
1605,25,0.13902410864830017
1605,1748,0.13488118350505829
1605,1794,0.13297304511070251
1606,1606,0
1606,940,1
1606,229,0.89394617080688477
1606,69,0.75711774826049805
1606,1159,0.38921204209327698
1606,1480,0.25069624185562134
1606,453,0.1885160356760025
1606,1255,0.10146822035312653
1606,1950,0.097265467047691345
1606,548,0.081428810954093933
1606,1390,0.05311482772231102
1606,574,0.03031446598470211
1606,806,0.025913609191775322
1606,1380,0.024734728038311005
1606,1909,0.013158334419131279
1607,1607,0
1607,599,1
1607,1602,0.38353997468948364
1607,1436,0.38328486680984497
1607,1922,0.30975928902626038
1607,828,0.29094347357749939
1607,766,0.22229619324207306
1607,1671,0.21294987201690674
1607,716,0.19311915338039398
1607,56,0.17314647138118744
1607,351,0.15818731486797333
1607,661,0.1543608158826828
1607,415,0.14650414884090424
1607,903,0.14422698318958282
1607,690,0.13457557559013367
1608,1608,0
1608,1123,1
1608,1265,0.83413738012313843
1608,742,0.74288684129714966
1608,427,0.27914595603942871
1608,1349,0.27442529797554016
1608,1248,0.12731876969337463
1608,842,0.1232936754822731
1608,522,0.11376290023326874
1608,784,0.11029130965471268
1608,1588,0.072272144258022308
1608,1399,0.070220246911048889
1608,1321,0.060051247477531433
1608,862,0.051480129361152649
1608,25,0.047609880566596985
1609,1609,0
1609,744,1
1609,1234,0.6444401741027832
1609,94,0.48406320810317993
1609,379,0.44802525639533997
1609,918,0.29194819927215576
1609,606,0.220942422747612
1609,769,0.1779794842004776
1609,1105,0.11783432960510254
1609,1100,0.11274953186511993
1609,100,0.09486013650894165
1609,402,0.090324632823467255
1609,33,0.083504848182201385
1609,53,0.072009064257144928
1609,712,0.068216137588024139
1610,1610,0
1610,1600,1
1610,1127,0.43193623423576355
1610,1564,0.37406975030899048
1610,604,0.27836257219314575
1610,883,0.25350534915924072
1610,1752,0.24785198271274567
1610,165,0.22053968906402588
1610,1002,0.18911546468734741
1610,84,0.17209392786026001
1610,799,0.16845406591892242
1610,1329,0.15555839240550995
1610,1907,0.14566415548324585
1610,820,0.14523735642433167
1610,374,0.1245058998465538
1611,1611,0
1611,953,1
1611,1526,0.47170227766036987
1611,40,0.30228114128112793
1611,530,0.30001142621040344
1611,671,0.27298641204833984
1611,1502,0.24568837881088257
1611,491,0.1718992292881012
1611,1545,0.17183016240596771
1611,1714,0.17096415162086487
1611,848,0.16917416453361511
1611,150,0.16333504021167755
1611,1280,0.15915107727050781
1611,156,0.15566502511501312
1611,1397,0.15220504999160767
1612,1612,0
1612,613,1
1612,1192,0.86339867115020752
1612,1242,0.54671770334243774
1612,1005,0.43240374326705933
1612,77,0.30537128448486328
1612,1808,0.23558506369590759
1612,306,0.12737533450126648
1612,1049,0.096932590007781982
1612,981,0.085814349353313446
1612,912,0.053467318415641785
1612,1782,0.045681353658437729
1612,1633,0.040738992393016815
1612,1027,0.040076497942209244
1612,468,0.033325042575597763
1613,1613,0
1613,735,1
1613,1801,0.41136071085929871
1613,599,0.335980623960495
1613,440,0.31314101815223694
1613,1922,0.27023440599441528
1613,110,0.23635213077068329
1613,789,0.2023390531539917
1613,1436,0.1932288259267807
1613,778,0.17983262240886688
1613,1607,0.17647314071655273
1613,1129,0.16886195540428162
1613,828,0.1564946323633194
1613,1602,0.13174931704998016
1613,1362,0.13084998726844788
1614,1614,0
1614,279,1
1614,1965,0.8296133279800415
1614,130,0.68208193778991699
1614,1158,0.29502373933792114
1614,1971,0.28275182843208313
1614,521,0.21936090290546417
1614,1185,0.20395302772521973
1614,604,0.12954747676849365
1614,755,0.060778945684432983
1614,1329,0.055756397545337677
1614,877,0.048275016248226166
1614,1887,0.040771484375
1614,191,0.030456820502877235
1614,840,0.028521347790956497
1615,1615,0
1615,397,1
1615,970,0.42215436697006226
1615,90,0.3549526035785675
1615,1894,0.28890073299407959
1615,1777,0.23613336682319641
1615,212,0.2231915295124054
1615,953,0.20054808259010315
1615,1767,0.18735367059707642
1615,1139,0.17733640968799591
1615,835,0.1769036203622818
1615,1944,0.17667956650257111
1615,689,0.16271825134754181
1615,1012,0.15682314336299896
1615,195,0.14319044351577759
1616,1616,0
1616,309,1
1616,1901,0.50357162952423096
1616,1325,0.33699256181716919
1616,670,0.27378687262535095
1616,720,0.26234105229377747
1616,471,0.24864840507507324
1616,1557,0.21048128604888916
1616,106,0.18080484867095947
1616,1090,0.18058355152606964
1616,56,0.17981857061386108
1616,683,0.15453721582889557
1616,301,0.13181759417057037
1616,1432,0.12519791722297668
1616,1607,0.11831904202699661
1617,1617,0
1617,15,1
1617,135,0.44277739524841309
1617,1699,0.32505354285240173
1617,425,0.27432283759117126
1617,288,0.27000302076339722
1617,1036,0.21301594376564026
1617,1390,0.20587220788002014
1617,811,0.20020872354507446
1617,708,0.19251322746276855
1617,1010,0.17973752319812775
1617,201,0.16834449768066406
1617,277,0.16570357978343964
1617,1678,0.13991352915763855
1617,1255,0.12941733002662659
1618,1618,0
1618,1785,1
1618,1291,0.2962116003036499
1618,85,0.28324222564697266
1618,584,0.27266627550125122
1618,1926,0.25834792852401733
1618,1395,0.24714387953281403
1618,1891,0.23557466268539429
1618,1739,0.22756756842136383
1618,1498,0.22300171852111816
1618,1101,0.19169272482395172
1618,589,0.18608258664608002
1618,1723,0.17849820852279663
1618,983,0.15699708461761475
1618,899,0.14986573159694672
1619,1619,0
1619,1342,1
1619,463,0.4227135181427002
1619,910,0.34088250994682312
1619,91,0.30689588189125061
1619,1549,0.30454561114311218
1619,1352,0.26000162959098816
1619,402,0.23686324059963226
1619,157,0.18845883011817932
1619,1435,0.17789983749389648
1619,1747,0.14883746206760406
1619,1141,0.14405404031276703
1619,1089,0.13795578479766846
1619,1339,0.12005734443664551
1619,1512,0.11771953105926514
1620,1620,0
1620,409,1
1620,1402,0.68502837419509888
1620,810,0.37175926566123962
1620,1587,0.32252976298332214
1620,1910,0.22219230234622955
1620,1041,0.19804263114929199
1620,1500,0.16619722545146942
1620,1239,0.16011056303977966
1620,688,0.15522821247577667
1620,1585,0.14322751760482788
1620,1764,0.12564241886138916
1620,152,0.12418598681688309
1620,1884,0.12396465986967087
1620,199,0.10878808051347733
1621,1621,0
1621,749,1
1621,140,0.70261287689208984
1621,97,0.51030617952346802
1621,1630,0.34246382117271423
1621,1004,0.29610723257064819
1621,1161,0.22606374323368073
1621,1423,0.16347688436508179
1621,417,0.14199560880661011
1621,702,0.10192824900150299
1621,850,0.10026700049638748
1621,1773,0.08677075058221817
1621,1488,0.081503994762897491
1621,625,0.077575765550136566
1621,1741,0.075824357569217682
1622,1622,0
1622,1758,1
1622,151,0.43290722370147705
1622,777,0.4263768196105957
1622,1542,0.31293725967407227
1622,1773,0.28472441434860229
1622,1929,0.25400251150131226
1622,1425,0.18651211261749268
1622,257,0.17404727637767792
1622,625,0.15955178439617157
1622,708,0.15302886068820953
1622,387,0.14653538167476654
1622,1630,0.13003621995449066
1622,1503,0.12433172017335892
1622,964,0.12189748138189316
1623,1623,0
1623,358,1
1623,872,0.79248607158660889
1623,1326,0.37531721591949463
1623,1021,0.25993821024894714
1623,1499,0.23142467439174652
1623,1447,0.20886571705341339
1623,1629,0.14789137244224548
1623,116,0.1417136937379837
1623,366,0.1411321759223938
1623,496,0.14004480838775635
1623,1211,0.13990779221057892
1623,428,0.11797755211591721
1623,701,0.10795118659734726
1623,391,0.10223900526762009
1624,1624,0
1624,614,1
1624,1370,0.77353513240814209
1624,1832,0.26805776357650757
1624,1176,0.2446153461933136
1624,1933,0.24217520654201508
1624,244,0.20203076303005219
1624,594,0.18918800354003906
1624,311,0.18422578275203705
1624,763,0.17693904042243958
1624,1520,0.1628568023443222
1624,1048,0.1436121016740799
1624,983,0.12155844271183014
1624,1244,0.11437110602855682
1624,1410,0.083716951310634613
1625,1625,0
1625,522,1
1625,1157,0.61255288124084473
1625,876,0.45073828101158142
1625,898,0.38257765769958496
1625,1608,0.37345826625823975
1625,1588,0.28693842887878418
1625,1823,0.19702322781085968
1625,1478,0.1492266058921814
1625,8,0.10638798773288727
1625,834,0.10433680564165115
1625,1642,0.079555846750736237
1625,1175,0.060942564159631729
1625,1248,0.056309416890144348
1625,1353,0.046848520636558533
1626,1626,0
1626,1749,1
1626,47,0.71893477439880371
1626,1310,0.3812553882598877
1626,636,0.25687515735626221
1626,1135,0.21193960309028625
1626,1063,0.20147468149662018
1626,866,0.1697990894317627
1626,1068,0.15729881823062897
1626,1067,0.15674197673797607
1626,399,0.14920154213905334
1626,666,0.14050137996673584
1626,1980,0.12814891338348389
1626,1124,0.12670238316059113
1626,585,0.1080150380730629
1627,1627,0
1627,1486,1
1627,129,0.44574806094169617
1627,429,0.30475690960884094
1627,329,0.29689770936965942
1627,1487,0.26680794358253479
1627,669,0.23191973567008972
1627,771,0.22731834650039673
1627,1869,0.21579240262508392
1627,764,0.18298806250095367
1627,663,0.17407156527042389
1627,1399,0.15157321095466614
1627,1466,0.13871751725673676
1627,1234,0.13625703752040863
1627,164,0.13404430449008942
1628,1628,0
1628,931,1
1628,267,0.82128018140792847
1628,1074,0.59340977668762207
1628,1767,0.32725286483764648
1628,829,0.17943131923675537
1628,848,0.14242739975452423
1628,1092,0.13373647630214691
1628,419,0.12492173165082932
1628,1460,0.1203843280673027
1628,1532,0.1174154058098793
1628,232,0.09011165052652359
1628,1317,0.086628250777721405
1628,1652,0.086580529808998108
1628,1894,0.083310209214687347
1629,1629,0
1629,701,1
1629,1504,0.67827451229095459
1629,1623,0.63377392292022705
1629,1430,0.28145977854728699
1629,1174,0.21165592968463898
1629,366,0.1735985279083252
1629,1932,0.16964663565158844
1629,1064,0.15907956659793854
1629,889,0.13610459864139557
1629,391,0.10656152665615082
1629,1102,0.095536962151527405
1629,1211,0.094654075801372528
1629,1973,0.087979987263679504
1629,1177,0.078563578426837921
1630,1630,0
1630,364,1
1630,1773,0.85048043727874756
1630,1425,0.77603960037231445
1630,746,0.27777546644210815
1630,1622,0.19994816184043884
1630,1716,0.16696037352085114
1630,702,0.15236018598079681
1630,1842,0.14100442826747894
1630,1240,0.12364501506090164
1630,1004,0.11006634682416916
1630,387,0.03367030993103981
1630,1488,0.027540417388081551
1630,1852,0.026060964912176132
1630,1347,0.021331485360860825
1631,1631,0
1631,1262,1
1631,1254,0.6490510106086731
1631,78,0.54309225082397461
1631,488,0.33305776119232178
1631,194,0.18447922170162201
1631,1956,0.17134036123752594
1631,1068,0.16183827817440033
1631,289,0.15958616137504578
1631,1188,0.13403330743312836
1631,326,0.1301315575838089
1631,314,0.11333832144737244
1631,1482,0.11208633333444595
1631,659,0.10926582664251328
1631,380,0.10558851808309555
1632,1632,0
1632,1066,1
1632,1644,0.81510233879089355
1632,504,0.41312950849533081
1632,1120,0.25248417258262634
1632,1366,0.24597392976284027
1632,163,0.23982113599777222
1632,1878,0.18097259104251862
1632,699,0.14604179561138153
1632,518,0.13889177143573761
1632,1354,0.11621559411287308
1632,1882,0.11183328181505203
1632,219,0.10258648544549942
1632,513,0.082947075366973877
1632,754,0.060882456600666046
1633,1633,0
1633,131,1
1633,708,0.54207712411880493
1633,0,0.33208471536636353
1633,1678,0.25824639201164246
1633,613,0.22045832872390747
1633,1008,0.20986448228359222
1633,1562,0.18331709504127502
1633,1837,0.17486310005187988
1633,1921,0.16734790802001953
1633,306,0.16725204885005951
1633,1539,0.16657023131847382
1633,1902,0.16509857773780823
1633,1005,0.16025747358798981
1633,1791,0.15945275127887726
1634,1634,0
1634,105,1
1634,1774,0.33348619937896729
1634,923,0.29304361343383789
1634,245,0.27376782894134521
1634,194,0.23430849611759186
1634,359,0.23038685321807861
1634,1081,0.2053179144859314
1634,1825,0.20514248311519623
1634,184,0.20438070595264435
1634,1715,0.19628036022186279
1634,1413,0.19190560281276703
1634,1256,0.18396101891994476
1634,1995,0.17823418974876404
1634,401,0.17668026685714722
1635,1635,0
1635,922,1
1635,1511,0.96291851997375488
1635,1935,0.75296926498413086
1635,333,0.2608494758605957
1635,731,0.16588515043258667
1635,1841,0.10480444133281708
1635,776,0.099158130586147308
1635,1328,0.096284642815589905
1635,444,0.092798806726932526
1635,531,0.078967534005641937
1635,539,0.075049243867397308
1635,1663,0.074737623333930969
1635,220,0.072686739265918732
1635,1270,0.069784455001354218
1636,1636,0
1636,1984,1
1636,22,0.39903777837753296
1636,1030,0.35447987914085388
1636,803,0.34012365341186523
1636,1153,0.33523961901664734
1636,835,0.30532529950141907
1636,609,0.16438917815685272
1636,535,0.16163526475429535
1636,1333,0.15895360708236694
1636,953,0.15619330108165741
1636,401,0.1545904278755188
1636,976,0.13504919409751892
1636,1268,0.1238706186413765
1636,1413,0.11799389868974686
1637,1637,0
1637,175,1
1637,800,0.46591663360595703
1637,465,0.42602422833442688
1637,233,0.2731054425239563
1637,848,0.26352018117904663
1637,298,0.2444559782743454
1637,1418,0.19748416543006897
1637,720,0.1939057856798172
1637,469,0.16315901279449463
1637,953,0.15380658209323883
1637,1528,0.15073740482330322
1637,1790,0.13227692246437073
1637,56,0.12629279494285583
1637,361,0.11620590090751648
1638,1638,0
1638,1699,1
1638,186,0.43425220251083374
1638,1010,0.41391178965568542
1638,16,0.35228604078292847
1638,447,0.34695956110954285
1638,288,0.22466167807579041
1638,818,0.20801541209220886
1638,1617,0.17919477820396423
1638,441,0.1395118236541748
1638,490,0.13874228298664093
1638,811,0.13661251962184906
1638,425,0.12992207705974579
1638,1574,0.10697160661220551
1638,1590,0.095858097076416016
1639,1639,0
1639,1396,1
1639,455,0.82032114267349243
1639,184,0.61092311143875122
1639,1713,0.3953782320022583
1639,1280,0.16485148668289185
1639,1460,0.14301684498786926
1639,273,0.11747552454471588
1639,835,0.10923381149768829
1639,1774,0.10495126992464066
1639,1012,0.10266150534152985
1639,195,0.097154006361961365
1639,550,0.085962630808353424
1639,1230,0.079469159245491028
1639,1873,0.075492396950721741
1640,1640,0
1640,1242,1
1640,949,0.95205670595169067
1640,515,0.47088444232940674
1640,1522,0.3517078161239624
1640,1154,0.17025329172611237
1640,1102,0.14743123948574066
1640,814,0.14138899743556976
1640,1156,0.11673611402511597
1640,1005,0.11328264325857162
1640,534,0.1112278625369072
1640,452,0.10337461531162262
1640,1199,0.089216597378253937
1640,1597,0.071436472237110138
1640,730,0.067890986800193787
1641,1641,0
1641,539,1
1641,346,0.39957854151725769
1641,1468,0.26218801736831665
1641,1479,0.25725391507148743
1641,1853,0.24706870317459106
1641,1514,0.2341914027929306
1641,731,0.21303270757198334
1641,220,0.21286500990390778
1641,798,0.20152303576469421
1641,1635,0.19003775715827942
1641,528,0.18417328596115112
1641,776,0.17334751784801483
1641,1525,0.17064087092876434
1641,1567,0.16098788380622864
1642,1642,0
1642,871,1
1642,999,0.73546290397644043
1642,177,0.40364721417427063
1642,1478,0.36209860444068909
1642,58,0.29038864374160767
1642,1507,0.2498759925365448
1642,1349,0.24028156697750092
1642,360,0.1649482250213623
1642,769,0.10800406336784363
1642,1890,0.096521906554698944
1642,1248,0.076757743954658508
1642,1470,0.075935639441013336
1642,218,0.054934773594141006
1642,87,0.04803120344877243
1643,1643,0
1643,591,1
1643,1039,0.58534830808639526
1643,1878,0.53495341539382935
1643,868,0.51181524991989136
1643,190,0.41822603344917297
1643,1764,0.17042249441146851
1643,968,0.15319038927555084
1643,1132,0.11441627144813538
1643,934,0.10913129895925522
1643,481,0.085595972836017609
1643,1784,0.078877255320549011
1643,1013,0.056598905473947525
1643,1723,0.049559824168682098
1643,319,0.038755297660827637
1644,1644,0
1644,1066,1
1644,520,0.63732469081878662
1644,1632,0.42126762866973877
1644,504,0.3307216465473175
1644,1366,0.27050065994262695
1644,1685,0.25448331236839294
1644,822,0.25345468521118164
1644,754,0.15597295761108398
1644,1305,0.12628616392612457
1644,1979,0.10716313868761063
1644,349,0.10252169519662857
1644,101,0.09192965179681778
1644,1760,0.078819990158081055
1644,955,0.076452001929283142
1645,1645,0
1645,1027,1
1645,534,0.5010831356048584
1645,86,0.47003504633903503
1645,708,0.27728784084320068
1645,1255,0.25144463777542114
1645,792,0.22125858068466187
1645,1909,0.19156350195407867
1645,949,0.17701253294944763
1645,205,0.17181335389614105
1645,1597,0.16722862422466278
1645,387,0.13694125413894653
1645,1242,0.12351337075233459
1645,963,0.11698611825704575
1645,468,0.10072439908981323
1646,1646,0
1646,886,1
1646,1745,0.77063030004501343
1646,1519,0.30653548240661621
1646,460,0.29544949531555176
1646,873,0.2732902467250824
1646,403,0.22167447209358215
1646,1979,0.19291731715202332
1646,1538,0.19275414943695068
1646,446,0.16823896765708923
1646,1920,0.13134977221488953
1646,604,0.099698282778263092
1646,1847,0.094159752130508423
1646,1216,0.08282538503408432
1646,1799,0.077362991869449615
1647,1647,0
1647,1924,1
1647,203,0.34492474794387817
1647,1243,0.26344209909439087
1647,580,0.25349894165992737
1647,1245,0.23598276078701019
1647,808,0.23478163778781891
1647,1013,0.22582443058490753
1647,1799,0.22178463637828827
1647,319,0.21454212069511414
1647,1752,0.19340798258781433
1647,1972,0.19061577320098877
1647,1600,0.18865546584129333
1647,517,0.17184802889823914
1647,165,0.16757513582706451
1648,1648,0
1648,973,1
1648,0,0.85117673873901367
1648,1539,0.5177881121635437
1648,1001,0.34971868991851807
1648,1952,0.26999273896217346
1648,420,0.21170203387737274
1648,1633,0.15764884650707245
1648,131,0.11550642549991608
1648,174,0.11208377033472061
1648,1036,0.087777189910411835
1648,1380,0.078238092362880707
1648,1008,0.066512793302536011
1648,1322,0.065606608986854553
1648,135,0.023146143183112144
1649,1649,0
1649,1902,1
1649,1272,0.8997340202331543
1649,335,0.27819892764091492
1649,582,0.25781247019767761
1649,1036,0.21831974387168884
1649,1699,0.20193733274936676
1649,1380,0.16260045766830444
1649,1678,0.15137724578380585
1649,1027,0.14618054032325745
1649,1503,0.14254964888095856
1649,417,0.11767856776714325
1649,131,0.11627285182476044
1649,1051,0.10853737592697144
1649,1633,0.10569203644990921
1650,1650,0
1650,508,1
1650,1159,0.51462459564208984
1650,574,0.41944116353988647
1650,512,0.39891502261161804
1650,758,0.3722250759601593
1650,1447,0.25898110866546631
1650,576,0.21065975725650787
1650,443,0.19976115226745605
1650,1205,0.11406259983778
1650,1925,0.10165195167064667
1650,1412,0.094695568084716797
1650,187,0.085626408457756042
1650,548,0.069373764097690582
1650,940,0.066873423755168915
1651,1651,0
1651,62,1
1651,1725,0.39828252792358398
1651,829,0.30869373679161072
1651,848,0.26827198266983032
1651,1219,0.23679769039154053
1651,1092,0.21654199063777924
1651,523,0.21401749551296234
1651,2,0.20562750101089478
1651,1122,0.18974301218986511
1651,1557,0.18614198267459869
1651,1855,0.17991797626018524
1651,1681,0.17736606299877167
1651,469,0.16342377662658691
1651,1660,0.16206809878349304
1652,1652,0
1652,1795,1
1652,1845,0.74082452058792114
1652,524,0.66358202695846558
1652,1628,0.51674348115921021
1652,1460,0.32305702567100525
1652,273,0.29738560318946838
1652,931,0.10570266842842102
1652,1162,0.094757243990898132
1652,267,0.076738625764846802
1652,1331,0.024758422747254372
1652,997,0.023444604128599167
1652,1067,0.016414925456047058
1652,972,0.014977278187870979
1652,1983,0.0085077760741114616
1653,1653,0
1653,704,1
1653,1444,0.66262882947921753
1653,692,0.4446520209312439
1653,1748,0.39658376574516296
1653,794,0.16574566066265106
1653,878,0.16505451500415802
1653,333,0.15804760158061981
1653,1776,0.14962734282016754
1653,1003,0.14945459365844727
1653,1859,0.13570772111415863
1653,463,0.12936453521251678
1653,514,0.12676765024662018
1653,1088,0.11423326283693314
1653,334,0.1090158149600029
1654,1654,0
1654,1655,1
1654,1371,0.75973612070083618
1654,1555,0.63368797302246094
1654,1254,0.35790601372718811
1654,1786,0.20686422288417816
1654,716,0.20625628530979156
1654,690,0.16618689894676208
1654,1584,0.10456322133541107
1654,505,0.089030839502811432
1654,1720,0.085941687226295471
1654,48,0.083449840545654297
1654,1276,0.079670757055282593
1654,766,0.068378090858459473
1654,350,0.065217673778533936
1655,1655,0
1655,1555,1
1655,1654,0.52177327871322632
1655,1786,0.27791446447372437
1655,350,0.23674632608890533
1655,1371,0.23040063679218292
1655,1992,0.21836811304092407
1655,1188,0.19898003339767456
1655,264,0.18926402926445007
1655,1077,0.1855536550283432
1655,1276,0.17851363122463226
1655,1720,0.16981624066829681
1655,505,0.16914674639701843
1655,348,0.16626128554344177
1655,1200,0.164144366979599
1656,1656,0
1656,1054,1
1656,7,0.76948827505111694
1656,467,0.70067870616912842
1656,1910,0.27183756232261658
1656,213,0.22442765533924103
1656,338,0.151778444647789
1656,250,0.1332981139421463
1656,405,0.12415061146020889
1656,1998,0.11260631680488586
1656,44,0.10480041801929474
1656,1309,0.083607427775859833
1656,1955,0.080516219139099121
1656,448,0.080051891505718231
1656,883,0.069649554789066315
1657,1657,0
1657,1046,1
1657,1990,0.48689225316047668
1657,57,0.3993983268737793
1657,1727,0.36296913027763367
1657,171,0.24296228587627411
1657,815,0.21590013802051544
1657,1544,0.20092327892780304
1657,1223,0.19715858995914459
1657,1585,0.1826338917016983
1657,1594,0.15818426012992859
1657,1071,0.12656863033771515
1657,45,0.11971140652894974
1657,66,0.1099361851811409
1657,271,0.10364867746829987
1658,1658,0
1658,566,1
1658,1678,0.79383337497711182
1658,1672,0.46366897225379944
1658,511,0.36745631694793701
1658,680,0.30253154039382935
1658,420,0.17396984994411469
1658,376,0.16987033188343048
1658,490,0.15907515585422516
1658,1180,0.095871903002262115
1658,1469,0.087982714176177979
1658,435,0.083833940327167511
1658,1364,0.075773321092128754
1658,756,0.068260326981544495
1658,1902,0.064769059419631958
1659,1659,0
1659,1050,1
1659,1194,0.8795972466468811
1659,274,0.30047211050987244
1659,207,0.2965952455997467
1659,487,0.28518661856651306
1659,22,0.2559971809387207
1659,397,0.20959484577178955
1659,286,0.17347165942192078
1659,970,0.14260193705558777
1659,1759,0.13899694383144379
1659,615,0.067740768194198608
1659,1266,0.055798474699258804
1659,1615,0.051676034927368164
1659,1883,0.049154572188854218
1660,1660,0
1660,525,1
1660,1096,0.67924344539642334
1660,523,0.37260571122169495
1660,1651,0.25212037563323975
1660,1219,0.20720784366130829
1660,788,0.20406576991081238
1660,1080,0.20323725044727325
1660,243,0.19155368208885193
1660,829,0.1823878139257431
1660,1092,0.17486642301082611
1660,1283,0.14118829369544983
1660,1681,0.11851316690444946
1660,242,0.091101668775081635
1660,62,0.088792674243450165
1661,1661,0
1661,609,1
1661,1450,0.96133232116699219
1661,183,0.54474353790283203
1661,1397,0.2829260528087616
1661,976,0.19193629920482635
1661,340,0.16054801642894745
1661,298,0.15042503178119659
1661,1777,0.14639957249164581
1661,359,0.098680004477500916
1661,1082,0.08459840714931488
1661,1389,0.079485133290290833
1661,401,0.069405443966388702
1661,903,0.069118626415729523
1661,469,0.06728227436542511
1662,1662,0
1662,1285,1
1662,1744,0.58183407783508301
1662,1704,0.47452288866043091
1662,1943,0.4733521044254303
1662,510,0.28396931290626526
1662,1850,0.22970671951770782
1662,1530,0.15755286812782288
1662,1264,0.13668523728847504
1662,346,0.12501075863838196
1662,473,0.10502446442842484
1662,887,0.10224831849336624
1662,531,0.097438149154186249
1662,1440,0.09511856734752655
1662,731,0.044418551027774811
1663,1663,0
1663,1270,1
1663,424,0.68321061134338379
1663,1635,0.41221100091934204
1663,1536,0.41188943386077881
1663,514,0.36490732431411743
1663,444,0.22420725226402283
1663,333,0.18057869374752045
1663,1859,0.1733555793762207
1663,1511,0.16357290744781494
1663,107,0.11430352181196213
1663,1285,0.056744154542684555
1663,704,0.053583893924951553
1663,539,0.044641334563493729
1663,1479,0.023692537099123001
1664,1664,0
1664,957,1
1664,828,0.69311004877090454
1664,1405,0.36735150218009949
1664,1586,0.30632930994033813
1664,1927,0.24796079099178314
1664,1720,0.232137531042099
1664,661,0.21051013469696045
1664,255,0.18974344432353973
1664,1669,0.16126090288162231
1664,789,0.15612849593162537
1664,415,0.10278616100549698
1664,1602,0.087485507130622864
1664,1362,0.079964257776737213
1664,269,0.072128824889659882
1665,1665,0
1665,661,1
1665,415,0.41651412844657898
1665,396,0.41496118903160095
1665,1681,0.26765215396881104
1665,1725,0.22692224383354187
1665,1116,0.19967988133430481
1665,523,0.19747374951839447
1665,340,0.19672828912734985
1665,1557,0.16821365058422089
1665,1405,0.16780322790145874
1665,351,0.16696837544441223
1665,382,0.16344937682151794
1665,1777,0.1616923063993454
1665,1873,0.15884102880954742
1666,1666,0
1666,1449,1
1666,722,0.98892158269882202
1666,905,0.64669877290725708
1666,687,0.50357300043106079
1666,1534,0.19422583281993866
1666,107,0.1071140393614769
1666,678,0.094013474881649017
1666,1183,0.067585490643978119
1666,444,0.056261185556650162
1666,1335,0.054847955703735352
1666,608,0.049830224364995956
1666,478,0.049010574817657471
1666,1270,0.047424517571926117
1666,1328,0.047388903796672821
1667,1667,0
1667,910,1
1667,393,0.64256685972213745
1667,377,0.42666754126548767
1667,316,0.38550218939781189
1667,1201,0.37249472737312317
1667,1043,0.306589275598526
1667,1218,0.1582612544298172
1667,1222,0.12498468160629272
1667,918,0.11465559154748917
1667,208,0.10648614913225174
1667,1089,0.084200449287891388
1667,1794,0.066770248115062714
1667,638,0.059845700860023499
1667,427,0.057863056659698486
1668,1668,0
1668,408,1
1668,1495,0.90042537450790405
1668,1780,0.30453017354011536
1668,1148,0.29528790712356567
1668,1071,0.23226982355117798
1668,1401,0.19641414284706116
1668,1775,0.19506765902042389
1668,1127,0.18306954205036163
1668,1858,0.15814000368118286
1668,1600,0.1303924024105072
1668,66,0.11788897961378098
1668,409,0.077866487205028534
1668,1862,0.060031890869140625
1668,1041,0.055515792220830917
1669,1669,0
1669,1967,1
1669,856,0.93318063020706177
1669,1586,0.85734814405441284
1669,1094,0.83475339412689209
1669,1276,0.26872110366821289
1669,654,0.0055979425087571144
1669,294,0.0044561619870364666
1669,1548,0.00073089794022962451
1669,415,0.00069675990380346775
1669,340,0.00037916406290605664
1669,1318,0.00037885972415097058
1669,450,0.00037589939893223345
1669,255,0.00018523797916714102
1669,1777,8.3484301285352558e-05
1670,1670,0
1670,1383,1
1670,1158,0.81562483310699463
1670,158,0.68388152122497559
1670,1771,0.18514737486839294
1670,944,0.18433791399002075
1670,822,0.16594694554805756
1670,1882,0.14578002691268921
1670,352,0.13734465837478638
1670,132,0.12947121262550354
1670,831,0.1232457160949707
1670,1340,0.093989335000514984
1670,1543,0.092549972236156464
1670,1685,0.081657283008098602
1670,1209,0.067919269204139709
1671,1671,0
1671,351,1
1671,469,0.56545227766036987
1671,1607,0.44101247191429138
1671,1056,0.29953306913375854
1671,970,0.25193774700164795
1671,845,0.25000244379043579
1671,599,0.2375527024269104
1671,233,0.17177900671958923
1671,56,0.14900057017803192
1671,465,0.1213735044002533
1671,1615,0.11920424550771713
1671,903,0.11309395730495453
1671,1074,0.10107774287462234
1671,1922,0.085869796574115753
1672,1672,0
1672,1180,1
1672,680,0.94646584987640381
1672,1840,0.32266059517860413
1672,985,0.22404985129833221
1672,435,0.20620536804199219
1672,1649,0.19578640162944794
1672,657,0.17749097943305969
1672,364,0.135149747133255
1672,1852,0.12678766250610352
1672,1364,0.11888307332992554
1672,425,0.11708967387676239
1672,376,0.11439837515354156
1672,72,0.11342182010412216
1672,303,0.10849595069885254
1673,1673,0
1673,1545,1
1673,267,0.67740768194198608
1673,419,0.6707756519317627
1673,1460,0.31910470128059387
1673,1999,0.2132602334022522
1673,396,0.16544359922409058
1673,546,0.13450385630130768
1673,829,0.12610873579978943
1673,1873,0.11817207932472229
1673,661,0.11094889044761658
1673,626,0.10732309520244598
1673,1651,0.10429926961660385
1673,62,0.08193080872297287
1673,1628,0.077619299292564392
1674,1674,0
1674,1314,1
1674,601,0.75258022546768188
1674,753,0.65182197093963623
1674,1512,0.40047389268875122
1674,58,0.37922632694244385
1674,762,0.12009324133396149
1674,218,0.11893884092569351
1674,1349,0.089401587843894958
1674,1506,0.084313005208969116
1674,849,0.076780110597610474
1674,237,0.065610706806182861
1674,1619,0.062933288514614105
1674,1285,0.053436286747455597
1674,1663,0.0512830950319767
1675,1675,0
1675,768,1
1675,268,0.35498625040054321
1675,339,0.34886634349822998
1675,1923,0.32665956020355225
1675,851,0.32554140686988831
1675,1933,0.2413502037525177
1675,163,0.2244475781917572
1675,614,0.20337177813053131
1675,1871,0.19663228094577789
1675,885,0.19479992985725403
1675,1624,0.13820905983448029
1675,398,0.12991851568222046
1675,1520,0.11705855280160904
1675,99,0.10504452139139175
1676,1676,0
1676,1890,1
1676,1190,0.77715766429901123
1676,1478,0.34211406111717224
1676,999,0.22512894868850708
1676,1642,0.22365555167198181
1676,1314,0.2172262966632843
1676,1809,0.21003255248069763
1676,995,0.18891496956348419
1676,1182,0.16808030009269714
1676,1100,0.15538695454597473
1676,871,0.11532794684171677
1676,769,0.095788873732089996
1676,1476,0.09562624990940094
1676,58,0.092451013624668121
1677,1677,0
1677,1366,1
1677,707,0.7788960337638855
1677,518,0.38287517428398132
1677,506,0.30149713158607483
1677,520,0.21309418976306915
1677,1565,0.17487131059169769
1677,1644,0.15582622587680817
1677,1817,0.14383271336555481
1677,513,0.14106281101703644
1677,17,0.13994134962558746
1677,896,0.1344873458147049
1677,1632,0.12161462008953094
1677,1953,0.11542259901762009
1677,1806,0.1034642681479454
1678,1678,0
1678,306,1
1678,1902,0.89855808019638062
1678,1633,0.28951346874237061
1678,708,0.27942115068435669
1678,1469,0.27867391705513
1678,131,0.26858577132225037
1678,566,0.21845744550228119
1678,912,0.15592174232006073
1678,1921,0.13511118292808533
1678,1617,0.084243662655353546
1678,1709,0.082077324390411377
1678,227,0.078807629644870758
1678,425,0.070395126938819885
1678,1027,0.067128643393516541
1679,1679,0
1679,90,1
1679,1165,0.46927830576896667
1679,212,0.46404466032981873
1679,1777,0.37818074226379395
1679,1615,0.32853835821151733
1679,491,0.30265983939170837
1679,109,0.19071052968502045
1679,1012,0.15012522041797638
1679,79,0.1319916844367981
1679,479,0.11986242979764938
1679,1053,0.11768633872270584
1679,970,0.087651774287223816
1679,689,0.083307921886444092
1679,1967,0.082850091159343719
1680,1680,0
1680,579,1
1680,1324,0.56554430723190308
1680,257,0.24207499623298645
1680,625,0.23653990030288696
1680,1978,0.22666437923908234
1680,240,0.22485630214214325
1680,560,0.21936438977718353
1680,1792,0.21231025457382202
1680,593,0.19362905621528625
1680,1531,0.18191048502922058
1680,1773,0.17437650263309479
1680,303,0.14930114150047302
1680,225,0.14182263612747192
1680,605,0.13849404454231262
1681,1681,0
1681,1092,1
1681,546,0.48325428366661072
1681,1767,0.27636998891830444
1681,523,0.26736050844192505
1681,243,0.25369763374328613
1681,1665,0.25032621622085571
1681,1080,0.21529532968997955
1681,1457,0.21345025300979614
1681,1568,0.21082918345928192
1681,1219,0.20473089814186096
1681,1725,0.17375467717647552
1681,469,0.13478098809719086
1681,62,0.11177852749824524
1681,1651,0.11125621199607849
1682,1682,0
1682,257,1
1682,796,0.50210928916931152
1682,1505,0.41799694299697876
1682,93,0.36271685361862183
1682,1425,0.29830557107925415
1682,732,0.26242923736572266
1682,151,0.2242652028799057
1682,715,0.22006261348724365
1682,452,0.17192515730857849
1682,981,0.11948833614587784
1682,1798,0.11455500870943069
1682,1149,0.08217274397611618
1682,588,0.068215832114219666
1682,777,0.062647201120853424
1683,1683,0
1683,117,1
1683,5,0.68990159034729004
1683,227,0.37199801206588745
1683,1345,0.25000950694084167
1683,288,0.24210160970687866
1683,936,0.2337813526391983
1683,879,0.16161972284317017
1683,1678,0.15745171904563904
1683,1958,0.15396425127983093
1683,1491,0.14359088242053986
1683,812,0.12957975268363953
1683,306,0.12842325866222382
1683,196,0.12250068038702011
1683,303,0.12196093797683716
1684,1684,0
1684,568,1
1684,649,0.70958560705184937
1684,1283,0.60836446285247803
1684,1378,0.457479327917099
1684,341,0.21887962520122528
1684,243,0.1699734628200531
1684,1651,0.13640829920768738
1684,1604,0.10645228624343872
1684,1096,0.089240677654743195
1684,1581,0.086453139781951904
1684,1556,0.085889555513858795
1684,1184,0.085051685571670532
1684,1107,0.077538102865219116
1684,1928,0.075582660734653473
1685,1685,0
1685,1305,1
1685,754,0.39190191030502319
1685,414,0.32100984454154968
1685,101,0.28573578596115112
1685,400,0.27584922313690186
1685,1644,0.22829999029636383
1685,1760,0.2189592719078064
1685,354,0.20128370821475983
1685,1066,0.19796277582645416
1685,520,0.18856644630432129
1685,1564,0.17366677522659302
1685,517,0.16677725315093994
1685,822,0.1457710862159729
1685,345,0.11110389977693558
1686,1686,0
1686,879,1
1686,1722,0.35049837827682495
1686,1964,0.29149636626243591
1686,1324,0.2814691960811615
1686,1086,0.25443270802497864
1686,906,0.22691375017166138
1686,1782,0.22649699449539185
1686,1599,0.21834772825241089
1686,578,0.20310166478157043
1686,27,0.19762739539146423
1686,257,0.17298537492752075
1686,665,0.16910530626773834
1686,5,0.15723344683647156
1686,579,0.15717443823814392
1687,1687,0
1687,342,1
1687,1338,0.50646328926086426
1687,1695,0.33195462822914124
1687,1467,0.31432479619979858
1687,1534,0.31037634611129761
1687,1517,0.23066559433937073
1687,775,0.22597922384738922
1687,722,0.22500196099281311
1687,1935,0.15389098227024078
1687,858,0.13111786544322968
1687,922,0.12354632467031479
1687,444,0.12241058051586151
1687,1797,0.11579318344593048
1687,1834,0.11536847800016403
1688,1688,0
1688,1539,1
1688,621,0.56481486558914185
1688,1480,0.44605728983879089
1688,1235,0.43374001979827881
1688,790,0.28851580619812012
1688,940,0.27281999588012695
1688,1036,0.17187105119228363
1688,658,0.14492815732955933
1688,548,0.12516601383686066
1688,792,0.12428563088178635
1688,1376,0.099658116698265076
1688,1272,0.093523785471916199
1688,973,0.073910519480705261
1688,241,0.067604318261146545
1689,1689,0
1689,248,1
1689,1458,0.90153563022613525
1689,1437,0.42656424641609192
1689,1199,0.25382605195045471
1689,410,0.24459855258464813
1689,796,0.1504368782043457
1689,746,0.14184460043907166
1689,1522,0.13832472264766693
1689,226,0.13680781424045563
1689,418,0.12905487418174744
1689,1083,0.11820103973150253
1689,452,0.10095325112342834
1689,1361,0.083427004516124725
1689,1499,0.081308804452419281
1690,1690,0
1690,1855,1
1690,903,0.84401684999465942
1690,1116,0.4314379096031189
1690,572,0.39038822054862976
1690,505,0.33555561304092407
1690,1371,0.32671293616294861
1690,209,0.1094098761677742
1690,1922,0.099678099155426025
1690,1787,0.092502541840076447
1690,351,0.065166331827640533
1690,124,0.063364334404468536
1690,1546,0.05826229602098465
1690,1034,0.047771409153938293
1690,1256,0.042617972940206528
1691,1691,0
1691,1337,1
1691,446,0.9463081955909729
1691,1810,0.72812587022781372
1691,1646,0.44607925415039062
1691,158,0.21298699080944061
1691,598,0.14938321709632874
1691,1538,0.11959028244018555
1691,521,0.11379911750555038
1691,604,0.085309684276580811
1691,822,0.044323965907096863
1691,564,0.038664225488901138
1691,873,0.015785424038767815
1691,1026,0.0062400507740676403
1691,1920,0.00028786086477339268
1692,1692,0
1692,1360,1
1692,1449,0.58662688732147217
1692,1468,0.49395433068275452
1692,1328,0.34865319728851318
1692,1525,0.23323220014572144
1692,107,0.21138685941696167
1692,157,0.1832297295331955
1692,1265,0.14109256863594055
1692,346,0.13678984344005585
1692,164,0.12666384875774384
1692,951,0.11793235689401627
1692,1466,0.11500750482082367
1692,1123,0.10921970009803772
1692,1666,0.10309314727783203
1693,1693,0
1693,442,1
1693,1332,0.70607906579971313
1693,388,0.49606162309646606
1693,1834,0.22049888968467712
1693,1442,0.21128349006175995
1693,1821,0.20495480298995972
1693,948,0.18773765861988068
1693,1416,0.18538297712802887
1693,1828,0.15987662971019745
1693,639,0.14120097458362579
1693,178,0.13327008485794067
1693,709,0.10393151640892029
1693,444,0.078721940517425537
1693,1863,0.077886462211608887
1694,1694,0
1694,1583,1
1694,472,0.45357337594032288
1694,152,0.31172981858253479
1694,1811,0.30547711253166199
1694,1865,0.26660516858100891
1694,1521,0.25424334406852722
1694,854,0.21843557059764862
1694,1287,0.18590724468231201
1694,475,0.18263643980026245
1694,1121,0.1686614602804184
1694,899,0.15343715250492096
1694,1812,0.13823786377906799
1694,23,0.13724717497825623
1694,575,0.13069832324981689
1695,1695,0
1695,858,1
1695,531,0.52309036254882812
1695,444,0.3908115029335022
1695,296,0.27765664458274841
1695,878,0.27527362108230591
1695,969,0.26929327845573425
1695,1259,0.17857837677001953
1695,731,0.17818728089332581
1695,1635,0.15243788063526154
1695,333,0.14116542041301727
1695,285,0.13513918220996857
1695,1938,0.13250860571861267
1695,1935,0.12718284130096436
1695,922,0.12555983662605286
1696,1696,0
1696,590,1
1696,866,0.68980681896209717
1696,1081,0.60912740230560303
1696,666,0.60435128211975098
1696,1936,0.33355462551116943
1696,1715,0.19627448916435242
1696,1918,0.11769261956214905
1696,988,0.110101118683815
1696,1807,0.059715457260608673
1696,841,0.044723097234964371
1696,194,0.042169943451881409
1696,1418,0.036170922219753265
1696,585,0.034912031143903732
1696,459,0.028286576271057129
1697,1697,0
1697,693,1
1697,1099,0.47950831055641174
1697,1224,0.44623333215713501
1697,1343,0.39077714085578918
1697,322,0.21543677151203156
1697,304,0.21320803463459015
1697,868,0.17953082919120789
1697,1329,0.16749660670757294
1697,210,0.16086244583129883
1697,883,0.15942950546741486
1697,1982,0.14494605362415314
1697,1924,0.12519752979278564
1697,1907,0.11310172080993652
1697,1972,0.11116547882556915
1698,1698,0
1698,1170,1
1698,1144,0.6931922435760498
1698,1216,0.30551505088806152
1698,1988,0.29450559616088867
1698,302,0.28442275524139404
1698,95,0.22285285592079163
1698,272,0.20019291341304779
1698,1365,0.19672843813896179
1698,1849,0.19422376155853271
1698,37,0.16144923865795135
1698,785,0.11336737126111984
1698,1915,0.10329663753509521
1698,1406,0.072691395878791809
1698,1417,0.064446933567523956
1699,1699,0
1699,1617,1
1699,1010,0.91525793075561523
1699,425,0.43220686912536621
1699,1638,0.27489489316940308
1699,811,0.22941771149635315
1699,1036,0.1494087427854538
1699,729,0.14883309602737427
1699,1562,0.14860177040100098
1699,15,0.13548456132411957
1699,1902,0.13250917196273804
1699,818,0.10741826891899109
1699,1505,0.096150942146778107
1699,1649,0.082713432610034943
1699,288,0.05398520827293396
1700,1700,0
1700,2,1
1700,1303,0.33594560623168945
1700,1330,0.29265740513801575
1700,411,0.24152602255344391
1700,865,0.23626263439655304
1700,62,0.21308520436286926
1700,568,0.21024090051651001
1700,1283,0.2087322473526001
1700,618,0.2028515487909317
1700,1781,0.20113050937652588
1700,1260,0.19899715483188629
1700,1122,0.19520546495914459
1700,1253,0.18883976340293884
1700,1651,0.18142245709896088
1701,1701,0
1701,1361,1
1701,509,0.58256548643112183
1701,410,0.57104712724685669
1701,662,0.25493371486663818
1701,1441,0.2281198650598526
1701,418,0.21907062828540802
1701,773,0.21736606955528259
1701,959,0.18951793015003204
1701,1347,0.18147864937782288
1701,1178,0.14852160215377808
1701,578,0.08159705251455307
1701,225,0.078788198530673981
1701,1750,0.076960466802120209
1701,27,0.07691897451877594
1702,1702,0
1702,235,1
1702,163,0.76637601852416992
1702,1881,0.4574524462223053
1702,339,0.22229401767253876
1702,1675,0.18268510699272156
1702,1120,0.16300031542778015
1702,1477,0.15555138885974884
1702,1632,0.14500811696052551
1702,1343,0.14498580992221832
1702,389,0.14491738379001617
1702,743,0.13809265196323395
1702,1577,0.13594016432762146
1702,55,0.12715455889701843
1702,714,0.12342323362827301
1703,1703,0
1703,1070,1
1703,1422,0.53542977571487427
1703,1871,0.35383373498916626
1703,1565,0.28234130144119263
1703,1251,0.25478905439376831
1703,520,0.20122392475605011
1703,614,0.1973310261964798
1703,1892,0.19340889155864716
1703,1133,0.17336925864219666
1703,112,0.15807019174098969
1703,171,0.1508939266204834
1703,768,0.14569000899791718
1703,518,0.13868358731269836
1703,1677,0.12182100862264633
1704,1704,0
1704,531,1
1704,678,0.44680160284042358
1704,1530,0.26586195826530457
1704,1248,0.25875374674797058
1704,731,0.24908478558063507
1704,1943,0.22529228031635284
1704,1007,0.21675698459148407
1704,444,0.19645817577838898
1704,25,0.18924188613891602
1704,429,0.18503977358341217
1704,1695,0.17599028348922729
1704,1662,0.17111665010452271
1704,687,0.16462743282318115
1704,1635,0.16185860335826874
1705,1705,0
1705,363,1
1705,355,0.44694784283638
1705,743,0.41878795623779297
1705,1267,0.34385502338409424
1705,807,0.32860219478607178
1705,815,0.24891825020313263
1705,536,0.22685568034648895
1705,235,0.153056800365448
1705,1337,0.15078665316104889
1705,1675,0.12985055148601532
1705,1702,0.12378795444965363
1705,283,0.11337432265281677
1705,1979,0.11218822747468948
1705,1866,0.10988409072160721
1706,1706,0
1706,955,1
1706,998,0.81833386421203613
1706,464,0.57172638177871704
1706,74,0.31277081370353699
1706,41,0.21526962518692017
1706,1961,0.19925026595592499
1706,1359,0.18614871799945831
1706,111,0.18591779470443726
1706,747,0.093808315694332123
1706,1109,0.093418017029762268
1706,768,0.074713960289955139
1706,271,0.062359727919101715
1706,1459,0.053617756813764572
1706,172,0.039560731500387192
1707,1707,0
1707,1451,1
1707,790,0.49683427810668945
1707,875,0.39741861820220947
1707,1842,0.34536391496658325
1707,35,0.28505778312683105
1707,1345,0.26434704661369324
1707,484,0.25480234622955322
1707,498,0.18403565883636475
1707,1380,0.13196204602718353
1707,532,0.12105754017829895
1707,1480,0.11823272705078125
1707,77,0.11292948573827744
1707,1808,0.10134607553482056
1707,548,0.093498677015304565
1708,1708,0
1708,492,1
1708,354,0.82388710975646973
1708,494,0.66696703433990479
1708,960,0.36416167020797729
1708,448,0.31486737728118896
1708,28,0.16961011290550232
1708,1401,0.15249092876911163
1708,400,0.14989085495471954
1708,1959,0.065177828073501587
1708,1948,0.057991597801446915
1708,250,0.044348984956741333
1708,224,0.036036983132362366
1708,41,0.0325009785592556
1708,914,0.028963938355445862
1709,1709,0
1709,1950,1
1709,1049,0.91134029626846313
1709,713,0.90352237224578857
1709,1272,0.30290013551712036
1709,73,0.22297631204128265
1709,912,0.10073414444923401
1709,1475,0.099078819155693054
1709,306,0.076206415891647339
1709,1678,0.05442548543214798
1709,981,0.052869141101837158
1709,328,0.049916643649339676
1709,77,0.049126945436000824
1709,1027,0.044655714184045792
1709,613,0.039144020527601242
1710,1710,0
1710,1456,1
1710,1454,0.50924426317214966
1710,44,0.34064006805419922
1710,1535,0.30367419123649597
1710,1245,0.29381105303764343
1710,250,0.2573845386505127
1710,526,0.24099496006965637
1710,1596,0.22594256699085236
1710,1924,0.22542271018028259
1710,1359,0.16082170605659485
1710,431,0.099620960652828217
1710,339,0.093434438109397888
1710,877,0.089154191315174103
1710,203,0.066741026937961578
1711,1711,0
1711,1023,1
1711,1338,0.91394519805908203
1711,917,0.65438765287399292
1711,342,0.26461967825889587
1711,1088,0.14111247658729553
1711,878,0.13350185751914978
1711,1444,0.12189044803380966
1711,60,0.11547005176544189
1711,1058,0.10691036283969879
1711,1084,0.10572618246078491
1711,1439,0.095707103610038757
1711,1292,0.089125730097293854
1711,631,0.085036315023899078
1711,1467,0.0794554203748703
1712,1712,0
1712,1988,1
1712,1406,0.41390630602836609
1712,1155,0.37452700734138489
1712,1098,0.35540059208869934
1712,1698,0.33866968750953674
1712,1075,0.27802225947380066
1712,1144,0.22500555217266083
1712,738,0.19362464547157288
1712,85,0.177780881524086
1712,1755,0.15064793825149536
1712,1494,0.1352229118347168
1712,302,0.097406372427940369
1712,1583,0.08836674690246582
1712,757,0.07831188291311264
1713,1713,0
1713,1827,1
1713,1639,0.8955615758895874
1713,294,0.61709016561508179
1713,1396,0.21448668837547302
1713,992,0.21028037369251251
1713,455,0.2101457267999649
1713,550,0.14563363790512085
1713,1230,0.13215501606464386
1713,1094,0.10704891383647919
1713,382,0.091508790850639343
1713,1592,0.086688019335269928
1713,622,0.073492050170898438
1713,1548,0.066390752792358398
1713,1460,0.056413542479276657
1714,1714,0
1714,1413,1
1714,401,0.54318904876708984
1714,1219,0.5047336220741272
1714,75,0.39768719673156738
1714,530,0.35488384962081909
1714,124,0.28334382176399231
1714,671,0.16791422665119171
1714,1546,0.1577625572681427
1714,183,0.11239801347255707
1714,972,0.094180159270763397
1714,1450,0.092028886079788208
1714,976,0.076187431812286377
1714,359,0.062002532184123993
1714,1725,0.060578636825084686
1715,1715,0
1715,401,1
1715,1069,0.53465747833251953
1715,1696,0.52901381254196167
1715,1268,0.39496004581451416
1715,1219,0.32083755731582642
1715,861,0.22731739282608032
1715,194,0.16212411224842072
1715,1030,0.13979645073413849
1715,359,0.11734496802091599
1715,1081,0.11418008804321289
1715,1283,0.10565312951803207
1715,1774,0.10265874117612839
1715,242,0.080065503716468811
1715,590,0.078277647495269775
1716,1716,0
1716,1425,1
1716,964,0.82572829723358154
1716,452,0.25585678219795227
1716,1630,0.24761795997619629
1716,1975,0.22991426289081573
1716,507,0.20158353447914124
1716,915,0.19970223307609558
1716,1682,0.19488020241260529
1716,1766,0.19095650315284729
1716,746,0.16082592308521271
1716,246,0.11093460768461227
1716,1791,0.10686472058296204
1716,1578,0.10616780072450638
1716,1622,0.075852274894714355
1717,1717,0
1717,1002,1
1717,1206,0.44551530480384827
1717,1976,0.37676888704299927
1717,1907,0.29839217662811279
1717,968,0.2901860773563385
1717,1518,0.26414120197296143
1717,1039,0.21489742398262024
1717,1239,0.16897886991500854
1717,481,0.16383910179138184
1717,374,0.1542714536190033
1717,840,0.13614711165428162
1717,190,0.13606919348239899
1717,883,0.1300230473279953
1717,349,0.12765739858150482
1718,1718,0
1718,100,1
1718,607,0.30737748742103577
1718,129,0.26666593551635742
1718,1113,0.23559115827083588
1718,238,0.22886693477630615
1718,1136,0.22762018442153931
1718,1467,0.21471303701400757
1718,365,0.21229338645935059
1718,969,0.21192893385887146
1718,370,0.20921410620212555
1718,1733,0.2057950347661972
1718,342,0.19794578850269318
1718,1588,0.19560015201568604
1718,1893,0.19328635931015015
1719,1719,0
1719,1143,1
1719,805,0.4069962203502655
1719,46,0.30956920981407166
1719,1183,0.30519026517868042
1719,1282,0.29575225710868835
1719,119,0.28919857740402222
1719,1911,0.21992312371730804
1719,834,0.19559168815612793
1719,516,0.17242421209812164
1719,1238,0.16259248554706573
1719,748,0.15313008427619934
1719,1265,0.14733554422855377
1719,1816,0.13625679910182953
1719,709,0.11292219161987305
1720,1720,0
1720,255,1
1720,716,0.57198286056518555
1720,957,0.26517722010612488
1720,1581,0.22678998112678528
1720,499,0.21746453642845154
1720,1786,0.21212819218635559
1720,56,0.21094077825546265
1720,568,0.19984188675880432
1720,415,0.1885857880115509
1720,1584,0.18224774301052094
1720,62,0.16607439517974854
1720,1330,0.16171234846115112
1720,341,0.15240788459777832
1720,350,0.1515362560749054
1721,1721,0
1721,1107,1
1721,1581,0.93026053905487061
1721,828,0.66664755344390869
1721,957,0.6149027943611145
1721,1786,0.30125781893730164
1721,1356,0.19253288209438324
1721,966,0.10746576637029648
1721,1602,0.077381730079650879
1721,766,0.006182477343827486
1721,1254,0.0053867446258664131
1721,326,0.0042421151883900166
1721,649,0.00037596680340357125
1721,1548,0.00014140410348773003
1721,1956,0.00011537248792592436
1722,1722,0
1722,879,1
1722,1686,0.46828526258468628
1722,1108,0.44309365749359131
1722,1782,0.32419788837432861
1722,1227,0.30226120352745056
1722,1086,0.24965494871139526
1722,906,0.16613778471946716
1722,5,0.15539920330047607
1722,458,0.14013990759849548
1722,665,0.13879340887069702
1722,1964,0.1383509635925293
1722,1973,0.12987792491912842
1722,1945,0.1284899115562439
1722,758,0.12220945954322815
1723,1723,0
1723,983,1
1723,591,0.58710980415344238
1723,1603,0.4711308479309082
1723,313,0.37491491436958313
1723,319,0.37094327807426453
1723,570,0.296062171459198
1723,1803,0.1734635978937149
1723,1395,0.17324928939342499
1723,322,0.089945487678050995
1723,594,0.08976050466299057
1723,705,0.085045747458934784
1723,1580,0.070630744099617004
1723,1849,0.063644647598266602
1723,1402,0.06099943071603775
1724,1724,0
1724,1507,1
1724,1642,0.36296984553337097
1724,291,0.30734574794769287
1724,327,0.28842476010322571
1724,871,0.27659311890602112
1724,1207,0.25430971384048462
1724,218,0.20197489857673645
1724,565,0.20088358223438263
1724,200,0.1938832700252533
1724,87,0.19069641828536987
1724,697,0.16397193074226379
1724,600,0.16317790746688843
1724,58,0.15279971063137054
1724,1478,0.14986345171928406
1725,1725,0
1725,62,1
1725,523,0.50391054153442383
1725,1651,0.36770591139793396
1725,340,0.36360812187194824
1725,1855,0.31954613327980042
1725,976,0.300525963306427
1725,415,0.213107630610466
1725,1122,0.15309992432594299
1725,1829,0.13890343904495239
1725,1546,0.13761039078235626
1725,1681,0.11294351518154144
1725,1665,0.10409906506538391
1725,1116,0.097707070410251617
1725,1219,0.094124890863895416
1726,1726,0
1726,72,1
1726,239,0.40076982975006104
1726,855,0.32629290223121643
1726,1621,0.27553468942642212
1726,1840,0.27378299832344055
1726,1240,0.27370050549507141
1726,680,0.22634869813919067
1726,1672,0.20135803520679474
1726,657,0.18229740858078003
1726,544,0.1660190224647522
1726,1004,0.15532466769218445
1726,1488,0.14838139712810516
1726,364,0.14221131801605225
1726,1630,0.13486677408218384
1727,1727,0
1727,102,1
1727,1594,0.57773035764694214
1727,1657,0.25613129138946533
1727,1865,0.23412896692752838
1727,1543,0.22905546426773071
1727,556,0.22566765546798706
1727,352,0.21603548526763916
1727,408,0.18815311789512634
1727,1780,0.18676573038101196
1727,675,0.17447845637798309
1727,1884,0.16853630542755127
1727,271,0.15520063042640686
1727,1961,0.14797596633434296
1727,1544,0.14702552556991577
1728,1728,0
1728,1471,1
1728,655,0.34112057089805603
1728,38,0.31459742784500122
1728,1604,0.29770287871360779
1728,1936,0.2789689302444458
1728,1273,0.23176941275596619
1728,1283,0.22079630196094513
1728,1253,0.20392796397209167
1728,242,0.19484409689903259
1728,844,0.1764947921037674
1728,1684,0.17317391932010651
1728,1262,0.16722708940505981
1728,942,0.15359759330749512
1728,466,0.15267814695835114
1729,1729,0
1729,704,1
1729,1514,0.31946218013763428
1729,1391,0.31925845146179199
1729,776,0.31846883893013
1729,692,0.30876857042312622
1729,333,0.28331455588340759
1729,1536,0.23585864901542664
1729,798,0.186184361577034
1729,1567,0.17562286555767059
1729,1079,0.17401961982250214
1729,1663,0.16254882514476776
1729,1776,0.14635086059570312
1729,1411,0.14144942164421082
1729,141,0.13557888567447662
1730,1730,0
1730,1016,1
1730,703,0.55202090740203857
1730,103,0.3889448344707489
1730,424,0.35920852422714233
1730,437,0.31290781497955322
1730,884,0.28072097897529602
1730,892,0.23173941671848297
1730,381,0.19683955609798431
1730,1943,0.1843002587556839
1730,139,0.11349751055240631
1730,1930,0.098012082278728485
1730,1157,0.087841272354125977
1730,371,0.054265957325696945
1730,1515,0.046594135463237762
1731,1731,0
1731,1935,1
1731,308,0.9097282886505127
1731,220,0.50769239664077759
1731,371,0.36358368396759033
1731,1258,0.23654413223266602
1731,1635,0.19299899041652679
1731,1115,0.16186986863613129
1731,1931,0.11957588791847229
1731,860,0.075850412249565125
1731,1249,0.074673518538475037
1731,1468,0.073591023683547974
1731,1588,0.066342376172542572
1731,1411,0.062921881675720215
1731,333,0.061522297561168671
1732,1732,0
1732,1144,1
1732,210,0.43958649039268494
1732,95,0.43180176615715027
1732,1924,0.42581555247306824
1732,1454,0.37393715977668762
1732,1524,0.19782526791095734
1732,1406,0.17023718357086182
1732,1145,0.15694339573383331
1732,1061,0.14723332226276398
1732,1155,0.14103616774082184
1732,300,0.11495739221572876
1732,1988,0.10593926906585693
1732,960,0.10351522266864777
1732,152,0.098059996962547302
1733,1733,0
1733,1751,1
1733,370,0.43058046698570251
1733,1588,0.39063090085983276
1733,253,0.33589658141136169
1733,1218,0.3196292519569397
1733,157,0.3050762414932251
1733,308,0.20068535208702087
1733,1136,0.19295533001422882
1733,402,0.16135227680206299
1733,1731,0.14206452667713165
1733,1935,0.12561830878257751
1733,148,0.1183830127120018
1733,1323,0.09574638307094574
1733,663,0.088270224630832672
1734,1734,0
1734,358,1
1734,428,0.34876313805580139
1734,366,0.2948879599571228
1734,1761,0.27189120650291443
1734,1423,0.23416323959827423
1734,665,0.21086831390857697
1734,167,0.21030190587043762
1734,1233,0.20663034915924072
1734,792,0.20083488523960114
1734,1623,0.1987789124250412
1734,1840,0.1907476931810379
1734,1989,0.1905575692653656
1734,1861,0.1891666054725647
1734,1326,0.15930235385894775
1735,1735,0
1735,1056,1
1735,684,0.39918455481529236
1735,649,0.34086719155311584
1735,1187,0.28873628377914429
1735,1906,0.28213870525360107
1735,1999,0.27114537358283997
1735,1432,0.25115993618965149
1735,1462,0.22141459584236145
1735,351,0.18203504383563995
1735,1107,0.15748995542526245
1735,62,0.13425959646701813
1735,1651,0.13033208250999451
1735,1581,0.12917493283748627
1735,1607,0.11896132677793503
1736,1736,0
1736,1230,1
1736,125,0.62792342901229858
1736,530,0.47298410534858704
1736,1714,0.21717262268066406
1736,273,0.19990791380405426
1736,1460,0.19156980514526367
1736,4,0.17806851863861084
1736,1219,0.16053248941898346
1736,1413,0.15492041409015656
1736,523,0.15462245047092438
1736,1639,0.14757582545280457
1736,1546,0.13988883793354034
1736,455,0.13350650668144226
1736,124,0.12820841372013092
1737,1737,0
1737,1781,1
1737,1557,0.29958274960517883
1737,2,0.25969779491424561
1737,558,0.25583043694496155
1737,106,0.25119549036026001
1737,1700,0.24061968922615051
1737,723,0.23630842566490173
1737,1793,0.22511874139308929
1737,618,0.21948929131031036
1737,848,0.20203377306461334
1737,865,0.19110497832298279
1737,419,0.17834408581256866
1737,1851,0.17484799027442932
1737,215,0.17272031307220459
1738,1738,0
1738,1119,1
1738,1490,0.90366882085800171
1738,1591,0.38001865148544312
1738,1531,0.36676660180091858
1738,560,0.23029610514640808
1738,906,0.14969749748706818
1738,225,0.12909652292728424
1738,1798,0.12090501189231873
1738,996,0.1151714026927948
1738,777,0.11291960626840591
1738,1062,0.10813263803720474
1738,977,0.10430317372083664
1738,715,0.10388620942831039
1738,19,0.082037009298801422
1739,1739,0
1739,1198,1
1739,1891,0.66343873739242554
1739,1239,0.34954282641410828
1739,475,0.28469178080558777
1739,1395,0.22353413701057434
1739,133,0.21378031373023987
1739,883,0.16305115818977356
1739,84,0.16150553524494171
1739,1610,0.1584581732749939
1739,319,0.15591129660606384
1739,412,0.13556204736232758
1739,1600,0.13431824743747711
1739,1988,0.13313502073287964
1739,152,0.12995928525924683
1740,1740,0
1740,715,1
1740,874,0.74613463878631592
1740,1875,0.44928738474845886
1740,441,0.39014026522636414
1740,818,0.38593363761901855
1740,507,0.27968963980674744
1740,777,0.13399834930896759
1740,1840,0.10338218510150909
1740,657,0.092369712889194489
1740,1761,0.086950674653053284
1740,1773,0.069527044892311096
1740,658,0.062792457640171051
1740,325,0.054016854614019394
1740,1425,0.052674174308776855
1741,1741,0
1741,913,1
1741,1630,0.55611491203308105
1741,1161,0.48037046194076538
1741,979,0.32230988144874573
1741,364,0.23242528736591339
1741,1240,0.22882397472858429
1741,1773,0.19841015338897705
1741,749,0.15335658192634583
1741,1347,0.13860400021076202
1741,1789,0.1332351416349411
1741,198,0.12778700888156891
1741,746,0.11253836005926132
1741,1672,0.11160477250814438
1741,729,0.11130813509225845
1742,1742,0
1742,1334,1
1742,320,0.52028864622116089
1742,949,0.49362948536872864
1742,428,0.3624514639377594
1742,1481,0.27359473705291748
1742,1898,0.25770309567451477
1742,205,0.18597312271595001
1742,534,0.15501497685909271
1742,1645,0.13824263215065002
1742,86,0.10908694565296173
1742,1597,0.10864412039518356
1742,1281,0.10413230210542679
1742,792,0.10274647176265717
1742,1499,0.095383681356906891
1743,1743,0
1743,1493,1
1743,53,0.43268489837646484
1743,164,0.29042205214500427
1743,1853,0.29033413529396057
1743,220,0.27360570430755615
1743,922,0.24369928240776062
1743,1797,0.22821168601512909
1743,12,0.20433023571968079
1743,945,0.20176652073860168
1743,381,0.17649362981319427
1743,379,0.16135330498218536
1743,1930,0.13696755468845367
1743,437,0.1354544460773468
1743,731,0.13156534731388092
1744,1744,0
1744,1662,1
1744,1943,0.48628416657447815
1744,457,0.38143062591552734
1744,1704,0.36933264136314392
1744,1264,0.34629181027412415
1744,1893,0.26075580716133118
1744,429,0.18425299227237701
1744,1930,0.17787708342075348
1744,945,0.1776387095451355
1744,531,0.15332135558128357
1744,540,0.10622532665729523
1744,188,0.10541676729917526
1744,437,0.0802016481757164
1744,1399,0.077864073216915131
1745,1745,0
1745,886,1
1745,403,0.52230292558670044
1745,873,0.38131645321846008
1745,1979,0.33723166584968567
1745,1847,0.30472120642662048
1745,446,0.2463710755109787
1745,1646,0.2088419646024704
1745,1216,0.15765003859996796
1745,536,0.15708464384078979
1745,1799,0.14655143022537231
1745,1365,0.12853612005710602
1745,349,0.11143564432859421
1745,1580,0.10830390453338623
1745,1519,0.09654487669467926
1746,1746,0
1746,645,1
1746,1136,0.3676764965057373
1746,1277,0.31865474581718445
1746,775,0.27928072214126587
1746,905,0.24850012362003326
1746,1270,0.24773687124252319
1746,1529,0.22618575394153595
1746,1751,0.19514377415180206
1746,687,0.19463032484054565
1746,82,0.18334972858428955
1746,107,0.17834025621414185
1746,1467,0.16360311210155487
1746,1435,0.16106021404266357
1746,1896,0.14272503554821014
1747,1747,0
1747,1307,1
1747,849,0.45112907886505127
1747,1059,0.41465502977371216
1747,299,0.28056004643440247
1747,1342,0.25709232687950134
1747,1363,0.25129601359367371
1747,862,0.21824826300144196
1747,33,0.20913070440292358
1747,1619,0.20144738256931305
1747,876,0.19089721143245697
1747,1393,0.14934070408344269
1747,918,0.11027027666568756
1747,1886,0.099550709128379822
1747,1506,0.073263168334960938
1748,1748,0
1748,1776,1
1748,1444,0.67390567064285278
1748,402,0.54297101497650146
1748,1653,0.45115867257118225
1748,1605,0.39870420098304749
1748,1141,0.36013168096542358
1748,1003,0.30423039197921753
1748,1433,0.095073767006397247
1748,208,0.022801056504249573
1748,704,0.021456712856888771
1748,547,0.011393780820071697
1748,765,0.010036084800958633
1748,1115,0.0094670280814170837
1748,645,0.0055588595569133759
1749,1749,0
1749,1626,1
1749,47,0.71937894821166992
1749,636,0.27826690673828125
1749,1063,0.25784602761268616
1749,652,0.23899909853935242
1749,1191,0.20346330106258392
1749,1124,0.17615671455860138
1749,1462,0.17059558629989624
1749,1135,0.16917219758033752
1749,1310,0.15625709295272827
1749,1497,0.14201304316520691
1749,956,0.13851995766162872
1749,772,0.12976129353046417
1749,971,0.12645123898983002
1750,1750,0
1750,1178,1
1750,1347,0.29067999124526978
1750,711,0.28381174802780151
1750,605,0.24358612298965454
1750,746,0.2414029985666275
1750,328,0.23466500639915466
1750,875,0.22645293176174164
1750,1004,0.22303152084350586
1750,573,0.21459662914276123
1750,702,0.21380425989627838
1750,532,0.21351456642150879
1750,1981,0.17927075922489166
1750,980,0.171913743019104
1750,410,0.17015986144542694
1751,1751,0
1751,157,1
1751,1136,0.56757467985153198
1751,1947,0.34195169806480408
1751,1733,0.33530208468437195
1751,107,0.24660475552082062
1751,995,0.20566956698894501
1751,370,0.1715167760848999
1751,1352,0.16834329068660736
1751,1935,0.15851029753684998
1751,200,0.15119154751300812
1751,1449,0.14967857301235199
1751,1890,0.14897121489048004
1751,878,0.13239577412605286
1751,1809,0.12917613983154297
1752,1752,0
1752,203,1
1752,165,0.89365112781524658
1752,1600,0.8116612434387207
1752,1245,0.26893016695976257
1752,1948,0.20755258202552795
1752,1610,0.15534213185310364
1752,840,0.12100251019001007
1752,1243,0.095650099217891693
1752,1647,0.07958606630563736
1752,1148,0.066953346133232117
1752,1127,0.057492129504680634
1752,1564,0.056350134313106537
1752,517,0.049196332693099976
1752,1596,0.043519660830497742
1753,1753,0
1753,1106,1
1753,139,0.9748760461807251
1753,1841,0.88253116607666016
1753,1935,0.34985449910163879
1753,202,0.16210982203483582
1753,836,0.16157369315624237
1753,371,0.15242461860179901
1753,1511,0.07592783123254776
1753,381,0.056248698383569717
1753,925,0.031751576811075211
1753,1635,0.027940548956394196
1753,547,0.01448129303753376
1753,922,0.0094182649627327919
1753,1118,0.007744490634649992
1754,1754,0
1754,893,1
1754,1386,0.4271317720413208
1754,1031,0.39793932437896729
1754,370,0.37752938270568848
1754,1804,0.37499162554740906
1754,1100,0.20124803483486176
1754,1304,0.16954290866851807
1754,463,0.156410813331604
1754,1045,0.15222121775150299
1754,1171,0.14485812187194824
1754,71,0.13973906636238098
1754,1997,0.12988528609275818
1754,726,0.12226789444684982
1754,476,0.11313416808843613
1755,1755,0
1755,1521,1
1755,960,0.31949394941329956
1755,688,0.27044782042503357
1755,1865,0.25173011422157288
1755,1583,0.23269759118556976
1755,475,0.23264400660991669
1755,199,0.22855097055435181
1755,1694,0.21087576448917389
1755,1571,0.20009899139404297
1755,1198,0.1999000757932663
1755,770,0.19495457410812378
1755,738,0.19221995770931244
1755,1398,0.18991623818874359
1755,152,0.1833641529083252
1756,1756,0
1756,457,1
1756,1893,0.68939220905303955
1756,416,0.4131091833114624
1756,1963,0.38697600364685059
1756,769,0.38040462136268616
1756,1399,0.17165182530879974
1756,406,0.12674739956855774
1756,1341,0.12584227323532104
1756,1938,0.11916796118021011
1756,1112,0.11442903429269791
1756,878,0.10857976973056793
1756,1439,0.099800616502761841
1756,1248,0.090842247009277344
1756,161,0.079956881701946259
1757,1757,0
1757,1569,1
1757,1348,0.62072545289993286
1757,962,0.37313634157180786
1757,1818,0.27140465378761292
1757,596,0.20222128927707672
1757,1050,0.198638916015625
1757,212,0.19352161884307861
1757,686,0.18056817352771759
1757,624,0.15556527674198151
1757,655,0.14701703190803528
1757,450,0.14457917213439941
1757,911,0.14433875679969788
1757,861,0.14095331728458405
1757,1936,0.13421942293643951
1758,1758,0
1758,1622,1
1758,151,0.48163795471191406
1758,1929,0.3210415244102478
1758,1503,0.31519308686256409
1758,1542,0.24757157266139984
1758,1032,0.21994897723197937
1758,708,0.20340695977210999
1758,1154,0.2028852254152298
1758,1242,0.179075688123703
1758,814,0.1703433096408844
1758,1156,0.15759944915771484
1758,777,0.14096055924892426
1758,198,0.13582746684551239
1758,1640,0.13140089809894562
1759,1759,0
1759,737,1
1759,1162,0.55701959133148193
1759,1200,0.30490240454673767
1759,368,0.26733249425888062
1759,274,0.23056401312351227
1759,1194,0.22599856555461884
1759,1076,0.2132934182882309
1759,1276,0.18963748216629028
1759,487,0.17940759658813477
1759,195,0.16557887196540833
1759,223,0.15065157413482666
1759,1659,0.15035036206245422
1759,286,0.14085935056209564
1759,620,0.13129372894763947
1760,1760,0
1760,517,1
1760,1948,0.44057250022888184
1760,101,0.33978655934333801
1760,955,0.31139737367630005
1760,1308,0.25419282913208008
1760,349,0.22608250379562378
1760,203,0.22096012532711029
1760,1685,0.21500691771507263
1760,1847,0.20248892903327942
1760,1204,0.17838084697723389
1760,882,0.17227503657341003
1760,1535,0.13421417772769928
1760,1803,0.1112913116812706
1760,536,0.10024639219045639
1761,1761,0
1761,874,1
1761,1861,0.44754424691200256
1761,658,0.35498613119125366
1761,325,0.34107425808906555
1761,1836,0.32099774479866028
1761,1945,0.2577235996723175
1761,241,0.21525624394416809
1761,758,0.2129751443862915
1761,1740,0.17730435729026794
1761,1840,0.14784339070320129
1761,715,0.13733255863189697
1761,167,0.12388328462839127
1761,665,0.10262724012136459
1761,507,0.067346595227718353
1762,1762,0
1762,766,1
1762,651,0.65377461910247803
1762,1831,0.39806559681892395
1762,935,0.31055134534835815
1762,1602,0.26303479075431824
1762,1777,0.25494104623794556
1762,278,0.24942934513092041
1762,340,0.19835087656974792
1762,921,0.13060116767883301
1762,1548,0.11249423027038574
1762,1097,0.091330088675022125
1762,1336,0.090036801993846893
1762,92,0.089315898716449738
1762,828,0.064960576593875885
1763,1763,0
1763,1203,1
1763,1791,0.43868064880371094
1763,1542,0.41489711403846741
1763,1027,0.31732594966888428
1763,1211,0.29997265338897705
1763,454,0.28158849477767944
1763,1576,0.21164919435977936
1763,889,0.20362430810928345
1763,1103,0.13353425264358521
1763,1005,0.13097736239433289
1763,695,0.12755134701728821
1763,793,0.12376390397548676
1763,1126,0.11310919374227524
1763,1503,0.11022564023733139
1764,1764,0
1764,1239,1
1764,1382,0.4121970534324646
1764,1892,0.38449308276176453
1764,409,0.36364352703094482
1764,1954,0.33016857504844666
1764,591,0.30307552218437195
1764,1587,0.21192833781242371
1764,1291,0.20221976935863495
1764,518,0.14434005320072174
1764,481,0.13961409032344818
1764,1620,0.11890782415866852
1764,1354,0.10014360398054123
1764,1723,0.098833993077278137
1764,1013,0.097327888011932373
1765,1765,0
1765,259,1
1765,571,0.35484078526496887
1765,473,0.34711641073226929
1765,478,0.27545833587646484
1765,687,0.25963392853736877
1765,231,0.25867772102355957
1765,1172,0.22679086029529572
1765,678,0.20692938566207886
1765,51,0.19391888380050659
1765,1666,0.1862591952085495
1765,1943,0.15735346078872681
1765,510,0.15519692003726959
1765,1270,0.14767450094223022
1765,608,0.13704492151737213
1766,1766,0
1766,1578,1
1766,1975,0.48679980635643005
1766,452,0.33102303743362427
1766,1716,0.30383521318435669
1766,248,0.25797596573829651
1766,814,0.24455076456069946
1766,387,0.22818268835544586
1766,454,0.21827936172485352
1766,1423,0.18576705455780029
1766,949,0.14102606475353241
1766,1237,0.13610592484474182
1766,792,0.13156944513320923
1766,116,0.12788645923137665
1766,613,0.1138836070895195
1767,1767,0
1767,848,1
1767,1092,0.65024983882904053
1767,397,0.35578611493110657
1767,972,0.28491392731666565
1767,1681,0.27173894643783569
1767,1219,0.23201879858970642
1767,242,0.21541953086853027
1767,546,0.14833089709281921
1767,558,0.14671765267848969
1767,1067,0.14460062980651855
1767,1628,0.1414991021156311
1767,1283,0.11229539662599564
1767,469,0.10910063236951828
1767,1651,0.094214141368865967
1768,1768,0
1768,1212,1
1768,639,0.38851046562194824
1768,571,0.26478174328804016
1768,107,0.26204276084899902
1768,1512,0.26116400957107544
1768,1663,0.25684854388237
1768,950,0.25429171323776245
1768,514,0.21889416873455048
1768,424,0.18581698834896088
1768,346,0.18235227465629578
1768,390,0.1696290522813797
1768,706,0.16642825305461884
1768,1515,0.14817224442958832
1768,473,0.14795798063278198
1769,1769,0
1769,1133,1
1769,1098,0.8616299033164978
1769,1422,0.67962205410003662
1769,230,0.33268225193023682
1769,757,0.23163829743862152
1769,88,0.14842386543750763
1769,786,0.14548765122890472
1769,557,0.11096590012311935
1769,398,0.087387442588806152
1769,1170,0.073701262474060059
1769,1357,0.068404622375965118
1769,1939,0.057496365159749985
1769,1520,0.05649007111787796
1769,68,0.052963182330131531
1770,1770,0
1770,983,1
1770,705,0.69618618488311768
1770,934,0.67521381378173828
1770,313,0.40979763865470886
1770,955,0.22276915609836578
1770,1151,0.19778098165988922
1770,1803,0.17707385122776031
1770,808,0.17173972725868225
1770,594,0.14023244380950928
1770,101,0.061116106808185577
1770,1308,0.041727248579263687
1770,895,0.039675328880548477
1770,553,0.037411268800497055
1770,319,0.036171931773424149
1771,1771,0
1771,1941,1
1771,1340,0.89960551261901855
1771,517,0.37703382968902588
1771,312,0.32697808742523193
1771,1564,0.2448209822177887
1771,1847,0.2317919135093689
1771,1158,0.21628879010677338
1771,1308,0.15505841374397278
1771,203,0.097612746059894562
1771,1803,0.093993932008743286
1771,408,0.085304401814937592
1771,158,0.083753205835819244
1771,313,0.054672587662935257
1771,580,0.039983741939067841
1772,1772,0
1772,890,1
1772,208,0.92827290296554565
1772,1321,0.52473068237304688
1772,316,0.26760584115982056
1772,1093,0.22155480086803436
1772,377,0.17533156275749207
1772,631,0.16490781307220459
1772,1140,0.14294758439064026
1772,740,0.12725193798542023
1772,393,0.084005929529666901
1772,1238,0.083637110888957977
1772,910,0.075218036770820618
1772,427,0.056664809584617615
1772,1172,0.054768543690443039
1773,1773,0
1773,1622,1
1773,1630,0.72773456573486328
1773,1425,0.70453238487243652
1773,588,0.28677040338516235
1773,151,0.24718910455703735
1773,1531,0.23966725170612335
1773,777,0.22208134829998016
1773,257,0.21013657748699188
1773,715,0.09349021315574646
1773,1682,0.082261048257350922
1773,702,0.029905848205089569
1773,682,0.023645473644137383
1773,364,0.019857106730341911
1773,977,0.01961120031774044
1774,1774,0
1774,455,1
1774,622,0.52363216876983643
1774,1453,0.39449334144592285
1774,1825,0.33045914769172668
1774,105,0.30609413981437683
1774,664,0.26757353544235229
1774,184,0.21928989887237549
1774,1715,0.19972114264965057
1774,1634,0.14976270496845245
1774,1639,0.1307721734046936
1774,115,0.11117701232433319
1774,1012,0.093815021216869354
1774,4,0.092211313545703888
1774,1526,0.087879694998264313
1775,1775,0
1775,1668,1
1775,1071,0.50496262311935425
1775,1858,0.43158721923828125
1775,1148,0.24551953375339508
1775,1495,0.21519872546195984
1775,1127,0.20542328059673309
1775,222,0.19695182144641876
1775,1780,0.19408707320690155
1775,1833,0.16745094954967499
1775,1610,0.16236004233360291
1775,1518,0.15598727762699127
1775,1002,0.15176495909690857
1775,699,0.13846062123775482
1775,1600,0.13713914155960083
1776,1776,0
1776,1078,1
1776,1536,0.65205395221710205
1776,1141,0.43708565831184387
1776,1748,0.30546450614929199
1776,704,0.27219602465629578
1776,1444,0.22780551016330719
1776,924,0.19425275921821594
1776,1605,0.12843388319015503
1776,297,0.12397751212120056
1776,623,0.1188129186630249
1776,1115,0.11509416252374649
1776,1024,0.11461740732192993
1776,1653,0.10901404172182083
1776,1391,0.10809066891670227
1777,1777,0
1777,340,1
1777,976,0.4626619815826416
1777,856,0.26418691873550415
1777,1548,0.23960858583450317
1777,1012,0.23699748516082764
1777,415,0.21985255181789398
1777,953,0.21546062827110291
1777,1967,0.20959602296352386
1777,921,0.19913946092128754
1777,1829,0.1941094845533371
1777,1615,0.17663966119289398
1777,1725,0.17602230608463287
1777,1669,0.15815402567386627
1777,479,0.1544564962387085
1778,1778,0
1778,458,1
1778,1473,0.54991233348846436
1778,1782,0.33839166164398193
1778,1791,0.31804278492927551
1778,306,0.20607659220695496
1778,1108,0.199840247631073
1778,19,0.19975407421588898
1778,1875,0.19142730534076691
1778,879,0.17630229890346527
1778,441,0.16580834984779358
1778,131,0.15725094079971313
1778,507,0.14602504670619965
1778,1324,0.12967965006828308
1778,1358,0.12838557362556458
1779,1779,0
1779,947,1
1779,589,0.46290308237075806
1779,1799,0.30210927128791809
1779,808,0.26063686609268188
1779,1998,0.2372732013463974
1779,1955,0.2258080393075943
1779,133,0.19574493169784546
1779,1987,0.19506761431694031
1779,1483,0.18274261057376862
1779,1243,0.17602735757827759
1779,412,0.17168961465358734
1779,1101,0.17128740251064301
1779,1946,0.16395242512226105
1779,826,0.16164502501487732
1780,1780,0
1780,408,1
1780,675,0.80527669191360474
1780,414,0.36209532618522644
1780,1305,0.30087801814079285
1780,604,0.24710652232170105
1780,820,0.17177554965019226
1780,400,0.17057128250598907
1780,1543,0.14878283441066742
1780,345,0.14518840610980988
1780,1668,0.1447053849697113
1780,1685,0.12978248298168182
1780,1401,0.094448357820510864
1780,224,0.094232112169265747
1780,1862,0.092044882476329803
1781,1781,0
1781,1737,1
1781,723,0.73048722743988037
1781,1700,0.39337018132209778
1781,843,0.36528366804122925
1781,232,0.21168769896030426
1781,1532,0.19765667617321014
1781,2,0.1751520037651062
1781,1077,0.16267441213130951
1781,931,0.15404023230075836
1781,1851,0.13757848739624023
1781,1252,0.10249104350805283
1781,1628,0.098120011389255524
1781,865,0.095103077590465546
1781,267,0.083242900669574738
1782,1782,0
1782,879,1
1782,981,0.88414472341537476
1782,303,0.84053730964660645
1782,306,0.72677731513977051
1782,996,0.12739187479019165
1782,1108,0.12563565373420715
1782,1792,0.081032760441303253
1782,5,0.074892625212669373
1782,507,0.018472282215952873
1782,658,0.011602574959397316
1782,484,0.0053616953082382679
1782,758,0.0040826499462127686
1782,257,0.0036306958645582199
1782,708,0.0033208965323865414
1783,1783,0
1783,237,1
1783,1549,0.54449498653411865
1783,1342,0.51296859979629517
1783,1674,0.49964570999145508
1783,1747,0.41842451691627502
1783,249,0.15768012404441833
1783,218,0.13657462596893311
1783,817,0.13425382971763611
1783,1619,0.13260667026042938
1783,178,0.10218668729066849
1783,762,0.078578747808933258
1783,1507,0.070821791887283325
1783,1506,0.061068188399076462
1783,1319,0.057577546685934067
1784,1784,0
1784,934,1
1784,1151,0.92914408445358276
1784,808,0.51796418428421021
1784,272,0.25856271386146545
1784,481,0.18703837692737579
1784,1770,0.14499133825302124
1784,1520,0.13044942915439606
1784,1998,0.12235628068447113
1784,349,0.12055419385433197
1784,319,0.11699911952018738
1784,591,0.10742475092411041
1784,705,0.090923778712749481
1784,1575,0.090673960745334625
1784,1799,0.089815735816955566
1785,1785,0
1785,1618,1
1785,589,0.60535401105880737
1785,322,0.36327171325683594
1785,1891,0.25675451755523682
1785,1723,0.22713342308998108
1785,449,0.21991761028766632
1785,1101,0.20266070961952209
1785,412,0.19759184122085571
1785,319,0.1712353378534317
1785,1395,0.16679854691028595
1785,1811,0.15129098296165466
1785,1739,0.11848172545433044
1785,1483,0.11649753153324127
1785,313,0.1098979264497757
1786,1786,0
1786,1548,1
1786,766,0.51966118812561035
1786,1581,0.32401189208030701
1786,856,0.31434771418571472
1786,1188,0.23983664810657501
1786,921,0.2385457456111908
1786,935,0.23588103055953979
1786,992,0.20240429043769836
1786,1720,0.19011713564395905
1786,716,0.18012073636054993
1786,1669,0.14895418286323547
1786,1721,0.1130894273519516
1786,1336,0.10122434049844742
1786,340,0.098690688610076904
1787,1787,0
1787,48,1
1787,903,0.45848503708839417
1787,615,0.37667843699455261
1787,499,0.34142902493476868
1787,1557,0.28790682554244995
1787,505,0.25911951065063477
1787,970,0.23142409324645996
1787,1586,0.20801399648189545
1787,1922,0.15355676412582397
1787,1607,0.13138982653617859
1787,690,0.12476056069135666
1787,599,0.12236054241657257
1787,716,0.1076161190867424
1787,832,0.10414531081914902
1788,1788,0
1788,1428,1
1788,300,0.56440913677215576
1788,1868,0.38081973791122437
1788,629,0.26378414034843445
1788,939,0.23000498116016388
1788,714,0.21994778513908386
1788,1346,0.21234136819839478
1788,1231,0.1989450603723526
1788,1223,0.17531837522983551
1788,45,0.15354220569133759
1788,1657,0.13216164708137512
1788,74,0.13150854408740997
1788,275,0.12796603143215179
1788,311,0.11614640057086945
1789,1789,0
1789,1503,1
1789,198,0.55799227952957153
1789,1052,0.2592695951461792
1789,1758,0.25581204891204834
1789,1522,0.22569064795970917
1789,73,0.20879474282264709
1789,1562,0.2001083642244339
1789,151,0.18959559500217438
1789,1458,0.18194858729839325
1789,727,0.17642705142498016
1789,201,0.16838434338569641
1789,226,0.16204401850700378
1789,1852,0.16067683696746826
1789,1542,0.1601460874080658
1790,1790,0
1790,361,1
1790,1637,0.82641267776489258
1790,98,0.37221407890319824
1790,683,0.30600988864898682
1790,1418,0.21694175899028778
1790,800,0.19699558615684509
1790,1095,0.17384867370128632
1790,618,0.17251861095428467
1790,943,0.12433554232120514
1790,465,0.11722508817911148
1790,848,0.10635834187269211
1790,720,0.098475813865661621
1790,1303,0.098116755485534668
1790,1090,0.097440935671329498
1791,1791,0
1791,1473,1
1791,613,0.62166386842727661
1791,1542,0.48690852522850037
1791,507,0.35528478026390076
1791,1763,0.28931140899658203
1791,981,0.21456111967563629
1791,1475,0.17963522672653198
1791,682,0.1551249623298645
1791,1633,0.125496506690979
1791,588,0.10020464658737183
1791,830,0.099299699068069458
1791,658,0.095994040369987488
1791,1425,0.093602776527404785
1791,1149,0.089794456958770752
1792,1792,0
1792,579,1
1792,981,0.61836957931518555
1792,303,0.56982964277267456
1792,1981,0.44304841756820679
1792,306,0.30987796187400818
1792,1425,0.20049677789211273
1792,1782,0.13876320421695709
1792,484,0.13369953632354736
1792,257,0.10267405956983566
1792,613,0.088663548231124878
1792,5,0.088494032621383667
1792,1192,0.076422229409217834
1792,1475,0.072733268141746521
1792,713,0.063819311559200287
1793,1793,0
1793,1122,1
1793,62,0.73442983627319336
1793,848,0.23024575412273407
1793,1725,0.22904552519321442
1793,1651,0.22399118542671204
1793,2,0.22261369228363037
1793,1700,0.2128337025642395
1793,1191,0.19157858192920685
1793,503,0.17530705034732819
1793,1124,0.15998603403568268
1793,953,0.13744211196899414
1793,233,0.1372610479593277
1793,843,0.12705940008163452
1793,1485,0.12510545551776886
1794,1794,0
1794,667,1
1794,1141,0.97231400012969971
1794,910,0.67730545997619629
1794,918,0.42520216107368469
1794,1043,0.41615432500839233
1794,849,0.16371215879917145
1794,1307,0.13261163234710693
1794,316,0.049593169242143631
1794,1249,0.022390281781554222
1794,402,0.013669779524207115
1794,445,0.013118383474647999
1794,381,0.010857287794351578
1794,393,0.0066807698458433151
1794,94,0.0032859088387340307
1795,1795,0
1795,1117,1
1795,1162,0.82767832279205322
1795,1652,0.47557130455970764
1795,356,0.36852332949638367
1795,368,0.29477807879447937
1795,1228,0.27748000621795654
1795,733,0.15886756777763367
1795,620,0.13288459181785583
1795,737,0.092410005629062653
1795,1845,0.086493439972400665
1795,1759,0.073025703430175781
1795,273,0.065541237592697144
1795,1851,0.030051862820982933
1795,411,0.023593788966536522
1796,1796,0
1796,1231,1
1796,392,0.51363569498062134
1796,283,0.41613554954528809
1796,939,0.37717527151107788
1796,275,0.36524152755737305
1796,1872,0.28928077220916748
1796,1920,0.23114752769470215
1796,81,0.22049969434738159
1796,45,0.11712995916604996
1796,1121,0.093301542103290558
1796,474,0.086186252534389496
1796,1337,0.07789747416973114
1796,104,0.077429771423339844
1796,1355,0.041826654225587845
1797,1797,0
1797,731,1
1797,1486,0.60761690139770508
1797,945,0.32090875506401062
1797,429,0.30126991868019104
1797,164,0.24804981052875519
1797,819,0.24443371593952179
1797,1853,0.20991753041744232
1797,922,0.19717015326023102
1797,188,0.18276765942573547
1797,1743,0.16915468871593475
1797,1335,0.13168551027774811
1797,1493,0.10651884973049164
1797,687,0.098614789545536041
1797,437,0.088772714138031006
1798,1798,0
1798,676,1
1798,151,0.63010615110397339
1798,1062,0.49455133080482483
1798,996,0.44837462902069092
1798,1682,0.34774506092071533
1798,715,0.17375816404819489
1798,708,0.16947941482067108
1798,1505,0.13506545126438141
1798,257,0.098605193197727203
1798,1929,0.092353798449039459
1798,534,0.085121974349021912
1798,777,0.083225913345813751
1798,205,0.076242238283157349
1798,277,0.072255812585353851
1799,1799,0
1799,1101,1
1799,808,0.87295466661453247
1799,1243,0.54372668266296387
1799,1459,0.41780325770378113
1799,1564,0.22936449944972992
1799,1151,0.22837111353874207
1799,165,0.12419123202562332
1799,1745,0.082516133785247803
1799,589,0.077200368046760559
1799,1312,0.073239155113697052
1799,1847,0.069137692451477051
1799,1647,0.063287727534770966
1799,755,0.062615439295768738
1799,1998,0.06248357892036438
1800,1800,0
1800,1939,1
1800,1895,0.66998130083084106
1800,824,0.45526507496833801
1800,1417,0.25298589468002319
1800,1015,0.22395962476730347
1800,1120,0.18498547375202179
1800,1132,0.18478256464004517
1800,1434,0.1576627641916275
1800,807,0.15091603994369507
1800,738,0.13689336180686951
1800,564,0.13667429983615875
1800,88,0.1330476850271225
1800,355,0.11011847108602524
1800,644,0.10961993783712387
1801,1801,0
1801,109,1
1801,79,0.78087431192398071
1801,599,0.56111156940460205
1801,1986,0.51059877872467041
1801,459,0.14833581447601318
1801,841,0.14615319669246674
1801,270,0.13818825781345367
1801,1129,0.10499054193496704
1801,735,0.095164753496646881
1801,1012,0.093620829284191132
1801,195,0.09024849534034729
1801,690,0.084850482642650604
1801,122,0.076988361775875092
1801,1273,0.075759254395961761
1802,1802,0
1802,505,1
1802,1371,0.34288296103477478
1802,350,0.31067949533462524
1802,52,0.30836755037307739
1802,1690,0.25022920966148376
1802,1555,0.21922583878040314
1802,318,0.21835845708847046
1802,903,0.20946800708770752
1802,22,0.20218011736869812
1802,1654,0.1844649463891983
1802,690,0.17337006330490112
1802,1787,0.1665147989988327
1802,274,0.16329918801784515
1802,1949,0.15785451233386993
1803,1803,0
1803,101,1
1803,536,0.60619080066680908
1803,1603,0.51198810338973999
1803,1580,0.44425109028816223
1803,45,0.33632129430770874
1803,313,0.19374257326126099
1803,594,0.15135394036769867
1803,1847,0.14396095275878906
1803,983,0.13516108691692352
1803,517,0.12980765104293823
1803,1564,0.079902797937393188
1803,1770,0.062691725790500641
1803,955,0.057940587401390076
1803,1395,0.053576894104480743
1804,1804,0
1804,1304,1
1804,1997,0.61669999361038208
1804,370,0.43376660346984863
1804,1292,0.32357972860336304
1804,1386,0.27187976241111755
1804,764,0.26520118117332458
1804,1754,0.25215467810630798
1804,1321,0.15556029975414276
1804,1404,0.15017805993556976
1804,726,0.13134732842445374
1804,794,0.12157151103019714
1804,1339,0.067453391849994659
1804,1136,0.060699153691530228
1804,721,0.056804146617650986
1805,1805,0
1805,865,1
1805,801,0.45292124152183533
1805,1984,0.33750519156455994
1805,1104,0.33037152886390686
1805,535,0.29211500287055969
1805,1295,0.2774861752986908
1805,970,0.20663335919380188
1805,497,0.19435517489910126
1805,301,0.1765076220035553
1805,1276,0.14733488857746124
1805,1992,0.13614697754383087
1805,1967,0.12797945737838745
1805,1153,0.12259057909250259
1805,1819,0.1049504429101944
1806,1806,0
1806,513,1
1806,1354,0.89926439523696899
1806,1026,0.53622627258300781
1806,1366,0.44247618317604065
1806,1537,0.26958692073822021
1806,564,0.23542997241020203
1806,1882,0.087009422481060028
1806,1780,0.086283951997756958
1806,408,0.077421903610229492
1806,352,0.065174892544746399
1806,1594,0.064214557409286499
1806,1644,0.051341276615858078
1806,1632,0.046783391386270523
1806,1994,0.045670323073863983
1807,1807,0
1807,1918,1
1807,590,0.57274067401885986
1807,1502,0.54462957382202148
1807,1022,0.25474852323532104
1807,1081,0.18599611520767212
1807,1696,0.18085312843322754
1807,666,0.1792464554309845
1807,1556,0.17652660608291626
1807,491,0.16015015542507172
1807,1068,0.155265212059021
1807,121,0.13545380532741547
1807,459,0.13273468613624573
1807,122,0.11526727676391602
1807,465,0.11328332126140594
1808,1808,0
1808,1612,1
1808,77,0.77048152685165405
1808,1345,0.31998378038406372
1808,613,0.27670645713806152
1808,421,0.27433529496192932
1808,1299,0.15749399363994598
1808,131,0.15718729794025421
1808,1633,0.14907136559486389
1808,912,0.14807018637657166
1808,830,0.14597390592098236
1808,1001,0.13937573134899139
1808,1192,0.12564896047115326
1808,306,0.12503758072853088
1808,468,0.11751807481050491
1809,1809,0
1809,200,1
1809,1182,0.33164724707603455
1809,1947,0.29033240675926208
1809,871,0.25063216686248779
1809,1890,0.24421076476573944
1809,137,0.235489621758461
1809,969,0.23385298252105713
1809,1751,0.22955553233623505
1809,995,0.20423966646194458
1809,444,0.19880661368370056
1809,1824,0.17989732325077057
1809,58,0.17509406805038452
1809,1431,0.17118172347545624
1809,1885,0.16194717586040497
1810,1810,0
1810,265,1
1810,446,0.97072762250900269
1810,324,0.52769482135772705
1810,598,0.45370867848396301
1810,1990,0.17336134612560272
1810,1209,0.15149170160293579
1810,761,0.13521640002727509
1810,1752,0.10893788933753967
1810,203,0.082463204860687256
1810,1538,0.072184063494205475
1810,470,0.06913362443447113
1810,104,0.06197083368897438
1810,1392,0.053198471665382385
1810,1564,0.046794816851615906
1811,1811,0
1811,322,1
1811,1987,0.35514935851097107
1811,1891,0.30236577987670898
1811,210,0.30028048157691956
1811,635,0.28407624363899231
1811,430,0.26607877016067505
1811,1395,0.22874763607978821
1811,1406,0.20410259068012238
1811,338,0.18977278470993042
1811,673,0.17888736724853516
1811,1463,0.17827929556369781
1811,477,0.16960826516151428
1811,1329,0.15616928040981293
1811,304,0.093370877206325531
1812,1812,0
1812,1899,1
1812,673,0.79403644800186157
1812,1817,0.43461093306541443
1812,1042,0.32379740476608276
1812,65,0.20737481117248535
1812,594,0.16338819265365601
1812,1176,0.14733105897903442
1812,338,0.13820824027061462
1812,282,0.13002955913543701
1812,1193,0.12827549874782562
1812,592,0.12616738677024841
1812,99,0.11374019831418991
1812,896,0.10059195011854172
1812,1387,0.099337443709373474
1813,1813,0
1813,1507,1
1813,834,0.59435093402862549
1813,1238,0.55982917547225952
1813,1608,0.38808518648147583
1813,742,0.33785417675971985
1813,178,0.21937544643878937
1813,1349,0.15545803308486938
1813,1222,0.1335204690694809
1813,1642,0.10296972841024399
1813,427,0.099719367921352386
1813,1282,0.091704986989498138
1813,1265,0.0859331414103508
1813,516,0.076920792460441589
1813,876,0.061175573617219925
1814,1814,0
1814,996,1
1814,1861,0.79028308391571045
1814,262,0.37323606014251709
1814,468,0.36379623413085938
1814,1192,0.25662827491760254
1814,1242,0.25002700090408325
1814,1645,0.23332829773426056
1814,576,0.12017733603715897
1814,205,0.11442627757787704
1814,1612,0.10483138263225555
1814,86,0.09201774001121521
1814,1836,0.080105885863304138
1814,534,0.066805675625801086
1814,964,0.061219856142997742
1815,1815,0
1815,103,1
1815,1140,0.61938047409057617
1815,740,0.3663068413734436
1815,1264,0.2683086097240448
1815,762,0.25965505838394165
1815,1093,0.21476097404956818
1815,849,0.21281048655509949
1815,166,0.18913945555686951
1815,1930,0.17960220575332642
1815,631,0.16075518727302551
1815,1496,0.12285979837179184
1815,177,0.11045391112565994
1815,1172,0.10377909243106842
1815,853,0.099070362746715546
1816,1816,0
1816,1968,1
1816,1134,0.46293660998344421
1816,1201,0.46235325932502747
1816,1143,0.42162588238716125
1816,890,0.29456344246864319
1816,1991,0.18119160830974579
1816,393,0.16972933709621429
1816,316,0.15119738876819611
1816,894,0.14842410385608673
1816,926,0.14020800590515137
1816,407,0.13743987679481506
1816,1265,0.12442216277122498
1816,445,0.10860227048397064
1816,253,0.10419078171253204
1817,1817,0
1817,1193,1
1817,1812,0.40454795956611633
1817,673,0.38457775115966797
1817,1368,0.27720814943313599
1817,506,0.27221807837486267
1817,1899,0.25785565376281738
1817,282,0.25276064872741699
1817,1305,0.18463870882987976
1817,1366,0.1621718555688858
1817,594,0.15449981391429901
1817,345,0.14259175956249237
1817,520,0.13929679989814758
1817,1543,0.13921554386615753
1817,338,0.13530431687831879
1818,1818,0
1818,1936,1
1818,1260,0.58106744289398193
1818,844,0.39739677309989929
1818,861,0.28280454874038696
1818,1604,0.23772023618221283
1818,1138,0.23412446677684784
1818,368,0.18633337318897247
1818,866,0.17662416398525238
1818,1757,0.17391215264797211
1818,353,0.14521636068820953
1818,655,0.14161279797554016
1818,686,0.13614898920059204
1818,1283,0.10925602912902832
1818,1295,0.10467927902936935
1819,1819,0
1819,293,1
1819,189,0.37327671051025391
1819,801,0.26028481125831604
1819,301,0.25459051132202148
1819,718,0.23855507373809814
1819,1831,0.23331606388092041
1819,1276,0.21221354603767395
1819,118,0.21195933222770691
1819,1186,0.20324642956256866
1819,380,0.19906178116798401
1819,1805,0.19621235132217407
1819,1325,0.19149146974086761
1819,690,0.17303222417831421
1819,841,0.15964607894420624
1820,1820,0
1820,637,1
1820,795,0.36020803451538086
1820,1319,0.2785722017288208
1820,1088,0.27310526371002197
1820,1172,0.2634747326374054
1820,721,0.25414511561393738
1820,442,0.21985486149787903
1820,413,0.19831119477748871
1820,231,0.19422487914562225
1820,1277,0.18209946155548096
1820,950,0.177027627825737
1820,1970,0.17679265141487122
1820,178,0.16904470324516296
1820,1449,0.16003869473934174
1821,1821,0
1821,902,1
1821,639,0.57310640811920166
1821,500,0.31536883115768433
1821,565,0.26990759372711182
1821,1033,0.25166177749633789
1821,1856,0.23724241554737091
1821,600,0.23296476900577545
1821,200,0.21481086313724518
1821,1885,0.15415991842746735
1821,1693,0.1412670910358429
1821,1768,0.1335625946521759
1821,388,0.13124540448188782
1821,950,0.12704186141490936
1821,442,0.12455768138170242
1822,1822,0
1822,1944,1
1822,741,0.43368324637413025
1822,1873,0.33631965517997742
1822,997,0.28225034475326538
1822,1035,0.25412333011627197
1822,1074,0.22873555123806
1822,661,0.20316497981548309
1822,1362,0.19049873948097229
1822,1405,0.17184865474700928
1822,195,0.16750320792198181
1822,1894,0.16396412253379822
1822,212,0.16267852485179901
1822,1615,0.15671469271183014
1822,351,0.15540266036987305
1823,1823,0
1823,379,1
1823,483,0.73730438947677612
1823,1588,0.5520709753036499
1823,8,0.29610073566436768
1823,137,0.25414139032363892
1823,1731,0.2110830545425415
1823,220,0.16149201989173889
1823,1478,0.13747817277908325
1823,1625,0.12159577757120132
1823,1157,0.11262170225381851
1823,522,0.10469602793455124
1823,1399,0.084665685892105103
1823,1175,0.069193579256534576
1823,784,0.06444847583770752
1824,1824,0
1824,1449,1
1824,1431,0.42358192801475525
1824,1809,0.41893109679222107
1824,1666,0.31312218308448792
1824,1692,0.30054536461830139
1824,1360,0.29576507210731506
1824,200,0.27258330583572388
1824,1848,0.16991075873374939
1824,1277,0.16370585560798645
1824,1869,0.13546524941921234
1824,639,0.10419327020645142
1824,1931,0.10390377044677734
1824,157,0.10323208570480347
1824,1332,0.10195578634738922
1825,1825,0
1825,1774,1
1825,105,0.52638638019561768
1825,1715,0.45108836889266968
1825,622,0.29263773560523987
1825,455,0.22413371503353119
1825,664,0.2062840461730957
1825,1634,0.19932621717453003
1825,1081,0.17447127401828766
1825,115,0.16519495844841003
1825,844,0.16465330123901367
1825,1000,0.16237764060497284
1825,861,0.15552189946174622
1825,184,0.094614729285240173
1825,1696,0.090204335749149323
1826,1826,0
1826,1049,1
1826,1229,0.64850163459777832
1826,404,0.53172242641448975
1826,566,0.42722800374031067
1826,1192,0.33820688724517822
1826,1981,0.27369880676269531
1826,1029,0.12548163533210754
1826,35,0.094537928700447083
1826,912,0.089018337428569794
1826,328,0.088582076132297516
1826,1589,0.083061046898365021
1826,1009,0.07134508341550827
1826,1709,0.068411126732826233
1826,196,0.067092403769493103
1827,1827,0
1827,1713,1
1827,455,0.76095873117446899
1827,1094,0.31146472692489624
1827,660,0.24878010153770447
1827,1639,0.19271892309188843
1827,550,0.18157227337360382
1827,622,0.18021212518215179
1827,382,0.17692987620830536
1827,1396,0.16782552003860474
1827,1829,0.15663109719753265
1827,294,0.14589071273803711
1827,523,0.14366436004638672
1827,115,0.12253850698471069
1827,1230,0.11771091818809509
1828,1828,0
1828,748,1
1828,1900,0.56933116912841797
1828,709,0.42503473162651062
1828,1327,0.32781568169593811
1828,1007,0.27494418621063232
1828,1416,0.23809355497360229
1828,643,0.20545531809329987
1828,1332,0.18808287382125854
1828,782,0.17381660640239716
1828,1328,0.11590609699487686
1828,1442,0.11534691601991653
1828,29,0.095455728471279144
1828,444,0.091270461678504944
1828,178,0.086337313055992126
1829,1829,0
1829,340,1
1829,523,0.61475211381912231
1829,976,0.61366909742355347
1829,1725,0.49779787659645081
1829,991,0.2723960280418396
1829,1777,0.2210816890001297
1829,1094,0.15973484516143799
1829,1122,0.15830641984939575
1829,1570,0.15044388175010681
1829,1548,0.055503919720649719
1829,856,0.053363334387540817
1829,660,0.043287664651870728
1829,1213,0.03657938539981842
1829,1413,0.029971810057759285
1830,1830,0
1830,1445,1
1830,881,0.48141023516654968
1830,1820,0.40721508860588074
1830,1880,0.27523985505104065
1830,780,0.25640198588371277
1830,1863,0.2305760532617569
1830,261,0.2256762683391571
1830,1134,0.21101464331150055
1830,1674,0.19862562417984009
1830,67,0.13966058194637299
1830,753,0.12983225286006927
1830,1440,0.12400560081005096
1830,1342,0.11454690247774124
1830,1970,0.11267829686403275
1831,1831,0
1831,801,1
1831,1762,0.87621116638183594
1831,766,0.33533978462219238
1831,1819,0.29528024792671204
1831,1528,0.26795503497123718
1831,1325,0.21570536494255066
1831,298,0.19186992943286896
1831,118,0.18099389970302582
1831,690,0.10687866061925888
1831,718,0.1010608971118927
1831,278,0.091151855885982513
1831,935,0.088604442775249481
1831,970,0.078794531524181366
1831,48,0.077037282288074493
1832,1832,0
1832,763,1
1832,1624,0.52603828907012939
1832,1370,0.3898543119430542
1832,1520,0.36137586832046509
1832,464,0.29483509063720703
1832,244,0.22091712057590485
1832,1170,0.21125432848930359
1832,1048,0.1762748658657074
1832,403,0.1606048047542572
1832,630,0.15386870503425598
1832,1933,0.15383574366569519
1832,1501,0.093695364892482758
1832,37,0.090595327317714691
1832,311,0.073749542236328125
1833,1833,0
1833,1858,1
1833,1775,0.65923821926116943
1833,1976,0.54017990827560425
1833,759,0.49204164743423462
1833,1015,0.29533615708351135
1833,1148,0.13502661883831024
1833,1072,0.12089253216981888
1833,1668,0.11751799285411835
1833,644,0.11686131358146667
1833,1401,0.093674436211585999
1833,1434,0.089295312762260437
1833,216,0.08535294234752655
1833,1251,0.083124913275241852
1833,1518,0.078347101807594299
1834,1834,0
1834,388,1
1834,775,0.5451197624206543
1834,1666,0.37369135022163391
1834,1332,0.29356935620307922
1834,1885,0.26452755928039551
1834,444,0.25254043936729431
1834,1534,0.17339377105236053
1834,1416,0.16355468332767487
1834,678,0.1634308397769928
1834,722,0.15963952243328094
1834,442,0.15440931916236877
1834,1328,0.15437944233417511
1834,1449,0.11571475118398666
1834,1935,0.09291018545627594
1835,1835,0
1835,973,1
1835,1648,0.36387422680854797
1835,576,0.3013547956943512
1835,1159,0.28311926126480103
1835,1001,0.25313040614128113
1835,1376,0.22430159151554108
1835,574,0.22345831990242004
1835,1390,0.21997123956680298
1835,1539,0.20304965972900391
1835,1480,0.20207656919956207
1835,420,0.18606850504875183
1835,1247,0.1700628399848938
1835,468,0.14181911945343018
1835,1958,0.1345953494310379
1836,1836,0
1836,1861,1
1836,586,0.84406042098999023
1836,512,0.32504245638847351
1836,850,0.24300245940685272
1836,964,0.24149256944656372
1836,1237,0.16225475072860718
1836,790,0.14324426651000977
1836,658,0.14300760626792908
1836,241,0.14257745444774628
1836,1761,0.13900238275527954
1836,1842,0.13848969340324402
1836,443,0.12913601100444794
1836,468,0.12813515961170197
1836,59,0.12743744254112244
1837,1837,0
1837,708,1
1837,452,0.49958369135856628
1837,1633,0.37244215607643127
1837,1505,0.33371779322624207
1837,454,0.26911523938179016
1837,1473,0.17981596291065216
1837,814,0.17949670553207397
1837,1562,0.1773453950881958
1837,425,0.16297395527362823
1837,201,0.16266094148159027
1837,1578,0.15958385169506073
1837,1522,0.14604708552360535
1837,151,0.13836123049259186
1837,1682,0.12574532628059387
1838,1838,0
1838,960,1
1838,1990,0.5151178240776062
1838,57,0.41022086143493652
1838,324,0.34777101874351501
1838,899,0.22486850619316101
1838,1865,0.1977180540561676
1838,271,0.19334711134433746
1838,104,0.19128282368183136
1838,728,0.15689194202423096
1838,378,0.14193341135978699
1838,1279,0.14121130108833313
1838,494,0.13796539604663849
1838,1987,0.13494233787059784
1838,1904,0.11362801492214203
1839,1839,0
1839,1478,1
1839,1182,0.45280188322067261
1839,332,0.42619436979293823
1839,871,0.32027891278266907
1839,58,0.27874076366424561
1839,137,0.23966182768344879
1839,200,0.18762698769569397
1839,1809,0.16511881351470947
1839,1314,0.15973053872585297
1839,8,0.15159967541694641
1839,483,0.14826585352420807
1839,951,0.13771356642246246
1839,1559,0.12340804934501648
1839,1352,0.11574827134609222
1840,1840,0
1840,985,1
1840,657,0.8456805944442749
1840,874,0.73420101404190063
1840,680,0.37023434042930603
1840,417,0.21280898153781891
1840,1672,0.19392025470733643
1840,186,0.16303914785385132
1840,325,0.094016477465629578
1840,241,0.08291170746088028
1840,582,0.07991432398557663
1840,658,0.037757109850645065
1840,1425,0.035948578268289566
1840,425,0.028962736949324608
1840,1740,0.027486503124237061
1841,1841,0
1841,836,1
1841,1635,0.55458164215087891
1841,1511,0.37654674053192139
1841,1479,0.34355035424232483
1841,445,0.30166506767272949
1841,1506,0.2651573121547699
1841,297,0.22955895960330963
1841,922,0.18448074162006378
1841,1935,0.1479371041059494
1841,1416,0.10763746500015259
1841,643,0.10723695158958435
1841,1934,0.10064134001731873
1841,1605,0.094855345785617828
1841,1024,0.093032144010066986
1842,1842,0
1842,1237,1
1842,1425,0.64290332794189453
1842,241,0.37865304946899414
1842,790,0.32785436511039734
1842,484,0.32411709427833557
1842,964,0.26407793164253235
1842,658,0.24284626543521881
1842,1630,0.14811728894710541
1842,702,0.13784191012382507
1842,875,0.11476651579141617
1842,981,0.089438751339912415
1842,1792,0.087432481348514557
1842,711,0.083553247153759003
1842,507,0.065292663872241974
1843,1843,0
1843,647,1
1843,747,0.55839782953262329
1843,907,0.55250263214111328
1843,553,0.36139422655105591
1843,1817,0.25389185547828674
1843,520,0.21937423944473267
1843,1048,0.20885725319385529
1843,944,0.13671892881393433
1843,1368,0.12064660340547562
1843,1953,0.11272023618221283
1843,1957,0.10746512562036514
1843,955,0.10043057799339294
1843,1472,0.088071487843990326
1843,1770,0.086410850286483765
1844,1844,0
1844,1274,1
1844,1885,0.88603252172470093
1844,308,0.57278072834014893
1844,1931,0.20179390907287598
1844,1350,0.19052030146121979
1844,639,0.16210377216339111
1844,1183,0.13099868595600128
1844,1731,0.12642058730125427
1844,1751,0.11645962297916412
1844,1258,0.11100344359874725
1844,1106,0.11022551357746124
1844,852,0.10588106513023376
1844,1753,0.10384581983089447
1844,200,0.088826999068260193
1845,1845,0
1845,31,1
1845,1162,0.92637944221496582
1845,1460,0.41871899366378784
1845,1474,0.34572410583496094
1845,954,0.33663442730903625
1845,1318,0.22357627749443054
1845,1652,0.2097632884979248
1845,1462,0.1449960321187973
1845,624,0.069297261536121368
1845,617,0.063209235668182373
1845,255,0.058091521263122559
1845,294,0.043662719428539276
1845,654,0.035257246345281601
1845,1117,0.031579785048961639
1846,1846,0
1846,1424,1
1846,315,0.99088078737258911
1846,1261,0.61121100187301636
1846,644,0.16001787781715393
1846,1401,0.15200760960578918
1846,230,0.13815991580486298
1846,28,0.13517308235168457
1846,567,0.12933404743671417
1846,1498,0.11801286041736603
1846,331,0.10389155894517899
1846,882,0.10176138579845428
1846,41,0.09621235728263855
1846,256,0.089770391583442688
1846,1858,0.08045671135187149
1847,1847,0
1847,349,1
1847,1803,0.38366690278053284
1847,1564,0.297046959400177
1847,481,0.26497349143028259
1847,1745,0.25845420360565186
1847,1760,0.25583139061927795
1847,873,0.23195205628871918
1847,1979,0.21666175127029419
1847,886,0.19405725598335266
1847,45,0.17418225109577179
1847,1382,0.16945838928222656
1847,408,0.16890436410903931
1847,536,0.16054081916809082
1847,882,0.13115844130516052
1848,1848,0
1848,214,1
1848,1824,0.64069956541061401
1848,329,0.4323422908782959
1848,1809,0.36895209550857544
1848,1431,0.20700818300247192
1848,712,0.19858166575431824
1848,146,0.16978767514228821
1848,1525,0.15449145436286926
1848,200,0.13759002089500427
1848,332,0.13532960414886475
1848,611,0.12821242213249207
1848,1486,0.12706342339515686
1848,1352,0.10821101069450378
1848,1466,0.098623275756835938
1849,1849,0
1849,1144,1
1849,1698,0.36356598138809204
1849,785,0.3125947117805481
1849,1395,0.2437325119972229
1849,1924,0.23950161039829254
1849,1603,0.23422124981880188
1849,1723,0.2280610054731369
1849,1099,0.22089055180549622
1849,272,0.20334796607494354
1849,37,0.19438318908214569
1849,1647,0.19403992593288422
1849,1145,0.17407716810703278
1849,868,0.16085132956504822
1849,95,0.1376219242811203
1850,1850,0
1850,1084,1
1850,687,0.44436836242675781
1850,214,0.33313256502151489
1850,429,0.26823371648788452
1850,1695,0.25332328677177429
1850,905,0.23787696659564972
1850,781,0.2187119722366333
1850,611,0.20555756986141205
1850,1461,0.20348533987998962
1850,510,0.1993122398853302
1850,917,0.16225345432758331
1850,878,0.13806205987930298
1850,1662,0.12220972031354904
1850,146,0.12036957591772079
1851,1851,0
1851,318,1
1851,1983,0.9640163779258728
1851,558,0.34287065267562866
1851,1532,0.29892823100090027
1851,1700,0.19945287704467773
1851,273,0.19895650446414948
1851,535,0.12959028780460358
1851,350,0.12923014163970947
1851,1781,0.12088443338871002
1851,865,0.11642745137214661
1851,356,0.10587013512849808
1851,1077,0.10512875765562057
1851,1153,0.10234282910823822
1851,1181,0.093197204172611237
1852,1852,0
1852,1562,1
1852,376,0.69857794046401978
1852,1380,0.31798788905143738
1852,387,0.28991314768791199
1852,151,0.25250139832496643
1852,1633,0.24452899396419525
1852,1622,0.22496314346790314
1852,790,0.16348762810230255
1852,729,0.14974051713943481
1852,1429,0.13269522786140442
1852,1921,0.11840062588453293
1852,0,0.11350370943546295
1852,1798,0.10192849487066269
1852,1630,0.098666645586490631
1853,1853,0
1853,892,1
1853,1399,0.81723135709762573
1853,945,0.49359166622161865
1853,1930,0.44352409243583679
1853,1323,0.27774116396903992
1853,539,0.19922183454036713
1853,220,0.15472888946533203
1853,1486,0.12026800215244293
1853,285,0.085073977708816528
1853,424,0.078053809702396393
1853,922,0.064203426241874695
1853,437,0.061757363379001617
1853,731,0.059078291058540344
1853,1943,0.052417077124118805
1854,1854,0
1854,418,1
1854,143,0.63737928867340088
1854,217,0.59837847948074341
1854,151,0.48841047286987305
1854,605,0.28386643528938293
1854,773,0.19629114866256714
1854,593,0.13751901686191559
1854,1531,0.094645299017429352
1854,1062,0.091236740350723267
1854,1951,0.08304007351398468
1854,1574,0.078502684831619263
1854,1798,0.076491184532642365
1854,198,0.074944943189620972
1854,1505,0.066191196441650391
1855,1855,0
1855,351,1
1855,1725,0.5550655722618103
1855,1546,0.50734043121337891
1855,903,0.35380053520202637
1855,1690,0.24136371910572052
1855,1116,0.16926470398902893
1855,124,0.16537478566169739
1855,1651,0.1581701785326004
1855,976,0.15127839148044586
1855,62,0.13667722046375275
1855,340,0.13329035043716431
1855,523,0.12549357116222382
1855,183,0.10685832798480988
1855,1371,0.10290326923131943
1856,1856,0
1856,202,1
1856,600,0.83726948499679565
1856,1288,0.5702434778213501
1856,500,0.40112596750259399
1856,1859,0.35527396202087402
1856,902,0.27690854668617249
1856,1118,0.10466710478067398
1856,1821,0.083123691380023956
1856,60,0.072570979595184326
1856,1470,0.06062772125005722
1856,444,0.041938472539186478
1856,1663,0.038377527147531509
1856,424,0.03244439885020256
1856,967,0.032321680337190628
1857,1857,0
1857,560,1
1857,1680,0.73583060503005981
1857,240,0.55330061912536621
1857,1294,0.43359464406967163
1857,1531,0.25287818908691406
1857,19,0.24966897070407867
1857,579,0.17515458166599274
1857,1005,0.11807029694318771
1857,260,0.079953297972679138
1857,1475,0.079805761575698853
1857,306,0.077173039317131042
1857,627,0.054146375507116318
1857,70,0.052238773554563522
1857,1229,0.045072980225086212
1858,1858,0
1858,1127,1
1858,1668,0.35124847292900085
1858,1148,0.3471856415271759
1858,1401,0.28320461511611938
1858,1976,0.26163148880004883
1858,644,0.24608573317527771
1858,349,0.23799717426300049
1858,1015,0.21002577245235443
1858,840,0.18280601501464844
1858,1600,0.16486437618732452
1858,1780,0.16283613443374634
1858,1308,0.15721139311790466
1858,1847,0.15126018226146698
1858,408,0.15053759515285492
1859,1859,0
1859,600,1
1859,1663,0.40902349352836609
1859,202,0.32533928751945496
1859,424,0.25727373361587524
1859,1270,0.23813091218471527
1859,565,0.23765739798545837
1859,444,0.212119460105896
1859,878,0.20960813760757446
1859,1515,0.19078046083450317
1859,858,0.18909046053886414
1859,1536,0.18197937309741974
1859,1935,0.16944614052772522
1859,1444,0.14548134803771973
1859,547,0.14095534384250641
1860,1860,0
1860,1149,1
1860,288,0.75633722543716431
1860,1599,0.33904340863227844
1860,3,0.32092559337615967
1860,646,0.22956481575965881
1860,732,0.22292129695415497
1860,1876,0.19305290281772614
1860,1473,0.1512189507484436
1860,867,0.12812633812427521
1860,252,0.12506969273090363
1860,711,0.12084437906742096
1860,981,0.11219600588083267
1860,1523,0.10549715161323547
1860,582,0.10208621621131897
1861,1861,0
1861,1836,1
1861,658,0.6737058162689209
1861,1814,0.58932453393936157
1861,964,0.46753346920013428
1861,1645,0.23361349105834961
1861,468,0.15151113271713257
1861,996,0.13996954262256622
1861,1761,0.13052687048912048
1861,777,0.11009122431278229
1861,1481,0.10493575781583786
1861,1233,0.092740707099437714
1861,387,0.079807169735431671
1861,850,0.074022397398948669
1861,1197,0.059107016772031784
1862,1862,0
1862,1305,1
1862,400,0.62220263481140137
1862,1072,0.47489398717880249
1862,224,0.33625423908233643
1862,592,0.28072285652160645
1862,1041,0.22428236901760101
1862,216,0.19941426813602448
1862,472,0.16305044293403625
1862,345,0.12919874489307404
1862,754,0.12141327559947968
1862,1865,0.11579274386167526
1862,1495,0.085971422493457794
1862,1780,0.082843847572803497
1862,354,0.070850558578968048
1863,1863,0
1863,1445,1
1863,13,0.45502498745918274
1863,141,0.44468340277671814
1863,780,0.33460205793380737
1863,721,0.26193547248840332
1863,1444,0.2549736499786377
1863,1141,0.22595690190792084
1863,1776,0.19091936945915222
1863,1605,0.14178766310214996
1863,442,0.13938020169734955
1863,704,0.13019958138465881
1863,1536,0.11871670186519623
1863,1342,0.10621544718742371
1863,388,0.10249820351600647
1864,1864,0
1864,794,1
1864,388,0.48039329051971436
1864,476,0.45357728004455566
1864,1304,0.40636056661605835
1864,1384,0.27159005403518677
1864,1136,0.26353946328163147
1864,1751,0.23129211366176605
1864,1277,0.21913234889507294
1864,1834,0.10510113835334778
1864,721,0.099331453442573547
1864,1666,0.098145842552185059
1864,1301,0.097300231456756592
1864,612,0.094185054302215576
1864,764,0.086942732334136963
1865,1865,0
1865,1543,1
1865,354,0.88785779476165771
1865,224,0.28883284330368042
1865,1862,0.27768808603286743
1865,102,0.26345372200012207
1865,1305,0.22148530185222626
1865,99,0.20552954077720642
1865,400,0.17640417814254761
1865,820,0.15241318941116333
1865,1398,0.11712521314620972
1865,960,0.099329672753810883
1865,345,0.07830878347158432
1865,1780,0.075788900256156921
1865,556,0.062680594623088837
1866,1866,0
1866,1872,1
1866,1519,0.84135401248931885
1866,1706,0.47298115491867065
1866,464,0.31837069988250732
1866,363,0.19191069900989532
1866,460,0.16782891750335693
1866,886,0.15032923221588135
1866,1414,0.13345392048358917
1866,1279,0.12902297079563141
1866,11,0.11620085686445236
1866,1109,0.10952915251255035
1866,41,0.1072952076792717
1866,331,0.084453269839286804
1866,1917,0.084155671298503876
1867,1867,0
1867,1208,1
1867,1873,0.61718541383743286
1867,9,0.55957567691802979
1867,1541,0.53094273805618286
1867,479,0.35657462477684021
1867,450,0.20011559128761292
1867,772,0.18411467969417572
1867,624,0.18269139528274536
1867,681,0.15232977271080017
1867,123,0.044913832098245621
1867,1396,0.024865761399269104
1867,1,0.018465342000126839
1867,654,0.018424853682518005
1867,1191,0.016690747812390327
1868,1868,0
1868,809,1
1868,1788,0.757377028465271
1868,1428,0.43423038721084595
1868,1657,0.34783053398132324
1868,1223,0.3440171480178833
1868,1346,0.27565258741378784
1868,422,0.1392931193113327
1868,1544,0.12608270347118378
1868,1231,0.11540952324867249
1868,300,0.11385189741849899
1868,598,0.08609607070684433
1868,275,0.060378685593605042
1868,714,0.053778983652591705
1868,629,0.052882492542266846
1869,1869,0
1869,1360,1
1869,164,0.91686815023422241
1869,1486,0.50545018911361694
1869,771,0.22883288562297821
1869,1692,0.20669634640216827
1869,1666,0.1927516907453537
1869,722,0.16289468109607697
1869,1525,0.11595490574836731
1869,1534,0.1088225319981575
1869,1449,0.1083519458770752
1869,1265,0.098965451121330261
1869,1853,0.090809695422649384
1869,495,0.08646247535943985
1869,1931,0.084030486643314362
1870,1870,0
1870,836,1
1870,751,0.62036091089248657
1870,1841,0.48740079998970032
1870,162,0.26746362447738647
1870,1479,0.25702354311943054
1870,1753,0.22406107187271118
1870,1731,0.21816658973693848
1870,371,0.15655012428760529
1870,1249,0.13616861402988434
1870,1934,0.11384771764278412
1870,528,0.11345573514699936
1870,1506,0.10660403966903687
1870,297,0.10579469054937363
1870,220,0.099991604685783386
1871,1871,0
1871,99,1
1871,1566,0.63010495901107788
1871,754,0.51751619577407837
1871,592,0.25088116526603699
1871,1316,0.22412067651748657
1871,1899,0.18467181921005249
1871,1387,0.1668097972869873
1871,112,0.16298644244670868
1871,520,0.16240353882312775
1871,1366,0.13667930662631989
1871,1410,0.13539719581604004
1871,1812,0.11367733031511307
1871,556,0.11201887577772141
1871,1070,0.10962150245904922
1872,1872,0
1872,1601,1
1872,1920,0.82971900701522827
1872,104,0.38793012499809265
1872,271,0.27032393217086792
1872,460,0.23490957915782928
1872,45,0.21674650907516479
1872,331,0.20071525871753693
1872,474,0.14045520126819611
1872,728,0.11962421983480453
1872,1279,0.11437061429023743
1872,41,0.11424889415502548
1872,864,0.10248757153749466
1872,464,0.088365085422992706
1872,57,0.086990214884281158
1873,1873,0
1873,681,1
1873,546,0.61598110198974609
1873,479,0.36585232615470886
1873,624,0.3244960606098175
1873,212,0.26832515001296997
1873,450,0.21495813131332397
1873,1867,0.19307039678096771
1873,1067,0.15346390008926392
1873,1541,0.14379334449768066
1873,1822,0.12806946039199829
1873,856,0.12603461742401123
1873,459,0.1256524920463562
1873,661,0.12408364564180374
1873,1967,0.12310930341482162
1874,1874,0
1874,617,1
1874,80,0.48091062903404236
1874,788,0.31731399893760681
1874,626,0.30777952075004578
1874,1331,0.25601506233215332
1874,686,0.22336830198764801
1874,1110,0.21199031174182892
1874,1260,0.17427587509155273
1874,1069,0.17078886926174164
1874,419,0.16758684813976288
1874,624,0.16552536189556122
1874,1889,0.1531030684709549
1874,1568,0.14013910293579102
1874,1080,0.13809922337532043
1875,1875,0
1875,441,1
1875,26,0.98612385988235474
1875,1473,0.37594866752624512
1875,715,0.30916944146156311
1875,1740,0.24333579838275909
1875,507,0.23019292950630188
1875,277,0.14467848837375641
1875,818,0.13619956374168396
1875,874,0.13243463635444641
1875,777,0.12947939336299896
1875,1358,0.074431672692298889
1875,665,0.050516027957201004
1875,240,0.04768269881606102
1875,257,0.046701159328222275
1876,1876,0
1876,1036,1
1876,1860,0.84413671493530273
1876,63,0.68470299243927002
1876,1272,0.42765957117080688
1876,3,0.20065128803253174
1876,867,0.14765730500221252
1876,226,0.1417614072561264
1876,248,0.10285448282957077
1876,1539,0.065715372562408447
1876,453,0.062182459980249405
1876,646,0.059226512908935547
1876,288,0.05804809182882309
1876,362,0.057684857398271561
1876,1766,0.054602231830358505
1877,1877,0
1877,793,1
1877,855,0.60993379354476929
1877,335,0.42159914970397949
1877,1126,0.3309420645236969
1877,1649,0.29891154170036316
1877,1146,0.29107192158699036
1877,680,0.2519221305847168
1877,417,0.24561816453933716
1877,1763,0.10597711801528931
1877,239,0.094556793570518494
1877,1840,0.082155324518680573
1877,544,0.077639341354370117
1877,303,0.049481462687253952
1877,582,0.047077160328626633
1878,1878,0
1878,518,1
1878,219,0.41566389799118042
1878,481,0.39405837655067444
1878,190,0.34244698286056519
1878,1632,0.30822941660881042
1878,699,0.30731523036956787
1878,705,0.28207561373710632
1878,1354,0.24238215386867523
1878,868,0.23228912055492401
1878,594,0.10341706871986389
1878,1577,0.076892942190170288
1878,163,0.074544467031955719
1878,591,0.07164338231086731
1878,506,0.05592644214630127
1879,1879,0
1879,555,1
1879,396,0.50587004423141479
1879,649,0.33642289042472839
1879,1665,0.31816375255584717
1879,1096,0.29293245077133179
1879,1552,0.23930950462818146
1879,1660,0.23205001652240753
1879,1056,0.16507266461849213
1879,1681,0.15468315780162811
1879,661,0.15215814113616943
1879,1184,0.13943865895271301
1879,525,0.12830087542533875
1879,351,0.1236526221036911
1879,529,0.11884263902902603
1880,1880,0
1880,674,1
1880,1674,0.82497113943099976
1880,950,0.61965620517730713
1880,237,0.3156120777130127
1880,753,0.22167730331420898
1880,1512,0.20720423758029938
1880,1212,0.18830527365207672
1880,1319,0.12170129269361496
1880,1820,0.089225634932518005
1880,1549,0.087995678186416626
1880,1277,0.071270465850830078
1880,1783,0.056083466857671738
1880,1342,0.055319122970104218
1880,1830,0.047863148152828217
1881,1881,0
1881,55,1
1881,1477,0.72998028993606567
1881,815,0.51680850982666016
1881,1702,0.47960630059242249
1881,163,0.26851701736450195
1881,714,0.17738881707191467
1881,1657,0.11244256049394608
1881,743,0.10997267812490463
1881,312,0.099133193492889404
1881,1577,0.09283997118473053
1881,1046,0.089539557695388794
1881,807,0.080597788095474243
1881,171,0.077863737940788269
1881,300,0.072206459939479828
1882,1882,0
1882,846,1
1882,1366,0.4811592698097229
1882,219,0.40388169884681702
1882,513,0.35402700304985046
1882,699,0.31444063782691956
1882,1884,0.26897510886192322
1882,1066,0.26123806834220886
1882,1305,0.24457481503486633
1882,1632,0.16385400295257568
1882,673,0.13672317564487457
1882,1644,0.093038573861122131
1882,1566,0.078411571681499481
1882,1685,0.064306266605854034
1882,163,0.042257383465766907
1883,1883,0
1883,911,1
1883,1050,0.5629088282585144
1883,626,0.42284542322158813
1883,931,0.40432536602020264
1883,397,0.31258666515350342
1883,1110,0.27671480178833008
1883,1894,0.18130862712860107
1883,1767,0.17234624922275543
1883,1260,0.14216849207878113
1883,1659,0.12589499354362488
1883,1067,0.10145442932844162
1883,212,0.069615252315998077
1883,471,0.069570355117321014
1883,1628,0.06514383852481842
1884,1884,0
1884,673,1
1884,1305,0.60304319858551025
1884,408,0.46473634243011475
1884,1585,0.35007819533348083
1884,409,0.34862074255943298
1884,1543,0.33229523897171021
1884,477,0.20378069579601288
1884,1882,0.18421447277069092
1884,345,0.16575652360916138
1884,1402,0.10059600323438644
1884,1495,0.075468949973583221
1884,820,0.035263709723949432
1884,846,0.021940279752016068
1884,1564,0.021087747067213058
1885,1885,0
1885,1274,1
1885,444,0.38808518648147583
1885,1935,0.32415196299552917
1885,1844,0.24333971738815308
1885,1834,0.24264375865459442
1885,1809,0.24080741405487061
1885,1751,0.22489115595817566
1885,858,0.20288611948490143
1885,200,0.19844441115856171
1885,600,0.19757722318172455
1885,1859,0.17277103662490845
1885,1695,0.16385361552238464
1885,1931,0.15455052256584167
1885,1411,0.15288902819156647
1886,1886,0
1886,33,1
1886,423,0.90531378984451294
1886,1903,0.48943585157394409
1886,1363,0.30862170457839966
1886,480,0.18220993876457214
1886,1506,0.13910135626792908
1886,486,0.12606553733348846
1886,1747,0.12532573938369751
1886,825,0.12209011614322662
1886,173,0.11382000893354416
1886,1393,0.10487648099660873
1886,918,0.10148150473833084
1886,445,0.097042076289653778
1886,784,0.091507352888584137
1887,1887,0
1887,254,1
1887,1329,0.43751731514930725
1887,883,0.43283221125602722
1887,430,0.30840238928794861
1887,1002,0.29279628396034241
1887,130,0.24756315350532532
1887,477,0.20461587607860565
1887,449,0.19727885723114014
1887,475,0.13981176912784576
1887,1518,0.13758751749992371
1887,1614,0.13005243241786957
1887,589,0.12889640033245087
1887,1965,0.1248365193605423
1887,224,0.12470684945583344
1888,1888,0
1888,584,1
1888,567,0.47285950183868408
1888,1308,0.40883442759513855
1888,1243,0.34606307744979858
1888,172,0.29011419415473938
1888,882,0.26501226425170898
1888,1770,0.22018358111381531
1888,1101,0.17314475774765015
1888,272,0.15282711386680603
1888,808,0.14046669006347656
1888,1799,0.12892515957355499
1888,313,0.11276458948850632
1888,634,0.10991474241018295
1888,826,0.085783645510673523
1889,1889,0
1889,1260,1
1889,1095,0.53309178352355957
1889,1715,0.39308959245681763
1889,375,0.37740021944046021
1889,1080,0.27450570464134216
1889,1069,0.25148659944534302
1889,80,0.19012495875358582
1889,1333,0.15676915645599365
1889,866,0.1439983993768692
1889,1030,0.1426510214805603
1889,1268,0.13121399283409119
1889,1700,0.1101861298084259
1889,672,0.10204937309026718
1889,242,0.10032257437705994
1890,1890,0
1890,1100,1
1890,1947,0.47580179572105408
1890,878,0.38141459226608276
1890,1476,0.34107097983360291
1890,1292,0.2394854724407196
1890,769,0.20087212324142456
1890,157,0.19644702970981598
1890,1024,0.17995548248291016
1890,177,0.16118808090686798
1890,1642,0.15633790194988251
1890,416,0.15045756101608276
1890,1751,0.14899428188800812
1890,1809,0.1429402083158493
1890,601,0.13193149864673615
1891,1891,0
1891,1739,1
1891,412,0.71513700485229492
1891,1329,0.46043574810028076
1891,64,0.35495823621749878
1891,1811,0.19513866305351257
1891,322,0.19403120875358582
1891,430,0.18816596269607544
1891,1198,0.1557445228099823
1891,1395,0.1427600234746933
1891,831,0.12294178456068039
1891,1483,0.11674432456493378
1891,477,0.09865599125623703
1891,589,0.08909626305103302
1891,883,0.073071941733360291
1892,1892,0
1892,518,1
1892,1764,0.38235241174697876
1892,1354,0.32048499584197998
1892,409,0.30016717314720154
1892,1251,0.29848477244377136
1892,199,0.24056461453437805
1892,1041,0.23196005821228027
1892,163,0.20147404074668884
1892,213,0.1817876398563385
1892,1070,0.16888663172721863
1892,1309,0.15425039827823639
1892,1878,0.14771059155464172
1892,1417,0.14105826616287231
1892,171,0.13769915699958801
1893,1893,0
1893,457,1
1893,1756,0.37119030952453613
1893,1399,0.36615553498268127
1893,1248,0.30404457449913025
1893,1439,0.22055444121360779
1893,1930,0.2166169285774231
1893,531,0.20029462873935699
1893,1234,0.19027718901634216
1893,188,0.1805092841386795
1893,437,0.17721529304981232
1893,1853,0.17319591343402863
1893,1938,0.17308923602104187
1893,1487,0.17006233334541321
1893,1496,0.16367520391941071
1894,1894,0
1894,397,1
1894,1615,0.59025770425796509
1894,1767,0.30152973532676697
1894,1944,0.28326889872550964
1894,741,0.27290812134742737
1894,90,0.19583381712436676
1894,1074,0.18712522089481354
1894,1628,0.17144131660461426
1894,1822,0.17104159295558929
1894,1139,0.17011769115924835
1894,212,0.1568659245967865
1894,1883,0.14752492308616638
1894,1035,0.1303773820400238
1894,1050,0.12859833240509033
1895,1895,0
1895,824,1
1895,1939,0.65926271677017212
1895,1800,0.57247459888458252
1895,1417,0.22567376494407654
1895,1132,0.22269655764102936
1895,1120,0.20893487334251404
1895,1382,0.19895376265048981
1895,545,0.18467137217521667
1895,88,0.14386054873466492
1895,807,0.13093093037605286
1895,1365,0.10043275356292725
1895,564,0.091729544103145599
1895,355,0.0839361771941185
1895,45,0.083331644535064697
1896,1896,0
1896,1338,1
1896,1467,0.99118739366531372
1896,82,0.33420571684837341
1896,884,0.32924902439117432
1896,905,0.19776894152164459
1896,878,0.17837631702423096
1896,547,0.15763306617736816
1896,611,0.15213428437709808
1896,687,0.13719131052494049
1896,1746,0.13603147864341736
1896,858,0.10390587896108627
1896,424,0.07336687296628952
1896,1084,0.06444251537322998
1896,1270,0.051390841603279114
1897,1897,0
1897,404,1
1897,328,0.41018691658973694
1897,69,0.33074226975440979
1897,1126,0.28467461466789246
1897,1709,0.24360957741737366
1897,793,0.23730435967445374
1897,1146,0.2289690226316452
1897,1049,0.21824072301387787
1897,940,0.2006460577249527
1897,573,0.17409570515155792
1897,1981,0.15926361083984375
1897,1027,0.1432148814201355
1897,1950,0.1386341005563736
1897,909,0.13731028139591217
1898,1898,0
1898,1975,1
1898,949,0.48012170195579529
1898,796,0.46538960933685303
1898,1929,0.46345672011375427
1898,181,0.40909868478775024
1898,1742,0.37051323056221008
1898,1578,0.19465695321559906
1898,676,0.11128245294094086
1898,167,0.099987432360649109
1898,1271,0.070517048239707947
1898,428,0.06522747129201889
1898,891,0.062798105180263519
1898,850,0.058949537575244904
1898,1233,0.054898165166378021
1899,1899,0
1899,1812,1
1899,398,0.41836953163146973
1899,1387,0.35735195875167847
1899,1817,0.28717517852783203
1899,1410,0.28039458394050598
1899,594,0.26837161183357239
1899,99,0.22239518165588379
1899,1048,0.20071105659008026
1899,1042,0.19669567048549652
1899,1871,0.17847952246665955
1899,1368,0.14342951774597168
1899,614,0.12618705630302429
1899,1176,0.11994244158267975
1899,338,0.10738080739974976
1900,1900,0
1900,1828,1
1900,1007,0.59210747480392456
1900,29,0.4866834282875061
1900,782,0.37337026000022888
1900,748,0.27231818437576294
1900,742,0.23953811824321747
1900,1393,0.15844689309597015
1900,1327,0.1421305239200592
1900,709,0.12375130504369736
1900,249,0.1237328052520752
1900,1123,0.11189374327659607
1900,178,0.10808608680963516
1900,967,0.090159893035888672
1900,1442,0.084664933383464813
1901,1901,0
1901,309,1
1901,1616,0.58878809213638306
1901,670,0.28774341940879822
1901,471,0.24836662411689758
1901,301,0.22136746346950531
1901,114,0.21136221289634705
1901,723,0.20473410189151764
1901,970,0.20031912624835968
1901,603,0.1739756166934967
1901,179,0.15733182430267334
1901,56,0.15674662590026855
1901,857,0.15641328692436218
1901,1325,0.15036192536354065
1901,801,0.14937159419059753
1902,1902,0
1902,1921,1
1902,1678,0.49354672431945801
1902,1649,0.32827514410018921
1902,713,0.28237390518188477
1902,729,0.2146802693605423
1902,588,0.21400311589241028
1902,1505,0.18744945526123047
1902,73,0.18739502131938934
1902,1475,0.18731734156608582
1902,1272,0.18434116244316101
1902,1699,0.17049629986286163
1902,306,0.16333793103694916
1902,1633,0.16235212981700897
1902,1709,0.13132202625274658
1903,1903,0
1903,1886,1
1903,423,0.89739638566970825
1903,33,0.67239081859588623
1903,1363,0.23492486774921417
1903,825,0.14214564859867096
1903,445,0.13855487108230591
1903,910,0.11877927184104919
1903,393,0.1179773285984993
1903,94,0.11540286988019943
1903,918,0.11266268789768219
1903,1794,0.091561950743198395
1903,480,0.091156184673309326
1903,784,0.090199001133441925
1903,402,0.083741329610347748
1904,1904,0
1904,1961,1
1904,998,0.79556488990783691
1904,104,0.70738911628723145
1904,728,0.30545952916145325
1904,74,0.19657722115516663
1904,1075,0.16636988520622253
1904,265,0.12284497916698456
1904,172,0.10343343764543533
1904,324,0.1031794548034668
1904,1428,0.094911448657512665
1904,1312,0.087916299700737
1904,57,0.080747038125991821
1904,517,0.072740286588668823
1904,1406,0.069757357239723206
1905,1905,0
1905,805,1
1905,342,0.86018043756484985
1905,1746,0.74260920286178589
1905,794,0.29351770877838135
1905,645,0.19532026350498199
1905,775,0.18926553428173065
1905,547,0.12787346541881561
1905,1003,0.11897537112236023
1905,1350,0.10034094005823135
1905,1296,0.074685446918010712
1905,1748,0.056115433573722839
1905,1467,0.053979892283678055
1905,1136,0.047331396490335464
1905,253,0.04669218510389328
1906,1906,0
1906,415,1
1906,683,0.66437792778015137
1906,1735,0.42477762699127197
1906,1124,0.27361330389976501
1906,661,0.25428885221481323
1906,1191,0.22017571330070496
1906,1097,0.21795886754989624
1906,503,0.14147073030471802
1906,1405,0.134537473320961
1906,1484,0.12850415706634521
1906,684,0.12801964581012726
1906,62,0.10861591249704361
1906,396,0.10545293986797333
1906,1602,0.10510647296905518
1907,1907,0
1907,968,1
1907,868,0.58911734819412231
1907,374,0.56191575527191162
1907,1577,0.35404485464096069
1907,481,0.26925837993621826
1907,928,0.16513733565807343
1907,1013,0.14972120523452759
1907,349,0.14564140141010284
1907,1239,0.13830521702766418
1907,1847,0.13701282441616058
1907,699,0.12492804974317551
1907,1610,0.10035634785890579
1907,1002,0.086734414100646973
1907,799,0.084719046950340271
1908,1908,0
1908,1060,1
1908,197,0.33064499497413635
1908,759,0.29834061861038208
1908,158,0.25305327773094177
1908,1882,0.25023651123046875
1908,846,0.23319971561431885
1908,1585,0.22478769719600677
1908,1884,0.21265791356563568
1908,914,0.20957772433757782
1908,1685,0.19346199929714203
1908,265,0.19022709131240845
1908,517,0.18198196589946747
1908,163,0.17162889242172241
1908,1066,0.15709704160690308
1909,1909,0
1909,1255,1
1909,387,0.8178333044052124
1909,1447,0.49683621525764465
1909,1027,0.32678064703941345
1909,1925,0.19809767603874207
1909,1645,0.17433933913707733
1909,1597,0.15172933042049408
1909,949,0.13739719986915588
1909,582,0.13099281489849091
1909,1199,0.12478486448526382
1909,1503,0.10813936591148376
1909,981,0.085966028273105621
1909,574,0.083686716854572296
1909,534,0.070314414799213409
1910,1910,0
1910,405,1
1910,213,0.55920147895812988
1910,1402,0.47228518128395081
1910,1587,0.39627447724342346
1910,409,0.35200271010398865
1910,1620,0.20615097880363464
1910,1656,0.19368301331996918
1910,1309,0.18829487264156342
1910,688,0.14817273616790771
1910,1041,0.13178931176662445
1910,475,0.078362904489040375
1910,338,0.074501380324363708
1910,1495,0.066054895520210266
1910,44,0.0401170514523983
1911,1911,0
1911,1301,1
1911,669,0.49763584136962891
1911,1201,0.44403970241546631
1911,1319,0.23571501672267914
1911,516,0.23330971598625183
1911,1339,0.22973103821277618
1911,1449,0.21566517651081085
1911,1409,0.17291651666164398
1911,1282,0.17126065492630005
1911,926,0.15716841816902161
1911,1363,0.15651963651180267
1911,795,0.14350444078445435
1911,365,0.12892203032970428
1911,1342,0.12050221115350723
1912,1912,0
1912,1153,1
1912,535,0.90486180782318115
1912,1030,0.56959062814712524
1912,1268,0.23433440923690796
1912,1636,0.16570903360843658
1912,1104,0.15487143397331238
1912,804,0.13719913363456726
1912,1333,0.1305563747882843
1912,865,0.12651866674423218
1912,1226,0.11896022409200668
1912,1295,0.10294613987207413
1912,150,0.090167827904224396
1912,1700,0.089645847678184509
1912,558,0.081529147922992706
1913,1913,0
1913,693,1
1913,1946,0.57537388801574707
1913,575,0.54199016094207764
1913,1971,0.43511044979095459
1913,1121,0.24391037225723267
1913,221,0.19837251305580139
1913,1387,0.1872667521238327
1913,1329,0.13120673596858978
1913,757,0.13024109601974487
1913,604,0.10735628753900528
1913,367,0.099003612995147705
1913,1224,0.093037135899066925
1913,1355,0.083682313561439514
1913,474,0.080337099730968475
1914,1914,0
1914,904,1
1914,310,0.94493240118026733
1914,1329,0.67022877931594849
1914,693,0.24548429250717163
1914,831,0.1580350399017334
1914,190,0.13191722333431244
1914,1891,0.12450079619884491
1914,219,0.11757735162973404
1914,64,0.11139720678329468
1914,282,0.10035426914691925
1914,477,0.07926139235496521
1914,1121,0.075365938246250153
1914,1193,0.074876755475997925
1914,1882,0.072954088449478149
1915,1915,0
1915,28,1
1915,230,0.97264474630355835
1915,1054,0.49042806029319763
1915,1698,0.40631130337715149
1915,1170,0.31986263394355774
1915,11,0.26268929243087769
1915,1917,0.14679343998432159
1915,302,0.099472202360630035
1915,1769,0.05361136794090271
1915,1133,0.049269236624240875
1915,290,0.042219366878271103
1915,1167,0.038032107055187225
1915,1357,0.013717858120799065
1915,770,0.011845393106341362
1916,1916,0
1916,1419,1
1916,1469,0.60114425420761108
1916,117,0.55276650190353394
1916,227,0.33890673518180847
1916,1617,0.30653801560401917
1916,1160,0.24237535893917084
1916,1958,0.22129084169864655
1916,135,0.13942338526248932
1916,288,0.11565020680427551
1916,1103,0.11331405490636826
1916,1950,0.090690180659294128
1916,362,0.0747881680727005
1916,252,0.060854882001876831
1916,1598,0.049145501106977463
1917,1917,0
1917,1915,1
1917,41,0.44044291973114014
1917,634,0.36157611012458801
1917,656,0.3309909999370575
1917,1706,0.28625446557998657
1917,464,0.26145809888839722
1917,1519,0.19045083224773407
1917,302,0.18372014164924622
1917,826,0.16683804988861084
1917,230,0.15282516181468964
1917,1414,0.14775106310844421
1917,1866,0.14761941134929657
1917,28,0.14186680316925049
1917,1459,0.095092356204986572
1918,1918,0
1918,666,1
1918,1807,0.45590001344680786
1918,1556,0.38413050770759583
1918,1502,0.37921658158302307
1918,1068,0.36875683069229126
1918,459,0.284595787525177
1918,109,0.21080008149147034
1918,491,0.16734401881694794
1918,1022,0.1665036678314209
1918,465,0.15048876404762268
1918,966,0.1336035281419754
1918,1418,0.090232685208320618
1918,649,0.062129288911819458
1918,1696,0.053189758211374283
1919,1919,0
1919,1970,1
1919,538,0.8296579122543335
1919,1349,0.59846735000610352
1919,1442,0.23046505451202393
1919,25,0.22648540139198303
1919,36,0.20170240104198456
1919,881,0.18897278606891632
1919,742,0.18073840439319611
1919,1319,0.11152106523513794
1919,1093,0.080638229846954346
1919,1007,0.072258830070495605
1919,1381,0.068177312612533569
1919,1608,0.064245976507663727
1919,862,0.053559128195047379
1920,1920,0
1920,1601,1
1920,1872,0.45240157842636108
1920,1979,0.32617682218551636
1920,824,0.27745535969734192
1920,564,0.27177166938781738
1920,886,0.22981537878513336
1920,45,0.21416996419429779
1920,1847,0.19130104780197144
1920,331,0.17978614568710327
1920,864,0.17841747403144836
1920,1337,0.16968800127506256
1920,1745,0.16294549405574799
1920,1646,0.12804602086544037
1920,604,0.12491940706968307
1921,1921,0
1921,1902,1
1921,588,0.54223191738128662
1921,729,0.31134086847305298
1921,1505,0.28056606650352478
1921,1678,0.25067812204360962
1921,1633,0.20995740592479706
1921,1562,0.20561890304088593
1921,306,0.17936679720878601
1921,1163,0.16810232400894165
1921,1475,0.16520456969738007
1921,682,0.15776821970939636
1921,151,0.14867429435253143
1921,0,0.1445501297712326
1921,713,0.14283612370491028
1922,1922,0
1922,599,1
1922,1607,0.59892821311950684
1922,1436,0.26321932673454285
1922,1074,0.23652304708957672
1922,1787,0.23142915964126587
1922,351,0.21792857348918915
1922,1690,0.20020118355751038
1922,1671,0.19026494026184082
1922,1855,0.17209909856319427
1922,735,0.17079688608646393
1922,832,0.16660349071025848
1922,903,0.15876683592796326
1922,828,0.15717071294784546
1922,1142,0.14295086264610291
1923,1923,0
1923,1933,1
1923,268,0.36778077483177185
1923,536,0.30075746774673462
1923,313,0.29264608025550842
1923,1359,0.25510427355766296
1923,339,0.25329405069351196
1923,1370,0.24169549345970154
1923,763,0.2165103554725647
1923,244,0.19054226577281952
1923,1244,0.16781450808048248
1923,1803,0.1617390513420105
1923,1675,0.1589023768901825
1923,1603,0.15189100801944733
1923,1535,0.14821514487266541
1924,1924,0
1924,1647,1
1924,1245,0.35729312896728516
1924,1732,0.33427286148071289
1924,203,0.29760867357254028
1924,1596,0.28621673583984375
1924,536,0.2712598443031311
1924,1144,0.20563484728336334
1924,37,0.19326898455619812
1924,877,0.18779841065406799
1924,95,0.18502125144004822
1924,1972,0.16146185994148254
1924,322,0.1549164354801178
1924,517,0.14952196180820465
1924,1099,0.12261261790990829
1925,1925,0
1925,1447,1
1925,1909,0.56848818063735962
1925,410,0.49832445383071899
1925,1199,0.45757400989532471
1925,1255,0.27397480607032776
1925,949,0.20465384423732758
1925,1173,0.16781958937644958
1925,1281,0.14991872012615204
1925,187,0.13168942928314209
1925,534,0.10179463028907776
1925,1645,0.093265287578105927
1925,1102,0.09165346622467041
1925,387,0.086853936314582825
1925,1412,0.080880582332611084
1926,1926,0
1926,907,1
1926,1291,0.56730645895004272
1926,1472,0.53917253017425537
1926,839,0.31185787916183472
1926,616,0.30129110813140869
1926,707,0.22791141271591187
1926,1994,0.20837484300136566
1926,1498,0.18802198767662048
1926,432,0.12653073668479919
1926,1953,0.12586413323879242
1926,629,0.10296200215816498
1926,553,0.093830615282058716
1926,1618,0.079279914498329163
1926,1843,0.034480616450309753
1927,1927,0
1927,1405,1
1927,1664,0.3650798499584198
1927,1037,0.3365175724029541
1927,382,0.28544387221336365
1927,255,0.25587949156761169
1927,957,0.22761274874210358
1927,853,0.21949341893196106
1927,211,0.21367816627025604
1927,661,0.20474684238433838
1927,415,0.16489511728286743
1927,1720,0.16359557211399078
1927,503,0.16148833930492401
1927,1460,0.15447096526622772
1927,829,0.15398721396923065
1928,1928,0
1928,31,1
1928,1432,0.43778693675994873
1928,568,0.34212213754653931
1928,1684,0.25470706820487976
1928,954,0.2487943172454834
1928,1090,0.23727065324783325
1928,1330,0.20321363210678101
1928,1462,0.19683793187141418
1928,232,0.19343657791614532
1928,2,0.19330811500549316
1928,683,0.18248336017131805
1928,1124,0.14068551361560822
1928,1191,0.13866052031517029
1928,649,0.13759155571460724
1929,1929,0
1929,777,1
1929,257,0.41206061840057373
1929,1622,0.40699812769889832
1929,814,0.34164202213287354
1929,1758,0.28319370746612549
1929,452,0.20773895084857941
1929,1682,0.19928728044033051
1929,151,0.19296972453594208
1929,996,0.18109898269176483
1929,796,0.14970196783542633
1929,625,0.14932799339294434
1929,1032,0.1428038626909256
1929,949,0.1223447322845459
1929,1798,0.11773011833429337
1930,1930,0
1930,103,1
1930,740,0.63458752632141113
1930,1853,0.41575884819030762
1930,1399,0.37844431400299072
1930,1496,0.34798380732536316
1930,892,0.20919358730316162
1930,1248,0.1472628116607666
1930,1093,0.14695200324058533
1930,424,0.13380686938762665
1930,1323,0.1308271735906601
1930,1381,0.10529159754514694
1930,918,0.094129852950572968
1930,884,0.084333531558513641
1930,1493,0.078316718339920044
1931,1931,0
1931,32,1
1931,308,0.90871608257293701
1931,1731,0.4750724732875824
1931,1360,0.34302514791488647
1931,1809,0.26253819465637207
1931,1885,0.20664231479167938
1931,1751,0.17033174633979797
1931,1869,0.11216829717159271
1931,483,0.09048018604516983
1931,1692,0.077744774520397186
1931,384,0.074414573609828949
1931,1525,0.063956446945667267
1931,1183,0.060969088226556778
1931,1328,0.060836024582386017
1932,1932,0
1932,889,1
1932,391,0.5872795581817627
1932,1576,0.55627638101577759
1932,170,0.31493934988975525
1932,701,0.23607684671878815
1932,1174,0.20086613297462463
1932,1523,0.16761159896850586
1932,1103,0.16257643699645996
1932,496,0.13494972884654999
1932,366,0.12137622386217117
1932,461,0.11749795824289322
1932,27,0.11041317880153656
1932,16,0.10697617381811142
1932,1629,0.090049751102924347
1933,1933,0
1933,1923,1
1933,763,0.73893332481384277
1933,1370,0.5754353404045105
1933,536,0.24945133924484253
1933,244,0.22041186690330505
1933,268,0.21264608204364777
1933,313,0.15717270970344543
1933,1624,0.14408150315284729
1933,464,0.12975287437438965
1933,1803,0.10705430060625076
1933,1244,0.09944317489862442
1933,101,0.096311390399932861
1933,955,0.090476132929325104
1933,1580,0.085722640156745911
1934,1934,0
1934,780,1
1934,1506,0.52425855398178101
1934,1841,0.41747277975082397
1934,1249,0.2996942400932312
1934,1078,0.26227247714996338
1934,297,0.2305460125207901
1934,1536,0.2235109806060791
1934,1416,0.22083891928195953
1934,1391,0.14775273203849792
1934,1141,0.14687147736549377
1934,836,0.12779593467712402
1934,852,0.10900658369064331
1934,1274,0.098629646003246307
1934,1115,0.098237261176109314
1935,1935,0
1935,333,1
1935,1635,0.73331820964813232
1935,922,0.66143250465393066
1935,444,0.22113457322120667
1935,1270,0.17018194496631622
1935,860,0.15128973126411438
1935,220,0.15030728280544281
1935,1731,0.13840277493000031
1935,643,0.13677063584327698
1935,107,0.12647198140621185
1935,1328,0.12574230134487152
1935,1274,0.10810358077287674
1935,1751,0.092110715806484222
1935,371,0.091616608202457428
1936,1936,0
1936,1273,1
1936,1818,0.46145424246788025
1936,1138,0.44395178556442261
1936,942,0.41060826182365417
1936,844,0.32236570119857788
1936,1696,0.24295586347579956
1936,1604,0.20809838175773621
1936,459,0.17458890378475189
1936,655,0.13290409743785858
1936,988,0.11965619027614594
1936,1283,0.1033887192606926
1936,666,0.10290442407131195
1936,1918,0.097280167043209076
1936,1260,0.086726121604442596
1937,1937,0
1937,535,1
1937,1636,0.75152856111526489
1937,1104,0.51899099349975586
1937,1912,0.30492678284645081
1937,1153,0.21722427010536194
1937,679,0.19017145037651062
1937,1984,0.18069253861904144
1937,561,0.14762197434902191
1937,803,0.11603435873985291
1937,1333,0.10979682952165604
1937,1485,0.10248112678527832
1937,49,0.093475118279457092
1937,276,0.087326414883136749
1937,501,0.086614429950714111
1938,1938,0
1938,969,1
1938,878,0.51038539409637451
1938,871,0.33192792534828186
1938,531,0.26679167151451111
1938,285,0.24348078668117523
1938,1399,0.23191913962364197
1938,858,0.2101670503616333
1938,1496,0.20562602579593658
1938,1248,0.18712799251079559
1938,1323,0.18569408357143402
1938,61,0.14609892666339874
1938,1890,0.13467878103256226
1938,1695,0.1344107985496521
1938,1341,0.11857780814170837
1939,1939,0
1939,1800,1
1939,1895,0.62402302026748657
1939,824,0.39971882104873657
1939,88,0.39190232753753662
1939,1769,0.26538419723510742
1939,1417,0.26073625683784485
1939,1120,0.21556131541728973
1939,1015,0.15756791830062866
1939,11,0.14419834315776825
1939,1979,0.12472216039896011
1939,644,0.087292276322841644
1939,230,0.087261274456977844
1939,1892,0.074400328099727631
1939,807,0.074128396809101105
1940,1940,0
1940,961,1
1940,942,0.44730886816978455
1940,1604,0.33081871271133423
1940,596,0.32929971814155579
1940,1344,0.24635583162307739
1940,1474,0.23088628053665161
1940,654,0.21821187436580658
1940,269,0.20319026708602905
1940,1586,0.17326577007770538
1940,1273,0.16431400179862976
1940,293,0.15555620193481445
1940,189,0.14182105660438538
1940,499,0.13655871152877808
1940,1936,0.12930446863174438
1941,1941,0
1941,1209,1
1941,1771,0.61639082431793213
1941,312,0.35248947143554688
1941,265,0.24890060722827911
1941,517,0.23811469972133636
1941,635,0.22834888100624084
1941,203,0.17969602346420288
1941,1585,0.1626020073890686
1941,108,0.16128872334957123
1941,1564,0.15964837372303009
1941,1101,0.15582777559757233
1941,172,0.14650461077690125
1941,570,0.13164693117141724
1941,1752,0.12543156743049622
1942,1942,0
1942,248,1
1942,1211,0.75001132488250732
1942,889,0.72931855916976929
1942,1689,0.21218405663967133
1942,30,0.16423915326595306
1942,1576,0.15827940404415131
1942,1876,0.13734850287437439
1942,1522,0.12689271569252014
1942,461,0.12436474114656448
1942,1065,0.11297941952943802
1942,453,0.10930013656616211
1942,1447,0.10068967938423157
1942,1199,0.093950934708118439
1942,746,0.087339013814926147
1943,1943,0
1943,424,1
1943,473,0.82169228792190552
1943,687,0.47030311822891235
1943,1853,0.37736934423446655
1943,1930,0.1994536966085434
1943,531,0.19227571785449982
1943,346,0.1548650860786438
1943,188,0.12503880262374878
1943,540,0.12230200320482254
1943,437,0.097802251577377319
1943,1704,0.090662308037281036
1943,1270,0.088200151920318604
1943,678,0.08795551210641861
1943,842,0.078970208764076233
1944,1944,0
1944,1822,1
1944,997,0.60319262742996216
1944,1035,0.49891537427902222
1944,741,0.29549014568328857
1944,1615,0.20534186065196991
1944,1894,0.18059054017066956
1944,1873,0.17495113611221313
1944,397,0.15959471464157104
1944,179,0.14379516243934631
1944,195,0.14123158156871796
1944,970,0.14069139957427979
1944,524,0.13619479537010193
1944,1983,0.1158737987279892
1944,1557,0.11103057861328125
1945,1945,0
1945,1599,1
1945,482,0.82627683877944946
1945,758,0.56368845701217651
1945,1415,0.53860729932785034
1945,468,0.22809542715549469
1945,1761,0.15589897334575653
1945,1782,0.10608192533254623
1945,574,0.098061941564083099
1945,1412,0.096413463354110718
1945,732,0.075087994337081909
1945,665,0.060708113014698029
1945,658,0.055370241403579712
1945,241,0.052069280296564102
1945,1108,0.0505235455930233
1946,1946,0
1946,1971,1
1946,1998,0.71327388286590576
1946,1988,0.66449350118637085
1946,1913,0.50657510757446289
1946,1387,0.45561045408248901
1946,95,0.20862042903900146
1946,1459,0.10604080557823181
1946,552,0.051077801734209061
1946,1406,0.048371516168117523
1946,1224,0.039051651954650879
1946,1955,0.038456160575151443
1946,1357,0.034182354807853699
1946,575,0.020934693515300751
1946,693,0.020194394513964653
1947,1947,0
1947,1890,1
1947,1751,0.50050252676010132
1947,1136,0.46259087324142456
1947,721,0.38230124115943909
1947,444,0.28306272625923157
1947,1809,0.22193031013011932
1947,1332,0.21313636004924774
1947,878,0.1825082004070282
1947,1304,0.14901441335678101
1947,669,0.12462032586336136
1947,1328,0.10104937851428986
1947,995,0.1008441299200058
1947,1534,0.097671695053577423
1947,296,0.087667681276798248
1948,1948,0
1948,1760,1
1948,517,0.62661486864089966
1948,165,0.41939076781272888
1948,203,0.33248847723007202
1948,1279,0.27943873405456543
1948,1456,0.22731056809425354
1948,1459,0.22166824340820312
1948,1752,0.19781583547592163
1948,1600,0.14108994603157043
1948,354,0.102274090051651
1948,44,0.09451642632484436
1948,1243,0.090859510004520416
1948,1401,0.088121600449085236
1948,1685,0.08530794084072113
1949,1949,0
1949,22,1
1949,1181,0.47889387607574463
1949,233,0.46662986278533936
1949,921,0.32602909207344055
1949,690,0.31977841258049011
1949,1546,0.20873259007930756
1949,976,0.17602351307868958
1949,1076,0.17504401504993439
1949,505,0.17226462066173553
1949,970,0.14381715655326843
1949,195,0.13100150227546692
1949,1450,0.11850785464048386
1949,671,0.10071364045143127
1949,318,0.089455828070640564
1950,1950,0
1950,1709,1
1950,1272,0.47534918785095215
1950,912,0.44441595673561096
1950,362,0.41351896524429321
1950,1255,0.30959147214889526
1950,1380,0.23975919187068939
1950,77,0.19289581477642059
1950,1083,0.14179123938083649
1950,713,0.13846927881240845
1950,1036,0.11807770282030106
1950,1909,0.11202883720397949
1950,227,0.1104927584528923
1950,328,0.10742936283349991
1950,63,0.10307333618402481
1951,1951,0
1951,227,1
1951,773,0.65060806274414062
1951,418,0.43642610311508179
1951,727,0.20939774811267853
1951,605,0.19141462445259094
1951,394,0.18671241402626038
1951,713,0.17302455008029938
1951,247,0.16842812299728394
1951,117,0.15947960317134857
1951,1854,0.1536237895488739
1951,252,0.15221560001373291
1951,1040,0.15030182898044586
1951,1160,0.14034731686115265
1951,217,0.13490810990333557
1952,1952,0
1952,131,1
1952,1648,0.58839130401611328
1952,420,0.42199307680130005
1952,1633,0.38932013511657715
1952,0,0.23641769587993622
1952,1008,0.2140059620141983
1952,973,0.2135147899389267
1952,1380,0.14898177981376648
1952,1678,0.1369297206401825
1952,1108,0.12094252556562424
1952,1539,0.11584851890802383
1952,1958,0.11515399813652039
1952,1649,0.10536801815032959
1952,1808,0.10001938045024872
1953,1953,0
1953,537,1
1953,616,0.5234716534614563
1953,520,0.36226525902748108
1953,553,0.30639210343360901
1953,1601,0.24379821121692657
1953,41,0.20542700588703156
1953,1070,0.18877343833446503
1953,1291,0.1865953803062439
1953,331,0.15967725217342377
1953,414,0.15920789539813995
1953,707,0.15733413398265839
1953,946,0.14235641062259674
1953,345,0.13783332705497742
1953,354,0.13376438617706299
1954,1954,0
1954,1298,1
1954,1764,0.89757406711578369
1954,629,0.65547525882720947
1954,1587,0.27046209573745728
1954,228,0.2425864040851593
1954,1723,0.1602320671081543
1954,1620,0.1576308012008667
1954,85,0.093588650226593018
1954,810,0.09042784571647644
1954,409,0.078155010938644409
1954,1500,0.073238804936408997
1954,199,0.071638442575931549
1954,1402,0.065706506371498108
1954,725,0.050183486193418503
1955,1955,0
1955,877,1
1955,1245,0.63067817687988281
1955,1946,0.39664363861083984
1955,947,0.31440460681915283
1955,1987,0.27438810467720032
1955,304,0.26103734970092773
1955,1998,0.23674175143241882
1955,1779,0.15704599022865295
1955,130,0.13872194290161133
1955,1811,0.12644705176353455
1955,1463,0.10966497659683228
1955,883,0.10442462563514709
1955,526,0.084241993725299835
1955,1656,0.072447441518306732
1956,1956,0
1956,1986,1
1956,326,0.63219296932220459
1956,298,0.36987984180450439
1956,1022,0.32595077157020569
1956,1556,0.32115402817726135
1956,1546,0.20959348976612091
1956,1254,0.17684122920036316
1956,78,0.16527791321277618
1956,194,0.1465747207403183
1956,359,0.13494828343391418
1956,1721,0.13183000683784485
1956,690,0.1025702953338623
1956,923,0.099957063794136047
1956,1528,0.090121962130069733
1957,1957,0
1957,136,1
1957,553,0.44377291202545166
1957,448,0.40698486566543579
1957,1403,0.36069414019584656
1957,1472,0.31607982516288757
1957,839,0.18357358872890472
1957,290,0.17907783389091492
1957,1558,0.15801528096199036
1957,823,0.15679395198822021
1957,28,0.15521526336669922
1957,432,0.14742138981819153
1957,345,0.14409737288951874
1957,338,0.1333581954240799
1957,506,0.1217980682849884
1958,1958,0
1958,1617,1
1958,963,0.85823380947113037
1958,756,0.66859185695648193
1958,117,0.46779713034629822
1958,1916,0.32615348696708679
1958,420,0.18024349212646484
1958,1469,0.099649585783481598
1958,391,0.067616775631904602
1958,847,0.064602650701999664
1958,1678,0.060560137033462524
1958,288,0.040152732282876968
1958,916,0.028896095231175423
1958,277,0.022951042279601097
1958,1227,0.021449705585837364
1959,1959,0
1959,41,1
1959,1708,0.94253343343734741
1959,675,0.75243747234344482
1959,494,0.45733532309532166
1959,400,0.16677626967430115
1959,537,0.14398778975009918
1959,414,0.089621894061565399
1959,1401,0.077216200530529022
1959,271,0.074619553983211517
1959,331,0.07159249484539032
1959,556,0.069809697568416595
1959,1953,0.021385380998253822
1959,1872,0.021285116672515869
1959,354,0.018289588391780853
1960,1960,0
1960,811,1
1960,1499,0.42610180377960205
1960,15,0.42413181066513062
1960,700,0.34515264630317688
1960,1390,0.32596150040626526
1960,1196,0.23172304034233093
1960,425,0.22489510476589203
1960,792,0.22379893064498901
1960,1326,0.16101911664009094
1960,1617,0.11191052198410034
1960,1909,0.11190828680992126
1960,454,0.11164682358503342
1960,387,0.10943103581666946
1960,1649,0.099206507205963135
1961,1961,0
1961,101,1
1961,1904,0.98387885093688965
1961,74,0.61880207061767578
1961,998,0.40692952275276184
1961,517,0.30155289173126221
1961,1585,0.27569922804832458
1961,271,0.1151830181479454
1961,57,0.04997570812702179
1961,104,0.04255397617816925
1961,955,0.034744802862405777
1961,287,0.022435439750552177
1961,265,0.019160054624080658
1961,44,0.018930282443761826
1961,815,0.01703973300755024
1962,1962,0
1962,1123,1
1962,51,0.67719578742980957
1962,1265,0.55927920341491699
1962,1816,0.30302578210830688
1962,1373,0.29281410574913025
1962,742,0.2285199761390686
1962,371,0.12743723392486572
1962,1692,0.1273273229598999
1962,1608,0.12175828963518143
1962,316,0.1184472069144249
1962,1134,0.094871267676353455
1962,1143,0.088255412876605988
1962,1172,0.085136204957962036
1962,1563,0.082824498414993286
1963,1963,0
1963,726,1
1963,631,0.76851928234100342
1963,1093,0.66298395395278931
1963,1112,0.5144156813621521
1963,161,0.44862335920333862
1963,1089,0.25935864448547363
1963,1292,0.087481603026390076
1963,177,0.04805721715092659
1963,1756,0.046850208193063736
1963,740,0.032735761255025864
1963,402,0.016826732084155083
1963,208,0.013277766294777393
1963,1088,0.0039902972057461739
1963,1341,0.00376115832477808
1964,1964,0
1964,879,1
1964,990,0.87384426593780518
1964,1686,0.77671229839324951
1964,1086,0.46828186511993408
1964,185,0.17487417161464691
1964,458,0.1371433287858963
1964,1367,0.12638294696807861
1964,1722,0.085617385804653168
1964,252,0.073017120361328125
1964,1448,0.068174123764038086
1964,260,0.032178286463022232
1964,1358,0.03096720390021801
1964,306,0.029880240559577942
1964,560,0.029821595177054405
1965,1965,0
1965,20,1
1965,1185,0.68545264005661011
1965,1072,0.33729994297027588
1965,472,0.30967119336128235
1965,1225,0.18433240056037903
1965,1862,0.17904387414455414
1965,1329,0.17457814514636993
1965,1392,0.15905766189098358
1965,1320,0.15655376017093658
1965,846,0.15316468477249146
1965,1614,0.14636002480983734
1965,1685,0.14388026297092438
1965,693,0.14046022295951843
1965,521,0.13703326880931854
1966,1966,0
1966,645,1
1966,1282,0.5759199857711792
1966,1529,0.35424518585205078
1966,1372,0.31891480088233948
1966,178,0.27959343791007996
1966,709,0.25074836611747742
1966,1238,0.25037461519241333
1966,1435,0.20710664987564087
1966,1746,0.16568158566951752
1966,901,0.13425789773464203
1966,1222,0.1194344237446785
1966,413,0.093862965703010559
1966,436,0.07936771959066391
1966,381,0.077391840517520905
1967,1967,0
1967,1094,1
1967,1669,0.78596192598342896
1967,212,0.60705596208572388
1967,450,0.54042279720306396
1967,856,0.20525774359703064
1967,1457,0.10367744415998459
1967,1777,0.10197389870882034
1967,369,0.088655710220336914
1967,654,0.088226653635501862
1967,596,0.087688542902469635
1967,1568,0.085685551166534424
1967,243,0.079265207052230835
1967,861,0.075013890862464905
1967,1276,0.058002837002277374
1968,1968,0
1968,1816,1
1968,890,0.78093856573104858
1968,253,0.41226550936698914
1968,663,0.39368575811386108
1968,643,0.24323812127113342
1968,1134,0.22089780867099762
1968,1321,0.16164988279342651
1968,748,0.14602752029895782
1968,1143,0.10430449247360229
1968,1123,0.10252364724874496
1968,784,0.090277805924415588
1968,445,0.087596938014030457
1968,1991,0.083935439586639404
1968,1608,0.079541929066181183
1969,1969,0
1969,1311,1
1969,164,0.29181739687919617
1969,842,0.26560214161872864
1969,1704,0.25718402862548828
1969,541,0.25009393692016602
1969,608,0.22708791494369507
1969,1608,0.22608929872512817
1969,771,0.22108754515647888
1969,1486,0.20937274396419525
1969,1869,0.20295332372188568
1969,1627,0.19557620584964752
1969,238,0.19491937756538391
1969,742,0.18421946465969086
1969,1353,0.18087753653526306
1970,1970,0
1970,1919,1
1970,1140,0.84651428461074829
1970,1264,0.52760881185531616
1970,510,0.29795694351196289
1970,1349,0.26540830731391907
1970,742,0.1848161369562149
1970,1093,0.17137016355991364
1970,1172,0.16849033534526825
1970,25,0.12937638163566589
1970,1772,0.092132724821567535
1970,1037,0.086191676557064056
1970,631,0.049852039664983749
1970,538,0.04444136843085289
1970,1815,0.04272175207734108
1971,1971,0
1971,755,1
1971,1368,0.45666825771331787
1971,1946,0.35341113805770874
1971,474,0.24324797093868256
1971,1913,0.2234584242105484
1971,1564,0.22167542576789856
1971,763,0.21463626623153687
1971,604,0.20652027428150177
1971,944,0.20002023875713348
1971,1459,0.17476028203964233
1971,728,0.16956841945648193
1971,1329,0.16431544721126556
1971,1685,0.14138458669185638
1971,877,0.13723038136959076
1972,1972,0
1972,203,1
1972,580,0.39167159795761108
1972,1151,0.34371420741081238
1972,349,0.29981121420860291
1972,873,0.24862883985042572
1972,1647,0.24538993835449219
1972,808,0.23282916843891144
1972,1924,0.20714208483695984
1972,1158,0.16895218193531036
1972,1771,0.1648857593536377
1972,304,0.16298145055770874
1972,1799,0.1515660434961319
1972,1847,0.14533613622188568
1972,840,0.14398166537284851
1973,1973,0
1973,1227,1
1973,508,0.38136300444602966
1973,1504,0.36848369240760803
1973,303,0.30399474501609802
1973,196,0.28911504149436951
1973,5,0.24859568476676941
1973,1412,0.22088527679443359
1973,1978,0.2134157121181488
1973,963,0.20849750936031342
1973,1981,0.16385719180107117
1973,1324,0.15840306878089905
1973,758,0.1233515739440918
1973,879,0.11670736968517303
1973,1086,0.11021166294813156
1974,1974,0
1974,1250,1
1974,525,0.52037471532821655
1974,1226,0.37497782707214355
1974,1568,0.31907877326011658
1974,1034,0.29101648926734924
1974,115,0.28176519274711609
1974,861,0.20462857186794281
1974,455,0.18586939573287964
1974,1069,0.15742689371109009
1974,243,0.12823201715946198
1974,1681,0.11864468455314636
1974,788,0.11744262278079987
1974,1660,0.10465193539857864
1974,369,0.10277193039655685
1975,1975,0
1975,1766,1
1975,246,0.86008340120315552
1975,814,0.54875749349594116
1975,1716,0.40553301572799683
1975,1898,0.25348713994026184
1975,964,0.21316254138946533
1975,1233,0.15411926805973053
1975,1578,0.12410592287778854
1975,385,0.095430284738540649
1975,1929,0.072941519320011139
1975,452,0.051104038953781128
1975,1423,0.050039935857057571
1975,1837,0.041947770863771439
1975,1622,0.036187198013067245
1976,1976,0
1976,1002,1
1976,1600,0.45372894406318665
1976,1127,0.39298108220100403
1976,883,0.33241978287696838
1976,1858,0.23148545622825623
1976,1148,0.22836706042289734
1976,481,0.222699373960495
1976,840,0.19911175966262817
1976,1610,0.17441028356552124
1976,349,0.16491726040840149
1976,1224,0.13373054563999176
1976,1015,0.12555663287639618
1976,928,0.12443382292985916
1976,1518,0.12305011600255966
1977,1977,0
1977,332,1
1977,390,0.32894262671470642
1977,1641,0.3160967230796814
1977,706,0.29301825165748596
1977,346,0.23895260691642761
1977,1512,0.23643454909324646
1977,1249,0.22435741126537323
1977,892,0.22336041927337646
1977,1043,0.20884044468402863
1977,144,0.17709128558635712
1977,539,0.17572085559368134
1977,1768,0.17259617149829865
1977,1212,0.16397170722484589
1977,103,0.14750826358795166
1978,1978,0
1978,1324,1
1978,579,0.78699272871017456
1978,1792,0.27332344651222229
1978,573,0.24220584332942963
1978,1680,0.23703780770301819
1978,303,0.18301476538181305
1978,625,0.18045097589492798
1978,1425,0.17533062398433685
1978,1973,0.16066981852054596
1978,981,0.15013763308525085
1978,1686,0.14775297045707703
1978,1981,0.1378052681684494
1978,257,0.12492438405752182
1978,1763,0.10724129527807236
1979,1979,0
1979,886,1
1979,349,0.45127415657043457
1979,1519,0.38524824380874634
1979,1745,0.33493563532829285
1979,464,0.27068758010864258
1979,1847,0.24127210676670074
1979,1520,0.21472930908203125
1979,536,0.18182438611984253
1979,481,0.17356328666210175
1979,11,0.15347395837306976
1979,1920,0.14006435871124268
1979,1120,0.12835386395454407
1979,1760,0.12563073635101318
1979,873,0.10584290325641632
1980,1980,0
1980,1315,1
1980,866,0.93176496028900146
1980,585,0.61021214723587036
1980,1457,0.37438526749610901
1980,1095,0.31199124455451965
1980,47,0.25416755676269531
1980,1069,0.11257534474134445
1980,1135,0.06183711439371109
1980,1626,0.050184972584247589
1980,666,0.047644287347793579
1980,683,0.045907776802778244
1980,1344,0.041199039667844772
1980,633,0.033640485256910324
1980,568,0.031372576951980591
1981,1981,0
1981,328,1
1981,303,0.56044149398803711
1981,1792,0.5280228853225708
1981,196,0.34897395968437195
1981,5,0.27371451258659363
1981,713,0.20311716198921204
1981,1561,0.15901719033718109
1981,1709,0.14394338428974152
1981,855,0.13052499294281006
1981,306,0.12411210685968399
1981,579,0.11976282298564911
1981,566,0.1113605871796608
1981,981,0.10430255532264709
1981,605,0.099595241248607635
1982,1982,0
1982,1697,1
1982,20,0.42100086808204651
1982,1965,0.41961079835891724
1982,1887,0.28219142556190491
1982,1002,0.25481534004211426
1982,1463,0.22824494540691376
1982,1185,0.19917111098766327
1982,883,0.18142719566822052
1982,1329,0.16464440524578094
1982,693,0.16066238284111023
1982,1225,0.15924783051013947
1982,1343,0.15005739033222198
1982,1206,0.14772844314575195
1982,699,0.13809636235237122
1983,1983,0
1983,1851,1
1983,273,0.83709383010864258
1983,558,0.78247690200805664
1983,524,0.50673669576644897
1983,318,0.19888682663440704
1983,997,0.1268332451581955
1983,1767,0.10457783192396164
1983,1628,0.079809695482254028
1983,1944,0.075034447014331818
1983,1035,0.045535460114479065
1983,150,0.038702655583620071
1983,1181,0.037399861961603165
1983,671,0.037375155836343765
1983,1546,0.036433301866054535
1984,1984,0
1984,1636,1
1984,1104,0.58352094888687134
1984,1153,0.44111379981040955
1984,1295,0.38551449775695801
1984,1805,0.32151266932487488
1984,1030,0.19621622562408447
1984,1194,0.18178685009479523
1984,535,0.17660559713840485
1984,801,0.14563071727752686
1984,679,0.11916875839233398
1984,865,0.10688666254281998
1984,22,0.10169920325279236
1984,970,0.082421541213989258
1984,803,0.06482243537902832
1985,1985,0
1985,1144,1
1985,785,0.51876699924468994
1985,1732,0.40904667973518372
1985,1924,0.32573100924491882
1985,1145,0.27637630701065063
1985,1698,0.20941545069217682
1985,1216,0.20692123472690582
1985,1524,0.19525898993015289
1985,1849,0.15333306789398193
1985,275,0.14537690579891205
1985,1647,0.12471740692853928
1985,536,0.1243695467710495
1985,95,0.10906713455915451
1985,1596,0.1085151731967926
1986,1986,0
1986,1801,1
1986,1956,0.9704585075378418
1986,270,0.65289598703384399
1986,79,0.18552273511886597
1986,78,0.17975194752216339
1986,599,0.16995754837989807
1986,326,0.14383664727210999
1986,690,0.11909081786870956
1986,109,0.11267329752445221
1986,923,0.096257418394088745
1986,921,0.07678406685590744
1986,787,0.068015918135643005
1986,195,0.066632702946662903
1986,1082,0.065013967454433441
1987,1987,0
1987,378,1
1987,899,0.31479522585868835
1987,1312,0.2952800989151001
1987,1600,0.27506569027900696
1987,475,0.2612932026386261
1987,165,0.21586562693119049
1987,1988,0.2002752423286438
1987,1406,0.19876812398433685
1987,1998,0.19781428575515747
1987,1101,0.1977180689573288
1987,1811,0.19557380676269531
1987,354,0.18743287026882172
1987,1395,0.18410657346248627
1987,1459,0.18289679288864136
1988,1988,0
1988,95,1
1988,1406,0.72568929195404053
1988,84,0.39637297391891479
1988,757,0.23458808660507202
1988,1144,0.22241966426372528
1988,302,0.18703532218933105
1988,1387,0.18254083395004272
1988,1946,0.16750475764274597
1988,1459,0.15669190883636475
1988,1395,0.14010480046272278
1988,1998,0.1287827342748642
1988,133,0.1281963437795639
1988,1987,0.12697942554950714
1988,1198,0.10998767614364624
1989,1989,0
1989,186,1
1989,482,0.95749568939208984
1989,325,0.68415641784667969
1989,874,0.2967211902141571
1989,391,0.18453161418437958
1989,657,0.15826885402202606
1989,1761,0.13573960959911346
1989,1945,0.10195846110582352
1989,27,0.10018198192119598
1989,916,0.085867375135421753
1989,1412,0.075479961931705475
1989,758,0.058302104473114014
1989,1599,0.043138686567544937
1989,366,0.025049818679690361
1990,1990,0
1990,1838,1
1990,761,0.70775014162063599
1990,324,0.55347579717636108
1990,1657,0.39826828241348267
1990,1810,0.27306082844734192
1990,598,0.20854270458221436
1990,57,0.18322485685348511
1990,1025,0.18209835886955261
1990,66,0.10293377190828323
1990,815,0.068833760917186737
1990,1752,0.068586118519306183
1990,265,0.05940515547990799
1990,960,0.058958195149898529
1990,1668,0.041755929589271545
1991,1991,0
1991,445,1
1991,323,0.67050957679748535
1991,1134,0.45676085352897644
1991,1567,0.42303165793418884
1991,643,0.2131807804107666
1991,623,0.17800301313400269
1991,1384,0.16396908462047577
1991,1286,0.15712958574295044
1991,825,0.14122040569782257
1991,107,0.12559716403484344
1991,1328,0.10344678163528442
1991,480,0.10047353804111481
1991,253,0.093873955309391022
1991,157,0.079699203372001648
1992,1992,0
1992,535,1
1992,1276,0.85074573755264282
1992,827,0.6873927116394043
1992,497,0.63494610786437988
1992,737,0.16295664012432098
1992,1805,0.075260177254676819
1992,348,0.071354269981384277
1992,1077,0.070584855973720551
1992,356,0.067211039364337921
1992,718,0.066535487771034241
1992,664,0.061467874795198441
1992,856,0.061335258185863495
1992,865,0.056424155831336975
1992,289,0.040679085999727249
1993,1993,0
1993,569,1
1993,1004,0.48334336280822754
1993,746,0.34923925995826721
1993,527,0.28899985551834106
1993,711,0.24459625780582428
1993,16,0.23290586471557617
1993,1773,0.23116125166416168
1993,1574,0.19208309054374695
1993,1441,0.17564663290977478
1993,1347,0.15774334967136383
1993,364,0.14166642725467682
1993,729,0.1378413587808609
1993,1425,0.1363685131072998
1993,588,0.13529512286186218
1994,1994,0
1994,1537,1
1994,567,0.34639695286750793
1994,1540,0.31787383556365967
1994,1926,0.24378114938735962
1994,1884,0.2409156858921051
1994,1594,0.23400774598121643
1994,409,0.22698725759983063
1994,408,0.20305620133876801
1994,907,0.20037561655044556
1994,1533,0.19302718341350555
1994,1291,0.18148912489414215
1994,1771,0.17815452814102173
1994,1585,0.17529448866844177
1994,312,0.16553284227848053
1995,1995,0
1995,1000,1
1995,125,0.40077012777328491
1995,75,0.32734191417694092
1995,401,0.31224986910820007
1995,348,0.30910301208496094
1995,1219,0.27992430329322815
1995,1546,0.22603283822536469
1995,1573,0.2124016284942627
1995,194,0.20284351706504822
1995,1096,0.14234431087970734
1995,1283,0.14108164608478546
1995,359,0.12172894924879074
1995,523,0.11756653338670731
1995,1413,0.11351047456264496
1996,1996,0
1996,1220,1
1996,471,0.49218150973320007
1996,14,0.46141359210014343
1996,301,0.35652059316635132
1996,353,0.35548913478851318
1996,309,0.28726565837860107
1996,1940,0.22077110409736633
1996,1569,0.16277281939983368
1996,1138,0.1492391973733902
1996,269,0.1021907776594162
1996,1252,0.093055084347724915
1996,911,0.089518517255783081
1996,942,0.073798671364784241
1996,1006,0.062673032283782959
1997,1997,0
1997,1804,1
1997,764,0.34783542156219482
1997,1292,0.30515623092651367
1997,794,0.25620561838150024
1997,1404,0.25206911563873291
1997,1304,0.24863521754741669
1997,71,0.23258006572723389
1997,1963,0.23104622960090637
1997,726,0.21438419818878174
1997,1386,0.20073717832565308
1997,1003,0.19794254004955292
1997,1754,0.1637067049741745
1997,146,0.13173168897628784
1997,208,0.12485518306493759
1998,1998,0
1998,1459,1
1998,448,0.49198627471923828
1998,28,0.41507408022880554
1998,808,0.30905741453170776
1998,354,0.28263664245605469
1998,1357,0.24809440970420837
1998,1395,0.19057570397853851
1998,1946,0.16119207441806793
1998,304,0.14788229763507843
1998,1243,0.14559206366539001
1998,95,0.13969798386096954
1998,165,0.13344396650791168
1998,1988,0.12238796800374985
1998,1987,0.11927606165409088
1999,1999,0
1999,1545,1
1999,1735,0.34235185384750366
1999,736,0.31663388013839722
1999,649,0.28034961223602295
1999,1556,0.25807932019233704
1999,267,0.25765541195869446
1999,1673,0.23895220458507538
1999,1460,0.2332548052072525
1999,954,0.18601046502590179
1999,972,0.16606318950653076
1999,1056,0.15986014902591705
1999,672,0.15924391150474548
1999,1502,0.15514668822288513
1999,1651,0.15328815579414368
