0,1525,0.36326465010643005
0,1641,0.35176962614059448
0,346,0.3481508195400238
0,329,0.3280637264251709
0,1468,0.31459659337997437
0,539,0.31269878149032593
0,214,0.30184614658355713
0,1486,0.27327144145965576
0,731,0.26513397693634033
0,819,0.25518351793289185
0,1853,0.24579837918281555
0,1440,0.24036490917205811
0,1514,0.23531796038150787
0,712,0.21898913383483887
0,1692,0.21569639444351196
1,1223,0.43191316723823547
1,629,0.38996949791908264
1,85,0.31963241100311279
1,1788,0.29309609532356262
1,1580,0.29042351245880127
1,1498,0.28972345590591431
1,300,0.28381788730621338
1,1618,0.28057712316513062
1,1603,0.26390370726585388
1,45,0.25231918692588806
1,1926,0.25171226263046265
1,311,0.25115984678268433
1,1291,0.25001817941665649
1,820,0.24886749684810638
1,1231,0.24166384339332581
2,1599,0.3477899432182312
2,27,0.34649080038070679
2,26,0.30370396375656128
2,732,0.2919500470161438
2,1932,0.284971684217453
2,867,0.27944779396057129
2,1324,0.27876889705657959
2,167,0.27726376056671143
2,1523,0.27559235692024231
2,1875,0.26922875642776489
2,1473,0.26819226145744324
2,438,0.26206123828887939
2,1860,0.25914841890335083
2,874,0.25782051682472229
2,116,0.25225803256034851
3,867,0.36518371105194092
3,1598,0.33965957164764404
3,1103,0.33579415082931519
3,1916,0.30377361178398132
3,1005,0.29537373781204224
3,1448,0.29113394021987915
3,1612,0.28679999709129333
3,343,0.27334681153297424
3,77,0.26891028881072998
3,963,0.2612377405166626
3,534,0.25446325540542603
3,613,0.25282883644104004
3,1958,0.25080949068069458
3,1473,0.24766369163990021
3,1001,0.2451004832983017
4,1777,0.41651347279548645
4,278,0.37938505411148071
4,1679,0.37259230017662048
4,1165,0.33504790067672729
4,1762,0.3025367259979248
4,340,0.29604235291481018
4,415,0.27314996719360352
4,766,0.26961499452590942
4,1669,0.25588369369506836
4,1967,0.25378310680389404
4,970,0.25034916400909424
4,1615,0.23121955990791321
4,976,0.22946931421756744
4,801,0.22895759344100952
4,903,0.22885487973690033
5,507,0.42285135388374329
5,441,0.37953147292137146
5,1473,0.33685287833213806
5,1875,0.32668581604957581
5,1782,0.31539717316627502
5,658,0.3049786388874054
5,715,0.29032576084136963
5,874,0.28992286324501038
5,1740,0.25750628113746643
5,657,0.25041934847831726
5,1425,0.24871620535850525
5,26,0.24046601355075836
5,981,0.22531390190124512
5,732,0.22062687575817108
5,277,0.22013956308364868
6,834,0.33213743567466736
6,1625,0.29931676387786865
6,1123,0.29627826809883118
6,1157,0.29539304971694946
6,1563,0.29454222321510315
6,876,0.29019594192504883
6,522,0.284056156873703
6,8,0.28282278776168823
6,1265,0.27761772274971008
6,381,0.26819396018981934
6,901,0.26577630639076233
6,1353,0.2635284960269928
6,836,0.26351776719093323
6,1510,0.26285848021507263
6,1166,0.2627888023853302
7,1265,0.35788825154304504
7,834,0.35563540458679199
7,1123,0.30438438057899475
7,381,0.30282768607139587
7,1608,0.29360991716384888
7,748,0.28822916746139526
7,876,0.28494375944137573
7,901,0.28312507271766663
7,178,0.26998600363731384
7,253,0.26433449983596802
7,643,0.26279428601264954
7,1588,0.25549283623695374
7,709,0.25319245457649231
7,445,0.24607159197330475
7,1794,0.24226833879947662
8,968,0.34466928243637085
8,653,0.32881805300712585
8,1343,0.30222135782241821
8,868,0.29703906178474426
8,1039,0.29321447014808655
8,88,0.28870034217834473
8,1120,0.28845450282096863
8,268,0.28294292092323303
8,873,0.27322611212730408
8,1520,0.27208083868026733
8,37,0.26776209473609924
8,536,0.26639926433563232
8,1702,0.25325882434844971
8,1979,0.25011605024337769
8,1878,0.24264723062515259
9,249,0.42655986547470093
9,1393,0.36395162343978882
9,1900,0.33967924118041992
9,1007,0.31667694449424744
9,742,0.28066962957382202
9,178,0.27632743120193481
9,1123,0.26444077491760254
9,480,0.26412156224250793
9,1506,0.26249217987060547
9,1134,0.26175636053085327
9,1828,0.26155731081962585
9,1349,0.25599333643913269
9,1265,0.25442945957183838
9,1783,0.25272569060325623
9,1674,0.25207701325416565
10,1556,0.47217285633087158
10,1067,0.34675624966621399
10,1068,0.33039590716362
10,1022,0.31710022687911987
10,1502,0.29522097110748291
10,1283,0.27960523962974548
10,56,0.2767186164855957
10,1918,0.27659967541694641
10,1280,0.27316096425056458
10,779,0.26450753211975098
10,465,0.25991085171699524
10,1273,0.25573623180389404
10,1138,0.24871155619621277
10,1418,0.24519738554954529
10,459,0.23726826906204224
11,1859,0.33245250582695007
11,1078,0.31788647174835205
11,1776,0.31766074895858765
11,1115,0.30870047211647034
11,1748,0.29429522156715393
11,402,0.29056704044342041
11,1444,0.28340253233909607
11,1935,0.2803109884262085
11,1536,0.27288573980331421
11,1653,0.26941636204719543
11,1527,0.26303058862686157
11,924,0.2592848539352417
11,462,0.25647300481796265
11,220,0.25275489687919617
11,547,0.24021981656551361
12,270,0.40565857291221619
12,1801,0.38770154118537903
12,735,0.30520081520080566
12,21,0.3018912672996521
12,184,0.29823204874992371
12,440,0.29281097650527954
12,195,0.2832130491733551
12,1012,0.27161946892738342
12,921,0.26523157954216003
12,1200,0.2644822895526886
12,1276,0.26152104139328003
12,1986,0.25646814703941345
12,599,0.24719904363155365
12,1548,0.2358851283788681
12,1613,0.23543298244476318
13,1503,0.37028378248214722
13,912,0.35971635580062866
13,1909,0.33126118779182434
13,1229,0.30213072896003723
13,1009,0.29492005705833435
13,73,0.29339653253555298
13,1255,0.28528013825416565
13,1678,0.28112289309501648
13,1709,0.27583995461463928
13,1027,0.27262851595878601
13,1199,0.25477030873298645
13,151,0.24866773188114166
13,387,0.23792736232280731
13,306,0.23570048809051514
13,713,0.23352347314357758
14,27,0.36367976665496826
14,1599,0.35737311840057373
14,1149,0.35135966539382935
14,1199,0.33192610740661621
14,732,0.30834260582923889
14,981,0.3017180860042572
14,257,0.28453755378723145
14,1103,0.26599359512329102
14,252,0.25306716561317444
14,711,0.24838249385356903
14,70,0.24488897621631622
14,1425,0.24281805753707886
14,248,0.24054509401321411
14,1441,0.24015387892723083
14,26,0.23577891290187836
15,1803,0.33063575625419617
15,312,0.32300391793251038
15,1881,0.31204253435134888
15,163,0.30920878052711487
15,1771,0.30287796258926392
15,1013,0.30002069473266602
15,815,0.28981098532676697
15,536,0.27402180433273315
15,1603,0.26888313889503479
15,1535,0.26749038696289062
15,101,0.26235482096672058
15,45,0.25553387403488159
15,1402,0.2490740567445755
15,714,0.24649013578891754
15,570,0.24607531726360321
16,695,0.35603809356689453
16,343,0.3444688618183136
16,1364,0.32161074876785278
16,134,0.30538171529769897
16,490,0.28918829560279846
16,454,0.28724363446235657
16,391,0.27409479022026062
16,1008,0.26812320947647095
16,26,0.262827068567276
16,366,0.26251417398452759
16,1242,0.26033708453178406
16,708,0.25834912061691284
16,1197,0.25767630338668823
16,1645,0.25755968689918518
16,963,0.25752103328704834
17,1003,0.3212219774723053
17,794,0.31962436437606812
17,637,0.31458970904350281
17,1820,0.30609366297721863
17,950,0.3032570481300354
17,1572,0.29463222622871399
17,1088,0.28552833199501038
17,1746,0.27384540438652039
17,1461,0.27131858468055725
17,231,0.26989820599555969
17,344,0.26461389660835266
17,1653,0.26020374894142151
17,377,0.2520165741443634
17,208,0.24859967827796936
17,323,0.24266785383224487
18,513,0.42070192098617554
18,1882,0.39687982201576233
18,219,0.36046916246414185
18,1878,0.31729623675346375
18,699,0.30332186818122864
18,1632,0.2938251793384552
18,1354,0.28787147998809814
18,1533,0.2740674614906311
18,1366,0.26176160573959351
18,725,0.25076627731323242
18,163,0.24008351564407349
18,518,0.23865702748298645
18,1066,0.22852024435997009
18,1644,0.22669209539890289
18,846,0.22667308151721954
19,481,0.42575159668922424
19,1976,0.33360201120376587
19,1127,0.33090904355049133
19,349,0.29553923010826111
19,644,0.28378540277481079
19,1239,0.28336495161056519
19,1198,0.28238976001739502
19,1600,0.27741619944572449
19,1002,0.27106264233589172
19,1015,0.27083650231361389
19,1784,0.26964005827903748
19,133,0.25707781314849854
19,1224,0.25166156888008118
19,1151,0.25002187490463257
19,1907,0.2495894581079483
20,1608,0.47729286551475525
20,1265,0.38481602072715759
20,1123,0.3726118803024292
20,784,0.30395907163619995
20,842,0.2856641411781311
20,1399,0.27144986391067505
20,1692,0.27119699120521545
20,1588,0.26443019509315491
20,669,0.26338261365890503
20,1353,0.25410720705986023
20,1248,0.25375047326087952
20,742,0.25362873077392578
20,164,0.25348585844039917
20,1349,0.23755286633968353
20,1327,0.23684509098529816
21,861,0.34879207611083984
21,1568,0.34548422694206238
21,1069,0.31981810927391052
21,585,0.31572738289833069
21,624,0.31149166822433472
21,681,0.30653896927833557
21,788,0.27933624386787415
21,1867,0.27737829089164734
21,546,0.26727300882339478
21,1980,0.26356920599937439
21,982,0.25592869520187378
21,1457,0.25128716230392456
21,1268,0.24819640815258026
21,1873,0.2324737012386322
21,1067,0.23238442838191986
22,1093,0.44286069273948669
22,1963,0.35685205459594727
22,918,0.33035323023796082
22,1381,0.31754568219184875
22,208,0.28742706775665283
22,1399,0.27776002883911133
22,740,0.27209720015525818
22,177,0.26532581448554993
22,1496,0.26519274711608887
22,769,0.26362818479537964
22,1930,0.25688955187797546
22,1089,0.25687181949615479
22,1248,0.2532021701335907
22,764,0.25212574005126953
22,1024,0.25162863731384277
23,573,0.45019549131393433
23,1447,0.35290437936782837
23,872,0.33849203586578369
23,1978,0.32682985067367554
23,1237,0.30058470368385315
23,1942,0.27570891380310059
23,140,0.26987347006797791
23,1750,0.26653441786766052
23,1211,0.26000329852104187
23,116,0.25692209601402283
23,1199,0.25594645738601685
23,241,0.25380676984786987
23,1004,0.25304993987083435
23,1925,0.25157290697097778
23,1425,0.24465148150920868
24,1769,0.39725580811500549
24,757,0.36734279990196228
24,68,0.35985088348388672
24,88,0.30321809649467468
24,230,0.29797625541687012
24,17,0.29386597871780396
24,786,0.29367300868034363
24,1357,0.27383846044540405
24,1520,0.27013108134269714
24,1420,0.2576276957988739
24,1170,0.25257942080497742
24,190,0.24115461111068726
24,1133,0.23745052516460419
24,1939,0.23111578822135925
24,64,0.22705991566181183
25,303,0.43129146099090576
25,404,0.36117827892303467
25,1027,0.34979462623596191
25,1792,0.33042216300964355
25,1981,0.31707212328910828
25,1197,0.29402616620063782
25,1049,0.27494841814041138
25,335,0.27247577905654907
25,1709,0.26566162705421448
25,1763,0.26485857367515564
25,1126,0.2455468475818634
25,1542,0.24022093415260315
25,981,0.23705315589904785
25,1897,0.22761394083499908
25,239,0.2260172963142395
26,432,0.31701639294624329
26,899,0.3019750714302063
26,944,0.29515621066093445
26,1075,0.29131138324737549
26,1406,0.28801164031028748
26,1618,0.28728276491165161
26,1483,0.28411924839019775
26,1291,0.27812254428863525
26,1987,0.27690050005912781
26,1395,0.27535855770111084
26,1048,0.27003905177116394
26,1368,0.26731973886489868
26,1543,0.26428166031837463
26,287,0.26393657922744751
26,448,0.26307106018066406
27,1798,0.39071300625801086
27,996,0.37374004721641541
27,708,0.32187607884407043
27,534,0.30767852067947388
27,86,0.30583956837654114
27,1242,0.30487412214279175
27,676,0.30140337347984314
27,205,0.28248313069343567
27,151,0.26208275556564331
27,1814,0.25917494297027588
27,1633,0.25412824749946594
27,1758,0.24836203455924988
27,1645,0.23527678847312927
27,0,0.22569678723812103
27,1929,0.22427015006542206
28,1528,0.3327307403087616
28,880,0.32028675079345703
28,118,0.31956353783607483
28,1831,0.31252169609069824
28,56,0.29917618632316589
28,690,0.29114067554473877
28,801,0.29087761044502258
28,1418,0.27545654773712158
28,298,0.26981806755065918
28,970,0.26351258158683777
28,491,0.25925764441490173
28,233,0.25690346956253052
28,716,0.25610783696174622
28,1186,0.25213119387626648
28,1374,0.24013486504554749
29,1001,0.35791060328483582
29,138,0.34257820248603821
29,551,0.34044250845909119
29,135,0.30765858292579651
29,676,0.28340238332748413
29,1597,0.2821202278137207
29,534,0.27497768402099609
29,1241,0.27496221661567688
29,159,0.26794531941413879
29,1173,0.26555290818214417
29,174,0.25990763306617737
29,912,0.25450494885444641
29,949,0.25419715046882629
29,1742,0.25101137161254883
29,1539,0.24763835966587067
30,1733,0.32403182983398438
30,1751,0.3218483030796051
30,1935,0.32113909721374512
30,402,0.31120318174362183
30,1467,0.30771350860595703
30,623,0.29195806384086609
30,1136,0.27590131759643555
30,1115,0.27265924215316772
30,1653,0.27069538831710815
30,878,0.26319506764411926
30,1444,0.25827059149742126
30,692,0.25693461298942566
30,370,0.25393548607826233
30,333,0.25272601842880249
30,1748,0.24870257079601288
31,320,0.36747002601623535
31,1334,0.3320363461971283
31,295,0.31042656302452087
31,1742,0.30742564797401428
31,134,0.29159402847290039
31,1499,0.29046586155891418
31,277,0.27632036805152893
31,796,0.27629905939102173
31,425,0.27098363637924194
31,511,0.27026471495628357
31,534,0.26814725995063782
31,1898,0.26169601082801819
31,181,0.2518860399723053
31,15,0.25142434239387512
31,205,0.24791471660137177
32,485,0.46122559905052185
32,723,0.36798137426376343
32,1318,0.30161377787590027
32,9,0.30113637447357178
32,1901,0.29773423075675964
32,255,0.29015618562698364
32,179,0.27899172902107239
32,772,0.27833050489425659
32,1822,0.26786565780639648
32,1669,0.25667080283164978
32,1191,0.25659313797950745
32,1944,0.25585424900054932
32,1586,0.25254687666893005
32,1006,0.25215527415275574
32,997,0.24925878643989563
33,1339,0.33226612210273743
33,1342,0.33172619342803955
33,1319,0.32623499631881714
33,91,0.31111085414886475
33,1277,0.30852910876274109
33,1619,0.30641958117485046
33,674,0.28974026441574097
33,1304,0.27607777714729309
33,721,0.27531513571739197
33,476,0.26960456371307373
33,157,0.26146122813224792
33,1549,0.24417562782764435
33,1890,0.23911117017269135
33,1292,0.23621965944766998
33,1804,0.23115485906600952
34,898,0.39250978827476501
34,930,0.33680963516235352
34,1408,0.32673594355583191
34,1248,0.31298622488975525
34,1381,0.30504199862480164
34,25,0.28624674677848816
34,531,0.26635840535163879
34,1306,0.26437443494796753
34,379,0.26210859417915344
34,1635,0.26150208711624146
34,1234,0.25964128971099854
34,731,0.25902250409126282
34,1327,0.25763484835624695
34,1893,0.25467029213905334
34,1841,0.2537519633769989
35,1355,0.48667380213737488
35,1865,0.34322360157966614
35,820,0.31709358096122742
35,899,0.30105781555175781
35,102,0.29943743348121643
35,1971,0.29453006386756897
35,1543,0.29382330179214478
35,755,0.28572586178779602
35,944,0.27483281493186951
35,258,0.265887051820755
35,728,0.26321667432785034
35,99,0.24366612732410431
35,23,0.24256601929664612
35,1231,0.24177886545658112
35,1988,0.2400488555431366
36,1725,0.57215946912765503
36,523,0.47989672422409058
36,1855,0.33575239777565002
36,340,0.32092463970184326
36,62,0.30607008934020996
36,1829,0.28650462627410889
36,1116,0.2674042284488678
36,976,0.26554772257804871
36,1665,0.25105878710746765
36,1546,0.25076049566268921
36,1681,0.24093234539031982
36,1651,0.23914182186126709
36,415,0.23730731010437012
36,1777,0.213971808552742
36,1219,0.21161675453186035
37,468,0.45793226361274719
37,996,0.33938315510749817
37,578,0.32017013430595398
37,1929,0.31336367130279541
37,26,0.28208771347999573
37,777,0.27427038550376892
37,257,0.27280831336975098
37,796,0.27270200848579407
37,534,0.27084305882453918
37,205,0.26976802945137024
37,1682,0.26915338635444641
37,167,0.26409488916397095
37,665,0.25987446308135986
37,949,0.25785309076309204
37,383,0.24051655828952789
38,551,0.36342394351959229
38,949,0.36257836222648621
38,1481,0.35184565186500549
38,468,0.34667783975601196
38,534,0.30031731724739075
38,1018,0.28698578476905823
38,1173,0.26488235592842102
38,796,0.2636171281337738
38,1271,0.25659671425819397
38,574,0.25628745555877686
38,1415,0.24960982799530029
38,1539,0.24405413866043091
38,205,0.24253183603286743
38,59,0.24137128889560699
38,167,0.2395358681678772
39,669,0.36214914917945862
39,871,0.35287383198738098
39,1323,0.33269903063774109
39,1588,0.31205624341964722
39,1399,0.30233165621757507
39,784,0.28193476796150208
39,148,0.28190132975578308
39,157,0.26806780695915222
39,1352,0.26030588150024414
39,1890,0.25853171944618225
39,1608,0.25593045353889465
39,1218,0.25348255038261414
39,1642,0.25323531031608582
39,365,0.2494189590215683
39,1265,0.24412152171134949
40,831,0.38972890377044678
40,310,0.32803487777709961
40,783,0.29840031266212463
40,254,0.29639351367950439
40,345,0.2902810275554657
40,1193,0.27860412001609802
40,219,0.27597063779830933
40,408,0.27434855699539185
40,1305,0.27303332090377808
40,477,0.27195170521736145
40,562,0.2710706889629364
40,944,0.26611655950546265
40,1383,0.26213628053665161
40,1329,0.26055434346199036
40,1817,0.25999000668525696
41,1822,0.36055734753608704
41,1436,0.34122845530509949
41,603,0.33385783433914185
41,1607,0.30107107758522034
41,195,0.29940277338027954
41,599,0.29133746027946472
41,89,0.2767869234085083
41,485,0.2766411304473877
41,1944,0.26887044310569763
41,179,0.2678648829460144
41,735,0.25667288899421692
41,832,0.254433274269104
41,772,0.25007164478302002
41,1214,0.24515211582183838
41,1671,0.24350503087043762
42,1660,0.38758480548858643
42,791,0.34755158424377441
42,1096,0.33510944247245789
42,1879,0.32773870229721069
42,1651,0.30983126163482666
42,1080,0.2885621190071106
42,1378,0.28118157386779785
42,1552,0.27006000280380249
42,1219,0.26640710234642029
42,1681,0.25627359747886658
42,62,0.24920330941677094
42,1184,0.24855606257915497
42,523,0.2470831423997879
42,1725,0.24025274813175201
42,525,0.23907418549060822
43,976,0.33886447548866272
43,800,0.31950920820236206
43,106,0.31669306755065918
43,1725,0.30157279968261719
43,340,0.30117487907409668
43,1777,0.28787952661514282
43,1122,0.2858428955078125
43,415,0.28067439794540405
43,1303,0.27790772914886475
43,1104,0.2763226330280304
43,1829,0.27415120601654053
43,62,0.25742268562316895
43,160,0.24849221110343933
43,1584,0.24193574488162994
43,1116,0.23730963468551636
44,1172,0.40263783931732178
44,1512,0.36502501368522644
44,107,0.34936413168907166
44,780,0.31455770134925842
44,1212,0.30020928382873535
44,1674,0.27208516001701355
44,1449,0.26944124698638916
44,1140,0.26748791337013245
44,178,0.26677200198173523
44,1201,0.26011672616004944
44,346,0.25718480348587036
44,950,0.25007987022399902
44,1820,0.24671261012554169
44,1270,0.24406187236309052
44,157,0.24378333985805511
45,1941,0.31601345539093018
45,589,0.30378413200378418
45,1752,0.29529568552970886
45,1209,0.29521843791007996
45,1647,0.2867780327796936
45,1101,0.28580325841903687
45,430,0.28401926159858704
45,635,0.28142353892326355
45,947,0.27630576491355896
45,449,0.27407565712928772
45,840,0.26935470104217529
45,1610,0.2679218053817749
45,1245,0.26431369781494141
45,1972,0.26266169548034668
45,165,0.25993365049362183
46,1165,0.37399885058403015
46,1200,0.31908977031707764
46,189,0.30892720818519592
46,1276,0.30520805716514587
46,195,0.29495328664779663
46,1967,0.2791537344455719
46,735,0.27850309014320374
46,1669,0.27696946263313293
46,212,0.27271860837936401
46,1396,0.27177020907402039
46,450,0.26556578278541565
46,1012,0.26359099149703979
46,184,0.26214230060577393
46,440,0.25727713108062744
46,962,0.25101497769355774
47,363,0.36179590225219727
47,1337,0.35092645883560181
47,564,0.31389439105987549
47,280,0.30850115418434143
47,873,0.29833307862281799
47,743,0.29492297768592834
47,739,0.27953329682350159
47,66,0.27279365062713623
47,55,0.26760420203208923
47,968,0.26232263445854187
47,1015,0.25617557764053345
47,349,0.25367853045463562
47,158,0.25178676843643188
47,1979,0.24921418726444244
47,1760,0.24719657003879547
48,1340,0.36133313179016113
48,409,0.29865774512290955
48,1994,0.29862207174301147
48,699,0.29738408327102661
48,1354,0.28928893804550171
48,1402,0.28385517001152039
48,1204,0.28121256828308105
48,580,0.28103134036064148
48,1013,0.28059953451156616
48,1533,0.27916961908340454
48,1771,0.26669839024543762
48,312,0.26515018939971924
48,1620,0.26325839757919312
48,1537,0.26113349199295044
48,219,0.26082849502563477
49,1124,0.34959802031517029
49,1928,0.33438226580619812
49,503,0.29669094085693359
49,684,0.29492443799972534
49,1999,0.28587445616722107
49,1793,0.28582519292831421
49,1735,0.28023183345794678
49,62,0.2767963707447052
49,1651,0.27039152383804321
49,1462,0.26975551247596741
49,1107,0.26744657754898071
49,1673,0.26342400908470154
49,1122,0.26208710670471191
49,1906,0.25956964492797852
49,1191,0.25948375463485718
50,1068,0.39160382747650146
50,549,0.32794937491416931
50,1260,0.30373874306678772
50,779,0.2997739315032959
50,1067,0.29309561848640442
50,1502,0.28310155868530273
50,368,0.27973154187202454
50,105,0.27745717763900757
50,1936,0.27248424291610718
50,274,0.2712436318397522
50,1883,0.26274785399436951
50,375,0.25988197326660156
50,931,0.25896164774894714
50,994,0.25841182470321655
50,1715,0.25831261277198792
51,605,0.38649424910545349
51,1561,0.35551166534423828
51,1178,0.32382509112358093
51,773,0.3150634765625
51,252,0.28979706764221191
51,1504,0.28352496027946472
51,593,0.2770821750164032
51,579,0.27034848928451538
51,1680,0.26902717351913452
51,418,0.25984063744544983
51,1083,0.25857484340667725
51,1981,0.25331351161003113
51,1174,0.25276154279708862
51,1388,0.2493070513010025
51,745,0.24891294538974762
52,1648,0.42568570375442505
52,420,0.35355204343795776
52,1539,0.32407668232917786
52,1036,0.31292766332626343
52,973,0.29618847370147705
52,1952,0.2895885705947876
52,174,0.26851797103881836
52,1001,0.26714760065078735
52,1617,0.26525694131851196
52,131,0.26275411248207092
52,135,0.26158696413040161
52,1633,0.25623294711112976
52,1008,0.25304722785949707
52,1390,0.24949884414672852
52,1688,0.24651175737380981
53,1559,0.56079459190368652
53,8,0.46638572216033936
53,951,0.34015893936157227
53,1265,0.29585722088813782
53,137,0.28236734867095947
53,1033,0.27689990401268005
53,1182,0.26746279001235962
53,200,0.25460109114646912
53,58,0.25396084785461426
53,1007,0.25010210275650024
53,1839,0.24753423035144806
53,1123,0.24701696634292603
53,1534,0.24316123127937317
53,722,0.24241127073764801
53,444,0.23897211253643036
54,1623,0.44148126244544983
54,1629,0.35788387060165405
54,320,0.31238585710525513
54,1499,0.31006678938865662
54,366,0.29981467127799988
54,1334,0.29712173342704773
54,391,0.27989852428436279
54,847,0.27821469306945801
54,1326,0.26350614428520203
54,1211,0.26144489645957947
54,1412,0.25778421759605408
54,1925,0.24880822002887726
54,1199,0.24817770719528198
54,701,0.24671061336994171
54,295,0.24507452547550201
55,1108,0.40275147557258606
55,1782,0.34522226452827454
55,996,0.31096890568733215
55,906,0.30083906650543213
55,1778,0.30005928874015808
55,441,0.29771554470062256
55,458,0.29154959321022034
55,1473,0.27726081013679504
55,1875,0.27672144770622253
55,1633,0.26177859306335449
55,507,0.26031100749969482
55,131,0.2540050745010376
55,1952,0.24727818369865417
55,19,0.24387510120868683
55,708,0.2393060177564621
56,1035,0.41808310151100159
56,994,0.40110951662063599
56,1275,0.33947047591209412
56,931,0.32847157120704651
56,997,0.32232779264450073
56,956,0.31377106904983521
56,1181,0.2844180166721344
56,524,0.25371238589286804
56,953,0.24823832511901855
56,195,0.24499283730983734
56,233,0.24065200984477997
56,1944,0.23798832297325134
56,577,0.23581483960151672
56,1628,0.22995708882808685
56,207,0.22596107423305511
57,1347,0.47261860966682434
57,1458,0.42253431677818298
57,1032,0.35824465751647949
57,746,0.35806909203529358
57,1689,0.27162939310073853
57,527,0.26699069142341614
57,891,0.26264643669128418
57,151,0.26261803507804871
57,452,0.25344988703727722
57,980,0.24937181174755096
57,1929,0.2458854466676712
57,796,0.2445913553237915
57,248,0.24400337040424347
57,410,0.23482555150985718
57,1630,0.23203253746032715
58,1763,0.32384228706359863
58,303,0.31992870569229126
58,1324,0.3067309558391571
58,1126,0.30347698926925659
58,793,0.3013053834438324
58,1293,0.29301252961158752
58,1978,0.28894543647766113
58,1027,0.28139102458953857
58,1877,0.27508270740509033
58,1197,0.26937687397003174
58,239,0.269307941198349
58,573,0.25453904271125793
58,940,0.25319665670394897
58,1211,0.24643035233020782
58,335,0.24416646361351013
59,1359,0.53530120849609375
59,1923,0.37068337202072144
59,998,0.34648126363754272
59,313,0.30412730574607849
59,431,0.28907153010368347
59,108,0.28743454813957214
59,1933,0.28146767616271973
59,1535,0.2638726532459259
59,536,0.26386165618896484
59,1603,0.25798198580741882
59,1961,0.25300756096839905
59,44,0.25015828013420105
59,785,0.2490876317024231
59,1706,0.24696631729602814
59,74,0.24268752336502075
60,311,0.41942095756530762
60,1370,0.41439631581306458
60,1580,0.35910511016845703
60,45,0.29856035113334656
60,101,0.2861478328704834
60,763,0.27741017937660217
60,594,0.26954177021980286
60,464,0.268707275390625
60,1624,0.26627734303474426
60,946,0.25658464431762695
60,1048,0.25196367502212524
60,74,0.24668034911155701
60,1803,0.24307020008563995
60,955,0.23476825654506683
60,983,0.2336815744638443
61,824,0.3514988124370575
61,1895,0.34623891115188599
61,1417,0.33901309967041016
61,1145,0.32149392366409302
61,1382,0.29596921801567078
61,1198,0.29298582673072815
61,1132,0.29001930356025696
61,85,0.26817375421524048
61,1800,0.26007649302482605
61,1365,0.25419670343399048
61,1144,0.25258886814117432
61,1698,0.24963662028312683
61,133,0.24856826663017273
61,1239,0.2465318888425827
61,1739,0.24139437079429626
62,709,0.3486977219581604
62,1693,0.33194619417190552
62,1416,0.32498881220817566
62,1828,0.31008833646774292
62,388,0.30524981021881104
62,780,0.29926016926765442
62,442,0.28034195303916931
62,748,0.26961749792098999
62,1332,0.26670598983764648
62,1934,0.26362481713294983
62,1863,0.25832071900367737
62,178,0.25776964426040649
62,141,0.2562999427318573
62,643,0.24458949267864227
62,13,0.23808977007865906
63,1172,0.41532236337661743
63,1512,0.38345837593078613
63,1212,0.31565141677856445
63,346,0.31079548597335815
63,107,0.30191415548324585
63,894,0.28397151827812195
63,424,0.27643227577209473
63,1435,0.27173718810081482
63,950,0.26934829354286194
63,1768,0.25357609987258911
63,1140,0.25175219774246216
63,1270,0.24990622699260712
63,539,0.24803118407726288
63,1339,0.24672329425811768
63,377,0.24359062314033508
64,381,0.34801915287971497
64,547,0.34567460417747498
64,632,0.33633273839950562
64,922,0.29081371426582336
64,53,0.29077064990997314
64,402,0.28752076625823975
64,220,0.28333398699760437
64,740,0.27222287654876709
64,1157,0.27173224091529846
64,1433,0.25983566045761108
64,253,0.25930467247962952
64,1743,0.25607401132583618
64,379,0.25527480244636536
64,161,0.24965676665306091
64,638,0.248334139585495
65,367,0.44719448685646057
65,693,0.37681335210800171
65,1329,0.37298524379730225
65,1891,0.2941586971282959
65,412,0.28807288408279419
65,1697,0.2802574634552002
65,1913,0.27683648467063904
65,1914,0.26334187388420105
65,1483,0.26253017783164978
65,575,0.2604832649230957
65,64,0.25495636463165283
65,1971,0.25004315376281738
65,589,0.24805155396461487
65,304,0.24015814065933228
65,1887,0.23820258677005768
66,1845,0.39678829908370972
66,844,0.36617773771286011
66,368,0.35588100552558899
66,954,0.35213539004325867
66,1162,0.33533167839050293
66,620,0.32260137796401978
66,1117,0.27227255702018738
66,1460,0.24865415692329407
66,1283,0.24315036833286285
66,1795,0.24074283242225647
66,1129,0.23767969012260437
66,942,0.23753146827220917
66,1652,0.23682489991188049
66,1147,0.23491920530796051
66,31,0.22297942638397217
67,855,0.45405879616737366
67,582,0.37550681829452515
67,16,0.36383843421936035
67,711,0.34238564968109131
67,646,0.32567444443702698
67,496,0.30559650063514709
67,978,0.29930788278579712
67,569,0.26050019264221191
67,364,0.2487751841545105
67,916,0.24134352803230286
67,1065,0.23765838146209717
67,186,0.23325952887535095
67,1981,0.22820696234703064
67,303,0.22439244389533997
67,657,0.22044304013252258
68,157,0.33379459381103516
68,285,0.31385523080825806
68,1468,0.30722296237945557
68,329,0.29696619510650635
68,1731,0.28785607218742371
68,969,0.28701141476631165
68,539,0.28401988744735718
68,220,0.28244811296463013
68,1635,0.27634063363075256
68,1525,0.27353838086128235
68,333,0.2705862820148468
68,1234,0.25926688313484192
68,1935,0.25884419679641724
68,1853,0.25673201680183411
68,1641,0.25220507383346558
69,165,0.51749831438064575
69,840,0.385772705078125
69,1243,0.3668861985206604
69,1600,0.33734241127967834
69,1610,0.29029944539070129
69,1976,0.27664220333099365
69,883,0.2722393274307251
69,1127,0.26350748538970947
69,1148,0.2562791109085083
69,1752,0.25441193580627441
69,1308,0.25097799301147461
69,808,0.24254913628101349
69,203,0.24057149887084961
69,1564,0.23903356492519379
69,1151,0.23037584125995636
70,532,0.42838531732559204
70,1448,0.38046360015869141
70,93,0.34450873732566833
70,981,0.32533144950866699
70,1599,0.31131178140640259
70,1149,0.30368131399154663
70,732,0.28090772032737732
70,252,0.27450805902481079
70,1598,0.26615798473358154
70,1451,0.25447556376457214
70,1475,0.24380937218666077
70,613,0.24310767650604248
70,468,0.22885826230049133
70,1345,0.22710226476192474
70,875,0.22266815602779388
71,1218,0.43637889623641968
71,918,0.36950066685676575
71,1352,0.36513069272041321
71,1043,0.30748564004898071
71,1100,0.29872125387191772
71,402,0.29151466488838196
71,157,0.28583589196205139
71,1619,0.2815203070640564
71,712,0.27976998686790466
71,1339,0.27109557390213013
71,769,0.25062361359596252
71,146,0.22858805954456329
71,601,0.22832004725933075
71,892,0.22460421919822693
71,1323,0.22418765723705292
72,627,0.43503859639167786
72,1475,0.37153440713882446
72,260,0.35184729099273682
72,1009,0.29111257195472717
72,70,0.28661298751831055
72,605,0.28368085622787476
72,394,0.27263239026069641
72,1083,0.26899003982543945
72,1005,0.26391103863716125
72,93,0.25917583703994751
72,1437,0.25917136669158936
72,418,0.25514510273933411
72,73,0.25072211027145386
72,252,0.24813161790370941
72,713,0.24421662092208862
73,894,0.36538010835647583
73,1349,0.31375420093536377
73,1772,0.31197679042816162
73,1970,0.30725815892219543
73,842,0.30696600675582886
73,1093,0.29786649346351624
73,1608,0.29472434520721436
73,1140,0.2814609706401825
73,1339,0.26498967409133911
73,1919,0.26379433274269104
73,742,0.25934121012687683
73,764,0.25472351908683777
73,1201,0.25317248702049255
73,51,0.24978557229042053
73,1399,0.24708640575408936
74,187,0.37627407908439636
74,1842,0.36261120438575745
74,875,0.33555254340171814
74,1237,0.33505764603614807
74,980,0.30405533313751221
74,1836,0.28575596213340759
74,964,0.28385141491889954
74,702,0.28064069151878357
74,573,0.27096092700958252
74,387,0.24869897961616516
74,176,0.24857567250728607
74,1425,0.24568340182304382
74,1018,0.24237914383411407
74,1630,0.23484052717685699
74,790,0.22822004556655884
75,128,0.40517547726631165
75,1000,0.34978857636451721
75,1262,0.34042870998382568
75,1081,0.33542045950889587
75,1995,0.30873540043830872
75,1356,0.30036836862564087
75,1548,0.27133682370185852
75,1825,0.26154473423957825
75,1721,0.25748211145401001
75,359,0.25096628069877625
75,1385,0.24733881652355194
75,1634,0.24724443256855011
75,294,0.24612776935100555
75,841,0.24591153860092163
75,1696,0.24419239163398743
76,714,0.45803013443946838
76,300,0.39823350310325623
76,885,0.39379620552062988
76,1346,0.36586576700210571
76,1428,0.31992682814598083
76,1231,0.29499056935310364
76,1732,0.26997712254524231
76,265,0.26524525880813599
76,210,0.24141702055931091
76,1788,0.23969574272632599
76,1370,0.2395729273557663
76,815,0.22478346526622772
76,275,0.22259564697742462
76,1406,0.21726265549659729
76,1603,0.2135271430015564
77,1200,0.37174412608146667
77,337,0.30162680149078369
77,155,0.29843237996101379
77,1787,0.29531383514404297
77,223,0.28629741072654724
77,369,0.28098419308662415
77,615,0.28014782071113586
77,962,0.28001612424850464
77,1348,0.27756765484809875
77,440,0.2773946225643158
77,1586,0.27589541673660278
77,550,0.27275311946868896
77,1690,0.26318091154098511
77,572,0.25911030173301697
77,1276,0.25816202163696289
78,374,0.48760241270065308
78,1907,0.41101804375648499
78,868,0.3342016339302063
78,968,0.32631811499595642
78,653,0.30026349425315857
78,873,0.27780041098594666
78,1577,0.27715989947319031
78,1206,0.27396076917648315
78,1745,0.26026475429534912
78,799,0.24731826782226562
78,349,0.24408072233200073
78,1717,0.24269142746925354
78,1972,0.24216744303703308
78,904,0.2370469868183136
78,1847,0.23259422183036804
79,1329,0.33944231271743774
79,1193,0.32454317808151245
79,1305,0.32390078902244568
79,1817,0.30798357725143433
79,673,0.29736539721488953
79,594,0.27683776617050171
79,1812,0.27441936731338501
79,310,0.27175655961036682
79,1366,0.2690635621547699
79,1914,0.2656095027923584
79,820,0.26527726650238037
79,345,0.26382237672805786
79,705,0.25647959113121033
79,64,0.25615900754928589
79,477,0.25367605686187744
80,1927,0.34483057260513306
80,297,0.31641685962677002
80,281,0.31329178810119629
80,1037,0.30720800161361694
80,67,0.29938167333602905
80,1405,0.28222963213920593
80,1169,0.27603697776794434
80,849,0.26960498094558716
80,641,0.26748165488243103
80,1605,0.26571661233901978
80,1664,0.26355123519897461
80,628,0.26280742883682251
80,829,0.26201155781745911
80,780,0.26106277108192444
80,261,0.26009014248847961
81,831,0.32832229137420654
81,319,0.31696349382400513
81,430,0.31060892343521118
81,1771,0.30499866604804993
81,449,0.29972153902053833
81,584,0.2987760603427887
81,1785,0.28233036398887634
81,1340,0.2767041027545929
81,1101,0.27199968695640564
81,1243,0.27042216062545776
81,589,0.26595795154571533
81,1564,0.26449504494667053
81,477,0.25146722793579102
81,1884,0.24810165166854858
81,165,0.24435324966907501
82,722,0.37820443511009216
82,1534,0.33002707362174988
82,342,0.31724125146865845
82,1183,0.31432756781578064
82,253,0.30886051058769226
82,748,0.30765056610107422
82,238,0.27234810590744019
82,547,0.26806530356407166
82,1687,0.26432889699935913
82,643,0.25941494107246399
82,922,0.25596821308135986
82,1136,0.25558099150657654
82,771,0.25437405705451965
82,1467,0.25151032209396362
82,188,0.24718864262104034
83,1268,0.34893497824668884
83,664,0.34702137112617493
83,1094,0.31321099400520325
83,501,0.30049830675125122
83,1226,0.29954847693443298
83,1829,0.29389786720275879
83,1208,0.28658095002174377
83,455,0.27891930937767029
83,1213,0.27387407422065735
83,1295,0.25852033495903015
83,1967,0.25806108117103577
83,1453,0.25804814696311951
83,1541,0.24970126152038574
83,1452,0.24803148210048676
83,1912,0.24097749590873718
84,1390,0.44447723031044006
84,1617,0.33607155084609985
84,288,0.31893086433410645
84,1958,0.30752596259117126
84,277,0.29643028974533081
84,15,0.29369524121284485
84,295,0.28981775045394897
84,811,0.27520176768302917
84,1989,0.26147902011871338
84,1699,0.2603914737701416
84,973,0.25908246636390686
84,391,0.2542758584022522
84,325,0.25221371650695801
84,1638,0.25202903151512146
84,425,0.24974864721298218
85,1449,0.37411996722221375
85,608,0.37113988399505615
85,516,0.3358323872089386
85,1238,0.31266489624977112
85,1431,0.29688152670860291
85,894,0.28124192357063293
85,1666,0.27902069687843323
85,905,0.27422931790351868
85,722,0.27006840705871582
85,1277,0.25447520613670349
85,148,0.25245562195777893
85,687,0.24951969087123871
85,1824,0.24837985634803772
85,1534,0.24404989182949066
85,1265,0.23693364858627319
86,1054,0.34982848167419434
86,492,0.31844645738601685
86,7,0.31309521198272705
86,1708,0.30064648389816284
86,28,0.28853973746299744
86,1456,0.28851866722106934
86,448,0.28449797630310059
86,290,0.28229555487632751
86,136,0.28203275799751282
86,1656,0.26601773500442505
86,432,0.26428553462028503
86,467,0.26014864444732666
86,1915,0.25969809293746948
86,1917,0.25004258751869202
86,1957,0.24863210320472717
87,855,0.41568899154663086
87,303,0.38180437684059143
87,756,0.34451520442962646
87,1981,0.30784350633621216
87,593,0.30368727445602417
87,496,0.30258283019065857
87,579,0.26102882623672485
87,16,0.25902339816093445
87,1792,0.25862357020378113
87,680,0.25610125064849854
87,605,0.25050783157348633
87,1324,0.24930424988269806
87,217,0.24869269132614136
87,1680,0.24299250543117523
87,916,0.24019154906272888
88,1529,0.43646758794784546
88,1088,0.39236581325531006
88,177,0.32407006621360779
88,1277,0.31879380345344543
88,463,0.31417137384414673
88,436,0.30617853999137878
88,645,0.27640619874000549
88,878,0.2685219943523407
88,721,0.26482528448104858
88,1319,0.26208129525184631
88,1444,0.24320833384990692
88,1619,0.24190932512283325
88,416,0.24093730747699738
88,1890,0.22791901230812073
88,1304,0.22550603747367859
89,1772,0.34640201926231384
89,890,0.33079186081886292
89,231,0.30411669611930847
89,377,0.28912967443466187
89,641,0.28488489985466003
89,1003,0.27734515070915222
89,208,0.27647194266319275
89,919,0.27587538957595825
89,765,0.27125436067581177
89,1404,0.26906263828277588
89,1905,0.26872754096984863
89,710,0.2682863175868988
89,67,0.26639142632484436
89,1311,0.26412355899810791
89,637,0.26042956113815308
90,1421,0.45249363780021667
90,59,0.40589183568954468
90,1011,0.37799122929573059
90,586,0.28376978635787964
90,1682,0.28013578057289124
90,527,0.27959001064300537
90,1271,0.26691442728042603
90,790,0.26668927073478699
90,498,0.26110008358955383
90,1451,0.26040521264076233
90,676,0.25178119540214539
90,875,0.24725297093391418
90,1842,0.24368439614772797
90,484,0.24136331677436829
90,1836,0.24031625688076019
91,903,0.34037363529205322
91,22,0.32212510704994202
91,845,0.31164577603340149
91,1194,0.31134456396102905
91,970,0.30273592472076416
91,1984,0.29848220944404602
91,505,0.27583068609237671
91,1802,0.27172911167144775
91,106,0.27130305767059326
91,52,0.25890734791755676
91,690,0.25878897309303284
91,615,0.25848850607872009
91,1659,0.25698652863502502
91,274,0.25614950060844421
91,1787,0.25237178802490234
92,1768,0.3554094135761261
92,571,0.3419303297996521
92,473,0.32971110939979553
92,1730,0.28764328360557556
92,1016,0.2838250994682312
92,519,0.28088971972465515
92,51,0.28081411123275757
92,892,0.27580749988555908
92,1212,0.27129998803138733
92,884,0.26279881596565247
92,211,0.26202809810638428
92,920,0.25951004028320312
92,478,0.25900265574455261
92,1033,0.25636664032936096
92,1943,0.25526076555252075
93,706,0.41013601422309875
93,884,0.38685303926467896
93,892,0.34515380859375
93,1043,0.31202858686447144
93,1435,0.29805216193199158
93,42,0.2781645655632019
93,1249,0.27035760879516602
93,1222,0.26682639122009277
93,103,0.26492854952812195
93,1323,0.26146596670150757
93,1794,0.24691824615001678
93,1619,0.24521650373935699
93,291,0.24510428309440613
93,918,0.24331539869308472
93,161,0.2424989640712738
94,156,0.33531799912452698
94,150,0.31870356202125549
94,49,0.30855724215507507
94,1085,0.29917323589324951
94,1912,0.28504952788352966
94,1937,0.28301870822906494
94,956,0.28111466765403748
94,577,0.2715299129486084
94,273,0.27112489938735962
94,671,0.26893854141235352
94,399,0.267386794090271
94,1333,0.26611891388893127
94,356,0.2647307813167572
94,524,0.26186057925224304
94,843,0.25958767533302307
95,171,0.36000433564186096
95,1309,0.35299962759017944
95,1046,0.33402919769287109
95,199,0.3187096118927002
95,163,0.31118598580360413
95,1041,0.30805975198745728
95,1070,0.29260888695716858
95,409,0.27427110075950623
95,405,0.26932010054588318
95,65,0.25978487730026245
95,688,0.24596360325813293
95,1042,0.24010679125785828
95,1871,0.23918028175830841
95,1892,0.2366458922624588
95,1620,0.22402563691139221
96,1581,0.39770391583442688
96,1602,0.36959055066108704
96,1484,0.36373206973075867
96,966,0.32644361257553101
96,1786,0.31928727030754089
96,880,0.2952820360660553
96,766,0.26687860488891602
96,856,0.26169824600219727
96,828,0.25477451086044312
96,1548,0.25092592835426331
96,1721,0.2448345273733139
96,255,0.24015067517757416
96,1191,0.23922859132289886
96,716,0.23837445676326752
96,294,0.23568545281887054
97,1721,0.34169629216194153
97,1786,0.33732062578201294
97,1548,0.31206890940666199
97,1581,0.31079810857772827
97,1713,0.2913658618927002
97,1188,0.28735232353210449
97,270,0.28167417645454407
97,992,0.27777943015098572
97,294,0.27700164914131165
97,1356,0.27112850546836853
97,957,0.26452243328094482
97,204,0.25917094945907593
97,921,0.2518678605556488
97,1546,0.24521805346012115
97,1639,0.23962517082691193
98,814,0.41891655325889587
98,625,0.34424281120300293
98,116,0.32739436626434326
98,749,0.32497128844261169
98,984,0.2892339825630188
98,1211,0.27328804135322571
98,1763,0.27041113376617432
98,1622,0.26427608728408813
98,246,0.2637765109539032
98,1156,0.26291263103485107
98,1233,0.26176664233207703
98,1423,0.26116108894348145
98,1425,0.25713521242141724
98,97,0.25518232583999634
98,248,0.2511463463306427
99,363,0.38445618748664856
99,1337,0.3797377347946167
99,564,0.33144980669021606
99,1015,0.32714375853538513
99,886,0.32128211855888367
99,66,0.30057138204574585
99,1979,0.27627250552177429
99,1519,0.26769986748695374
99,1920,0.265533447265625
99,1872,0.25719431042671204
99,1847,0.25028809905052185
99,331,0.24254290759563446
99,1760,0.23325563967227936
99,824,0.22854672372341156
99,743,0.22537270188331604
100,1211,0.40494197607040405
100,1499,0.34388133883476257
100,1203,0.33707243204116821
100,1102,0.31631755828857422
100,454,0.30549722909927368
100,889,0.30220019817352295
100,1503,0.29698994755744934
100,695,0.2880806028842926
100,1027,0.28320971131324768
100,1645,0.25534841418266296
100,1763,0.24906161427497864
100,86,0.24003887176513672
100,1126,0.23293127119541168
100,792,0.23073643445968628
100,391,0.22553074359893799
101,1852,0.39936840534210205
101,376,0.39753016829490662
101,912,0.31420537829399109
101,1633,0.30962970852851868
101,0,0.30052781105041504
101,1192,0.29262253642082214
101,1678,0.28112182021141052
101,131,0.26912987232208252
101,1542,0.26108244061470032
101,1380,0.25748246908187866
101,1049,0.25109627842903137
101,1503,0.24841219186782837
101,1758,0.24374872446060181
101,306,0.24187074601650238
101,151,0.23843635618686676
102,610,0.43772208690643311
102,1421,0.41425779461860657
102,59,0.39343008399009705
102,1852,0.33443823456764221
102,1429,0.30190113186836243
102,159,0.26171821355819702
102,1322,0.25605836510658264
102,790,0.25560158491134644
102,676,0.25231125950813293
102,724,0.24451112747192383
102,1240,0.24064145982265472
102,435,0.23894523084163666
102,1011,0.23831194639205933
102,120,0.23814904689788818
102,806,0.2366233617067337
103,1275,0.43842530250549316
103,22,0.3441103994846344
103,195,0.31813934445381165
103,994,0.31804227828979492
103,1076,0.30931827425956726
103,1949,0.30879631638526917
103,970,0.30613446235656738
103,953,0.26750701665878296
103,1181,0.25289502739906311
103,1186,0.24944572150707245
103,1759,0.24904754757881165
103,997,0.24800582230091095
103,1659,0.24679532647132874
103,956,0.24626055359840393
103,233,0.24238526821136475
104,1836,0.3612193763256073
104,187,0.35951301455497742
104,176,0.33298662304878235
104,980,0.3069317638874054
104,1842,0.30388444662094116
104,964,0.29735171794891357
104,387,0.2696811854839325
104,443,0.26189860701560974
104,790,0.26082435250282288
104,875,0.25911524891853333
104,1861,0.25792565941810608
104,512,0.25383329391479492
104,1814,0.24975860118865967
104,1630,0.24702097475528717
104,1192,0.24615631997585297
105,1562,0.42784714698791504
105,1503,0.32089662551879883
105,1180,0.31815081834793091
105,1852,0.31697872281074524
105,1649,0.30998668074607849
105,1902,0.29303669929504395
105,1789,0.28048747777938843
105,151,0.27899757027626038
105,1672,0.27181559801101685
105,425,0.26570892333984375
105,729,0.25728565454483032
105,435,0.2563747763633728
105,1921,0.24927477538585663
105,1622,0.24562881886959076
105,1758,0.24225941300392151
106,1141,0.43451240658760071
106,1024,0.39046543836593628
106,177,0.34557873010635376
106,1605,0.33235073089599609
106,1444,0.28124105930328369
106,218,0.27884116768836975
106,849,0.27492880821228027
106,1536,0.26578789949417114
106,1506,0.25992006063461304
106,740,0.25924935936927795
106,299,0.25800022482872009
106,402,0.25015333294868469
106,1529,0.2410089522600174
106,1527,0.2368161529302597
106,1841,0.23254670202732086
107,1012,0.44196486473083496
107,184,0.33499225974082947
107,1526,0.31667891144752502
107,79,0.30488395690917969
107,491,0.30015099048614502
107,921,0.28641805052757263
107,359,0.28371015191078186
107,109,0.27893596887588501
107,668,0.2639697790145874
107,609,0.26258155703544617
107,1082,0.25940316915512085
107,664,0.25833281874656677
107,1548,0.25548234581947327
107,803,0.25273287296295166
107,651,0.24861304461956024
108,1103,0.48135077953338623
108,1576,0.35069632530212402
108,1293,0.34447723627090454
108,1227,0.33290660381317139
108,1102,0.2910301685333252
108,963,0.2894170880317688
108,1199,0.2732509970664978
108,889,0.27024868130683899
108,1916,0.26955994963645935
108,1504,0.2508634626865387
108,438,0.25022858381271362
108,1064,0.24846389889717102
108,1174,0.24730208516120911
108,1973,0.24544505774974823
108,170,0.2429966926574707
109,277,0.38481193780899048
109,756,0.36747339367866516
109,441,0.30934274196624756
109,186,0.30239233374595642
109,662,0.29556620121002197
109,26,0.29258063435554504
109,391,0.29072877764701843
109,27,0.28108936548233032
109,425,0.27074873447418213
109,812,0.26327556371688843
109,16,0.25760805606842041
109,818,0.25159698724746704
109,490,0.24760107696056366
109,134,0.24253813922405243
109,916,0.23434759676456451
110,210,0.39361065626144409
110,1732,0.33441826701164246
110,1245,0.30360588431358337
110,877,0.30262646079063416
110,265,0.29246744513511658
110,1454,0.28790608048439026
110,1392,0.28778761625289917
110,1600,0.28769218921661377
110,1838,0.27799680829048157
110,1752,0.26882144808769226
110,1810,0.26672953367233276
110,203,0.25886473059654236
110,1987,0.2487800121307373
110,1610,0.24681657552719116
110,324,0.24237382411956787
111,949,0.38365709781646729
111,387,0.35560229420661926
111,1975,0.33060485124588013
111,1766,0.31792554259300232
111,1235,0.31726822257041931
111,1233,0.28700694441795349
111,1018,0.28685480356216431
111,1898,0.27034702897071838
111,792,0.26019769906997681
111,1578,0.25037515163421631
111,1481,0.24884974956512451
111,1237,0.24666029214859009
111,167,0.2460942417383194
111,1423,0.24519440531730652
111,116,0.24391429126262665
112,293,0.35484814643859863
112,1604,0.32298809289932251
112,1936,0.31946179270744324
112,380,0.31450599431991577
112,1940,0.29679951071739197
112,1344,0.29631409049034119
112,841,0.28094801306724548
112,942,0.27732425928115845
112,1295,0.27716162800788879
112,113,0.26605463027954102
112,1696,0.25717589259147644
112,655,0.25526487827301025
112,596,0.25053831934928894
112,1273,0.24702738225460052
112,1819,0.24533085525035858
113,796,0.38448476791381836
113,452,0.31249621510505676
113,981,0.30481648445129395
113,248,0.29168793559074402
113,949,0.29134231805801392
113,167,0.28950586915016174
113,387,0.28622084856033325
113,1578,0.27992904186248779
113,1199,0.27859964966773987
113,1682,0.27591171860694885
113,1255,0.27082023024559021
113,257,0.26970052719116211
113,1149,0.25312507152557373
113,732,0.25224655866622925
113,1909,0.25049260258674622
114,52,0.30622285604476929
114,791,0.30078062415122986
114,341,0.30061015486717224
114,75,0.2988237738609314
114,1125,0.2948111891746521
114,1661,0.29180422425270081
114,1584,0.28845152258872986
114,1389,0.28279930353164673
114,1116,0.28124344348907471
114,1371,0.27599936723709106
114,1284,0.26359444856643677
114,609,0.26053991913795471
114,359,0.25713670253753662
114,668,0.25646811723709106
114,903,0.25383260846138
115,1215,0.48135358095169067
115,630,0.36258748173713684
115,17,0.34923535585403442
115,1920,0.34462520480155945
115,1601,0.32771006226539612
115,783,0.27465823292732239
115,1832,0.26973807811737061
115,1048,0.26693874597549438
115,403,0.24863384664058685
115,634,0.24698725342750549
115,1979,0.24522213637828827
115,656,0.24311201274394989
115,1646,0.24293088912963867
115,1407,0.24286709725856781
115,230,0.24163459241390228
116,1615,0.3495495617389679
116,1139,0.32368895411491394
116,1397,0.30390381813049316
116,991,0.29113417863845825
116,953,0.29081866145133972
116,1777,0.2867165207862854
116,106,0.28644132614135742
116,694,0.28372466564178467
116,976,0.27781713008880615
116,397,0.27173250913619995
116,800,0.26655110716819763
116,276,0.26229867339134216
116,1944,0.2561747133731842
116,558,0.25451472401618958
116,351,0.25138109922409058
117,595,0.36064660549163818
117,161,0.31221616268157959
117,377,0.30094516277313232
117,357,0.29336398839950562
117,1218,0.28988787531852722
117,71,0.28797924518585205
117,884,0.28674906492233276
117,892,0.28608304262161255
117,1045,0.28377228975296021
117,82,0.27841711044311523
117,920,0.26925426721572876
117,402,0.25985604524612427
117,712,0.25712251663208008
117,1112,0.25211063027381897
117,463,0.2491343766450882
118,1878,0.57807481288909912
118,699,0.34579652547836304
118,1577,0.33476319909095764
118,868,0.3154817521572113
118,481,0.28906506299972534
118,1632,0.28398182988166809
118,219,0.28289440274238586
118,705,0.28163760900497437
118,1354,0.27401435375213623
118,163,0.2588462233543396
118,591,0.25530517101287842
118,1882,0.25270608067512512
118,1907,0.24548599123954773
118,1803,0.24512013792991638
118,518,0.24179370701313019
119,1030,0.35291901230812073
119,1153,0.3427521288394928
119,1912,0.32669979333877563
119,535,0.31661206483840942
119,1253,0.31465014815330505
119,1228,0.31073379516601562
119,356,0.29004666209220886
119,497,0.26916995644569397
119,274,0.26331910490989685
119,1759,0.26194888353347778
119,1333,0.24860323965549469
119,664,0.24607880413532257
119,737,0.24428457021713257
119,368,0.2365586906671524
119,1851,0.2354331761598587
120,1762,0.37830731272697449
120,935,0.36384791135787964
120,766,0.34425869584083557
120,1906,0.31023529171943665
120,1097,0.30051398277282715
120,1528,0.28855928778648376
120,1336,0.28265562653541565
120,1047,0.27697896957397461
120,1602,0.27475917339324951
120,340,0.2566259503364563
120,1831,0.25257894396781921
120,278,0.24146844446659088
120,56,0.24085122346878052
120,1187,0.23819217085838318
120,651,0.2353600412607193
121,1960,0.37683910131454468
121,1390,0.37183207273483276
121,1196,0.33877167105674744
121,548,0.29694142937660217
121,700,0.29662340879440308
121,453,0.27918598055839539
121,69,0.2753138542175293
121,792,0.27133029699325562
121,940,0.27007597684860229
121,1606,0.25956198573112488
121,1159,0.25708934664726257
121,811,0.25688886642456055
121,582,0.24683025479316711
121,909,0.24390414357185364
121,1480,0.24254496395587921
122,610,0.34098675847053528
122,229,0.32756564021110535
122,498,0.29920205473899841
122,979,0.29572516679763794
122,59,0.29546317458152771
122,1240,0.29251816868782043
122,1196,0.2920258641242981
122,806,0.27514806389808655
122,512,0.27464792132377625
122,727,0.27120739221572876
122,453,0.26923727989196777
122,1606,0.26537200808525085
122,443,0.25154015421867371
122,1909,0.24909822642803192
122,1852,0.24813954532146454
123,1891,0.36310657858848572
123,1779,0.32349681854248047
123,1483,0.3149314820766449
123,1811,0.29683279991149902
123,1329,0.29570627212524414
123,412,0.29209810495376587
123,1739,0.2801966667175293
123,322,0.27320924401283264
123,589,0.27189207077026367
123,367,0.26741892099380493
123,1099,0.26706984639167786
123,693,0.2653692364692688
123,1198,0.26302140951156616
123,1988,0.25036948919296265
123,1406,0.24527281522750854
124,756,0.34855034947395325
124,855,0.32696947455406189
124,303,0.31068772077560425
124,490,0.30557441711425781
124,1576,0.28373795747756958
124,1763,0.28368675708770752
124,1469,0.27841100096702576
124,1778,0.27265229821205139
124,1324,0.27079010009765625
124,391,0.26611804962158203
124,239,0.26564735174179077
124,1126,0.26337379217147827
124,1680,0.26137825846672058
124,16,0.26095077395439148
124,680,0.25692170858383179
125,1568,0.38320526480674744
125,788,0.32911360263824463
125,121,0.32653927803039551
125,396,0.29355081915855408
125,681,0.29206943511962891
125,546,0.28849092125892639
125,305,0.28624895215034485
125,1457,0.27466577291488647
125,624,0.27369746565818787
125,686,0.27227851748466492
125,1681,0.26269519329071045
125,1665,0.25958150625228882
125,661,0.25261569023132324
125,243,0.24806053936481476
125,861,0.24728189408779144
126,1616,0.35883444547653198
126,309,0.33779609203338623
126,1074,0.31518369913101196
126,1436,0.30384561419487
126,1607,0.28455337882041931
126,603,0.28203067183494568
126,1922,0.28193315863609314
126,1432,0.278797447681427
126,1671,0.27413257956504822
126,1142,0.27203994989395142
126,599,0.26987197995185852
126,1901,0.25841167569160461
126,908,0.25605151057243347
126,1090,0.24978530406951904
126,1996,0.2424493134021759
127,1553,0.37311860918998718
127,38,0.36482813954353333
127,1684,0.35146692395210266
127,525,0.34658566117286682
127,954,0.30657500028610229
127,1660,0.30047363042831421
127,1283,0.29386311769485474
127,1096,0.28610700368881226
127,788,0.25304299592971802
127,243,0.25132718682289124
127,1069,0.23549962043762207
127,844,0.23475165665149689
127,1147,0.23278704285621643
127,942,0.22786816954612732
127,649,0.22170993685722351
128,214,0.38006353378295898
128,611,0.33343476057052612
128,346,0.33100247383117676
128,1853,0.31779381632804871
128,892,0.30660924315452576
128,473,0.29715922474861145
128,1943,0.29240673780441284
128,781,0.28700387477874756
128,424,0.27151745557785034
128,687,0.26819908618927002
128,884,0.2552298903465271
128,539,0.24463725090026855
128,1323,0.23576571047306061
128,146,0.23481959104537964
128,945,0.23130381107330322
129,834,0.34028199315071106
129,384,0.31867057085037231
129,1559,0.29932248592376709
129,1332,0.29250532388687134
129,1265,0.28871595859527588
129,1183,0.28643494844436646
129,1844,0.28367248177528381
129,8,0.28156739473342896
129,308,0.27353730797767639
129,1625,0.2725473940372467
129,46,0.2709096372127533
129,1113,0.26888254284858704
129,1179,0.25835534930229187
129,1534,0.25704452395439148
129,748,0.2547282874584198
130,1309,0.43483000993728638
130,409,0.34930959343910217
130,199,0.30882734060287476
130,1291,0.29627308249473572
130,405,0.28912773728370667
130,1395,0.28200903534889221
130,345,0.28000417351722717
130,518,0.27308362722396851
130,354,0.27223509550094604
130,1305,0.26367375254631042
130,1070,0.26199215650558472
130,338,0.26130571961402893
130,1042,0.26056057214736938
130,673,0.25985118746757507
130,1041,0.24864484369754791
131,1300,0.33351314067840576
131,1771,0.32727068662643433
131,312,0.30698943138122559
131,1239,0.30100804567337036
131,1537,0.29955160617828369
131,1013,0.2924884557723999
131,567,0.29148676991462708
131,570,0.28971266746520996
131,591,0.2864188551902771
131,1308,0.2689877450466156
131,584,0.25951701402664185
131,1148,0.24901023507118225
131,580,0.24683652818202972
131,1340,0.24632419645786285
131,1847,0.24129769206047058
132,1091,0.3723805844783783
132,1408,0.35107746720314026
132,1479,0.3215290904045105
132,767,0.31424823403358459
132,1527,0.29570823907852173
132,740,0.27124741673469543
132,1341,0.26957637071609497
132,166,0.26799619197845459
132,1024,0.26681628823280334
132,1530,0.26304012537002563
132,1439,0.2629009485244751
132,462,0.25970348715782166
132,531,0.25508171319961548
132,917,0.25478664040565491
132,1511,0.2531735897064209
133,408,0.46283632516860962
133,1564,0.34724900126457214
133,345,0.31239062547683716
133,1305,0.30920186638832092
133,820,0.30831849575042725
133,831,0.29955601692199707
133,1780,0.29409182071685791
133,481,0.26169726252555847
133,584,0.25956001877784729
133,1291,0.25943544507026672
133,349,0.25546872615814209
133,1771,0.25304579734802246
133,944,0.25006976723670959
133,883,0.24850335717201233
133,1884,0.24829822778701782
134,744,0.37901359796524048
134,94,0.35400032997131348
134,1609,0.33190584182739258
134,33,0.32681745290756226
134,667,0.31181281805038452
134,1903,0.29490372538566589
134,918,0.27394241094589233
134,1059,0.27112820744514465
134,1886,0.26354429125785828
134,862,0.25416460633277893
134,1794,0.25404876470565796
134,1269,0.24801746010780334
134,144,0.24579128623008728
134,1381,0.24403993785381317
134,1579,0.23277300596237183
135,274,0.55496054887771606
135,242,0.35756030678749084
135,655,0.30234062671661377
135,835,0.29468700289726257
135,245,0.29423421621322632
135,1283,0.28799065947532654
135,1273,0.28045126795768738
135,223,0.28039327263832092
135,1194,0.27778798341751099
135,22,0.2765800952911377
135,1030,0.27572795748710632
135,844,0.26224508881568909
135,487,0.24660167098045349
135,1767,0.23843538761138916
135,572,0.23186002671718597
136,1192,0.3649696409702301
136,912,0.35986021161079407
136,1925,0.34009519219398499
136,1909,0.33226972818374634
136,534,0.28201103210449219
136,187,0.27854013442993164
136,1255,0.27413615584373474
136,387,0.2726789116859436
136,1645,0.25966495275497437
136,86,0.25932464003562927
136,949,0.25828802585601807
136,468,0.25156110525131226
136,1597,0.24952483177185059
136,875,0.24584972858428955
136,1612,0.24308915436267853
137,1701,0.40268880128860474
137,1347,0.34669846296310425
137,410,0.31359177827835083
137,1178,0.3040727972984314
137,1689,0.30317893624305725
137,1361,0.28926205635070801
137,1750,0.27848747372627258
137,1388,0.27586504817008972
137,746,0.27488014101982117
137,1437,0.26088553667068481
137,496,0.25573977828025818
137,248,0.25517857074737549
137,1441,0.25223603844642639
137,140,0.24877284467220306
137,978,0.24803674221038818
138,366,0.36512511968612671
138,1734,0.35131773352622986
138,358,0.30998650193214417
138,438,0.28797894716262817
138,665,0.28581514954566956
138,1629,0.28555819392204285
138,1623,0.28311425447463989
138,1932,0.28054502606391907
138,1989,0.27112516760826111
138,27,0.26907151937484741
138,116,0.26301336288452148
138,1293,0.25715270638465881
138,1523,0.25681516528129578
138,428,0.25320875644683838
138,1021,0.25218957662582397
139,1325,0.41530242562294006
139,113,0.30637472867965698
139,717,0.30365109443664551
139,1604,0.30255067348480225
139,1457,0.29263022541999817
139,499,0.29126450419425964
139,243,0.28767186403274536
139,1378,0.2826170027256012
139,988,0.28077998757362366
139,1295,0.27257823944091797
139,48,0.27099356055259705
139,596,0.26438677310943604
139,1344,0.25402334332466125
139,1303,0.24923296272754669
139,1273,0.24813510477542877
140,195,0.33655303716659546
140,206,0.32389724254608154
140,880,0.31487187743186951
140,78,0.30027443170547485
140,1188,0.29258185625076294
140,270,0.28886362910270691
140,488,0.2875194251537323
140,1280,0.28740119934082031
140,956,0.27797037363052368
140,737,0.27193564176559448
140,994,0.26226711273193359
140,21,0.2534140944480896
140,1759,0.25241133570671082
140,1275,0.2474333643913269
140,690,0.24605102837085724
141,568,0.36511942744255066
141,255,0.34664863348007202
141,62,0.31783929467201233
141,415,0.3033936619758606
141,856,0.3021637499332428
141,1191,0.29476860165596008
141,1720,0.28955444693565369
141,1581,0.28303021192550659
141,243,0.26939681172370911
141,523,0.26041427254676819
141,56,0.25222957134246826
141,1651,0.24888274073600769
141,1669,0.24769185483455658
141,1330,0.24597287178039551
141,1906,0.24490000307559967
142,1946,0.34824752807617188
142,1387,0.33461746573448181
142,1392,0.30425330996513367
142,552,0.29261758923530579
142,354,0.29241475462913513
142,1575,0.29086694121360779
142,754,0.28903025388717651
142,1998,0.28752690553665161
142,400,0.27606302499771118
142,448,0.26850473880767822
142,1357,0.26115849614143372
142,250,0.25727960467338562
142,770,0.25207802653312683
142,1224,0.25029107928276062
142,1316,0.25017952919006348
143,908,0.52488046884536743
143,263,0.37168547511100769
143,684,0.30660870671272278
143,1616,0.29915907979011536
143,1056,0.29775020480155945
143,465,0.28531926870346069
143,1671,0.27933982014656067
143,1090,0.27419710159301758
143,1432,0.26921001076698303
143,1552,0.26602673530578613
143,736,0.25782287120819092
143,720,0.25226560235023499
143,986,0.24986158311367035
143,670,0.24907121062278748
143,779,0.24856430292129517
144,1369,0.46491768956184387
144,1285,0.31624636054039001
144,1496,0.29593735933303833
144,781,0.29082611203193665
144,166,0.28894886374473572
144,712,0.28614932298660278
144,146,0.27992740273475647
144,887,0.27973303198814392
144,214,0.27878382802009583
144,144,0.27252522110939026
144,261,0.27230089902877808
144,767,0.26779410243034363
144,406,0.26380202174186707
144,601,0.26263329386711121
144,1815,0.25128799676895142
145,1162,0.33167555928230286
145,459,0.32927000522613525
145,962,0.30675673484802246
145,1129,0.30000254511833191
145,1273,0.29834887385368347
145,487,0.28688955307006836
145,624,0.28608763217926025
145,942,0.28439760208129883
145,1759,0.27998024225234985
145,844,0.27802202105522156
145,1074,0.26639139652252197
145,368,0.2571752667427063
145,212,0.24717266857624054
145,195,0.24343407154083252
145,620,0.24296562373638153
146,792,0.39501360058784485
146,387,0.36877322196960449
146,1027,0.35525870323181152
146,1645,0.35055026412010193
146,454,0.3221069872379303
146,708,0.29313966631889343
146,695,0.25498870015144348
146,1622,0.25361800193786621
146,658,0.25172165036201477
146,949,0.25051259994506836
146,1909,0.24617789685726166
146,1597,0.24516637623310089
146,1539,0.24366116523742676
146,1633,0.23655591905117035
146,964,0.23465001583099365
147,703,0.46976643800735474
147,42,0.35846462845802307
147,632,0.31786242127418518
147,595,0.29603618383407593
147,139,0.29190731048583984
147,884,0.28332459926605225
147,892,0.28147178888320923
147,53,0.28103122115135193
147,357,0.2716791033744812
147,945,0.26972532272338867
147,220,0.25631663203239441
147,161,0.25621995329856873
147,1073,0.25349229574203491
147,1730,0.24574737250804901
147,1515,0.24360914528369904
148,817,0.45288467407226562
148,1506,0.32927334308624268
148,995,0.31570449471473694
148,173,0.31382176280021667
148,299,0.27851927280426025
148,601,0.27708920836448669
148,1676,0.27706143260002136
148,218,0.27320647239685059
148,1393,0.27038726210594177
148,1674,0.27026915550231934
148,1536,0.27009958028793335
148,486,0.26888784766197205
148,1747,0.26195093989372253
148,480,0.25040248036384583
148,249,0.25021952390670776
149,1204,0.356496661901474
149,339,0.35018789768218994
149,580,0.3450528085231781
149,1340,0.31012377142906189
149,197,0.30979421734809875
149,1535,0.29208192229270935
149,1908,0.27850082516670227
149,759,0.26732015609741211
149,268,0.26556873321533203
149,44,0.26186642050743103
149,203,0.260520339012146
149,1013,0.24371412396430969
149,213,0.24234271049499512
149,20,0.24233889579772949
149,1923,0.23747900128364563
150,1332,0.36859205365180969
150,1828,0.36353293061256409
150,1327,0.32674789428710938
150,1265,0.31735360622406006
150,1900,0.29343190789222717
150,1007,0.27613899111747742
150,1123,0.27142944931983948
150,1416,0.26553043723106384
150,748,0.26374173164367676
150,1328,0.26182743906974792
150,643,0.26001405715942383
150,1393,0.25907832384109497
150,480,0.25739225745201111
150,669,0.24646022915840149
150,178,0.2442120760679245
151,755,0.3655795156955719
151,589,0.33969542384147644
151,944,0.30046781897544861
151,1614,0.30023187398910522
151,1971,0.2948053777217865
151,1101,0.28996124863624573
151,1158,0.28508216142654419
151,130,0.28431394696235657
151,1543,0.27944052219390869
151,1547,0.26406598091125488
151,470,0.25983163714408875
151,1368,0.25767967104911804
151,132,0.25695812702178955
151,1209,0.25466626882553101
151,1564,0.23969294130802155
152,1914,0.39875948429107666
152,1329,0.37925970554351807
152,693,0.33438289165496826
152,367,0.2962900698184967
152,885,0.27763253450393677
152,1971,0.2766435444355011
152,430,0.27207943797111511
152,1811,0.26917767524719238
152,472,0.26867231726646423
152,1965,0.26776999235153198
152,282,0.2602902352809906
152,310,0.25369295477867126
152,1891,0.25272318720817566
152,1121,0.25095272064208984
152,904,0.24732746183872223
153,1192,0.43422690033912659
153,1973,0.35607263445854187
153,1612,0.34011968970298767
153,1978,0.28755113482475281
153,1792,0.28435474634170532
153,1782,0.27643397450447083
153,1197,0.27335914969444275
153,196,0.27317261695861816
153,1814,0.27120241522789001
153,579,0.26939299702644348
153,1242,0.25946488976478577
153,1227,0.25510236620903015
153,1686,0.25440841913223267
153,1156,0.25419038534164429
153,906,0.25206151604652405
154,740,0.31533992290496826
154,531,0.31228253245353699
154,1943,0.29714599251747131
154,1930,0.29470816254615784
154,842,0.29173904657363892
154,1704,0.28269079327583313
154,687,0.27624678611755371
154,1970,0.27577516436576843
154,1248,0.27406257390975952
154,1264,0.27395731210708618
154,177,0.27041450142860413
154,742,0.26843363046646118
154,424,0.26527518033981323
154,25,0.26216483116149902
154,1399,0.26199531555175781
155,748,0.35646447539329529
155,795,0.34809094667434692
155,709,0.338824063539505
155,1828,0.31962770223617554
155,1143,0.31308591365814209
155,782,0.27684676647186279
155,643,0.27432700991630554
155,1332,0.27229106426239014
155,805,0.25788071751594543
155,1238,0.25654253363609314
155,178,0.25491559505462646
155,1900,0.25093740224838257
155,1719,0.248609259724617
155,1834,0.24798251688480377
155,775,0.24692575633525848
156,190,0.41677218675613403
156,64,0.3752579391002655
156,1878,0.37009778618812561
156,1914,0.34009289741516113
156,868,0.32591697573661804
156,1407,0.31540971994400024
156,17,0.27869901061058044
156,1121,0.26201954483985901
156,653,0.24724723398685455
156,219,0.24139830470085144
156,1891,0.24130114912986755
156,1120,0.23748135566711426
156,1577,0.22510167956352234
156,1329,0.22487461566925049
156,1632,0.22199943661689758
157,1234,0.36217972636222839
157,1439,0.34504202008247375
157,704,0.31998923420906067
157,692,0.29721066355705261
157,623,0.2937929630279541
157,1024,0.29078996181488037
157,333,0.27621981501579285
157,1114,0.27179312705993652
157,1729,0.2711557149887085
157,1100,0.26817727088928223
157,402,0.25983351469039917
157,776,0.25588944554328918
157,726,0.25454047322273254
157,1476,0.2526659369468689
157,285,0.24979531764984131
158,129,0.43469813466072083
158,1756,0.34716489911079407
158,365,0.30528154969215393
158,1399,0.2969214916229248
158,1431,0.2921578586101532
158,602,0.28892281651496887
158,764,0.28735360503196716
158,1487,0.27797627449035645
158,769,0.27662312984466553
158,871,0.27134221792221069
158,1304,0.2593262791633606
158,1890,0.25651782751083374
158,416,0.25346735119819641
158,1248,0.24909669160842896
158,429,0.24473531544208527
159,1336,0.39066445827484131
159,651,0.3834443986415863
159,1097,0.3253624439239502
159,1762,0.31527775526046753
159,992,0.30278944969177246
159,1047,0.28181824088096619
159,1484,0.28145906329154968
159,1602,0.2808491587638855
159,935,0.28015869855880737
159,718,0.24936269223690033
159,766,0.24620333313941956
159,47,0.24395933747291565
159,966,0.24143633246421814
159,1786,0.23974838852882385
159,92,0.23501746356487274
160,37,0.41257020831108093
160,934,0.35779678821563721
160,1099,0.31369179487228394
160,1784,0.30988287925720215
160,1520,0.30073416233062744
160,304,0.28668138384819031
160,1151,0.2829490602016449
160,808,0.27932447195053101
160,536,0.26759973168373108
160,412,0.26614516973495483
160,1924,0.26564979553222656
160,1972,0.24973055720329285
160,1849,0.24654515087604523
160,268,0.24097764492034912
160,868,0.23917503654956818
161,1486,0.44401836395263672
161,1627,0.3920777440071106
161,429,0.34829282760620117
161,329,0.32749626040458679
161,214,0.28599447011947632
161,731,0.27617156505584717
161,1797,0.27274036407470703
161,1853,0.26445239782333374
161,164,0.25984257459640503
161,764,0.2559889554977417
161,1399,0.25088933110237122
161,1468,0.25015890598297119
161,346,0.24170391261577606
161,1525,0.24113661050796509
161,1381,0.23994180560112
162,1156,0.43228322267532349
162,814,0.34348121285438538
162,1233,0.2998383641242981
162,949,0.29720136523246765
162,1758,0.29402837157249451
162,625,0.28784871101379395
162,515,0.284881591796875
162,1622,0.28487759828567505
162,749,0.28152218461036682
162,1975,0.2685520350933075
162,695,0.26015713810920715
162,97,0.2576349675655365
162,1640,0.25172796845436096
162,1929,0.24885974824428558
162,387,0.24627768993377686
163,1677,0.45450893044471741
163,1366,0.36972552537918091
163,707,0.3558402955532074
163,1953,0.3433283269405365
163,520,0.32280656695365906
163,17,0.29354569315910339
163,1644,0.27560681104660034
163,1806,0.2666812539100647
163,616,0.25080996751785278
163,553,0.24750442802906036
163,1565,0.24291899800300598
163,1817,0.24151378870010376
163,1843,0.23934443295001984
163,518,0.23044657707214355
163,506,0.22681114077568054
164,944,0.42153292894363403
164,755,0.35917356610298157
164,102,0.33130857348442078
164,820,0.30351835489273071
164,258,0.30223396420478821
164,1904,0.28193315863609314
164,1355,0.27374106645584106
164,132,0.26821881532669067
164,1564,0.26698943972587585
164,809,0.26671555638313293
164,1543,0.26089489459991455
164,104,0.25373691320419312
164,1209,0.25251537561416626
164,1383,0.24540506303310394
164,474,0.24050280451774597
165,1534,0.44350633025169373
165,722,0.41098332405090332
165,1559,0.34253948926925659
165,608,0.29865261912345886
165,678,0.2955746054649353
165,238,0.27018621563911438
165,8,0.26157453656196594
165,1666,0.26123982667922974
165,1265,0.26037999987602234
165,444,0.25570878386497498
165,1238,0.25466102361679077
165,60,0.250313401222229
165,188,0.25007367134094238
165,748,0.2482815682888031
165,905,0.2467232346534729
166,1840,0.36707925796508789
166,680,0.35469123721122742
166,909,0.34332007169723511
166,1595,0.32933914661407471
166,1672,0.32639995217323303
166,1240,0.29947704076766968
166,582,0.2576407790184021
166,512,0.25542959570884705
166,1196,0.2535821795463562
166,985,0.25235441327095032
166,657,0.25107565522193909
166,1159,0.24871896207332611
166,325,0.24606528878211975
166,443,0.24583588540554047
166,435,0.24295860528945923
167,785,0.49950733780860901
167,272,0.38251787424087524
167,1698,0.31077286601066589
167,1144,0.31051898002624512
167,1216,0.30264496803283691
167,1603,0.28813371062278748
167,1849,0.27962657809257507
167,1170,0.27876996994018555
167,536,0.27482393383979797
167,403,0.27431166172027588
167,1580,0.25582364201545715
167,1382,0.24628244340419769
167,1803,0.24476490914821625
167,808,0.23651841282844543
167,1799,0.22139056026935577
168,761,0.45587116479873657
168,1810,0.42703878879547119
168,55,0.33478417992591858
168,324,0.30511030554771423
168,81,0.29883545637130737
168,265,0.29482978582382202
168,739,0.28528058528900146
168,1990,0.27136537432670593
168,1392,0.26296794414520264
168,1320,0.25447127223014832
168,598,0.24189236760139465
168,446,0.2387099415063858
168,1538,0.23254518210887909
168,1279,0.23107424378395081
168,809,0.22798515856266022
169,1700,0.38524210453033447
169,62,0.32686448097229004
169,1122,0.32381469011306763
169,1303,0.32143694162368774
169,341,0.31789001822471619
169,2,0.28469273447990417
169,1333,0.28106564283370972
169,348,0.27279394865036011
169,1030,0.26836475729942322
169,1651,0.26727503538131714
169,1725,0.25797709822654724
169,1219,0.25615444779396057
169,1793,0.25555631518363953
169,52,0.24278214573860168
169,523,0.23022064566612244
170,84,0.35661238431930542
170,1799,0.33032837510108948
170,133,0.30951228737831116
170,1216,0.30016019940376282
170,1312,0.29314887523651123
170,1988,0.28610768914222717
170,899,0.27895510196685791
170,460,0.27288436889648438
170,302,0.26675280928611755
170,1779,0.265756756067276
170,1739,0.2639445960521698
170,1101,0.26111671328544617
170,1698,0.26110652089118958
170,1144,0.25979337096214294
170,1745,0.25731578469276428
171,766,0.40573066473007202
171,340,0.37048235535621643
171,921,0.3120550811290741
171,1777,0.30823510885238647
171,976,0.29785573482513428
171,1607,0.2930757999420166
171,1786,0.27484571933746338
171,1548,0.27414897084236145
171,1602,0.27362385392189026
171,903,0.27200314402580261
171,828,0.26585420966148376
171,183,0.25118362903594971
171,415,0.25070095062255859
171,1762,0.2319408655166626
171,351,0.23089440166950226
172,1994,0.41124987602233887
172,1537,0.33292767405509949
172,1533,0.32745146751403809
172,698,0.30383682250976562
172,1908,0.29461562633514404
172,759,0.28678551316261292
172,1060,0.28558754920959473
172,567,0.27781182527542114
172,1354,0.26192283630371094
172,1594,0.26061376929283142
172,1540,0.25863540172576904
172,1204,0.25850358605384827
172,647,0.25484162569046021
172,409,0.25180536508560181
172,1041,0.25156110525131226
173,1242,0.39611294865608215
173,1612,0.36331519484519958
173,906,0.30774864554405212
173,1192,0.29799237847328186
173,1005,0.29765129089355469
173,996,0.28435063362121582
173,343,0.27677026391029358
173,1814,0.27516987919807434
173,1197,0.26883906126022339
173,1782,0.2630825936794281
173,695,0.25753647089004517
173,458,0.25727677345275879
173,1778,0.25378510355949402
173,665,0.2534504234790802
173,613,0.2499188631772995
174,194,0.3843415379524231
174,375,0.33386620879173279
174,1556,0.32300242781639099
174,672,0.31011122465133667
174,1611,0.30393984913825989
174,125,0.30010619759559631
174,1502,0.29001939296722412
174,972,0.2732204794883728
174,1068,0.26766148209571838
174,530,0.26162585616111755
174,1219,0.25757277011871338
174,1067,0.25088196992874146
174,1999,0.24829156696796417
174,1280,0.24435549974441528
174,848,0.24222736060619354
175,1334,0.37904360890388489
175,1742,0.37712645530700684
175,320,0.35151714086532593
175,205,0.32801538705825806
175,511,0.30920732021331787
175,295,0.27531781792640686
175,534,0.26280280947685242
175,425,0.25751966238021851
175,1960,0.25599110126495361
175,277,0.25460398197174072
175,86,0.25323402881622314
175,325,0.24977611005306244
175,1499,0.24895128607749939
175,1159,0.24455472826957703
175,1645,0.23826561868190765
176,1628,0.41298383474349976
176,1532,0.32913908362388611
176,1983,0.31365537643432617
176,572,0.30782976746559143
176,524,0.28710421919822693
176,1074,0.28633281588554382
176,1317,0.28505891561508179
176,273,0.27773827314376831
176,1851,0.26579087972640991
176,368,0.26429456472396851
176,1652,0.26409253478050232
176,1331,0.2585580050945282
176,931,0.25836712121963501
176,1767,0.25767892599105835
176,1162,0.25125706195831299
177,620,0.41456779837608337
177,368,0.392955482006073
177,1117,0.38447052240371704
177,1795,0.31668812036514282
177,223,0.28739911317825317
177,1759,0.27639085054397583
177,1162,0.27374377846717834
177,1532,0.26167121529579163
177,1253,0.25743341445922852
177,844,0.25719979405403137
177,1818,0.24379536509513855
177,286,0.24190522730350494
177,232,0.24113307893276215
177,1152,0.23785272240638733
177,737,0.23425135016441345
178,398,0.40384146571159363
178,95,0.38757863640785217
178,37,0.37604618072509766
178,1998,0.294303297996521
178,304,0.29160210490226746
178,1406,0.27545207738876343
178,1946,0.26838800311088562
178,1520,0.26636689901351929
178,1387,0.2653033435344696
178,1575,0.25795048475265503
178,1988,0.25732317566871643
178,1170,0.2498544305562973
178,1395,0.24750357866287231
178,1042,0.24007104337215424
178,1167,0.22914227843284607
179,1107,0.39273497462272644
179,1999,0.34138116240501404
179,1684,0.32781198620796204
179,125,0.29692521691322327
179,204,0.28770950436592102
179,649,0.28648683428764343
179,672,0.27367159724235535
179,1735,0.27252656221389771
179,1651,0.27192589640617371
179,1096,0.27101516723632812
179,62,0.25893646478652954
179,1556,0.25723066926002502
179,1581,0.25599831342697144
179,954,0.25423645973205566
179,1130,0.25104480981826782
180,912,0.50571280717849731
180,1950,0.4492247998714447
180,1709,0.32845160365104675
180,362,0.3011246919631958
180,1380,0.29453670978546143
180,227,0.2835928201675415
180,1678,0.26439031958580017
180,1029,0.26398691534996033
180,77,0.2615075409412384
180,73,0.25043788552284241
180,1001,0.24650053679943085
180,1951,0.24336053431034088
180,1049,0.2413611114025116
180,1272,0.24051913619041443
180,1916,0.23790214955806732
181,1011,0.41941028833389282
181,452,0.3042638897895813
181,915,0.29598486423492432
181,1458,0.29378396272659302
181,1929,0.29231467843055725
181,181,0.29022368788719177
181,676,0.2847747802734375
181,1032,0.28327879309654236
181,1898,0.28279924392700195
181,1682,0.27194264531135559
181,1505,0.2694031298160553
181,151,0.26481795310974121
181,168,0.26351505517959595
181,1163,0.25494205951690674
181,891,0.25485536456108093
182,1914,0.34033212065696716
182,446,0.33797308802604675
182,822,0.3211950957775116
182,831,0.31305184960365295
182,873,0.2951122522354126
182,904,0.28886926174163818
182,1370,0.27235075831413269
182,1972,0.27034586668014526
182,1407,0.26571503281593323
182,868,0.26479727029800415
182,653,0.26467999815940857
182,1383,0.2564714252948761
182,1878,0.25324264168739319
182,349,0.25155475735664368
182,1577,0.25153198838233948
183,669,0.39979541301727295
183,771,0.34859701991081238
183,1911,0.33991417288780212
183,1304,0.30057811737060547
183,365,0.28771510720252991
183,663,0.28141990303993225
183,1947,0.27511981129646301
183,516,0.27209830284118652
183,795,0.26198685169219971
183,253,0.2594255805015564
183,1751,0.25936785340309143
183,1449,0.25886228680610657
183,370,0.25822919607162476
183,784,0.25407278537750244
183,1136,0.24950362741947174
184,354,0.40494248270988464
184,41,0.35249683260917664
184,448,0.35202872753143311
184,553,0.34814301133155823
184,1291,0.33042579889297485
184,432,0.30033141374588013
184,28,0.29396158456802368
184,345,0.26698461174964905
184,1708,0.25097474455833435
184,101,0.24963316321372986
184,1953,0.24679157137870789
184,136,0.23510977625846863
184,537,0.22866150736808777
184,839,0.2263963520526886
184,1395,0.22494834661483765
185,1772,0.38513368368148804
185,1804,0.32523468136787415
185,937,0.32417097687721252
185,1201,0.31542602181434631
185,637,0.30892130732536316
185,1997,0.30572134256362915
185,377,0.30042684078216553
185,1321,0.26509246230125427
185,208,0.25955840945243835
185,1140,0.25685763359069824
185,1238,0.25685584545135498
185,1319,0.25255358219146729
185,1222,0.2458658367395401
185,890,0.24573709070682526
185,1089,0.24446265399456024
186,1935,0.43874409794807434
186,333,0.37916016578674316
186,692,0.31531193852424622
186,1274,0.29414090514183044
186,13,0.28726786375045776
186,860,0.2834184467792511
186,922,0.27835133671760559
186,444,0.27637743949890137
186,1635,0.26170960068702698
186,623,0.2584320604801178
186,643,0.25681218504905701
186,142,0.25497478246688843
186,775,0.25392255187034607
186,388,0.2536550760269165
186,1350,0.2533518373966217
187,1123,0.38952156901359558
187,742,0.36644715070724487
187,1007,0.36269709467887878
187,1608,0.35006138682365417
187,1900,0.34396514296531677
187,1265,0.30972495675086975
187,1327,0.2681439220905304
187,1393,0.26438957452774048
187,1349,0.25951424241065979
187,1353,0.25080513954162598
187,1692,0.23267221450805664
187,1919,0.23058845102787018
187,782,0.22556351125240326
187,1962,0.2224058210849762
187,1828,0.21991060674190521
188,486,0.40438655018806458
188,1352,0.35030171275138855
188,1549,0.32439509034156799
188,995,0.31128865480422974
188,1747,0.3042759895324707
188,1150,0.30295729637145996
188,91,0.29546618461608887
188,1619,0.27133497595787048
188,1342,0.26119714975357056
188,876,0.25841104984283447
188,1207,0.25808423757553101
188,173,0.2501390278339386
188,1783,0.24667367339134216
188,237,0.23711279034614563
188,1031,0.23525112867355347
189,1847,0.43443092703819275
189,1771,0.37763354182243347
189,873,0.32222965359687805
189,172,0.31066107749938965
189,1803,0.28535425662994385
189,403,0.27631911635398865
189,349,0.27164077758789062
189,882,0.26915276050567627
189,1308,0.2629830539226532
189,313,0.26035362482070923
189,1564,0.25788679718971252
189,1603,0.25684621930122375
189,517,0.25465649366378784
189,536,0.25241965055465698
189,1760,0.24874685704708099
190,1402,0.42067214846611023
190,475,0.36023092269897461
190,1620,0.35306596755981445
190,152,0.30109384655952454
190,409,0.29626134037971497
190,1587,0.29473665356636047
190,1239,0.29110431671142578
190,1910,0.28107425570487976
190,1600,0.26586934924125671
190,1198,0.26312324404716492
190,810,0.25102499127388
190,213,0.24103377759456635
190,1309,0.23910105228424072
190,1739,0.23701336979866028
190,1013,0.23215925693511963
191,814,0.38015064597129822
191,246,0.34708008170127869
191,461,0.33605897426605225
191,1766,0.29961836338043213
191,170,0.29628750681877136
191,454,0.28219273686408997
191,1522,0.2817852795124054
191,438,0.2803671658039093
191,1203,0.26919224858283997
191,1211,0.26682248711585999
191,1763,0.25460836291313171
191,70,0.25448623299598694
191,248,0.24858814477920532
191,749,0.24636037647724152
191,1156,0.24343937635421753
192,225,0.48569974303245544
192,560,0.39164832234382629
192,1531,0.32211378216743469
192,1591,0.31204232573509216
192,1680,0.29527366161346436
192,1119,0.29035723209381104
192,257,0.28653410077095032
192,715,0.27530774474143982
192,1062,0.26522275805473328
192,1738,0.25612252950668335
192,509,0.24985183775424957
192,1773,0.24548538029193878
192,662,0.24445134401321411
192,1854,0.24333356320858002
192,1798,0.22914367914199829
193,955,0.37643635272979736
193,517,0.36448284983634949
193,1760,0.34003585577011108
193,1685,0.33739006519317627
193,1770,0.29984560608863831
193,1459,0.28111675381660461
193,101,0.27948218584060669
193,1998,0.27039399743080139
193,44,0.2592807412147522
193,1158,0.25362440943717957
193,1308,0.25222158432006836
193,464,0.24881498515605927
193,203,0.24500340223312378
193,808,0.23945523798465729
193,1243,0.23573859035968781
194,929,0.42449110746383667
194,121,0.40399378538131714
194,686,0.32641026377677917
194,788,0.30726760625839233
194,96,0.28939294815063477
194,525,0.2851250171661377
194,861,0.28409507870674133
194,1069,0.27957269549369812
194,681,0.25871005654335022
194,1974,0.25424158573150635
194,243,0.25055596232414246
194,666,0.24720902740955353
194,1081,0.24488459527492523
194,1568,0.23998074233531952
194,169,0.23545624315738678
195,1622,0.35546857118606567
195,376,0.33714526891708374
195,1758,0.32615205645561218
195,1852,0.31927156448364258
195,1197,0.3191605806350708
195,1192,0.28402787446975708
195,1119,0.27176770567893982
195,1429,0.26693037152290344
195,1672,0.26527833938598633
195,86,0.26289933919906616
195,1814,0.26177436113357544
195,1645,0.25508478283882141
195,996,0.24784389138221741
195,1027,0.24593789875507355
195,777,0.24361841380596161
196,1140,0.39483004808425903
196,1815,0.34100371599197388
196,1089,0.3356052041053772
196,1093,0.31514722108840942
196,1512,0.29188543558120728
196,1496,0.27891260385513306
196,781,0.27094793319702148
196,918,0.26608499884605408
196,1349,0.26600214838981628
196,103,0.26493063569068909
196,146,0.26252683997154236
196,1619,0.25598958134651184
196,762,0.25403612852096558
196,406,0.25193476676940918
196,346,0.25187346339225769
197,174,0.33108636736869812
197,792,0.32652592658996582
197,1766,0.31237852573394775
197,793,0.30291330814361572
197,1597,0.29374966025352478
197,1272,0.29218724370002747
197,454,0.28462755680084229
197,1235,0.2725110650062561
197,1020,0.27217087149620056
197,1211,0.26249799132347107
197,933,0.25946280360221863
197,387,0.25833943486213684
197,1688,0.25779354572296143
197,1102,0.25649124383926392
197,1203,0.2552318274974823
198,825,0.37936487793922424
198,930,0.36696416139602661
198,1381,0.32905223965644836
198,538,0.30258625745773315
198,25,0.29737123847007751
198,1886,0.2918110191822052
198,423,0.28131619095802307
198,480,0.27787819504737854
198,1903,0.27189266681671143
198,528,0.27027520537376404
198,1468,0.25765794515609741
198,445,0.25628939270973206
198,890,0.23782037198543549
198,33,0.23516027629375458
198,1234,0.23082062602043152
199,1834,0.51746946573257446
199,388,0.36003309488296509
199,1332,0.34851515293121338
199,775,0.32229107618331909
199,1666,0.30288827419281006
199,639,0.28826338052749634
199,444,0.285016268491745
199,442,0.27420356869697571
199,678,0.27339762449264526
199,1885,0.26838260889053345
199,1449,0.25289133191108704
199,1693,0.2460428774356842
199,1534,0.23484049737453461
199,722,0.23364271223545074
199,1821,0.21647427976131439
200,868,0.31944206357002258
200,1739,0.31848931312561035
200,1198,0.311990886926651
200,1099,0.30228662490844727
200,374,0.29557034373283386
200,1365,0.29439762234687805
200,1849,0.2908722460269928
200,1745,0.28845733404159546
200,1144,0.27844923734664917
200,1799,0.26114335656166077
200,1145,0.2608063817024231
200,1891,0.25765407085418701
200,1698,0.25115740299224854
200,1907,0.24833765625953674
200,1988,0.24728189408779144
201,1649,0.43963390588760376
201,1902,0.34591805934906006
201,1180,0.31831732392311096
201,1562,0.31651702523231506
201,1699,0.31467509269714355
201,1051,0.31119441986083984
201,1921,0.30428621172904968
201,1036,0.25815224647521973
201,364,0.25743392109870911
201,131,0.25720161199569702
201,729,0.25156119465827942
201,1380,0.25007134675979614
201,1633,0.24973876774311066
201,1852,0.23609483242034912
201,1272,0.23572389781475067
202,451,0.38333481550216675
202,264,0.33591604232788086
202,1385,0.30768853425979614
202,348,0.29698637127876282
202,341,0.28945964574813843
202,411,0.28585931658744812
202,1000,0.28280991315841675
202,568,0.27309635281562805
202,1995,0.27291449904441833
202,1786,0.26762410998344421
202,1107,0.26658862829208374
202,1188,0.26186278462409973
202,935,0.259185791015625
202,1684,0.25742289423942566
202,1482,0.24947638809680939
203,524,0.4192967414855957
203,273,0.36087828874588013
203,997,0.33126643300056458
203,1652,0.30291107296943665
203,1035,0.28938189148902893
203,956,0.28701478242874146
203,931,0.28129753470420837
203,1795,0.27731350064277649
203,286,0.26645329594612122
203,1181,0.26222753524780273
203,1759,0.25850039720535278
203,1275,0.25558814406394958
203,1628,0.24629919230937958
203,1162,0.24411159753799438
203,994,0.24364571273326874
204,92,0.32884126901626587
204,1980,0.30701896548271179
204,160,0.30504518747329712
204,585,0.3003292977809906
204,982,0.29884099960327148
204,1135,0.29606819152832031
204,98,0.29584935307502747
204,651,0.28465276956558228
204,1069,0.27690741419792175
204,1097,0.27336177229881287
204,1122,0.2694242000579834
204,1457,0.26108965277671814
204,145,0.25150841474533081
204,1268,0.25005480647087097
204,1513,0.23673209547996521
205,1062,0.33085742592811584
205,1798,0.32434374094009399
205,93,0.31506499648094177
205,1505,0.30957624316215515
205,1854,0.30243879556655884
205,1448,0.29735907912254333
205,151,0.28466558456420898
205,676,0.28272721171379089
205,418,0.27747842669487
205,1154,0.26941412687301636
205,1475,0.25874200463294983
205,257,0.25140509009361267
205,306,0.25045973062515259
205,605,0.24510395526885986
205,627,0.23811529576778412
206,1187,0.3862205445766449
206,183,0.33210283517837524
206,935,0.29998120665550232
206,340,0.29881885647773743
206,668,0.28642040491104126
206,530,0.27736771106719971
206,1762,0.27613407373428345
206,766,0.2758934497833252
206,1047,0.27417111396789551
206,1661,0.26670816540718079
206,989,0.26616480946540833
206,1397,0.26610511541366577
206,976,0.26461106538772583
206,1082,0.26327034831047058
206,1130,0.25914320349693298
207,411,0.40921404957771301
207,451,0.38745960593223572
207,843,0.37608239054679871
207,289,0.29762879014015198
207,568,0.29339638352394104
207,31,0.29250088334083557
207,1191,0.2855704128742218
207,264,0.27553215622901917
207,356,0.25967708230018616
207,47,0.2453300952911377
207,956,0.2432505339384079
207,559,0.24315902590751648
207,1131,0.24145308136940002
207,1700,0.23526705801486969
207,1067,0.23059257864952087
208,930,0.34200611710548401
208,825,0.33907777070999146
208,623,0.33272013068199158
208,480,0.3120306134223938
208,669,0.30124920606613159
208,1947,0.29057437181472778
208,423,0.27967047691345215
208,253,0.27960997819900513
208,370,0.26462104916572571
208,486,0.25998848676681519
208,1886,0.2564709484577179
208,1321,0.25566771626472473
208,663,0.24603137373924255
208,1363,0.24526795744895935
208,1100,0.24391643702983856
209,413,0.36775338649749756
209,631,0.35982859134674072
209,1772,0.35720705986022949
209,765,0.30459076166152954
209,687,0.29716712236404419
209,740,0.28452238440513611
209,1270,0.28010571002960205
209,1238,0.27939340472221375
209,1088,0.27627718448638916
209,424,0.25339165329933167
209,1172,0.2482134997844696
209,208,0.24800342321395874
209,919,0.24703711271286011
209,231,0.23786288499832153
209,547,0.23328948020935059
210,423,0.37501856684684753
210,784,0.3409898579120636
210,308,0.33542343974113464
210,32,0.33380913734436035
210,43,0.29090023040771484
210,1588,0.28472897410392761
210,1377,0.279366135597229
210,1363,0.2704276442527771
210,1731,0.26443392038345337
210,1903,0.25630015134811401
210,1886,0.25621730089187622
210,522,0.25326654314994812
210,663,0.24977952241897583
210,253,0.24963611364364624
210,445,0.24161213636398315
211,756,0.41578161716461182
211,1086,0.34972909092903137
211,566,0.32796129584312439
211,963,0.31046095490455627
211,196,0.30195564031600952
211,1678,0.29543626308441162
211,511,0.29393580555915833
211,306,0.2811526358127594
211,227,0.26059815287590027
211,303,0.2566668689250946
211,879,0.25336480140686035
211,1504,0.24800895154476166
211,1782,0.24693281948566437
211,1227,0.24584242701530457
211,1958,0.23484562337398529
212,31,0.39367088675498962
212,1928,0.37891563773155212
212,1252,0.30987238883972168
212,1781,0.285927414894104
212,1090,0.28363481163978577
212,723,0.28085848689079285
212,617,0.27715307474136353
212,267,0.27615699172019958
212,1432,0.27538859844207764
212,1138,0.26921802759170532
212,232,0.269010990858078
212,1462,0.262614905834198
212,986,0.24937416613101959
212,684,0.24866671860218048
212,954,0.24009351432323456
213,904,0.36080589890480042
213,1914,0.34101364016532898
213,446,0.33606681227684021
213,374,0.29923036694526672
213,799,0.29241520166397095
213,820,0.28462854027748108
213,831,0.28299331665039062
213,809,0.28057047724723816
213,1610,0.27333346009254456
213,430,0.26452523469924927
213,1564,0.26145389676094055
213,310,0.25991436839103699
213,1771,0.2442048192024231
213,1383,0.24393932521343231
213,1907,0.24260899424552917
214,1635,0.38697633147239685
214,951,0.3403293788433075
214,731,0.3034784197807312
214,1943,0.29528933763504028
214,922,0.28493183851242065
214,539,0.2842555046081543
214,220,0.28100612759590149
214,371,0.27934086322784424
214,1853,0.27461573481559753
214,164,0.2733919620513916
214,531,0.27244222164154053
214,1511,0.26660677790641785
214,1641,0.25853195786476135
214,1123,0.2492792010307312
214,1468,0.24339340627193451
215,183,0.34718522429466248
215,1082,0.32057636976242065
215,989,0.30644816160202026
215,668,0.29583048820495605
215,1187,0.29076340794563293
215,1130,0.28434348106384277
215,766,0.27500709891319275
215,1397,0.27482554316520691
215,340,0.27386829257011414
215,351,0.27203869819641113
215,1721,0.26742973923683167
215,1735,0.26489242911338806
215,1356,0.26459062099456787
215,1986,0.25850784778594971
215,921,0.25776165723800659
216,1156,0.49017959833145142
216,515,0.33312788605690002
216,1758,0.32938864827156067
216,1640,0.32393413782119751
216,1542,0.31111490726470947
216,347,0.30965229868888855
216,1242,0.2982945442199707
216,1192,0.27488893270492554
216,814,0.26942697167396545
216,1622,0.26525527238845825
216,1929,0.24455755949020386
216,980,0.238435298204422
216,385,0.23715680837631226
216,1032,0.23709738254547119
216,613,0.23455892503261566
217,1688,0.367423415184021
217,940,0.36587062478065491
217,1001,0.33904162049293518
217,1539,0.29935771226882935
217,1480,0.28936675190925598
217,77,0.28596222400665283
217,973,0.28289791941642761
217,1481,0.26696208119392395
217,1945,0.26435649394989014
217,468,0.25819295644760132
217,790,0.2576180100440979
217,576,0.25186756253242493
217,69,0.25009694695472717
217,548,0.24870125949382782
217,1235,0.24660517275333405
218,901,0.42975571751594543
218,1510,0.35205978155136108
218,834,0.3142668604850769
218,632,0.30451667308807373
218,161,0.28835093975067139
218,402,0.2872622013092041
218,381,0.27878281474113464
218,1433,0.27422848343849182
218,1157,0.27309224009513855
218,1323,0.26701706647872925
218,547,0.26150053739547729
218,1733,0.25504058599472046
218,253,0.25265640020370483
218,148,0.2516467273235321
218,638,0.24646560847759247
219,1553,0.40276554226875305
219,1696,0.35694617033004761
219,1715,0.31015649437904358
219,1069,0.296487957239151
219,1684,0.29223984479904175
219,1081,0.285138338804245
219,38,0.2805446982383728
219,788,0.27084848284721375
219,866,0.26982995867729187
219,1283,0.26854521036148071
219,633,0.26584228873252869
219,169,0.25614854693412781
219,375,0.25533035397529602
219,1068,0.24995371699333191
219,954,0.24887615442276001
220,1354,0.32890450954437256
220,171,0.32621285319328308
220,1881,0.32598039507865906
220,807,0.31356805562973022
220,355,0.31284976005554199
220,816,0.30724343657493591
220,815,0.2741946280002594
220,66,0.26766631007194519
220,1544,0.26375731825828552
220,946,0.25654992461204529
220,1806,0.25578117370605469
220,163,0.25174573063850403
220,1657,0.25164550542831421
220,45,0.25144436955451965
220,1267,0.24825756251811981
221,443,0.32965356111526489
221,574,0.32181748747825623
221,610,0.31088700890541077
221,59,0.30468666553497314
221,1909,0.30217286944389343
221,325,0.28552713990211487
221,1240,0.27720552682876587
221,1960,0.27375215291976929
221,1255,0.27269569039344788
221,205,0.26671290397644043
221,1159,0.26193484663963318
221,425,0.26001536846160889
221,811,0.25900337100028992
221,534,0.25555381178855896
221,387,0.25493171811103821
222,24,0.37844210863113403
222,385,0.37663018703460693
222,335,0.30336856842041016
222,1622,0.28605303168296814
222,695,0.28531062602996826
222,1852,0.2807522714138031
222,719,0.27940741181373596
222,1672,0.27853888273239136
222,1542,0.27405622601509094
222,749,0.27070072293281555
222,1758,0.26570281386375427
222,1197,0.25908023118972778
222,1446,0.25638642907142639
222,964,0.24630479514598846
222,1630,0.24459873139858246
223,1449,0.33566540479660034
223,442,0.33458071947097778
223,388,0.333790123462677
223,107,0.32379817962646484
223,444,0.32274287939071655
223,721,0.31789755821228027
223,1277,0.28896734118461609
223,178,0.28546515107154846
223,1270,0.24799278378486633
223,1332,0.24798683822154999
223,1529,0.24579852819442749
223,1088,0.24572645127773285
223,157,0.244182288646698
223,1820,0.23596619069576263
223,177,0.23199509084224701
224,671,0.34890028834342957
224,1714,0.34551310539245605
224,848,0.34318408370018005
224,530,0.31111979484558105
224,972,0.30569186806678772
224,1546,0.28633087873458862
224,1219,0.27894636988639832
224,183,0.26980966329574585
224,953,0.26760944724082947
224,1767,0.26747417449951172
224,62,0.26620274782180786
224,1651,0.24939711391925812
224,1413,0.24215993285179138
224,125,0.23747393488883972
224,1611,0.23597294092178345
225,1309,0.51210403442382812
225,1042,0.41626507043838501
225,594,0.30974656343460083
225,199,0.28407496213912964
225,95,0.28350725769996643
225,398,0.28237563371658325
225,1387,0.28162512183189392
225,213,0.27616214752197266
225,1395,0.2679118812084198
225,163,0.25729107856750488
225,1422,0.25665482878684998
225,518,0.25142243504524231
225,1267,0.25069162249565125
225,757,0.24463027715682983
225,68,0.2445303350687027
226,1211,0.38960617780685425
226,1156,0.31826546788215637
226,1199,0.31413140892982483
226,1102,0.31135475635528564
226,515,0.30685028433799744
226,1203,0.30394190549850464
226,1640,0.27522134780883789
226,1009,0.2719694972038269
226,1447,0.26583188772201538
226,1909,0.26258993148803711
226,1925,0.26022428274154663
226,1503,0.25868904590606689
226,1499,0.25764656066894531
226,949,0.25086358189582825
226,1522,0.24931348860263824
227,1444,0.35525053739547729
227,623,0.347972571849823
227,721,0.33612564206123352
227,1947,0.32197248935699463
227,342,0.30058780312538147
227,1136,0.29027324914932251
227,13,0.27447858452796936
227,253,0.26424652338027954
227,1433,0.26320371031761169
227,1529,0.25808581709861755
227,1023,0.25530645251274109
227,1935,0.25115662813186646
227,1751,0.25107508897781372
227,1321,0.2493068128824234
227,1292,0.24309170246124268
228,600,0.46255198121070862
228,1527,0.3498435914516449
228,444,0.32413029670715332
228,462,0.32106339931488037
228,1859,0.2919878363609314
228,927,0.27730450034141541
228,1444,0.27240091562271118
228,1058,0.26688921451568604
228,878,0.26325345039367676
228,60,0.25925981998443604
228,1529,0.25909459590911865
228,858,0.25701209902763367
228,697,0.25596475601196289
228,1259,0.25484207272529602
228,327,0.253843754529953
229,301,0.36511191725730896
229,988,0.32613605260848999
229,801,0.30269059538841248
229,1325,0.30090868473052979
229,1819,0.30082890391349792
229,113,0.28561750054359436
229,1315,0.27880394458770752
229,439,0.27390986680984497
229,293,0.27268791198730469
229,1057,0.27046355605125427
229,1569,0.26608046889305115
229,1452,0.26044100522994995
229,1295,0.25812014937400818
229,14,0.25610864162445068
229,841,0.25409227609634399
230,1690,0.31701570749282837
230,1984,0.30635106563568115
230,615,0.30211403965950012
230,655,0.30205109715461731
230,596,0.29479131102561951
230,274,0.29043576121330261
230,155,0.28370928764343262
230,572,0.2827923595905304
230,1284,0.27318435907363892
230,791,0.26863601803779602
230,242,0.2645154595375061
230,1050,0.26183623075485229
230,1295,0.2593211829662323
230,1194,0.25922924280166626
230,1116,0.25791504979133606
231,938,0.39239543676376343
231,1358,0.35377299785614014
231,1005,0.30044499039649963
231,170,0.29109254479408264
231,814,0.28827306628227234
231,1763,0.2850298285484314
231,70,0.28183996677398682
231,1837,0.27737635374069214
231,1522,0.26853650808334351
231,1419,0.26618072390556335
231,461,0.26507842540740967
231,1203,0.26275867223739624
231,1469,0.25971615314483643
231,454,0.25548949837684631
231,1475,0.25129929184913635
232,729,0.38119807839393616
232,435,0.35307222604751587
232,1232,0.34068977832794189
232,364,0.33839532732963562
232,484,0.30913865566253662
232,1852,0.29372134804725647
232,251,0.28604084253311157
232,1921,0.2825351357460022
232,1180,0.26504015922546387
232,1672,0.25692459940910339
232,588,0.24149568378925323
232,1062,0.24073502421379089
232,1562,0.23535901308059692
232,72,0.232847660779953
232,657,0.23090463876724243
233,1977,0.36679038405418396
233,1512,0.34707668423652649
233,1962,0.30407345294952393
233,1667,0.29969283938407898
233,346,0.29635104537010193
233,1212,0.28099805116653442
233,1307,0.275928795337677
233,211,0.27374047040939331
233,1043,0.27211999893188477
233,1201,0.26724934577941895
233,1641,0.26223653554916382
233,1927,0.25847724080085754
233,894,0.25644996762275696
233,1140,0.25640913844108582
233,1466,0.25609263777732849
234,1810,0.41671586036682129
234,446,0.34964758157730103
234,1847,0.30688607692718506
234,1564,0.30687901377677917
234,886,0.30356317758560181
234,1760,0.29407042264938354
234,203,0.29078012704849243
234,1745,0.27599471807479858
234,517,0.26777058839797974
234,1752,0.25856244564056396
234,1979,0.25508967041969299
234,536,0.2528916597366333
234,1459,0.25183972716331482
234,1872,0.24793614447116852
234,1685,0.24498255550861359
235,958,0.37280422449111938
235,13,0.32510706782341003
235,429,0.30011990666389465
235,1711,0.29330256581306458
235,710,0.29232054948806763
235,1404,0.29209154844284058
235,612,0.28815940022468567
235,342,0.28731769323348999
235,1439,0.2742924690246582
235,930,0.27190509438514709
235,1292,0.26292732357978821
235,721,0.26156309247016907
235,821,0.25578367710113525
235,794,0.25160437822341919
235,776,0.25038993358612061
236,1288,0.35500362515449524
236,967,0.33585706353187561
236,60,0.32881441712379456
236,1470,0.31941089034080505
236,600,0.29764851927757263
236,1559,0.29479250311851501
236,61,0.28501024842262268
236,1856,0.28051480650901794
236,178,0.26226791739463806
236,8,0.25994676351547241
236,1157,0.25563707947731018
236,1238,0.25045871734619141
236,1033,0.24726372957229614
236,1507,0.2471490353345871
236,177,0.24211695790290833
237,886,0.38909587264060974
237,1979,0.37294596433639526
237,1745,0.36309665441513062
237,1365,0.32275599241256714
237,37,0.31321734189987183
237,1170,0.30218714475631714
237,283,0.27593621611595154
237,1519,0.26567220687866211
237,536,0.26262673735618591
237,95,0.25852340459823608
237,1120,0.2441292405128479
237,1520,0.24076397716999054
237,403,0.23114354908466339
237,11,0.22818465530872345
237,464,0.22571471333503723
238,223,0.34780248999595642
238,38,0.32757484912872314
238,209,0.32276585698127747
238,942,0.3186955451965332
238,1273,0.30226123332977295
238,844,0.29532614350318909
238,1604,0.28420266509056091
238,1283,0.27006998658180237
238,1471,0.26316547393798828
238,572,0.26255893707275391
238,838,0.25950878858566284
238,466,0.25580942630767822
238,242,0.25275927782058716
238,1728,0.25189518928527832
238,487,0.24029731750488281
239,835,0.55398386716842651
239,22,0.33604523539543152
239,1615,0.32856366038322449
239,397,0.32341957092285156
239,1012,0.31714308261871338
239,184,0.30936941504478455
239,274,0.30826073884963989
239,245,0.30475017428398132
239,1636,0.28347426652908325
239,1413,0.24498994648456573
239,195,0.24353864789009094
239,1076,0.24021674692630768
239,689,0.23211789131164551
239,1949,0.21877352893352509
239,1139,0.21622142195701599
240,1024,0.42944365739822388
240,1890,0.33533084392547607
240,1674,0.33166128396987915
240,601,0.33054915070533752
240,177,0.27863836288452148
240,849,0.27753040194511414
240,1093,0.27473065257072449
240,157,0.27466112375259399
240,480,0.26350277662277222
240,58,0.26150652766227722
240,1506,0.2604576051235199
240,538,0.25841847062110901
240,1349,0.25444787740707397
240,25,0.25371673703193665
240,1141,0.25173711776733398
241,178,0.49411329627037048
241,218,0.31505221128463745
241,1674,0.30699524283409119
241,1007,0.3037140965461731
241,762,0.28651547431945801
241,58,0.28503596782684326
241,967,0.28319540619850159
241,742,0.27716073393821716
241,753,0.27579763531684875
241,709,0.26903271675109863
241,1349,0.263517826795578
241,1033,0.26312774419784546
241,1470,0.26125466823577881
241,1172,0.25936895608901978
241,1442,0.25711402297019958
242,155,0.34034189581871033
242,1295,0.33510264754295349
242,92,0.30595612525939941
242,1452,0.2968018651008606
242,1284,0.29423847794532776
242,113,0.28933960199356079
242,803,0.28650206327438354
242,145,0.27899566292762756
242,1992,0.2784087061882019
242,1094,0.27381670475006104
242,1819,0.26217553019523621
242,1276,0.25804293155670166
242,501,0.25075775384902954
242,293,0.24995267391204834
242,660,0.24680371582508087
243,1157,0.31646069884300232
243,1859,0.30686765909194946
243,1935,0.30095425248146057
243,1841,0.2924150824546814
243,922,0.28818857669830322
243,600,0.28786259889602661
243,220,0.28586181998252869
243,60,0.2819620668888092
243,1753,0.27722692489624023
243,444,0.27141901850700378
243,1248,0.27013483643531799
243,1510,0.26302307844161987
243,1635,0.26252466440200806
243,462,0.25949582457542419
243,1323,0.25895693898200989
244,1533,0.4004388153553009
244,1882,0.35642391443252563
244,725,0.29151293635368347
244,513,0.28909680247306824
244,219,0.28623080253601074
244,1884,0.28422272205352783
244,673,0.28371560573577881
244,846,0.27888357639312744
244,1577,0.2777862548828125
244,699,0.27681237459182739
244,1878,0.26653367280960083
244,570,0.26378771662712097
244,1340,0.2515537440776825
244,477,0.2512439489364624
244,1994,0.2490861713886261
245,828,0.3995853066444397
245,1607,0.34473851323127747
245,48,0.34435948729515076
245,1602,0.32996052503585815
245,278,0.2929261326789856
245,766,0.288237065076828
245,1720,0.2802826464176178
245,415,0.27711454033851624
245,1669,0.26646092534065247
245,1664,0.2662472128868103
245,599,0.26241335272789001
245,1586,0.24590696394443512
245,1484,0.24122396111488342
245,716,0.23574544489383698
245,957,0.23128139972686768
246,1513,0.39323210716247559
246,415,0.37289029359817505
246,1665,0.30221721529960632
246,278,0.29345583915710449
246,1725,0.28742244839668274
246,1303,0.27715966105461121
246,1116,0.2733534574508667
246,1184,0.27241718769073486
246,1122,0.26968127489089966
246,503,0.26518499851226807
246,1557,0.26104539632797241
246,145,0.26066476106643677
246,1297,0.25991672277450562
246,340,0.25939038395881653
246,1906,0.25209876894950867
247,201,0.34239500761032104
247,1052,0.33655163645744324
247,247,0.33429142832756042
247,1154,0.30377098917961121
247,511,0.29174911975860596
247,135,0.28674647212028503
247,1854,0.28286978602409363
247,418,0.28087699413299561
247,1458,0.27015668153762817
247,1508,0.26790770888328552
247,1574,0.26090040802955627
247,15,0.25874629616737366
247,151,0.24806918203830719
247,320,0.24327859282493591
247,425,0.24097578227519989
248,604,0.38160839676856995
248,521,0.35422596335411072
248,446,0.33430969715118408
248,1810,0.32261097431182861
248,1538,0.29490363597869873
248,158,0.27553510665893555
248,822,0.27146714925765991
248,1972,0.26912742853164673
248,349,0.26557809114456177
248,1610,0.26243603229522705
248,1685,0.25668114423751831
248,1564,0.25349605083465576
248,1847,0.25197616219520569
248,203,0.24880935251712799
248,280,0.24573205411434174
249,826,0.32478490471839905
249,165,0.32080435752868652
249,1948,0.31071493029594421
249,1547,0.30889588594436646
249,526,0.29201430082321167
249,1998,0.28211575746536255
249,1459,0.27944058179855347
249,833,0.2770751416683197
249,877,0.27621558308601379
249,378,0.26526415348052979
249,1243,0.26454475522041321
249,755,0.26394376158714294
249,414,0.26379874348640442
249,470,0.255666583776474
249,1685,0.24640347063541412
250,1633,0.41452327370643616
250,131,0.4069792628288269
250,0,0.29923966526985168
250,306,0.2946314811706543
250,1678,0.29280248284339905
250,1612,0.29182562232017517
250,613,0.28285586833953857
250,912,0.26830729842185974
250,1852,0.26615163683891296
250,1808,0.26177117228507996
250,1921,0.25620478391647339
250,1542,0.255758136510849
250,1192,0.24871908128261566
250,376,0.24245430529117584
250,1380,0.23919099569320679
251,1323,0.4255128800868988
251,918,0.39765763282775879
251,871,0.32386606931686401
251,1642,0.29573589563369751
251,1352,0.29222902655601501
251,769,0.28000915050506592
251,177,0.27811416983604431
251,1399,0.27479231357574463
251,1496,0.26690730452537537
251,402,0.26096048951148987
251,1478,0.25285089015960693
251,161,0.25161290168762207
251,1507,0.25118732452392578
251,1100,0.24164070188999176
251,1043,0.23933564126491547
252,1568,0.35503301024436951
252,788,0.31375238299369812
252,681,0.31010767817497253
252,121,0.30814334750175476
252,624,0.30375108122825623
252,546,0.29844817519187927
252,396,0.28514945507049561
252,1457,0.27479767799377441
252,1873,0.27373224496841431
252,471,0.26267164945602417
252,450,0.26176103949546814
252,1673,0.25897771120071411
252,686,0.25763726234436035
252,661,0.24916267395019531
252,861,0.2487921416759491
253,1218,0.32928597927093506
253,1733,0.32069757580757141
253,161,0.30470415949821472
253,1743,0.30280470848083496
253,1853,0.29774710536003113
253,71,0.29126116633415222
253,393,0.28372329473495483
253,892,0.27351540327072144
253,543,0.26901343464851379
253,1588,0.26678633689880371
253,1323,0.26513713598251343
253,1486,0.26422250270843506
253,764,0.25971350073814392
253,148,0.259163498878479
253,945,0.24840608239173889
254,1715,0.46975222229957581
254,1030,0.36181199550628662
254,1295,0.34008476138114929
254,655,0.29678410291671753
254,115,0.29615065455436707
254,1268,0.28813168406486511
254,861,0.28032118082046509
254,664,0.27453818917274475
254,1696,0.26413282752037048
254,401,0.26321107149124146
254,242,0.26080071926116943
254,1069,0.25561189651489258
254,1974,0.24839137494564056
254,274,0.23873314261436462
254,689,0.2381802499294281
255,1135,0.40557584166526794
255,1187,0.35732656717300415
255,160,0.35201355814933777
255,1122,0.34387153387069702
255,1124,0.32407405972480774
255,935,0.3239339292049408
255,953,0.27002617716789246
255,1526,0.26872023940086365
255,340,0.26208531856536865
255,530,0.24812120199203491
255,62,0.2417282909154892
255,1611,0.23446772992610931
255,1777,0.22827859222888947
255,40,0.22691527009010315
255,1022,0.22533190250396729
256,722,0.3670981228351593
256,1666,0.35785752534866333
256,1183,0.30761110782623291
256,164,0.30517816543579102
256,1797,0.29951798915863037
256,922,0.2960527241230011
256,771,0.27832481265068054
256,643,0.26954671740531921
256,478,0.26811742782592773
256,1328,0.26567432284355164
256,1534,0.26047423481941223
256,819,0.25609230995178223
256,253,0.25456750392913818
256,371,0.24500185251235962
256,1743,0.24287135899066925
257,1692,0.43808138370513916
257,1468,0.3187021017074585
257,346,0.31620603799819946
257,1449,0.30669108033180237
257,1360,0.30070462822914124
257,894,0.28804242610931396
257,407,0.27993488311767578
257,164,0.27899074554443359
257,1525,0.27638790011405945
257,107,0.26426452398300171
257,1328,0.25935694575309753
257,1134,0.25818455219268799
257,1816,0.25536584854125977
257,259,0.25489950180053711
257,819,0.24915264546871185
258,786,0.34868529438972473
258,504,0.34157964587211609
258,1167,0.3264925479888916
258,1575,0.32319533824920654
258,1185,0.29563009738922119
258,1251,0.28026729822158813
258,1168,0.2763289213180542
258,88,0.27003848552703857
258,895,0.26594176888465881
258,1357,0.26463708281517029
258,506,0.25657910108566284
258,1632,0.25459611415863037
258,592,0.25235998630523682
258,1193,0.25033530592918396
258,127,0.24890223145484924
259,490,0.39222469925880432
259,1469,0.31870734691619873
259,1364,0.31594902276992798
259,1763,0.29636314511299133
259,1778,0.296303391456604
259,695,0.2937680184841156
259,24,0.29292437434196472
259,1180,0.27526795864105225
259,1203,0.27462106943130493
259,1902,0.26231536269187927
259,454,0.25878837704658508
259,1678,0.25752335786819458
259,593,0.25684332847595215
259,131,0.2539723813533783
259,19,0.25353854894638062
260,1387,0.45945107936859131
260,354,0.36606720089912415
260,95,0.3559546172618866
260,1988,0.34712263941764832
260,1406,0.33377465605735779
260,99,0.30531549453735352
260,1309,0.28824484348297119
260,757,0.25598004460334778
260,960,0.25303944945335388
260,1865,0.24031685292720795
260,101,0.23691920936107635
260,575,0.23591789603233337
260,1395,0.23308615386486053
260,448,0.22992709279060364
260,592,0.22522969543933868
261,216,0.41129973530769348
261,1041,0.36605778336524963
261,1251,0.32354697585105896
261,1833,0.31749525666236877
261,1862,0.29171237349510193
261,1892,0.28441163897514343
261,759,0.27529552578926086
261,1518,0.26359999179840088
261,409,0.26106533408164978
261,1354,0.25866866111755371
261,1632,0.25827309489250183
261,1072,0.25782853364944458
261,518,0.25064828991889954
261,400,0.24949274957180023
261,389,0.2487938404083252
262,40,0.33888712525367737
262,530,0.33209192752838135
262,1187,0.32153797149658203
262,1526,0.32064616680145264
262,1,0.31518065929412842
262,1611,0.29134726524353027
262,1280,0.27889782190322876
262,752,0.26575148105621338
262,1135,0.26488786935806274
262,953,0.26218143105506897
262,125,0.25738510489463806
262,652,0.25642728805541992
262,206,0.24705663323402405
262,399,0.2469300776720047
262,935,0.2465786337852478
263,1612,0.31841203570365906
263,508,0.31001204252243042
263,1049,0.29968425631523132
263,77,0.29789763689041138
263,940,0.29198446869850159
263,1973,0.28862446546554565
263,587,0.28825885057449341
263,573,0.2826581597328186
263,1192,0.27607500553131104
263,404,0.27235475182533264
263,1027,0.26930466294288635
263,1293,0.26274478435516357
263,1227,0.25940090417861938
263,1650,0.25801008939743042
263,909,0.24987956881523132
264,18,0.37263453006744385
264,1418,0.35110536217689514
264,1528,0.33822998404502869
264,298,0.33160796761512756
264,590,0.30765125155448914
264,1684,0.28842329978942871
264,194,0.27952265739440918
264,465,0.26980611681938171
264,1637,0.26676738262176514
264,1131,0.25546050071716309
264,659,0.25037360191345215
264,118,0.25027850270271301
264,56,0.24549764394760132
264,341,0.23900856077671051
264,1696,0.23316717147827148
265,1610,0.40778788924217224
265,1668,0.33851331472396851
265,820,0.33331799507141113
265,1780,0.32448357343673706
265,408,0.32445481419563293
265,604,0.31248915195465088
265,1600,0.28911751508712769
265,799,0.27707988023757935
265,1564,0.25836175680160522
265,1775,0.25534248352050781
265,1127,0.25463837385177612
265,310,0.23808060586452484
265,1990,0.23438370227813721
265,1752,0.23373113572597504
265,1810,0.2329038679599762
266,1872,0.36240515112876892
266,474,0.34592866897583008
266,675,0.33346870541572571
266,556,0.32502245903015137
266,102,0.31550264358520508
266,414,0.29359745979309082
266,604,0.28291484713554382
266,460,0.27074632048606873
266,104,0.25603553652763367
266,1279,0.25402000546455383
266,728,0.25131076574325562
266,400,0.2477232813835144
266,755,0.24717788398265839
266,1601,0.24413199722766876
266,1780,0.23931518197059631
267,864,0.36098173260688782
267,946,0.30715963244438171
267,355,0.30403867363929749
267,41,0.29558596014976501
267,1109,0.29302209615707397
267,302,0.2891470193862915
267,1866,0.28598865866661072
267,1098,0.28017702698707581
267,315,0.27352365851402283
267,1601,0.27050751447677612
267,1872,0.26760378479957581
267,1706,0.26661866903305054
267,57,0.25870835781097412
267,392,0.25751563906669617
267,1422,0.25728759169578552
268,1539,0.3227342963218689
268,1837,0.30940854549407959
268,867,0.30939063429832458
268,168,0.30685260891914368
268,1473,0.2809605598449707
268,818,0.27947539091110229
268,708,0.27641376852989197
268,277,0.2762005627155304
268,26,0.27549606561660767
268,468,0.27407434582710266
268,1376,0.2705875039100647
268,1247,0.26811835169792175
268,1648,0.26155790686607361
268,796,0.25957402586936951
268,1578,0.25878974795341492
269,16,0.37531113624572754
269,588,0.33538168668746948
269,682,0.33115303516387939
269,425,0.29987958073616028
269,729,0.29572874307632446
269,186,0.28532394766807556
269,1902,0.27562090754508972
269,1773,0.27469736337661743
269,605,0.27439597249031067
269,441,0.27066031098365784
269,1854,0.26718327403068542
269,657,0.25838229060173035
269,1921,0.24893072247505188
269,1149,0.24657806754112244
269,1180,0.24297225475311279
270,509,0.42928549647331238
270,662,0.39254111051559448
270,605,0.31920358538627625
270,217,0.3070870041847229
270,196,0.29686012864112854
270,1441,0.28770396113395691
270,1701,0.27867400646209717
270,1854,0.27058348059654236
270,418,0.26803794503211975
270,257,0.25989249348640442
270,773,0.2576967179775238
270,959,0.24725332856178284
270,1062,0.24620683491230011
270,1981,0.24253164231777191
270,225,0.23262345790863037
271,1905,0.36293831467628479
271,1023,0.34590932726860046
271,645,0.33465960621833801
271,547,0.28932860493659973
271,1529,0.28680187463760376
271,1746,0.28607034683227539
271,342,0.27772107720375061
271,1136,0.27277863025665283
271,1467,0.26559692621231079
271,709,0.26340198516845703
271,1238,0.26145312190055847
271,436,0.2569090723991394
271,805,0.25664728879928589
271,775,0.25662770867347717
271,1966,0.25298219919204712
272,858,0.38857114315032959
272,969,0.38416045904159546
272,1938,0.38387113809585571
272,878,0.3832416832447052
272,1695,0.37921044230461121
272,285,0.35804635286331177
272,531,0.27232709527015686
272,1467,0.25700443983078003
272,296,0.24092280864715576
272,1439,0.22506676614284515
272,1399,0.22484831511974335
272,1248,0.21089811623096466
272,214,0.20162129402160645
272,444,0.19308966398239136
272,1853,0.19259150326251984
273,1371,0.51299458742141724
273,1116,0.4039483368396759
273,903,0.3627781867980957
273,1690,0.32040926814079285
273,1584,0.30428928136825562
273,505,0.27723470330238342
273,1855,0.27580314874649048
273,1720,0.25723826885223389
273,341,0.25581204891204834
273,1725,0.25047725439071655
273,838,0.24675332009792328
273,52,0.24347640573978424
273,1787,0.23877614736557007
273,340,0.23576821386814117
273,1669,0.23411746323108673
274,535,0.45864447951316833
274,1912,0.33941888809204102
274,1153,0.33751839399337769
274,1636,0.33411058783531189
274,49,0.3120497465133667
274,804,0.2972872257232666
274,1030,0.27719676494598389
274,1992,0.26694607734680176
274,803,0.26325371861457825
274,1937,0.26034095883369446
274,664,0.25709378719329834
274,1268,0.24753314256668091
274,18,0.2383572906255722
274,577,0.23811370134353638
274,865,0.23766161501407623
275,1248,0.3358270525932312
275,722,0.32873129844665527
275,1399,0.31909382343292236
275,1608,0.30559498071670532
275,922,0.29881954193115234
275,188,0.29554742574691772
275,164,0.29162266850471497
275,531,0.28570139408111572
275,1534,0.26557391881942749
275,1265,0.2645733654499054
275,1704,0.25707182288169861
275,1743,0.25582775473594666
275,1486,0.2497917115688324
275,1123,0.24652127921581268
275,1797,0.24242778122425079
276,1417,0.37983196973800659
276,1144,0.31812256574630737
276,1198,0.3130149245262146
276,85,0.31249868869781494
276,1698,0.30353975296020508
276,1849,0.288897305727005
276,1145,0.28516772389411926
276,1712,0.2850220799446106
276,152,0.2752780020236969
276,68,0.2722257673740387
276,1524,0.25301751494407654
276,1739,0.25156614184379578
276,1755,0.25146180391311646
276,133,0.25031769275665283
276,1988,0.24675431847572327
277,549,0.46256062388420105
277,1333,0.41738954186439514
277,1030,0.32039383053779602
277,18,0.28975173830986023
277,22,0.28254833817481995
277,1728,0.2811712920665741
277,274,0.27831223607063293
277,242,0.27636915445327759
277,194,0.26735159754753113
277,590,0.25789034366607666
277,1085,0.25662684440612793
277,1283,0.25634732842445374
277,1194,0.24896140396595001
277,298,0.23956744372844696
277,1253,0.23421742022037506
278,124,0.32978418469429016
278,1690,0.32455414533615112
278,1855,0.32384786009788513
278,1116,0.31224364042282104
278,75,0.30899336934089661
278,1371,0.29625853896141052
278,1546,0.29041069746017456
278,523,0.28433325886726379
278,1725,0.27010524272918701
278,694,0.2649463415145874
278,572,0.25252848863601685
278,1284,0.24879573285579681
278,1096,0.24683910608291626
278,991,0.24262712895870209
278,1389,0.24040834605693817
279,661,0.39778655767440796
279,1665,0.37856164574623108
279,450,0.32759493589401245
279,1362,0.30353942513465881
279,1967,0.29800784587860107
279,1250,0.28822138905525208
279,382,0.2853398323059082
279,212,0.28419032692909241
279,1568,0.2658117413520813
279,1873,0.26541474461555481
279,396,0.2651541531085968
279,415,0.24373859167098999
279,1681,0.23722904920578003
279,681,0.23287764191627502
279,546,0.23121112585067749
280,1075,0.35623383522033691
280,432,0.35334950685501099
280,378,0.35206231474876404
280,1585,0.3483811616897583
280,287,0.3144468367099762
280,1987,0.28611752390861511
280,899,0.2761375904083252
280,1961,0.2710997462272644
280,1312,0.26236468553543091
280,1904,0.25550362467765808
280,57,0.25501278042793274
280,74,0.24536706507205963
280,1926,0.23230463266372681
280,960,0.2276119589805603
280,354,0.22713935375213623
281,1511,0.4806990921497345
281,776,0.39718922972679138
281,1635,0.34870630502700806
281,333,0.28584775328636169
281,922,0.2783978283405304
281,1935,0.27760973572731018
281,1841,0.27642443776130676
281,1091,0.27150771021842957
281,1259,0.26724684238433838
281,1567,0.2591310441493988
281,731,0.25547939538955688
281,1479,0.25231462717056274
281,1663,0.24774084985256195
281,220,0.24584870040416718
281,925,0.24345444142818451
282,1642,0.39294010400772095
282,1478,0.36712688207626343
282,871,0.35620042681694031
282,999,0.34262353181838989
282,327,0.301372230052948
282,1724,0.29851725697517395
282,1676,0.28586128354072571
282,1625,0.28091427683830261
282,1507,0.25928375124931335
282,87,0.25601416826248169
282,769,0.2375490814447403
282,1059,0.23229798674583435
282,299,0.23226788640022278
282,365,0.2296731024980545
282,1839,0.2271859347820282
283,1050,0.45272180438041687
283,988,0.35584825277328491
283,549,0.31366106867790222
283,689,0.30706998705863953
283,1194,0.2942633330821991
283,487,0.28668597340583801
283,779,0.28060486912727356
283,79,0.26638007164001465
283,336,0.26539701223373413
283,720,0.2607342004776001
283,90,0.2605537474155426
283,1273,0.25675782561302185
283,491,0.25419566035270691
283,274,0.25287708640098572
283,397,0.25186470150947571
284,1571,0.40961959958076477
284,1518,0.32118931412696838
284,1061,0.2993815541267395
284,699,0.28136217594146729
284,1002,0.28047692775726318
284,1697,0.28007465600967407
284,653,0.27925032377243042
284,1224,0.27512115240097046
284,1521,0.27385792136192322
284,190,0.27130007743835449
284,904,0.27051845192909241
284,472,0.26921924948692322
284,1198,0.26842746138572693
284,693,0.26838478446006775
284,1577,0.26832637190818787
285,560,0.3858552873134613
285,1531,0.36629807949066162
285,1119,0.35628366470336914
285,1798,0.29008638858795166
285,1680,0.2881062924861908
285,1490,0.27459409832954407
285,151,0.26870176196098328
285,996,0.26550590991973877
285,19,0.26436668634414673
285,257,0.26078107953071594
285,306,0.25667133927345276
285,1622,0.25562500953674316
285,593,0.25551557540893555
285,1062,0.25288134813308716
285,1364,0.25148198008537292
286,1545,0.3966815173625946
286,1063,0.39237862825393677
286,1502,0.35834932327270508
286,1310,0.32681098580360413
286,1918,0.32325145602226257
286,1068,0.27948018908500671
286,1124,0.26966643333435059
286,636,0.26076844334602356
286,1999,0.25977182388305664
286,683,0.24908888339996338
286,1,0.24310915172100067
286,465,0.2379220724105835
286,1807,0.23722171783447266
286,1556,0.23455618321895599
286,652,0.23451055586338043
287,746,0.43080627918243408
287,1004,0.42855989933013916
287,711,0.32742407917976379
287,1630,0.31811681389808655
287,364,0.28850653767585754
287,527,0.28181001543998718
287,1993,0.28148955106735229
287,1425,0.27649793028831482
287,1149,0.25040215253829956
287,702,0.2485480010509491
287,569,0.24841088056564331
287,1488,0.24824407696723938
287,1716,0.24350769817829132
287,588,0.23334828019142151
287,682,0.23202252388000488
288,872,0.35996526479721069
288,1447,0.34065338969230652
288,1211,0.3338969349861145
288,1423,0.32670626044273376
288,116,0.32074934244155884
288,1237,0.29415559768676758
288,1233,0.29003062844276428
288,573,0.28240081667900085
288,387,0.26152452826499939
288,241,0.24875122308731079
288,1027,0.24377080798149109
288,1763,0.24357627332210541
288,1942,0.24228152632713318
288,1909,0.24149332940578461
288,625,0.2368922233581543
289,1834,0.48731637001037598
289,388,0.45447945594787598
289,1332,0.33717063069343567
289,442,0.32958829402923584
289,775,0.32225817441940308
289,444,0.32136541604995728
289,1885,0.27985101938247681
289,1947,0.25671043992042542
289,1666,0.25039005279541016
289,1751,0.23247677087783813
289,1449,0.22853244841098785
289,1416,0.22764389216899872
289,1809,0.22606456279754639
289,1534,0.22235831618309021
289,1277,0.21799153089523315
290,1948,0.33708456158638
290,1279,0.33448499441146851
290,95,0.31632927060127258
290,1392,0.30625364184379578
290,960,0.30290088057518005
290,1456,0.29286539554595947
290,250,0.27724078297615051
290,1732,0.27685508131980896
290,1459,0.27363193035125732
290,552,0.26822912693023682
290,1267,0.25864076614379883
290,302,0.25083407759666443
290,1760,0.25065910816192627
290,324,0.2489904910326004
290,1025,0.2489725649356842
291,1915,0.35383507609367371
291,770,0.32246130704879761
291,1846,0.31930416822433472
291,644,0.30616140365600586
291,11,0.29879108071327209
291,1261,0.29817181825637817
291,230,0.29109257459640503
291,28,0.28453001379966736
291,1015,0.27141070365905762
291,315,0.26893886923789978
291,133,0.2573341429233551
291,1054,0.24868041276931763
291,1939,0.24830004572868347
291,1127,0.24710781872272491
291,1434,0.24460254609584808
292,1600,0.34450161457061768
292,408,0.32493183016777039
292,1907,0.32237488031387329
292,1668,0.30751004815101624
292,928,0.30700838565826416
292,66,0.28379479050636292
292,1847,0.28213980793952942
292,203,0.28135555982589722
292,1610,0.28056728839874268
292,1564,0.27148950099945068
292,1752,0.25811317563056946
292,1990,0.25213941931724548
292,1148,0.24776001274585724
292,1760,0.24540631473064423
292,481,0.24230669438838959
293,482,0.3640521764755249
293,1523,0.32951414585113525
293,1688,0.30799746513366699
293,940,0.30691683292388916
293,793,0.30294942855834961
293,1293,0.29843646287918091
293,1945,0.28388586640357971
293,658,0.28116321563720703
293,1473,0.27454954385757446
293,1599,0.26235026121139526
293,1860,0.26049014925956726
293,1734,0.25751876831054688
293,241,0.24981047213077545
293,1877,0.24608822166919708
293,792,0.2452186644077301
294,795,0.38937270641326904
294,1143,0.38385581970214844
294,407,0.33856940269470215
294,1968,0.30373722314834595
294,748,0.28953373432159424
294,643,0.27444776892662048
294,1828,0.27374976873397827
294,1816,0.26918488740921021
294,782,0.26628938317298889
294,1134,0.26387819647789001
294,1719,0.26052749156951904
294,1332,0.25380805134773254
294,709,0.24634875357151031
294,46,0.24608324468135834
294,1900,0.23687121272087097
295,979,0.42246812582015991
295,1014,0.40767580270767212
295,727,0.33509919047355652
295,1789,0.30000460147857666
295,1902,0.28452944755554199
295,73,0.27734214067459106
295,1649,0.26805692911148071
295,1503,0.26544672250747681
295,729,0.26403269171714783
295,1380,0.25875416398048401
295,35,0.25566616654396057
295,713,0.253480464220047
295,1741,0.24892300367355347
295,364,0.24518051743507385
295,1272,0.24269576370716095
296,1614,0.387553870677948
296,130,0.35367280244827271
296,449,0.33566862344741821
296,279,0.32655167579650879
296,1887,0.29737541079521179
296,840,0.28746005892753601
296,883,0.27503642439842224
296,1955,0.26996448636054993
296,947,0.26888179779052734
296,254,0.26870781183242798
296,589,0.26047083735466003
296,165,0.24950607120990753
296,877,0.24412772059440613
296,1158,0.23775948584079742
296,1329,0.23171162605285645
297,1236,0.46451836824417114
297,1562,0.33874130249023438
297,1798,0.33597293496131897
297,0,0.32565975189208984
297,1699,0.30676862597465515
297,1232,0.2941887378692627
297,973,0.29294368624687195
297,676,0.27689844369888306
297,1505,0.26309317350387573
297,1421,0.25230845808982849
297,610,0.25058615207672119
297,435,0.2501775324344635
297,729,0.24212022125720978
297,1852,0.24106107652187347
297,708,0.23637446761131287
298,531,0.51016169786453247
298,1248,0.41608086228370667
298,177,0.32610264420509338
298,1399,0.30017572641372681
298,444,0.29527249932289124
298,740,0.28984466195106506
298,878,0.2798306941986084
298,1024,0.27331149578094482
298,424,0.26246410608291626
298,1938,0.25768688321113586
298,922,0.25337833166122437
298,58,0.24277238547801971
298,917,0.2391621470451355
298,1496,0.23602645099163055
298,1930,0.2347826361656189
299,157,0.36273196339607239
299,1024,0.34813413023948669
299,402,0.32422494888305664
299,1619,0.32140600681304932
299,208,0.31843966245651245
299,1141,0.31526753306388855
299,910,0.29419818520545959
299,107,0.26914471387863159
299,445,0.262012779712677
299,1093,0.25390326976776123
299,1321,0.24925759434700012
299,1339,0.24875326454639435
299,1342,0.24655500054359436
299,177,0.23161521553993225
299,623,0.22398211061954498
