0,1525,0.36326462877955928
0,1641,0.35176961644577215
0,346,0.34815081256514641
0,329,0.32806374983599679
0,1468,0.31459658666530144
0,539,0.31269878290746911
0,214,0.30184615490311817
0,1486,0.2732714511572753
0,731,0.26513395181794458
0,819,0.25518350331429451
0,1853,0.24579837694063483
0,1440,0.24036489346744042
0,1514,0.23531794934515066
0,712,0.21898914762315647
0,1692,0.21569640439446083
1,1223,0.43191317039864591
1,629,0.38996950080147508
1,85,0.31963242940421344
1,1788,0.29309608319312624
1,1580,0.29042351024764068
1,1498,0.28972346557665229
1,300,0.28381788360087734
1,1618,0.28057711542750929
1,1603,0.26390370278719716
1,45,0.25231919549675969
1,1926,0.25171226788024514
1,311,0.25115984719638551
1,1291,0.25001820719245205
1,820,0.2488674791867049
1,1231,0.24166384597767698
2,1599,0.34778991043335944
2,27,0.34649080797686493
2,26,0.30370392581101985
2,732,0.29195003758418325
2,1932,0.28497168560450536
2,867,0.27944782650410499
2,1324,0.27876892763904371
2,167,0.27726375413361004
2,1523,0.27559234860032222
2,1875,0.26922873432687977
2,1473,0.26819225802410113
2,438,0.26206124460585339
2,1860,0.25914843139773475
2,874,0.25782052102203867
2,116,0.25225801798911412
3,867,0.3651837322210793
3,1598,0.33965957891361503
3,1103,0.33579414018600789
3,1916,0.30377362533524566
3,1005,0.29537374960952278
3,1448,0.2911339537624138
3,1612,0.28680001817385997
3,343,0.27334681194352145
3,77,0.26891025127681628
3,963,0.26123773774741937
3,534,0.25446323513871683
3,613,0.25282881871241086
3,1958,0.25080948047099039
3,1473,0.24766368034312469
3,1001,0.24510047649760724
4,1777,0.41651346027112013
4,278,0.37938506082816936
4,1679,0.37259231044286967
4,1165,0.33504788544721453
4,1762,0.30253673248748025
4,340,0.29604236974870529
4,415,0.27314999002275209
4,766,0.26961500824571993
4,1669,0.2558836912897488
4,1967,0.25378312205943582
4,970,0.25034917467739887
4,1615,0.23121955466794755
4,976,0.22946931780206048
4,801,0.22895758393468862
4,903,0.22885487974082483
5,507,0.42285134988046469
5,441,0.3795314519816344
5,1473,0.33685285536737319
5,1875,0.32668579627263461
5,1782,0.31539716846022375
5,658,0.30497860159995366
5,715,0.29032574162772962
5,874,0.28992286856079191
5,1740,0.25750627816972332
5,657,0.25041934028217638
5,1425,0.24871621303969543
5,26,0.24046600394830561
5,981,0.22531390121870801
5,732,0.22062689291144494
5,277,0.22013956967977477
6,834,0.332137427498085
6,1625,0.2993167952148707
6,1123,0.29627827393908002
6,1157,0.2953930551801669
6,1563,0.29454224038123933
6,876,0.29019595707547091
6,522,0.28405613790603129
6,8,0.28282275665755996
6,1265,0.27761770084390369
6,381,0.26819396352441394
6,901,0.26577631865210483
6,1353,0.26352850837364772
6,836,0.26351774848164089
6,1510,0.2628584736954086
6,1166,0.26278882588289343
7,1265,0.35788825077964886
7,834,0.35563539610058509
7,1123,0.30438437569187232
7,381,0.30282770836281414
7,1608,0.29360993307719563
7,748,0.28822916328457282
7,876,0.28494375188181026
7,901,0.28312507569642736
7,178,0.2699860037990795
7,253,0.26433448432741757
7,643,0.26279431118972513
7,1588,0.25549282103052134
7,709,0.25319245140387608
7,445,0.24607161659504981
7,1794,0.24226833855564195
8,968,0.34466927120116225
8,653,0.32881807533080748
8,1343,0.30222136992265686
8,868,0.29703906219617904
8,1039,0.29321443892182364
8,88,0.28870033969895403
8,1120,0.28845451827411706
8,268,0.28294295460939639
8,873,0.27322611984348066
8,1520,0.27208086665328196
8,37,0.26776209110385296
8,536,0.26639926948703818
8,1702,0.25325881926251731
8,1979,0.25011604799874093
8,1878,0.24264721078212201
9,249,0.42655984486700133
9,1393,0.36395160987276809
9,1900,0.33967925214306421
9,1007,0.3166769571083875
9,742,0.28066964827364294
9,178,0.2763274181614972
9,1123,0.26444079287615635
9,480,0.26412155304426532
9,1506,0.26249218131574292
9,1134,0.26175637414057068
9,1828,0.26155730960599688
9,1349,0.25599333219234405
9,1265,0.25442947585734399
9,1783,0.25272568203043599
9,1674,0.25207701731781545
10,1556,0.47217284870005632
10,1067,0.34675626904858958
10,1068,0.33039590291262494
10,1022,0.31710023079819305
10,1502,0.29522100100195042
10,1283,0.27960523494799866
10,56,0.27671857998935112
10,1918,0.27659967705176386
10,1280,0.27316096487393299
10,779,0.26450750816685364
10,465,0.25991084945643816
10,1273,0.25573623917163968
10,1138,0.24871153836454576
10,1418,0.24519738371549649
10,459,0.23726828986909898
11,1859,0.33245248493733948
11,1078,0.31788648375732453
11,1776,0.31766072171203391
11,1115,0.30870049300015073
11,1748,0.2942952237627009
11,402,0.29056706246010233
11,1444,0.28340253664814591
11,1935,0.28031101475701692
11,1536,0.2728857116741033
11,1653,0.26941635086226823
11,1527,0.26303058913968225
11,924,0.25928487395721161
11,462,0.25647301733832878
11,220,0.25275486831524913
11,547,0.2402198269616076
12,270,0.40565858248485864
12,1801,0.3877015586763885
12,735,0.30520078874769024
12,21,0.30189126009574174
12,184,0.29823205049960211
12,440,0.29281100023366879
12,195,0.28321305595250112
12,1012,0.27161949321656575
12,921,0.26523157305320683
12,1200,0.26448229966030812
12,1276,0.26152104686534061
12,1986,0.25646814930908002
12,599,0.24719903211937083
12,1548,0.23588514812614728
12,1613,0.2354329710271075
13,1503,0.37028380699780988
13,912,0.35971634733016994
13,1909,0.3312611932905376
13,1229,0.30213075569853648
13,1009,0.29492004270856836
13,73,0.2933965145860068
13,1255,0.28528013934173974
13,1678,0.28112291273273521
13,1709,0.27583995546926454
13,1027,0.27262849691507191
13,1199,0.25477031345673901
13,151,0.24866773523587662
13,387,0.2379273585752138
13,306,0.2357004800578843
13,713,0.23352346733123713
14,27,0.36367978088847042
14,1599,0.35737309578279586
14,1149,0.35135961776224284
14,1199,0.33192608331659768
14,732,0.30834260123570795
14,981,0.30171807496859138
14,257,0.28453753002054816
14,1103,0.26599359762699143
14,252,0.25306718639536074
14,711,0.24838248816187061
14,70,0.24488895485618703
14,1425,0.24281805449793989
14,248,0.24054509643162261
14,1441,0.24015386012961315
14,26,0.235778926921692
15,1803,0.33063572756622223
15,312,0.32300390023148379
15,1881,0.31204253392087722
15,163,0.30920879242685689
15,1771,0.30287794951037589
15,1013,0.30002071610732989
15,815,0.28981099072078303
15,536,0.27402182464251357
15,1603,0.26888311320471003
15,1535,0.26749035528652948
15,101,0.26235483750095806
15,45,0.25553387036576469
15,1402,0.2490740823849075
15,714,0.24649016002688745
15,570,0.24607531329355714
16,695,0.35603807783199753
16,343,0.34446887522684533
16,1364,0.32161072909520166
16,134,0.30538173298450788
16,490,0.28918830813877122
16,454,0.28724366446454563
16,391,0.27409479193483255
16,1008,0.26812321077894141
16,26,0.262827067438756
16,366,0.26251420861677949
16,1242,0.2603370938150758
16,708,0.25834914975940615
16,1197,0.25767629547837018
16,1645,0.25755966148841364
16,963,0.25752103460052017
17,1003,0.32122196971734379
17,794,0.31962435130345468
17,637,0.31458970992112772
17,1820,0.30609366467240112
17,950,0.30325704744802573
17,1572,0.29463221481543062
17,1088,0.28552831745596091
17,1746,0.2738453899931792
17,1461,0.271318603828827
17,231,0.26989822237115113
17,344,0.26461391099381065
17,1653,0.26020373553381088
17,377,0.25201659654240371
17,208,0.24859968149393608
17,323,0.24266783261394126
18,513,0.42070191921228739
18,1882,0.39687982848473674
18,219,0.36046915206583052
18,1878,0.31729625410789819
18,699,0.30332185877825707
18,1632,0.29382521107989451
18,1354,0.2878714674853996
18,1533,0.27406746916436753
18,1366,0.26176163131612767
18,725,0.2507662873150584
18,163,0.24008352818256753
18,518,0.23865700292964268
18,1066,0.2285202684371265
18,1644,0.22669209530886311
18,846,0.22667308182716889
19,481,0.42575159462604378
19,1976,0.33360198656844176
19,1127,0.33090903042526548
19,349,0.29553921442377551
19,644,0.28378540710056815
19,1239,0.28336497528851545
19,1198,0.28238975296804897
19,1600,0.27741619715182547
19,1002,0.27106264431256077
19,1015,0.2708364797051418
19,1784,0.26964007677395629
19,133,0.25707781097494953
19,1224,0.25166158365649244
19,1151,0.25002187324378239
19,1907,0.2495894494333982
20,1608,0.47729287894686018
20,1265,0.3848160356971369
20,1123,0.3726118600473064
20,784,0.30395908564316226
20,842,0.28566411850077672
20,1399,0.27144984001559141
20,1692,0.27119700055333529
20,1588,0.26443019509315874
20,669,0.2633826441992515
20,1353,0.25410718074760924
20,1248,0.25375043672689707
20,742,0.2536287271563395
20,164,0.25348587424322311
20,1349,0.23755286563919209
20,1327,0.23684510028142913
21,861,0.34879207633904236
21,1568,0.3454842354063774
21,1069,0.31981810175966713
21,585,0.31572740308182035
21,624,0.31149166022051794
21,681,0.30653895108752788
21,788,0.27933624551941105
21,1867,0.27737828427702504
21,546,0.26727301291314043
21,1980,0.26356918817187175
21,982,0.2559286841912955
21,1457,0.25128717384186083
21,1268,0.24819641075162327
21,1873,0.23247371089171942
21,1067,0.23238443690208901
22,1093,0.44286068165423387
22,1963,0.35685201375744346
22,918,0.33035321303721837
22,1381,0.31754570168447105
22,208,0.28742708408654161
22,1399,0.27776004257790249
22,740,0.27209722538140213
22,177,0.26532579287735031
22,1496,0.26519273973359914
22,769,0.26362818393143228
22,1930,0.25688956520924883
22,1089,0.25687181300144457
22,1248,0.25320219455712623
22,764,0.25212573998775434
22,1024,0.25162865190680872
23,573,0.45019548861504849
23,1447,0.35290435836833506
23,872,0.33849200546781805
23,1978,0.32682983349561384
23,1237,0.30058474193321344
23,1942,0.27570892285142068
23,140,0.26987349922611015
23,1750,0.26653440577526283
23,1211,0.26000331989567965
23,116,0.25692210231826784
23,1199,0.25594644434156549
23,241,0.25380676826423276
23,1004,0.25304994568299594
23,1925,0.25157293027092809
23,1425,0.24465148330634104
24,1769,0.39725580692225071
24,757,0.36734280580184159
24,68,0.35985089526570196
24,88,0.30321809028382024
24,230,0.29797624615346568
24,17,0.29386598796255092
24,786,0.29367297978442414
24,1357,0.27383843905539945
24,1520,0.27013111557512792
24,1420,0.25762769890861387
24,1170,0.25257943662381166
24,190,0.24115462187433279
24,1133,0.23745051060469777
24,1939,0.23111578229422822
24,64,0.2270599406462443
25,303,0.43129146487570713
25,404,0.36117828748101799
25,1027,0.3497946451488968
25,1792,0.33042215042900414
25,1981,0.31707211033566585
25,1197,0.29402615251004288
25,1049,0.27494841105663903
25,335,0.27247577461958394
25,1709,0.26566162012089412
25,1763,0.26485858658678318
25,1126,0.24554684453415715
25,1542,0.24022093620950771
25,981,0.2370531551425899
25,1897,0.22761396173274787
25,239,0.22601730404709811
26,432,0.31701638474984745
26,899,0.3019750699945648
26,944,0.29515623796346718
26,1075,0.29131136718772754
26,1406,0.28801162526469448
26,1618,0.28728274613954558
26,1483,0.28411925615626527
26,1291,0.2781225345663173
26,1987,0.27690049892261004
26,1395,0.27535853727486437
26,1048,0.27003906447364073
26,1368,0.26731974794820262
26,1543,0.26428167729200908
26,287,0.26393659188104129
26,448,0.26307106211888465
27,1798,0.39071301192069519
27,996,0.37374004601777988
27,708,0.32187610057521104
27,534,0.30767849401729119
27,86,0.30583956618917008
27,1242,0.30487409400696092
27,676,0.30140336285483149
27,205,0.2824831338552406
27,151,0.26208274846314489
27,1814,0.2591749545983642
27,1633,0.25412826652385162
27,1758,0.24836204378376756
27,1645,0.23527680743364043
27,0,0.2256967972170463
27,1929,0.22427015500128286
28,1528,0.33273075254843942
28,880,0.32028672573306444
28,118,0.31956352675441513
28,1831,0.31252169857717838
28,56,0.29917617600874546
28,690,0.29114065977609516
28,801,0.29087762992093424
28,1418,0.27545655594030583
28,298,0.26981806295256316
28,970,0.26351259011973649
28,491,0.25925766289764157
28,233,0.25690343031620094
28,716,0.25610784105429912
28,1186,0.25213119972299036
28,1374,0.24013485470493648
29,1001,0.35791061647891753
29,138,0.34257817428075449
29,551,0.34044249584037301
29,135,0.30765859829652897
29,676,0.28340241498455471
29,1597,0.28212023409188702
29,534,0.27497765880109959
29,1241,0.27496220214330153
29,159,0.26794532036232616
29,1173,0.26555290576663187
29,174,0.25990766185884706
29,912,0.25450493825985943
29,949,0.25419714786544445
29,1742,0.25101139299575803
29,1539,0.2476383627677182
30,1733,0.32403182965108784
30,1751,0.32184829701905332
30,1935,0.3211390879316956
30,402,0.3112031587700449
30,1467,0.30771349929919772
30,623,0.29195807782986916
30,1136,0.27590132747687823
30,1115,0.27265926567921805
30,1653,0.2706953661249194
30,878,0.26319506449629926
30,1444,0.25827058380865803
30,692,0.25693458941746411
30,370,0.25393545463848788
30,333,0.25272603581949149
30,1748,0.24870256827596227
31,320,0.36747003280608842
31,1334,0.33203635217910588
31,295,0.31042656417732284
31,1742,0.30742563373317228
31,134,0.29159399155627963
31,1499,0.29046584765685524
31,277,0.27632039553034371
31,796,0.27629905890199763
31,425,0.27098361536045923
31,511,0.27026471611926622
31,534,0.26814729272675047
31,1898,0.26169599923383841
31,181,0.25188605911561279
31,15,0.25142433473428977
31,205,0.24791473023810123
32,485,0.46122559059172974
32,723,0.36798138212294762
32,1318,0.30161382564275557
32,9,0.30113636210712735
32,1901,0.29773425782018065
32,255,0.29015615673495027
32,179,0.27899170546619195
32,772,0.27833051703132089
32,1822,0.26786564520778183
32,1669,0.25667080465640485
32,1191,0.25659311970574789
32,1944,0.25585421430159494
32,1586,0.2525468755797764
32,1006,0.25215526475262157
32,997,0.24925878297953016
33,1339,0.33226615287170497
33,1342,0.33172617820214262
33,1319,0.32623499537601358
33,91,0.31111084071827177
33,1277,0.30852909197660799
33,1619,0.30641957876968751
33,674,0.2897402618478217
33,1304,0.2760777563933216
33,721,0.27531511486604765
33,476,0.26960455438237141
33,157,0.26146122643275721
33,1549,0.2441756228076834
33,1890,0.23911117109516827
33,1292,0.23621965339332268
33,1804,0.23115484927669611
34,898,0.39250976628687706
34,930,0.33680960583217329
34,1408,0.3267359303711837
34,1248,0.31298626013550851
34,1381,0.30504197919030868
34,25,0.28624672073841939
34,531,0.26635843048387575
34,1306,0.26437442492399515
34,379,0.26210859494747973
34,1635,0.26150208317749707
34,1234,0.25964130298201793
34,731,0.25902248258356775
34,1327,0.25763484207468101
34,1893,0.25467027653888974
34,1841,0.25375197381979392
35,1355,0.48667379146422612
35,1865,0.34322362340227275
35,820,0.3170935479098862
35,899,0.30105783514292261
35,102,0.29943742075848589
35,1971,0.29453005108600794
35,1543,0.29382327532556451
35,755,0.28572584236008314
35,944,0.2748328002953338
35,258,0.2658870590745131
35,728,0.26321665772184777
35,99,0.24366611947792538
35,23,0.24256603437004814
35,1231,0.24177885163147006
35,1988,0.24004887874665762
36,1725,0.57215948634354519
36,523,0.47989670279757257
36,1855,0.33575238190642726
36,340,0.32092459761178216
36,62,0.30607010367537207
36,1829,0.28650463364881373
36,1116,0.26740421569137796
36,976,0.26554770254051469
36,1665,0.25105877042512059
36,1546,0.25076046956875003
36,1681,0.24093236095651344
36,1651,0.23914182886979238
36,415,0.23730731624726362
36,1777,0.21397180855127465
36,1219,0.21161673925490979
37,468,0.45793227480898896
37,996,0.33938317965589693
37,578,0.32017012489270108
37,1929,0.31336365092465357
37,26,0.28208767755505471
37,777,0.274270398989228
37,257,0.27280832536292587
37,796,0.27270199807719198
37,534,0.27084304841262702
37,205,0.26976804286079409
37,1682,0.26915337602011274
37,167,0.26409488409765675
37,665,0.25987444820429456
37,949,0.2578531078212063
37,383,0.24051657338583879
38,551,0.36342395181457932
38,949,0.36257837109685098
38,1481,0.3518456580000624
38,468,0.34667783189331919
38,534,0.30031730243625548
38,1018,0.28698580372789295
38,1173,0.26488234413224226
38,796,0.26361710704589192
38,1271,0.25659669482249131
38,574,0.25628746792634771
38,1415,0.24960984911785322
38,1539,0.24405414578171084
38,205,0.24253183263851052
38,59,0.24137127462190902
38,167,0.23953585687020829
39,669,0.36214914437544854
39,871,0.35287385334325694
39,1323,0.33269901456595352
39,1588,0.31205621032516029
39,1399,0.3023316842306244
39,784,0.28193477632823594
39,148,0.28190132875985713
39,157,0.26806780655426704
39,1352,0.26030587193717269
39,1890,0.2585317298024401
39,1608,0.25593046149821541
39,1218,0.25348256040931311
39,1642,0.25323533562006284
39,365,0.24941897125486348
39,1265,0.24412152393683034
40,831,0.38972891368584328
40,310,0.32803489003787872
40,783,0.29840029721680406
40,254,0.29639351010251785
40,345,0.29028100379388466
40,1193,0.27860412162941167
40,219,0.27597062852150761
40,408,0.27434859427301361
40,1305,0.27303332676445563
40,477,0.27195170127919749
40,562,0.27107068795877426
40,944,0.26611655859516381
40,1383,0.26213625378655286
40,1329,0.26055432347849561
40,1817,0.25999002522888259
41,1822,0.36055735246195897
41,1436,0.34122843510118633
41,603,0.33385781138147086
41,1607,0.30107106503997727
41,195,0.29940277800629894
41,599,0.29133742779084948
41,89,0.27678692586567
41,485,0.27664113915265898
41,1944,0.26887044101965535
41,179,0.26786486465393228
41,735,0.25667286741685252
41,832,0.25443325278553597
41,772,0.2500716431862457
41,1214,0.24515211728101985
41,1671,0.24350503072565247
42,1660,0.38758478637415755
42,791,0.34755157454666907
42,1096,0.33510948490950654
42,1879,0.32773872229139389
42,1651,0.30983127008852135
42,1080,0.28856211780766911
42,1378,0.28118158266732296
42,1552,0.27006000661692509
42,1219,0.26640708182617023
42,1681,0.25627358584029064
42,62,0.24920331011950622
42,1184,0.24855606960134036
42,523,0.24708315882599757
42,1725,0.24025276007277838
42,525,0.23907416554091337
43,976,0.33886448121346902
43,800,0.31950920962243301
43,106,0.31669304118138125
43,1725,0.30157279052619812
43,340,0.30117490530872953
43,1777,0.28787953590281806
43,1122,0.28584293151531631
43,415,0.28067439339648015
43,1303,0.27790773935535845
43,1104,0.27632264985587268
43,1829,0.27415117995751143
43,62,0.25742268854013195
43,160,0.24849222694989467
43,1584,0.24193572814487357
43,1116,0.23730960650189503
44,1172,0.40263784554358789
44,1512,0.36502504896417304
44,107,0.34936413917274245
44,780,0.31455772984527197
44,1212,0.30020928701011684
44,1674,0.27208516690605145
44,1449,0.26944125288963838
44,1140,0.26748793153153178
44,178,0.26677198661890805
44,1201,0.26011669250240499
44,346,0.25718481433200846
44,950,0.25007987592265424
44,1820,0.2467125968563664
44,1270,0.24406186262398516
44,157,0.24378335725469358
45,1941,0.31601345403806402
45,589,0.30378411457568688
45,1752,0.29529569477547474
45,1209,0.29521846285483039
45,1647,0.28677802879992853
45,1101,0.28580322067511432
45,430,0.28401925205162171
45,635,0.28142352632728701
45,947,0.27630577397698625
45,449,0.27407566022094382
45,840,0.26935471347138429
45,1610,0.26792179407501437
45,1245,0.26431370291012313
45,1972,0.26266166406586683
45,165,0.25993363197097896
46,1165,0.37399883609825346
46,1200,0.31908975357936059
46,189,0.30892720800960805
46,1276,0.30520805204672607
46,195,0.29495327956939754
46,1967,0.2791537303246216
46,735,0.27850308104817317
46,1669,0.27696945961421354
46,212,0.27271863498337201
46,1396,0.27177021694500997
46,450,0.26556578012059823
46,1012,0.26359101097413967
46,184,0.26214228455769495
46,440,0.2572771433433591
46,962,0.25101497324751076
47,363,0.36179592982733527
47,1337,0.35092646871619954
47,564,0.31389437422281935
47,280,0.30850117936197985
47,873,0.29833310117990475
47,743,0.29492299828614948
47,739,0.27953329314724584
47,66,0.27279367208645039
47,55,0.26760418830684346
47,968,0.26232263628148939
47,1015,0.25617558578398564
47,349,0.25367852579016548
47,158,0.25178676188771471
47,1979,0.24921418204623449
47,1760,0.24719656129740139
48,1340,0.36133314101060371
48,409,0.29865774933351963
48,1994,0.29862209994891858
48,699,0.29738409359420148
48,1354,0.28928895973045671
48,1402,0.28385516353202672
48,1204,0.28121254827638126
48,580,0.28103131387042296
48,1013,0.28059951357880186
48,1533,0.27916960095823012
48,1771,0.26669838696219822
48,312,0.26515019560747288
48,1620,0.26325838160465709
48,1537,0.26113349706727096
48,219,0.26082848739549136
49,1124,0.34959802714278648
49,1928,0.33438228573486206
49,503,0.29669094577820304
49,684,0.29492440979852291
49,1999,0.28587445638461684
49,1793,0.28582517711232969
49,1735,0.28023181482051823
49,62,0.27679636777947109
49,1651,0.27039151974981579
49,1462,0.26975550966178186
49,1107,0.26744658528148124
49,1673,0.26342400033275987
49,1122,0.26208712818728086
49,1906,0.25956963899885543
49,1191,0.25948376233665277
50,1068,0.39160382117835285
50,549,0.3279493860597133
50,1260,0.30373872435859661
50,779,0.29977392376010992
50,1067,0.29309562681593893
50,1502,0.28310158206211578
50,368,0.27973151225802573
50,105,0.27745715921391201
50,1936,0.27248423469240562
50,274,0.27124364322739958
50,1883,0.26274781639295341
50,375,0.25988198668373041
50,931,0.25896166485777883
50,994,0.25841182444847594
50,1715,0.25831260601335532
51,605,0.38649424533403909
51,1561,0.35551165475829893
51,1178,0.32382507402712468
51,773,0.31506348414317059
51,252,0.28979705559503321
51,1504,0.28352496771659391
51,593,0.27708215569057332
51,579,0.27034848667236222
51,1680,0.26902716474853483
51,418,0.25984064957794001
51,1083,0.25857483994024022
51,1981,0.25331354266844602
51,1174,0.25276155981283832
51,1388,0.2493070628779063
51,745,0.24891295030960886
52,1648,0.42568570389373062
52,420,0.35355204199614393
52,1539,0.32407667612945251
52,1036,0.31292765929014987
52,973,0.2961884497426604
52,1952,0.28958856533564681
52,174,0.26851797919034054
52,1001,0.26714761933037556
52,1617,0.26525697328770015
52,131,0.26275413243875922
52,135,0.26158695957245681
52,1633,0.25623291480805027
52,1008,0.25304724779361504
52,1390,0.24949882753213329
52,1688,0.24651178214429273
53,1559,0.56079461449877699
53,8,0.46638570945199403
53,951,0.34015895323323359
53,1265,0.29585722529043013
53,137,0.28236735063534696
53,1033,0.27689991931527752
53,1182,0.26746280066228029
53,200,0.25460109657579871
53,58,0.25396082556251426
53,1007,0.25010209001768369
53,1839,0.24753421226774469
53,1123,0.24701696871526849
53,1534,0.24316123262448655
53,722,0.24241130887281664
53,444,0.2389721222358368
54,1623,0.44148128431624761
54,1629,0.35788384548019775
54,320,0.31238584789049223
54,1499,0.31006676350585122
54,366,0.29981469145558265
54,1334,0.29712173188467633
54,391,0.27989854157019761
54,847,0.27821470580695684
54,1326,0.2635061417289547
54,1211,0.26144488573961239
54,1412,0.25778419889374293
54,1925,0.24880821469973793
54,1199,0.24817771859690588
54,701,0.24671061646403697
54,295,0.24507453580806801
55,1108,0.40275148822013423
55,1782,0.345222263707752
55,996,0.31096890135652666
55,906,0.30083907619464123
55,1778,0.30005931890141113
55,441,0.29771556929667031
55,458,0.29154961526324363
55,1473,0.27726081935300168
55,1875,0.2767214573566581
55,1633,0.26177856767953006
55,507,0.26031101649137223
55,131,0.25400506827154434
55,1952,0.24727818453708986
55,19,0.24387511725355709
55,708,0.23930600487691428
56,1035,0.41808310201495252
56,994,0.40110954249661718
56,1275,0.3394704860309723
56,931,0.32847157568971463
56,997,0.32232780794748983
56,956,0.31377106074517119
56,1181,0.28441803168039137
56,524,0.25371238463175672
56,953,0.24823834270425482
56,195,0.24499284197693516
56,233,0.24065200510711676
56,1944,0.23798833974374817
56,577,0.23581482718254143
56,1628,0.22995707551925518
56,207,0.22596107944886618
57,1347,0.47261858821018038
57,1458,0.42253430238957623
57,1032,0.35824467008344552
57,746,0.35806908337478394
57,1689,0.27162935120197357
57,527,0.26699068236578688
57,891,0.26264645417065485
57,151,0.26261804183526627
57,452,0.25344990677525814
57,980,0.24937180936124537
57,1929,0.24588546903710767
57,796,0.24459136681234103
57,248,0.24400338434785451
57,410,0.23482553499841763
57,1630,0.23203253763055703
58,1763,0.32384229514418539
58,303,0.3199287050000994
58,1324,0.3067309683404783
58,1126,0.30347700648939407
58,793,0.3013053821622772
58,1293,0.29301254026044338
58,1978,0.28894543682162738
58,1027,0.28139101108245845
58,1877,0.2750826906795738
58,1197,0.26937689080219102
58,239,0.2693079539853887
58,573,0.25453904643960412
58,940,0.2531966621189351
58,1211,0.24643036719126554
58,335,0.24416645007531121
59,1359,0.53530119196724579
59,1923,0.37068336898252308
59,998,0.34648128086057944
59,313,0.3041273171400769
59,431,0.28907150737250448
59,108,0.28743456869910922
59,1933,0.28146767759098296
59,1535,0.26387264461366572
59,536,0.26386166132934386
59,1603,0.2579819762930784
59,1961,0.25300757501356241
59,44,0.25015827235667348
59,785,0.24908764438665179
59,1706,0.24696632735840449
59,74,0.24268750928336827
60,311,0.41942095000117757
60,1370,0.41439631386221004
60,1580,0.35910512518563015
60,45,0.29856036397417773
60,101,0.28614783946884714
60,763,0.27741020565415292
60,594,0.26954176160482624
60,464,0.26870729728314019
60,1624,0.26627731514097897
60,946,0.25658460821769641
60,1048,0.25196368001390146
60,74,0.24668035344128095
60,1803,0.24307019148537828
60,955,0.2347682615266862
60,983,0.23368156719163546
61,824,0.35149882677535937
61,1895,0.34623891759775433
61,1417,0.33901310284852404
61,1145,0.32149394559027927
61,1382,0.29596921224853923
61,1198,0.29298580156488419
61,1132,0.29001932270356084
61,85,0.2681737845683021
61,1800,0.2600764932034641
61,1365,0.25419667122261758
61,1144,0.25258886417929866
61,1698,0.24963660812759336
61,133,0.24856827170839893
61,1239,0.24653189531800626
61,1739,0.24139438680227726
62,709,0.34869770074102413
62,1693,0.3319461832866567
62,1416,0.32498878976241019
62,1828,0.31008835308164889
62,388,0.30524980469032093
62,780,0.29926018101287721
62,442,0.28034194684789759
62,748,0.26961753311920766
62,1332,0.26670597596362222
62,1934,0.26362481267006943
62,1863,0.25832072079445662
62,178,0.25776963942279291
62,141,0.25629994200391598
62,643,0.24458948707310318
62,13,0.23808976809846991
63,1172,0.41532236571285486
63,1512,0.38345836959048146
63,1212,0.31565141272227465
63,346,0.31079547643870425
63,107,0.30191416225148776
63,894,0.28397152353407795
63,424,0.27643228488439914
63,1435,0.27173719559134774
63,950,0.26934830534326626
63,1768,0.25357608640527302
63,1140,0.25175219454993669
63,1270,0.2499062486766381
63,539,0.24803117329792829
63,1339,0.24672329103387822
63,377,0.24359060168370938
64,381,0.34801916604878053
64,547,0.34567459486264196
64,632,0.33633273011706283
64,922,0.2908137229135892
64,53,0.29077066078160102
64,402,0.28752077111153135
64,220,0.28333397422931944
64,740,0.27222288659703658
64,1157,0.27173222458076601
64,1433,0.25983564972298623
64,253,0.25930466418114528
64,1743,0.25607400994550056
64,379,0.25527483503668713
64,161,0.24965673111029099
64,638,0.24833414538308304
65,367,0.44719448210986285
65,693,0.37681333843443215
65,1329,0.37298525255134224
65,1891,0.29415867510421267
65,412,0.28807288094606487
65,1697,0.28025745448170519
65,1913,0.27683648977238545
65,1914,0.26334188533525571
65,1483,0.26253015663607343
65,575,0.26048327523235748
65,64,0.25495638156567857
65,1971,0.25004315291533941
65,589,0.24805156743262999
65,304,0.24015815973735172
65,1887,0.23820259659002602
66,1845,0.39678829971437518
66,844,0.36617776257697499
66,368,0.35588099423028646
66,954,0.35213536784271432
66,1162,0.33533168659307405
66,620,0.32260137072168504
66,1117,0.27227255953236884
66,1460,0.24865417019223851
66,1283,0.24315038106116513
66,1795,0.24074281814007409
66,1129,0.23767969643371833
66,942,0.2375314523663592
66,1652,0.23682489497413825
66,1147,0.23491918889196234
66,31,0.22297940842392652
67,855,0.45405878370015168
67,582,0.37550682170835481
67,16,0.36383845837279322
67,711,0.34238567879449983
67,646,0.32567441069273995
67,496,0.30559649956566109
67,978,0.29930790136217694
67,569,0.26050019718838519
67,364,0.24877519022308059
67,916,0.24134351711344681
67,1065,0.23765839574435854
67,186,0.23325952736853223
67,1981,0.22820694737997899
67,303,0.224392426046265
67,657,0.22044301642797329
68,157,0.33379459703861369
68,285,0.31385521101091018
68,1468,0.30722296951557176
68,329,0.29696620847226829
68,1731,0.28785604527490366
68,969,0.28701140481167142
68,539,0.28401989440048581
68,220,0.28244810720303554
68,1635,0.27634062997005543
68,1525,0.27353838553016829
68,333,0.27058625957683785
68,1234,0.25926691840940003
68,1935,0.25884418280718757
68,1853,0.2567320041538918
68,1641,0.25220507962691008
69,165,0.51749833294799874
69,840,0.38577267677026111
69,1243,0.36688620919724757
69,1600,0.33734239375925529
69,1610,0.29029944946955644
69,1976,0.27664221286230595
69,883,0.27223931976807059
69,1127,0.26350750176421112
69,1148,0.2562791270193272
69,1752,0.25441194030264691
69,1308,0.25097799586848962
69,808,0.24254913657992164
69,203,0.24057148669258377
69,1564,0.23903357055882701
69,1151,0.23037583875846318
70,532,0.42838535165526648
70,1448,0.38046358437477179
70,93,0.34450875186648927
70,981,0.32533145049987722
70,1599,0.31131179410250021
70,1149,0.30368133521788798
70,732,0.2809077280866053
70,252,0.27450806316409021
70,1598,0.26615795552477228
70,1451,0.25447557667425302
70,1475,0.24380938083833234
70,613,0.24310768281294426
70,468,0.228858278051907
70,1345,0.22710225521394747
70,875,0.2226681795000473
71,1218,0.4363789017089042
71,918,0.36950067648374751
71,1352,0.36513069425175521
71,1043,0.30748565415536311
71,1100,0.29872122428752068
71,402,0.29151466422539657
71,157,0.28583588648817282
71,1619,0.2815202990560467
71,712,0.27976999341845216
71,1339,0.27109556366739412
71,769,0.25062362816878486
71,146,0.22858806419734343
71,601,0.22832003693139671
71,892,0.22460423260280224
71,1323,0.22418766011106944
72,627,0.435038596884746
72,1475,0.37153440291121759
72,260,0.35184731282014964
72,1009,0.29111256636928623
72,70,0.28661296084236243
72,605,0.28368082759847718
72,394,0.27263236900380083
72,1083,0.26899003795724946
72,1005,0.26391105265916143
72,93,0.25917581090023301
72,1437,0.25917139114252663
72,418,0.2551451112698862
72,73,0.25072208453824163
72,252,0.24813161205249715
72,713,0.24421660033309486
73,894,0.36538007301531411
73,1349,0.31375422484942689
73,1772,0.31197678062585987
73,1970,0.30725817731183946
73,842,0.3069660262718053
73,1093,0.29786649966940709
73,1608,0.29472435683158765
73,1140,0.28146096725090292
73,1339,0.26498968283656615
73,1919,0.26379430096098022
73,742,0.25934118034586745
73,764,0.25472352368149742
73,1201,0.25317248534682524
73,51,0.2497855993285483
73,1399,0.24708639915595948
74,187,0.37627406882182035
74,1842,0.36261122616569647
74,875,0.33555250126048414
74,1237,0.33505764356016704
74,980,0.3040553419705595
74,1836,0.28575597455351198
74,964,0.28385139648986646
74,702,0.28064069896410226
74,573,0.27096092402579952
74,387,0.2486989901242681
74,176,0.24857565251252536
74,1425,0.24568340619647916
74,1018,0.24237915392336892
74,1630,0.23484052194615046
74,790,0.22822004012828409
75,128,0.40517548100078971
75,1000,0.34978859560954129
75,1262,0.34042867704478119
75,1081,0.33542044357266998
75,1995,0.30873537664734241
75,1356,0.30036839325506648
75,1548,0.27133683053666774
75,1825,0.26154472954624708
75,1721,0.25748208995855998
75,359,0.25096629123293085
75,1385,0.24733882326809148
75,1634,0.24724440992511051
75,294,0.24612778125541093
75,841,0.24591153319204914
75,1696,0.24419238521736705
76,714,0.45803014911836504
76,300,0.39823348528787389
76,885,0.39379617516622212
76,1346,0.36586578657598701
76,1428,0.31992680674142543
76,1231,0.29499057724238087
76,1732,0.26997711158861737
76,265,0.26524526610061799
76,210,0.24141703803756917
76,1788,0.23969572910543685
76,1370,0.23957293563331972
76,815,0.22478345627249036
76,275,0.22259564709597038
76,1406,0.21726265542703851
76,1603,0.21352712463193235
77,1200,0.37174415079718004
77,337,0.3016267949479049
77,155,0.29843237866476124
77,1787,0.29531384029428048
77,223,0.28629743255271806
77,369,0.28098419812778136
77,615,0.28014781515876314
77,962,0.2800161349368353
77,1348,0.27756766811169342
77,440,0.27739462640719315
77,1586,0.27589543057341576
77,550,0.27275308133948478
77,1690,0.26318090690628609
77,572,0.25911029901154198
77,1276,0.25816203048592068
78,374,0.48760240570147395
78,1907,0.41101806270834679
78,868,0.33420162056473224
78,968,0.32631811886334339
78,653,0.30026349525879331
78,873,0.27780042076789851
78,1577,0.27715989437289373
78,1206,0.27396077117668161
78,1745,0.26026473939596495
78,799,0.24731826720268044
78,349,0.24408074008039055
78,1717,0.24269143910124091
78,1972,0.24216742579513514
78,904,0.23704699444369476
78,1847,0.2325942422529316
79,1329,0.33944231743999886
79,1193,0.32454318503250357
79,1305,0.32390076628084963
79,1817,0.30798357353073302
79,673,0.29736541164922492
79,594,0.27683777609829785
79,1812,0.27441935107739007
79,310,0.27175655339286048
79,1366,0.26906354387909293
79,1914,0.26560949963522928
79,820,0.26527724059661817
79,345,0.26382237054844093
79,705,0.2564795767678385
79,64,0.25615898938788961
79,477,0.2536760499134818
80,1927,0.34483061951627331
80,297,0.31641686700937016
80,281,0.31329177003307551
80,1037,0.30720800145451127
80,67,0.29938167964109968
80,1405,0.2822296242397978
80,1169,0.27603697554100248
80,849,0.26960498524781823
80,641,0.26748168017978724
80,1605,0.26571660600151153
80,1664,0.26355122157442157
80,628,0.26280744050343369
80,829,0.26201156846156587
80,780,0.26106276068932144
80,261,0.26009013223415151
81,831,0.32832232857322113
81,319,0.31696347832514815
81,430,0.3106089140853685
81,1771,0.30499866441389689
81,449,0.29972155693502595
81,584,0.29877604769260457
81,1785,0.28233036316739163
81,1340,0.27670409924611555
81,1101,0.27199966815763904
81,1243,0.27042215879573828
81,589,0.26595790428044935
81,1564,0.2644950290225857
81,477,0.25146722765934854
81,1884,0.24810164964244211
81,165,0.24435324389958615
82,722,0.37820442214529887
82,1534,0.33002706620757871
82,342,0.31724125446724233
82,1183,0.31432753594509161
82,253,0.3088605228471894
82,748,0.30765055686718445
82,238,0.27234812707553679
82,547,0.26806530394909756
82,1687,0.26432888227052209
82,643,0.25941497341109632
82,922,0.25596821395260344
82,1136,0.25558097063006707
82,771,0.25437405173003985
82,1467,0.25151035335629784
82,188,0.24718864124772641
83,1268,0.348934986805573
83,664,0.34702137139401218
83,1094,0.31321100570156796
83,501,0.30049831717688424
83,1226,0.29954848894184699
83,1829,0.29389788022118746
83,1208,0.28658094345485002
83,455,0.2789193036925296
83,1213,0.27387407253245238
83,1295,0.25852033096634586
83,1967,0.25806107386797417
83,1453,0.2580481399145893
83,1541,0.24970126803689952
83,1452,0.24803145201676732
83,1912,0.2409775089369483
84,1390,0.44447724588645171
84,1617,0.33607155424050833
84,288,0.31893088586285534
84,1958,0.30752596547653005
84,277,0.29643029822464795
84,15,0.29369521665608556
84,295,0.28981775398586951
84,811,0.27520175513226541
84,1989,0.26147902895645181
84,1699,0.26039146797203683
84,973,0.25908244747084003
84,391,0.25427587218022002
84,325,0.25221371268501486
84,1638,0.25202901488090368
84,425,0.24974865277825795
85,1449,0.37411997308128286
85,608,0.37113989812022785
85,516,0.33583238889829409
85,1238,0.31266488646035273
85,1431,0.29688154207644996
85,894,0.28124192482455446
85,1666,0.27902068910735744
85,905,0.27422932729889243
85,722,0.27006840755517747
85,1277,0.25447521153815555
85,148,0.25245563958320622
85,687,0.2495197064757875
85,1824,0.24837985368459384
85,1534,0.24404990312723435
85,1265,0.2369336676223868
86,1054,0.34982848723128424
86,492,0.31844645679946898
86,7,0.3130952114858665
86,1708,0.30064650992076908
86,28,0.28853977011452314
86,1456,0.28851866500320245
86,448,0.28449797074543687
86,290,0.28229557501122227
86,136,0.28203277208450139
86,1656,0.26601774604589357
86,432,0.26428551463294359
86,467,0.26014863332134663
86,1915,0.25969808530858607
86,1917,0.25004258403841967
86,1957,0.24863210611372746
87,855,0.41568897506747848
87,303,0.38180437335293793
87,756,0.34451518353745059
87,1981,0.30784349269027045
87,593,0.30368726994951217
87,496,0.30258284195915036
87,579,0.26102882491635954
87,16,0.25902340752536651
87,1792,0.25862356624515265
87,680,0.25610124885673563
87,605,0.25050783163797741
87,1324,0.24930424781949181
87,217,0.24869269385656495
87,1680,0.24299249697357872
87,916,0.24019156126736069
88,1529,0.43646756237404205
88,1088,0.3923658026351548
88,177,0.32407004538795836
88,1277,0.31879378407726938
88,463,0.31417138241028608
88,436,0.30617857921433711
88,645,0.27640620699456292
88,878,0.26852201569730366
88,721,0.26482530356948869
88,1319,0.26208131274986213
88,1444,0.24320832245714299
88,1619,0.24190933005202031
88,416,0.24093730896802926
88,1890,0.22791904061118579
88,1304,0.22550602827086411
89,1772,0.34640199569423119
89,890,0.3307918373294696
89,231,0.30411671323400991
89,377,0.28912966481899993
89,641,0.28488492005469845
89,1003,0.27734515174502911
89,208,0.27647193173151691
89,919,0.27587539276772033
89,765,0.2712543363791749
89,1404,0.2690626506934013
89,1905,0.26872753417263212
89,710,0.26828629329227976
89,67,0.26639143030199991
89,1311,0.26412354207320604
89,637,0.26042954451626393
90,1421,0.45249365674371528
90,59,0.40589183671541151
90,1011,0.37799122494905879
90,586,0.28376979859437135
90,1682,0.28013578218568352
90,527,0.27959002380621817
90,1271,0.26691441126385856
90,790,0.26668925798949467
90,498,0.26110004475641962
90,1451,0.2604052243386451
90,676,0.25178117631473218
90,875,0.24725295265906258
90,1842,0.24368439691340762
90,484,0.241363303473251
90,1836,0.24031624345927974
91,903,0.34037363148139049
91,22,0.32212511204883731
91,845,0.3116457848204407
91,1194,0.31134455168642639
91,970,0.30273593028687923
91,1984,0.29848219726038022
91,505,0.27583072318378632
91,1802,0.27172912281807698
91,106,0.27130305281767292
91,52,0.25890733706160568
91,690,0.2587889935311547
91,615,0.25848851088477093
91,1659,0.25698651459079896
91,274,0.25614949530993841
91,1787,0.25237180095519429
92,1768,0.35540943310386219
92,571,0.34193036112860931
92,473,0.3297110994423888
92,1730,0.28764327731335582
92,1016,0.28382512417627326
92,519,0.28088968772285688
92,51,0.28081412266368294
92,892,0.27580748568106889
92,1212,0.27129999443946651
92,884,0.26279880202597211
92,211,0.26202811734450682
92,920,0.25951003989417165
92,478,0.25900263455759975
92,1033,0.25636664972512946
92,1943,0.25526074652590813
93,706,0.41013601087036755
93,884,0.38685303653646019
93,892,0.34515377151641646
93,1043,0.31202858839521036
93,1435,0.29805215612662034
93,42,0.27816456397890527
93,1249,0.27035760159401795
93,1222,0.26682637826086697
93,103,0.26492853599453936
93,1323,0.26146596287722818
93,1794,0.24691826929382185
93,1619,0.24521650993653998
93,291,0.24510424786119883
93,918,0.24331541102261253
93,161,0.24249894853106119
94,156,0.33531800222921587
94,150,0.31870356080058715
94,49,0.30855724768299847
94,1085,0.29917322535340152
94,1912,0.28504951600905737
94,1937,0.283018695632274
94,956,0.28111466050913952
94,577,0.27152993782826912
94,273,0.27112491674353223
94,671,0.26893854169272069
94,399,0.26738678381824421
94,1333,0.26611889990306559
94,356,0.26473078905747749
94,524,0.2618605741654228
94,843,0.25958766926197485
95,171,0.36000434502276507
95,1309,0.35299962286662812
95,1046,0.33402921905527527
95,199,0.31870961545747467
95,163,0.31118599302964184
95,1041,0.30805974661923285
95,1070,0.29260891816744417
95,409,0.27427112082543409
95,405,0.26932009264825318
95,65,0.25978489562222806
95,688,0.24596359715889854
95,1042,0.24010679989885261
95,1871,0.23918028005794964
95,1892,0.23664591622882705
95,1620,0.22402563578370324
96,1581,0.3977039088771806
96,1602,0.36959056558972542
96,1484,0.36373208836782361
96,966,0.3264436066534841
96,1786,0.31928726699440491
96,880,0.29528203584595342
96,766,0.26687862075972602
96,856,0.26169822369768608
96,828,0.25477450680837899
96,1548,0.25092594683006386
96,1721,0.24483452927614824
96,255,0.24015066632423071
96,1191,0.23922859318513578
96,716,0.23837444500414032
96,294,0.23568546454163083
97,1721,0.34169625433641065
97,1786,0.33732060937799752
97,1548,0.31206890775232127
97,1581,0.31079811127111623
97,1713,0.2913658775216732
97,1188,0.28735231204129963
97,270,0.28167417672655615
97,992,0.2777794302306042
97,294,0.27700167415890098
97,1356,0.27112850433085861
97,957,0.26452241304536034
97,204,0.25917093856549173
97,921,0.25186783820057113
97,1546,0.24521806117270803
97,1639,0.23962515689707728
98,814,0.4189165480784019
98,625,0.34424282316452837
98,116,0.32739437749867872
98,749,0.3249712757250014
98,984,0.28923398297896979
98,1211,0.27328803670553814
98,1763,0.270411127969373
98,1622,0.26427607684038878
98,246,0.26377654278055551
98,1156,0.26291263717905017
98,1233,0.26176662783993881
98,1423,0.26116111397608877
98,1425,0.25713522821859802
98,97,0.25518233469320745
98,248,0.25114635279997699
99,363,0.38445618686106192
99,1337,0.37973773599656108
99,564,0.33144980565506638
99,1015,0.32714372758721644
99,886,0.32128213294785396
99,66,0.3005713947566831
99,1979,0.27627250486405702
99,1519,0.26769984085692961
99,1920,0.26553342098382116
99,1872,0.25719432501583261
99,1847,0.25028810804498186
99,331,0.24254293362280405
99,1760,0.2332556204936852
99,824,0.22854669963361257
99,743,0.22537270891095673
100,1211,0.40494197261500248
100,1499,0.34388132031975349
100,1203,0.33707243399730308
100,1102,0.31631756857004384
100,454,0.30549723992207289
100,889,0.3022001973930703
100,1503,0.29698993597672252
100,695,0.28808059721963475
100,1027,0.28320974390948173
100,1645,0.25534841132815855
100,1763,0.24906162892930106
100,86,0.24003885705897493
100,1126,0.23293126575161283
100,792,0.23073644651959274
100,391,0.2255307367996843
101,1852,0.39936839218426562
101,376,0.39753018001104456
101,912,0.31420538550227722
101,1633,0.309629713260135
101,0,0.30052782620107094
101,1192,0.29262253041848241
101,1678,0.28112183542600122
101,131,0.26912986364709329
101,1542,0.26108243422169491
101,1380,0.25748246932632568
101,1049,0.25109628958590069
101,1503,0.24841220254685795
101,1758,0.24374869837067836
101,306,0.24187073535041106
101,151,0.23843636978407334
102,610,0.43772208802757562
102,1421,0.41425779812895919
102,59,0.39343007498863752
102,1852,0.33443823015518742
102,1429,0.30190112480640313
102,159,0.26171820628831699
102,1322,0.25605836852639358
102,790,0.25560155749461055
102,676,0.25231126828032435
102,724,0.24451111180018034
102,1240,0.24064146301940376
102,435,0.23894521938448551
102,1011,0.23831193863339148
102,120,0.23814902742521515
102,806,0.23662333729204035
103,1275,0.43842531001601093
103,22,0.34411040511820257
103,195,0.31813933377672815
103,994,0.31804225630981825
103,1076,0.3093182724075717
103,1949,0.30879629709060319
103,970,0.30613445893843266
103,953,0.26750702734016729
103,1181,0.25289502265291774
103,1186,0.24944570544542569
103,1759,0.24904757141808501
103,997,0.24800579730532749
103,1659,0.24679534634384884
103,956,0.24626052508910995
103,233,0.24238524872610034
104,1836,0.3612194024501435
104,187,0.3595130206703438
104,176,0.33298660808842423
104,980,0.30693177899964835
104,1842,0.30388447232375115
104,964,0.29735173504397244
104,387,0.26968121360698433
104,443,0.26189858906701335
104,790,0.26082434204606253
104,875,0.25911525011107261
104,1861,0.25792568533585669
104,512,0.25383331955858018
104,1814,0.24975857942385285
104,1630,0.24702099153624907
104,1192,0.24615630053910398
105,1562,0.42784717485406609
105,1503,0.32089661797010222
105,1180,0.31815083194472893
105,1852,0.31697870179860638
105,1649,0.3099867008302773
105,1902,0.29303669550810446
105,1789,0.28048750638383485
105,151,0.27899757587386603
105,1672,0.27181560517426773
105,425,0.26570893406313889
105,729,0.25728567211517078
105,435,0.25637476677390669
105,1921,0.24927477469071696
105,1622,0.24562882640852909
105,1758,0.24225940259562564
106,1141,0.43451241443709437
106,1024,0.39046545067904764
106,177,0.34557872569904929
106,1605,0.33235073926001141
106,1444,0.28124104045873055
106,218,0.27884116162356948
106,849,0.27492880954268822
106,1536,0.26578790937265928
106,1506,0.25992007448351812
106,740,0.25924936318705694
106,299,0.25800019456168904
106,402,0.25015331009401442
106,1529,0.24100896596794025
106,1527,0.23681616772087286
106,1841,0.23254672809478991
107,1012,0.441964896523243
107,184,0.33499225356039114
107,1526,0.31667890564254608
107,79,0.30488396900932757
107,491,0.30015097827998488
107,921,0.28641809111458943
107,359,0.28371015941701455
107,109,0.2789359645988726
107,668,0.2639697879803512
107,609,0.26258154565215325
107,1082,0.25940315874824266
107,664,0.25833282215274983
107,1548,0.25548234076462623
107,803,0.25273284383315908
107,651,0.24861305642513704
108,1103,0.48135078169449275
108,1576,0.35069631443934113
108,1293,0.34447727153795865
108,1227,0.33290659284687657
108,1102,0.29103013276605794
108,963,0.28941709808205363
108,1199,0.27325101855761569
108,889,0.27024867320172058
108,1916,0.26955995661672355
108,1504,0.25086347131756664
108,438,0.25022860002354752
108,1064,0.24846389921216461
108,1174,0.24730210644814635
108,1973,0.24544506198620025
108,170,0.24299671126380087
109,277,0.38481193210444392
109,756,0.36747339834388854
109,441,0.30934275692647523
109,186,0.30239232091932106
109,662,0.29556620512424719
109,26,0.29258063214793845
109,391,0.29072879345202457
109,27,0.28108935870248147
109,425,0.27074872412631179
109,812,0.2632755552663158
109,16,0.25760806633402955
109,818,0.25159701243824889
109,490,0.24760109496092025
109,134,0.2425381568491643
109,916,0.23434759909436964
110,210,0.39361064325049233
110,1732,0.33441827181049155
110,1245,0.30360590043360514
110,877,0.30262647772436296
110,265,0.29246743698553956
110,1454,0.28790605085421644
110,1392,0.28778760522285157
110,1600,0.28769217078206955
110,1838,0.27799679390176352
110,1752,0.26882146822518405
110,1810,0.26672953299686591
110,203,0.2588647362283496
110,1987,0.24878003728048254
110,1610,0.24681655947684178
110,324,0.24237381292599239
111,949,0.38365708831474044
111,387,0.35560229812087701
111,1975,0.33060484783636257
111,1766,0.31792555536482431
111,1235,0.31726823891906564
111,1233,0.28700694710637847
111,1018,0.28685478951700483
111,1898,0.27034702920771825
111,792,0.26019768925825298
111,1578,0.25037516687200279
111,1481,0.24884974781388361
111,1237,0.24666029110786436
111,167,0.24609423788172452
111,1423,0.2451943896785099
111,116,0.24391428011120075
112,293,0.35484815336942221
112,1604,0.32298807991037826
112,1936,0.31946179138879716
112,380,0.31450599779557387
112,1940,0.29679949794065569
112,1344,0.29631407458959302
112,841,0.28094803704677829
112,942,0.27732423263270467
112,1295,0.27716159687066927
112,113,0.26605462625878745
112,1696,0.25717588576371919
112,655,0.25526489523841239
112,596,0.25053834358920318
112,1273,0.24702739170132704
112,1819,0.24533085040924063
113,796,0.38448476109869795
113,452,0.31249619721468169
113,981,0.30481648316483134
113,248,0.29168791109619946
113,949,0.29134231359855012
113,167,0.28950588155170992
113,387,0.28622085475352005
113,1578,0.27992903228385335
113,1199,0.27859962929674359
113,1682,0.27591170185062397
113,1255,0.27082022293980834
113,257,0.26970053045345599
113,1149,0.25312507797980305
113,732,0.25224656602254791
113,1909,0.25049260125079753
114,52,0.30622288742698911
114,791,0.30078062977019182
114,341,0.30061017071511109
114,75,0.29882376750359452
114,1125,0.29481118385431682
114,1661,0.29180422918041754
114,1584,0.28845153465351492
114,1389,0.28279933194510298
114,1116,0.28124344456987982
114,1371,0.27599936091625243
114,1284,0.26359444303860052
114,609,0.26053991142111738
114,359,0.25713669877946227
114,668,0.25646811740229308
114,903,0.25383259411451942
115,1215,0.48135358577872706
115,630,0.36258751054613186
115,17,0.34923536754769446
115,1920,0.34462518796116809
115,1601,0.32771008906976951
115,783,0.27465822470719498
115,1832,0.26973803487023162
115,1048,0.2669387425239414
115,403,0.24863385900230794
115,634,0.24698725872862154
115,1979,0.24522212814310682
115,656,0.24311201318493833
115,1646,0.24293089721837968
115,1407,0.24286711558400406
115,230,0.24163458960951037
116,1615,0.34954954042057329
116,1139,0.32368896269854386
116,1397,0.3039038126412405
116,991,0.29113418606868247
116,953,0.290818677236241
116,1777,0.28671650402849269
116,106,0.28644129031859655
116,694,0.28372470310296583
116,976,0.27781710462482945
116,397,0.27173249722933485
116,800,0.2665510863153604
116,276,0.2622986767542721
116,1944,0.2561747017717117
116,558,0.2545147236637107
116,351,0.25138108267969034
117,595,0.36064660292227252
117,161,0.31221613883099464
117,377,0.3009451701627453
117,357,0.29336397647074869
117,1218,0.28988784166370168
117,71,0.28797925985103756
117,884,0.28674904549800179
117,892,0.28608303322079953
117,1045,0.28377229957716515
117,82,0.27841712489323528
117,920,0.26925425365424882
117,402,0.25985601880349957
117,712,0.25712249461525893
117,1112,0.25211064587134863
117,463,0.24913437792863821
118,1878,0.57807480314199955
118,699,0.34579651006324302
118,1577,0.33476320136753612
118,868,0.31548175496212222
118,481,0.28906505636168012
118,1632,0.28398183059088561
118,219,0.28289438920342402
118,705,0.28163760787273734
118,1354,0.27401434816888209
118,163,0.2588462194231283
118,591,0.25530517933911717
118,1882,0.25270608574868303
118,1907,0.24548598547374587
118,1803,0.24512013576226743
118,518,0.24179370790588378
119,1030,0.35291903273380892
119,1153,0.34275215792366986
119,1912,0.32669978362085955
119,535,0.31661203825826795
119,1253,0.31465017758648228
119,1228,0.3107337765296721
119,356,0.29004664935933944
119,497,0.26916995707253505
119,274,0.26331911949675235
119,1759,0.26194887149903989
119,1333,0.24860322999019671
119,664,0.24607882911611284
119,737,0.24428456430422787
119,368,0.2365586621583422
119,1851,0.23543316380425761
120,1762,0.3783072943439193
120,935,0.36384791031419333
120,766,0.34425871208887809
120,1906,0.31023533109646662
120,1097,0.3005139841652435
120,1528,0.28855928808003656
120,1336,0.28265563038265934
120,1047,0.27697895580820903
120,1602,0.27475916748465135
120,340,0.25662595616639955
120,1831,0.25257893724326108
120,278,0.24146847159725873
120,56,0.24085123277538445
120,1187,0.23819219518894846
120,651,0.23536004589203663
121,1960,0.37683910297038431
121,1390,0.37183207246700567
121,1196,0.33877163985361342
121,548,0.29694141262830742
121,700,0.29662337690602453
121,453,0.27918601171115948
121,69,0.27531382663302184
121,792,0.27133030190997298
121,940,0.2700759691490297
121,1606,0.25956200456970008
121,1159,0.25708935138982897
121,811,0.25688886164981922
121,582,0.24683025579849965
121,909,0.24390416168984619
121,1480,0.24254496517215199
122,610,0.3409867519417713
122,229,0.32756565205720278
122,498,0.29920206146915512
122,979,0.29572515145076017
122,59,0.29546315151916513
122,1240,0.29251816972498995
122,1196,0.29202585157784522
122,806,0.27514805128296504
122,512,0.27464791972511471
122,727,0.27120739421185508
122,453,0.26923727080905091
122,1606,0.26537198963942132
122,443,0.25154015859129936
122,1909,0.24909822976423812
122,1852,0.24813955373798699
123,1891,0.36310656803843155
123,1779,0.32349681717116552
123,1483,0.31493147897502627
123,1811,0.29683280146237351
123,1329,0.29570624891657482
123,412,0.29209808813858124
123,1739,0.28019664361519009
123,322,0.27320924278375491
123,589,0.27189206867557864
123,367,0.26741891554749647
123,1099,0.26706986073117239
123,693,0.26536923973000015
123,1198,0.26302141487306469
123,1988,0.25036950020959214
123,1406,0.24527280127854004
124,756,0.34855031822618482
124,855,0.32696948082334565
124,303,0.31068770866493473
124,490,0.30557441116762862
124,1576,0.2837379606535077
124,1763,0.28368678106041584
124,1469,0.27841100288950243
124,1778,0.27265229273202368
124,1324,0.27079010269050502
124,391,0.26611806023732071
124,239,0.26564733432496845
124,1126,0.26337377767204301
124,1680,0.26137826604170017
124,16,0.26095079516549152
124,680,0.25692170581253443
125,1568,0.38320526432113755
125,788,0.3291135731236009
125,121,0.32653929228997719
125,396,0.29355081011286532
125,681,0.29206943831597948
125,546,0.28849091653992537
125,305,0.28624893796849049
125,1457,0.2746657879548538
125,624,0.27369746385605676
125,686,0.27227849809721161
125,1681,0.26269519118050205
125,1665,0.25958152847164162
125,661,0.25261568707402254
125,243,0.24806054835840441
125,861,0.24728188967071166
126,1616,0.35883448343649488
126,309,0.33779606138634166
126,1074,0.315183721386601
126,1436,0.30384562142023885
126,1607,0.28455337452625651
126,603,0.28203066176184977
126,1922,0.28193316721873102
126,1432,0.27879746383647941
126,1671,0.27413256113786977
126,1142,0.27203997241311212
126,599,0.26987200830366809
126,1901,0.25841169206931847
126,908,0.25605151979858254
126,1090,0.24978530396109092
126,1996,0.24244930004079399
127,1553,0.37311861460581053
127,38,0.36482812659962821
127,1684,0.35146693124483919
127,525,0.34658566182642275
127,954,0.30657502651615115
127,1660,0.30047362556767515
127,1283,0.29386312552030203
127,1096,0.28610702302022628
127,788,0.25304301713665056
127,243,0.25132716581119369
127,1069,0.23549961272238032
127,844,0.2347516422452538
127,1147,0.23278706059618798
127,942,0.22786815573360308
127,649,0.22170994796828922
128,214,0.38006350281650314
128,611,0.33343477990861581
128,346,0.33100247942702826
128,1853,0.31779379742256597
128,892,0.30660926454471155
128,473,0.29715923047594434
128,1943,0.29240673887030194
128,781,0.2870038983405111
128,424,0.27151744840772912
128,687,0.26819907640709395
128,884,0.25522990165202541
128,539,0.24463723811329155
128,1323,0.23576568341278556
128,146,0.23481957990814553
128,945,0.23130383745937444
129,834,0.34028199877968301
129,384,0.31867061618872167
129,1559,0.2993224678116192
129,1332,0.29250536733741228
129,1265,0.28871593973443244
129,1183,0.28643494200661146
129,1844,0.28367249151156904
129,8,0.28156738652013025
129,308,0.27353731238048568
129,1625,0.27254741323017517
129,46,0.2709096476400597
129,1113,0.26888255218092738
129,1179,0.2583553455800689
129,1534,0.25704453414264899
129,748,0.25472827242255369
130,1309,0.43483002361780759
130,409,0.34930961516210396
130,199,0.30882735482135065
130,1291,0.29627305597059383
130,405,0.28912773810143222
130,1395,0.28200901407276008
130,345,0.2800041619694808
130,518,0.27308361995814101
130,354,0.27223509604334212
130,1305,0.26367375616545469
130,1070,0.26199217557133098
130,338,0.26130570282120286
130,1042,0.2605605752048798
130,673,0.25985118986527772
130,1041,0.24864485908597111
131,1300,0.33351312584932152
131,1771,0.32727069182702173
131,312,0.30698943750608954
131,1239,0.30100807232757565
131,1537,0.29955161548403969
131,1013,0.29248849417210682
131,567,0.29148677348846147
131,570,0.28971270037059521
131,591,0.286418837656854
131,1308,0.26898771808909289
131,584,0.25951701373909802
131,1148,0.24901021407423501
131,580,0.24683651396863532
131,1340,0.24632421322377651
131,1847,0.24129770594468741
132,1091,0.37238059673093116
132,1408,0.3510774520604501
132,1479,0.32152907946345832
132,767,0.31424826478094142
132,1527,0.29570823785974082
132,740,0.27124742918089484
132,1341,0.26957638602601891
132,166,0.26799620283356712
132,1024,0.26681630148852364
132,1530,0.26304012250139108
132,1439,0.26290093056479419
132,462,0.25970347460263615
132,531,0.25508171963427317
132,917,0.25478664295741643
132,1511,0.25317360675609707
133,408,0.46283632218146381
133,1564,0.34724898004042509
133,345,0.31239060374858035
133,1305,0.30920188467209236
133,820,0.30831851292577622
133,831,0.29955603424492833
133,1780,0.29409179756484238
133,481,0.26169728394963959
133,584,0.25956005389338171
133,1291,0.25943545418669756
133,349,0.25546873075426924
133,1771,0.25304578055285293
133,944,0.25006976230692851
133,883,0.24850336924119754
133,1884,0.24829824977550638
134,744,0.37901361273833262
134,94,0.35400034276490017
134,1609,0.33190581947496139
134,33,0.32681747307893327
134,667,0.31181281650618847
134,1903,0.29490373959836275
134,918,0.27394241453876539
134,1059,0.27112821666745562
134,1886,0.26354428416059433
134,862,0.25416461592674239
134,1794,0.25404879330761815
134,1269,0.24801747733949059
134,144,0.24579128972180764
134,1381,0.24403993897378951
134,1579,0.23277299117912006
135,274,0.55496054727619959
135,242,0.35756030890410856
135,655,0.30234061489214359
135,835,0.29468702471590574
135,245,0.29423421295332836
135,1283,0.28799064615634018
135,1273,0.2804512869376532
135,223,0.28039327482511411
135,1194,0.2777879668801414
135,22,0.27658007378665889
135,1030,0.275727942544858
135,844,0.26224510794199657
135,487,0.24660167623926743
135,1767,0.23843538498152639
135,572,0.23186003774550532
136,1192,0.36496963743906069
136,912,0.35986020303065708
136,1925,0.34009520117226066
136,1909,0.33226973598337961
136,534,0.2820110218422866
136,187,0.27854013893585927
136,1255,0.27413616969610971
136,387,0.27267892836120028
136,1645,0.25966493634189958
136,86,0.25932463830937913
136,949,0.258288045769136
136,468,0.25156110729420139
136,1597,0.24952484278059789
136,875,0.24584971868777938
136,1612,0.2430891367988873
137,1701,0.40268879261023632
137,1347,0.34669846238299384
137,410,0.31359178383074898
137,1178,0.30407282672472802
137,1689,0.3031789458372347
137,1361,0.28926203045843585
137,1750,0.27848748492058223
137,1388,0.27586504239079362
137,746,0.2748801469869902
137,1437,0.26088557879738278
137,496,0.25573975247991781
137,248,0.25517857906126579
137,1441,0.25223602551124219
137,140,0.2487728214106984
137,978,0.24803674374844981
138,366,0.36512511288435634
138,1734,0.35131769271010255
138,358,0.3099865159375067
138,438,0.28797894974737709
138,665,0.28581514115864531
138,1629,0.2855581737279162
138,1623,0.28311424812513125
138,1932,0.28054502675091159
138,1989,0.27112517369035821
138,27,0.26907149390414775
138,116,0.26301338506437383
138,1293,0.25715272271230788
138,1523,0.25681516612007688
138,428,0.25320877647269052
138,1021,0.25218956718124058
139,1325,0.41530241011839747
139,113,0.30637472557659251
139,717,0.30365109010377772
139,1604,0.30255069790267708
139,1457,0.29263023884717304
139,499,0.29126450090455547
139,243,0.28767184367418941
139,1378,0.282616982062663
139,988,0.28077997094924206
139,1295,0.27257822692677941
139,48,0.27099356581522016
139,596,0.2643867973670434
139,1344,0.25402333022512003
139,1303,0.24923294158035425
139,1273,0.24813509003719819
140,195,0.33655304244170398
140,206,0.32389723538399334
140,880,0.31487186078122142
140,78,0.30027440532337463
140,1188,0.29258183773538698
140,270,0.28886363888831351
140,488,0.2875194319127744
140,1280,0.28740117757671596
140,956,0.27797035617353705
140,737,0.27193565494789773
140,994,0.26226712859112067
140,21,0.25341411028939398
140,1759,0.25241131379492787
140,1275,0.24743339263386133
140,690,0.2460510259279135
141,568,0.36511939781709718
141,255,0.34664862591238471
141,62,0.31783931661174974
141,415,0.30339365820505076
141,856,0.30216377976775299
141,1191,0.29476860094943469
141,1720,0.28955445279159864
141,1581,0.28303021404760348
141,243,0.2693968354476069
141,523,0.26041426951798774
141,56,0.25222954187601621
141,1651,0.24888274653521841
141,1669,0.24769185119564155
141,1330,0.24597288324116315
141,1906,0.24489999900840584
142,1946,0.34824752986258256
142,1387,0.33461747263973457
142,1392,0.3042532925387913
142,552,0.29261758464598825
142,354,0.29241477101404317
142,1575,0.29086693615611336
142,754,0.28903026522399405
142,1998,0.28752690790994234
142,400,0.27606302788907416
142,448,0.26850475489232972
142,1357,0.26115850319705353
142,250,0.25727960058893584
142,770,0.25207805760470908
142,1224,0.25029104129569535
142,1316,0.25017952515172537
143,908,0.5248804412321687
143,263,0.37168548610655133
143,684,0.30660871686318408
143,1616,0.29915908390640472
143,1056,0.29775017446460994
143,465,0.28531929844692761
143,1671,0.27933981042788603
143,1090,0.27419709307968498
143,1432,0.26921000089627595
143,1552,0.26602672462638199
143,736,0.25782287816122668
143,720,0.25226561388283947
143,986,0.24986158835942851
143,670,0.24907122300255549
143,779,0.24856428194495686
144,1369,0.46491769694212609
144,1285,0.31624637211163853
144,1496,0.29593733971186936
144,781,0.29082612697695465
144,166,0.28894886209400927
144,712,0.28614934275432086
144,146,0.27992741091239426
144,887,0.27973302494891605
144,214,0.27878383584897348
144,144,0.27252523054121341
144,261,0.27230091989167288
144,767,0.26779411120188118
144,406,0.26380202372751227
144,601,0.26263327485806576
144,1815,0.25128798144368292
145,1162,0.33167558861797541
145,459,0.32926998253586126
145,962,0.30675672181393798
145,1129,0.30000251724536225
145,1273,0.29834889100469242
145,487,0.28688956791953696
145,624,0.28608762634910889
145,942,0.28439760337963865
145,1759,0.27998025211749195
145,844,0.27802203083008931
145,1074,0.26639140069251566
145,368,0.25717528550663926
145,212,0.24717265785449324
145,195,0.24343409168140448
145,620,0.24296563829844525
146,792,0.39501360993776136
146,387,0.36877321547663278
146,1027,0.35525871969581024
146,1645,0.35055028866614812
146,454,0.32210699815676719
146,708,0.29313968401471396
146,695,0.25498871350787033
146,1622,0.25361799434941851
146,658,0.25172165330963736
146,949,0.25051259347303906
146,1909,0.24617791489843135
146,1597,0.24516636256546448
146,1539,0.24366116513195257
146,1633,0.23655594173719832
146,964,0.23465000090868193
147,703,0.469766453196658
147,42,0.35846465883227691
147,632,0.31786242512822122
147,595,0.29603617776580837
147,139,0.29190733140171088
147,884,0.2833245802263753
147,892,0.28147176806491941
147,53,0.28103123731005791
147,357,0.27167909648229122
147,945,0.26972534336290943
147,220,0.25631663391652643
147,161,0.25621993185474534
147,1073,0.25349231016377394
147,1730,0.24574735349343632
147,1515,0.24360914364818312
148,817,0.4528846739702912
148,1506,0.32927335992341378
148,995,0.31570449919388766
148,173,0.31382173562889959
148,299,0.27851926928994691
148,601,0.27708919382990688
148,1676,0.2770614340143136
148,218,0.273206482140259
148,1393,0.27038726857629136
148,1674,0.27026914766009019
148,1536,0.27009957968823628
148,486,0.26888783557347407
148,1747,0.26195093001116243
148,480,0.2504024487418679
148,249,0.25021952490010407
149,1204,0.35649665899967165
149,339,0.350187875822845
149,580,0.34505281126891446
149,1340,0.31012377464405111
149,197,0.3097941972984341
149,1535,0.29208192786298171
149,1908,0.27850082903947626
149,759,0.26732014355970779
149,268,0.26556874080118709
149,44,0.26186642043487357
149,203,0.26052036187416411
149,1013,0.24371411849146102
149,213,0.24234269477804807
149,20,0.24233890676946579
149,1923,0.23747899118934382
150,1332,0.36859205820876761
150,1828,0.36353292458536041
150,1327,0.32674786461736732
150,1265,0.31735357835558003
150,1900,0.29343193033963072
150,1007,0.27613899499513117
150,1123,0.27142945673367763
150,1416,0.26553043389680164
150,748,0.26374174953711665
150,1328,0.26182744623404969
150,643,0.26001405860875904
150,1393,0.25907833697648414
150,480,0.25739227386033214
150,669,0.24646022367055703
150,178,0.24421207205573187
151,755,0.36557951526072635
151,589,0.33969543333749658
151,944,0.3004678139659559
151,1614,0.30023188050679928
151,1971,0.29480536216186198
151,1101,0.2899612137751662
151,1158,0.28508217073293152
151,130,0.28431392460797594
151,1543,0.27944054135505941
151,1547,0.26406596749974642
151,470,0.25983161084257483
151,1368,0.2576796530119918
151,132,0.25695812600544116
151,1209,0.25466625807748566
151,1564,0.23969295613231797
152,1914,0.39875949789105647
152,1329,0.37925969195266956
152,693,0.33438288218018763
152,367,0.29629004691458422
152,885,0.27763256388052893
152,1971,0.27664352193515929
152,430,0.27207943778269283
152,1811,0.26917767793901026
152,472,0.26867231415096937
152,1965,0.26776997524680085
152,282,0.26029024258870981
152,310,0.25369296144117837
152,1891,0.25272318701008789
152,1121,0.25095272456006473
152,904,0.24732746894569529
153,1192,0.43422691782734196
153,1973,0.35607264967354757
153,1612,0.34011967793637521
153,1978,0.28755113630433404
153,1792,0.28435476535687293
153,1782,0.2764339775680919
153,1197,0.27335911954813918
153,196,0.27317261592776804
153,1814,0.27120243482155443
153,579,0.26939300438176861
153,1242,0.25946489501866477
153,1227,0.25510237338448311
153,1686,0.25440841121250418
153,1156,0.25419039112575675
153,906,0.25206149689916479
154,740,0.31533993679675304
154,531,0.3122825007622429
154,1943,0.29714598223940875
154,1930,0.29470818442387675
154,842,0.29173904350044816
154,1704,0.28269077023319217
154,687,0.27624679499140664
154,1970,0.2757751684509091
154,1248,0.27406260973818469
154,1264,0.27395729330807544
154,177,0.27041450817970242
154,742,0.26843364630625982
154,424,0.26527516904971499
154,25,0.26216484178246274
154,1399,0.2619953058003463
155,748,0.35646445424998141
155,795,0.34809094938649054
155,709,0.33882407812139936
155,1828,0.31962769304888494
155,1143,0.31308589887110971
155,782,0.27684677229669646
155,643,0.27432702677061838
155,1332,0.27229107419467813
155,805,0.25788071825566306
155,1238,0.25654252242904024
155,178,0.2549156061400234
155,1900,0.25093740447892765
155,1719,0.24860925486214031
155,1834,0.24798251844709385
155,775,0.24692577804034302
156,190,0.41677218910220348
156,64,0.37525795538766887
156,1878,0.37009779201595427
156,1914,0.34009290274900095
156,868,0.32591696443286372
156,1407,0.31540972480140145
156,17,0.27869900513857582
156,1121,0.26201954464175414
156,653,0.24724721127836755
156,219,0.24139830819679509
156,1891,0.24130115100255906
156,1120,0.23748135409840895
156,1577,0.22510169423872695
156,1329,0.22487459964652173
156,1632,0.22199940656326386
157,1234,0.36217969905937303
157,1439,0.34504202726612376
157,704,0.31998923060667939
157,692,0.29721067550142533
157,623,0.29379296570872471
157,1024,0.29079000484586975
157,333,0.27621982357956437
157,1114,0.27179310420348468
157,1729,0.27115572414269806
157,1100,0.26817727936498997
157,402,0.25983349437488223
157,776,0.25588943847618567
157,726,0.25454046044800699
157,1476,0.25266591657668264
157,285,0.24979531385595286
158,129,0.43469814400173296
158,1756,0.34716489876545015
158,365,0.3052815359133722
158,1399,0.29692149787830785
158,1431,0.29215785800895977
158,602,0.28892279217675398
158,764,0.28735361410494747
158,1487,0.27797625083523897
158,769,0.27662313081988288
158,871,0.27134221840631406
158,1304,0.2593262835674312
158,1890,0.2565178600389591
158,416,0.25346736012073567
158,1248,0.24909667817480782
158,429,0.24473531427446943
159,1336,0.39066444771858128
159,651,0.38344439822735321
159,1097,0.32536243626697775
159,1762,0.31527773213674642
159,992,0.30278941775676926
159,1047,0.28181823940996653
159,1484,0.28145904384540316
159,1602,0.28084918016129862
159,935,0.28015871320861557
159,718,0.24936266676916918
159,766,0.24620334400331648
159,47,0.24395934993582932
159,966,0.24143630945023023
159,1786,0.23974839535573766
159,92,0.23501747208161541
160,37,0.41257021956525719
160,934,0.35779680453255563
160,1099,0.31369179500366323
160,1784,0.30988286935493853
160,1520,0.30073417493519083
160,304,0.28668141036309452
160,1151,0.282949048694494
160,808,0.27932445671390377
160,536,0.2675997182749732
160,412,0.26614516947595446
160,1924,0.26564979683029655
160,1972,0.24973054553554666
160,1849,0.24654513303011699
160,268,0.24097763571935552
160,868,0.23917504546199317
161,1486,0.44401836935838013
161,1627,0.39207774493560171
161,429,0.3482928384787759
161,329,0.32749627740751119
161,214,0.28599446415201313
161,731,0.27617155698158347
161,1797,0.27274035643996375
161,1853,0.26445240937008518
161,164,0.25984259881446076
161,764,0.25598896161077334
161,1399,0.25088933701175631
161,1468,0.25015889789010243
161,346,0.24170393407938454
161,1525,0.24113660033593778
161,1381,0.23994177590371851
162,1156,0.43228322245584072
162,814,0.34348121924185143
162,1233,0.29983835044041435
162,949,0.2972013652906168
162,1758,0.29402837563167422
162,625,0.28784873228223812
162,515,0.28488159572287847
162,1622,0.28487759904371907
162,749,0.28152220639924252
162,1975,0.26855201779129301
162,695,0.26015714158343872
162,97,0.25763495797387398
162,1640,0.25172800213052182
162,1929,0.24885977098860548
162,387,0.24627768824658555
163,1677,0.45450891177959329
163,1366,0.36972554253167805
163,707,0.35584029537577716
163,1953,0.34332832444444328
163,520,0.32280656069004332
163,17,0.29354569989556895
163,1644,0.27560682537514458
163,1806,0.26668121592604216
163,616,0.25080993858560641
163,553,0.24750443242655107
163,1565,0.24291899084721616
163,1817,0.24151377381223951
163,1843,0.23934441320859504
163,518,0.23044657387103931
163,506,0.22681115221984674
164,944,0.42153292946193671
164,755,0.3591735701315848
164,102,0.33130856920383817
164,820,0.30351835342537148
164,258,0.3022339841824363
164,1904,0.28193313440765383
164,1355,0.27374104835949248
164,132,0.26821880562180256
164,1564,0.26698944169253669
164,809,0.26671554924904456
164,1543,0.26089488204041927
164,104,0.25373692034377304
164,1209,0.25251536231071725
164,1383,0.24540504938718938
164,474,0.24050281962131156
165,1534,0.44350634599473288
165,722,0.41098331354954348
165,1559,0.34253949637968301
165,608,0.29865263276966414
165,678,0.29557459849162476
165,238,0.27018624537685099
165,8,0.26157453367802358
165,1666,0.26123985921478476
165,1265,0.26037999778104154
165,444,0.25570878138083364
165,1238,0.25466105581313475
165,60,0.25031339170112543
165,188,0.25007366224085903
165,748,0.24828158491694008
165,905,0.24672324345427193
166,1840,0.3670792321790865
166,680,0.35469123475707887
166,909,0.34332003581753939
166,1595,0.32933916119854179
166,1672,0.32639997146052652
166,1240,0.29947700873844035
166,582,0.25764077422662751
166,512,0.25542959953245881
166,1196,0.25358215513171345
166,985,0.25235437383304488
166,657,0.25107564275871819
166,1159,0.24871894577692091
166,325,0.24606529193646251
166,443,0.24583590545958209
166,435,0.24295862019116798
167,785,0.49950734487121229
167,272,0.38251789456712226
167,1698,0.31077287483308891
167,1144,0.3105189648887417
167,1216,0.30264498747113805
167,1603,0.28813371032202961
167,1849,0.27962656864400876
167,1170,0.2787699781151915
167,536,0.27482392475489326
167,403,0.27431165335033075
167,1580,0.25582366458304445
167,1382,0.24628243608965825
167,1803,0.24476490962770844
167,808,0.2365184180427464
167,1799,0.22139055956136944
168,761,0.45587116570660519
168,1810,0.42703878547476137
168,55,0.33478421636071948
168,324,0.30511032427201307
168,81,0.29883547067344668
168,265,0.29482977005443578
168,739,0.28528056864916052
168,1990,0.27136537978383912
168,1392,0.26296795062388639
168,1320,0.25447125166410456
168,598,0.24189238789911902
168,446,0.23870994019029154
168,1538,0.23254516675998632
168,1279,0.23107425387204794
168,809,0.22798516971852661
169,1700,0.38524212843544225
169,62,0.32686448773971111
169,1122,0.32381469438075794
169,1303,0.32143694134739503
169,341,0.31789001285467455
169,2,0.28469273960311492
169,1333,0.28106563940909313
169,348,0.27279395241194326
169,1030,0.26836475687122602
169,1651,0.2672750176659246
169,1725,0.25797711245179716
169,1219,0.25615444866658599
169,1793,0.25555629279199527
169,52,0.24278213180388128
169,523,0.23022064537853648
170,84,0.35661236474448621
170,1799,0.33032837389256764
170,133,0.3095123001246553
170,1216,0.30016018958956503
170,1312,0.29314886086617625
170,1988,0.28610770517418843
170,899,0.27895509531017681
170,460,0.27288436808110356
170,302,0.26675281241500692
170,1779,0.26575675174231611
170,1739,0.26394458521591618
170,1101,0.26111673883942832
170,1698,0.26110652383749733
170,1144,0.25979336930603131
170,1745,0.25731577707575387
171,766,0.40573064770544304
171,340,0.37048234498782273
171,921,0.31205505540872336
171,1777,0.308235124687672
171,976,0.29785573799855125
171,1607,0.29307577849672584
171,1786,0.27484572617558672
171,1548,0.27414896229013985
171,1602,0.27362385851924714
171,903,0.27200314137869364
171,828,0.26585423532409935
171,183,0.25118361569345543
171,415,0.25070096446076023
171,1762,0.23194084635747725
171,351,0.23089439583047294
172,1994,0.41124988516865296
172,1537,0.33292767192668515
172,1533,0.32745146951811499
172,698,0.3038368242451433
172,1908,0.29461565648840315
172,759,0.28678551674498126
172,1060,0.28558757144212848
172,567,0.27781184411170168
172,1354,0.26192283829421248
172,1594,0.26061375388379748
172,1540,0.25863541368136772
172,1204,0.25850361151199447
172,647,0.25484163649965552
172,409,0.25180533495347041
172,1041,0.25156107898904212
173,1242,0.39611296225377335
173,1612,0.363315165170709
173,906,0.30774865150984271
173,1192,0.29799238999884908
173,1005,0.29765131332540629
173,996,0.28435063333342181
173,343,0.27677027784706676
173,1814,0.27516987175863628
173,1197,0.26883905933128383
173,1782,0.26308260617587453
173,695,0.25753644100819384
173,458,0.25727674718280802
173,1778,0.25378510512036784
173,665,0.25345042797304107
173,613,0.24991886336815528
174,194,0.38434153188628173
174,375,0.33386624152394478
174,1556,0.32300242697153941
174,672,0.31011121354411664
174,1611,0.30393985316520217
174,125,0.30010620139427124
174,1502,0.29001939187780734
174,972,0.27322048696122053
174,1068,0.26766148729742784
174,530,0.26162586322882314
174,1219,0.25757279784575404
174,1067,0.25088196640494309
174,1999,0.24829157026612345
174,1280,0.24435549003646251
174,848,0.24222735415531924
175,1334,0.37904359973659535
175,1742,0.37712644582944599
175,320,0.35151713339384705
175,205,0.32801540283732733
175,511,0.30920732681392421
175,295,0.27531783351846012
175,534,0.26280282859231907
175,425,0.25751967612207954
175,1960,0.25599108703707696
175,277,0.25460399949446022
175,86,0.25323404296382795
175,325,0.24977608462909195
175,1499,0.24895128293417323
175,1159,0.24455471448300042
175,1645,0.23826561044817546
176,1628,0.41298382859797039
176,1532,0.32913909622309484
176,1983,0.31365536955090118
176,572,0.30782976336871087
176,524,0.28710420201645159
176,1074,0.28633281820192952
176,1317,0.2850589210982114
176,273,0.27773826501580379
176,1851,0.26579085974099753
176,368,0.26429457452217392
176,1652,0.26409254282167982
176,1331,0.25855799968737198
176,931,0.25836713703032577
176,1767,0.25767889305213421
176,1162,0.25125706455198321
177,620,0.41456780061656417
177,368,0.39295546216022642
177,1117,0.38447054073566694
177,1795,0.31668810735827324
177,223,0.28739910804906754
177,1759,0.27639084947691883
177,1162,0.27374376351541657
177,1532,0.26167123172919721
177,1253,0.25743342355207832
177,844,0.25719982462797036
177,1818,0.24379536039589791
177,286,0.24190523598708813
177,232,0.24113307904308595
177,1152,0.23785271828454402
177,737,0.23425134719941582
178,398,0.40384147478637
178,95,0.38757865440630801
178,37,0.37604618723098948
178,1998,0.29430330646806158
178,304,0.29160210777011847
178,1406,0.27545209326846448
178,1946,0.26838800890212744
178,1520,0.26636691508814719
178,1387,0.26530334338279743
178,1575,0.25795047548980632
178,1988,0.25732316975909286
178,1170,0.24985444422238959
178,1395,0.24750357717317728
178,1042,0.24007102079266884
178,1167,0.22914227445368865
179,1107,0.39273497669481355
179,1999,0.34138115278922548
179,1684,0.32781196105032956
179,125,0.29692521006975597
179,204,0.28770951220187668
179,649,0.28648683319518325
179,672,0.27367159465183233
179,1735,0.2725265753606923
179,1651,0.2719258672471534
179,1096,0.2710151681264486
179,62,0.25893645279603023
179,1556,0.25723070048730579
179,1581,0.25599829302276506
179,954,0.25423645717639487
179,1130,0.25104479482072778
180,912,0.50571279957186244
180,1950,0.44922477811345396
180,1709,0.32845160392643302
180,362,0.30112467809211058
180,1380,0.2945367053378723
180,227,0.28359281022901378
180,1678,0.26439027529286302
180,1029,0.26398692537119206
180,77,0.26150754274768451
180,73,0.25043786396455259
180,1001,0.24650053896655025
180,1951,0.24336053379859007
180,1049,0.24136110720526094
180,1272,0.24051911649215688
180,1916,0.23790217021462809
181,1011,0.41941028008041747
181,452,0.3042638976170815
181,915,0.29598486793684098
181,1458,0.29378395245364697
181,1929,0.29231466220772229
181,181,0.29022366275286438
181,676,0.28477478876647605
181,1032,0.28327879973604142
181,1898,0.2827992420667601
181,1682,0.27194264723802108
181,1505,0.26940313902416929
181,151,0.26481794254136332
181,168,0.26351505541069614
181,1163,0.25494203903121693
181,891,0.25485538561657756
182,1914,0.34033214664901978
182,446,0.33797305278256085
182,822,0.32119509308401967
182,831,0.31305182854009955
182,873,0.29511225362193028
182,904,0.28886924088436217
182,1370,0.27235074943213172
182,1972,0.27034587222208173
182,1407,0.26571501532064279
182,868,0.26479728774227979
182,653,0.2646799975279916
182,1383,0.25647141281038371
182,1878,0.25324263440509737
182,349,0.25155473538180056
182,1577,0.25153198573812141
183,669,0.39979540691772447
183,771,0.34859697933050793
183,1911,0.33991419329006584
183,1304,0.30057810600985585
183,365,0.28771510402632344
183,663,0.28141991573141822
183,1947,0.27511979940964698
183,516,0.27209830901477899
183,795,0.26198687426592626
183,253,0.25942562186887236
183,1751,0.25936782796408775
183,1449,0.25886228960159929
183,370,0.25822922974878659
183,784,0.2540727758303184
183,1136,0.24950363226971639
184,354,0.40494250411576732
184,41,0.35249684075808085
184,448,0.35202873164035653
184,553,0.34814299763606865
184,1291,0.33042580604439303
184,432,0.30033141674566693
184,28,0.29396156916632643
184,345,0.2669845969081468
184,1708,0.25097472379191715
184,101,0.24963316709737277
184,1953,0.24679154547809262
184,136,0.23510976619829926
184,537,0.22866150596043625
184,839,0.22639635989349946
184,1395,0.22494834535965932
185,1772,0.38513367210531529
185,1804,0.32523467034661119
185,937,0.32417099757497547
185,1201,0.31542602407767778
185,637,0.30892131241404208
185,1997,0.30572131828663596
185,377,0.30042683594405051
185,1321,0.26509243556829221
185,208,0.2595584250077399
185,1140,0.25685765239702296
185,1238,0.25685583145449498
185,1319,0.25255356330712458
185,1222,0.24586584541024803
185,890,0.24573708384926363
185,1089,0.24446268318366368
186,1935,0.43874409580914131
186,333,0.37916019659920258
186,692,0.31531194564132109
186,1274,0.29414091857372987
186,13,0.28726782727320943
186,860,0.28341841681385721
186,922,0.27835131331419249
186,444,0.27637744582875085
186,1635,0.26170960701125279
186,623,0.25843203798630476
186,643,0.25681217788307187
186,142,0.25497480033290565
186,775,0.25392255817684001
186,388,0.25365508375071366
186,1350,0.25335184520151477
187,1123,0.38952157397084308
187,742,0.36644712955166014
187,1007,0.36269710667479244
187,1608,0.35006140849371847
187,1900,0.34396515547278039
187,1265,0.30972493954043412
187,1327,0.26814391365566259
187,1393,0.26438959613478724
187,1349,0.25951424500140102
187,1353,0.25080515522661695
187,1692,0.23267220998507512
187,1919,0.23058846961417059
187,782,0.22556351517228879
187,1962,0.22240582911719456
187,1828,0.21991060508592161
188,486,0.4043865477243323
188,1352,0.35030171859593628
188,1549,0.32439509205024314
188,995,0.31128865320193566
188,1747,0.30427598612470286
188,1150,0.30295728048087073
188,91,0.2954661797092954
188,1619,0.27133497920715971
188,1342,0.26119712998829558
188,876,0.25841101360617502
188,1207,0.25808421817938682
188,173,0.25013904285640715
188,1783,0.24667368965483014
188,237,0.23711278459882307
188,1031,0.23525113029758543
189,1847,0.43443094432302443
189,1771,0.37763350843320304
189,873,0.32222967995315493
189,172,0.31066111480327407
189,1803,0.28535423940326521
189,403,0.27631911558805861
189,349,0.2716407685708086
189,882,0.26915275460674049
189,1308,0.2629830605969577
189,313,0.26035365144397643
189,1564,0.2578868000789904
189,1603,0.25684622557717951
189,517,0.25465652141245465
189,536,0.25241965166697705
189,1760,0.24874687023390479
190,1402,0.42067214136294795
190,475,0.36023089972612676
190,1620,0.35306597933646938
190,152,0.30109385210341777
190,409,0.29626135334409193
190,1587,0.2947366480962969
190,1239,0.29110430365704615
190,1910,0.2810742541204137
190,1600,0.26586932326362855
190,1198,0.26312323310039476
190,810,0.25102499506624942
190,213,0.24103379385803061
190,1309,0.23910106610239587
190,1739,0.23701338527666127
190,1013,0.23215926276526019
191,814,0.38015064573758867
191,246,0.34708007099328564
191,461,0.33605895215801962
191,1766,0.29961837910383238
191,170,0.29628750092240358
191,454,0.28219274556439988
191,1522,0.28178530404775848
191,438,0.28036716902639924
191,1203,0.26919223941141363
191,1211,0.26682251116102829
191,1763,0.25460835299404005
191,70,0.25448624827064092
191,248,0.24858816755885652
191,749,0.2463603916515279
191,1156,0.24343935855113805
192,225,0.48569975076344052
192,560,0.39164833234100749
192,1531,0.3221137837117875
192,1591,0.31204232711766028
192,1680,0.29527365772221648
192,1119,0.29035722606054482
192,257,0.28653408860140145
192,715,0.27530773599770986
192,1062,0.26522278080117434
192,1738,0.25612251966650701
192,509,0.24985181860665973
192,1773,0.24548537117212307
192,662,0.24445135501400353
192,1854,0.2433335370550824
192,1798,0.22914368770455198
193,955,0.37643634884931881
193,517,0.36448282971564955
193,1760,0.34003586369215055
193,1685,0.33739007517077246
193,1770,0.29984558653682614
193,1459,0.28111677635643778
193,101,0.27948217631387495
193,1998,0.2703939837216352
193,44,0.25928075731338035
193,1158,0.25362441856115681
193,1308,0.25222159052338877
193,464,0.24881497608868569
193,203,0.24500342612616877
193,808,0.23945523028380913
193,1243,0.23573859065150057
194,929,0.42449112160238273
194,121,0.40399376498679235
194,686,0.32641029354782131
194,788,0.30726762333737762
194,96,0.28939295535329829
194,525,0.28512504408170053
194,861,0.28409505477446806
194,1069,0.27957267431699911
194,681,0.25871004709238626
194,1974,0.25424156712231477
194,243,0.25055596941247438
194,666,0.24720901039208804
194,1081,0.24488458368801233
194,1568,0.23998072390866163
194,169,0.23545622924437587
195,1622,0.35546854556574492
195,376,0.33714528129570281
195,1758,0.32615204005532517
195,1852,0.31927156310212834
195,1197,0.31916060300293997
195,1192,0.28402789548792551
195,1119,0.27176769225478903
195,1429,0.2669303664051631
195,1672,0.26527835274790112
195,86,0.26289931861450322
195,1814,0.2617743695461488
195,1645,0.2550847763928441
195,996,0.24784388425271986
195,1027,0.24593787892589608
195,777,0.24361839863557305
196,1140,0.39483005121887416
196,1815,0.34100371651625161
196,1089,0.33560522145257787
196,1093,0.31514723687099727
196,1512,0.29188542651751587
196,1496,0.27891261066644407
196,781,0.27094792426598613
196,918,0.26608498859458607
196,1349,0.26600212731743961
196,103,0.26493066357789335
196,146,0.26252682579620507
196,1619,0.25598959429517687
196,762,0.25403611722643832
196,406,0.25193475201313181
196,346,0.25187348264541959
197,174,0.33108637521076312
197,792,0.32652594551170705
197,1766,0.31237851444969195
197,793,0.3029133258983191
197,1597,0.29374967225443283
197,1272,0.29218723933755159
197,454,0.28462756022008934
197,1235,0.27251107257323387
197,1020,0.2721708440248734
197,1211,0.26249799018769476
197,933,0.25946280927641752
197,387,0.25833945167173689
197,1688,0.25779354870996368
197,1102,0.25649123871202828
197,1203,0.25523182965274838
198,825,0.37936488217248265
198,930,0.36696416960693412
198,1381,0.32905224538872557
198,538,0.30258623780906141
198,25,0.29737126683733484
198,1886,0.29181100533913479
198,423,0.28131621208236623
198,480,0.27787821293421172
198,1903,0.2718926619963058
198,528,0.27027520429622737
198,1468,0.25765794898159883
198,445,0.25628939395966538
198,890,0.23782035171218902
198,33,0.23516026311861182
198,1234,0.2308205998551956
199,1834,0.51746946679720263
199,388,0.36003309234232855
199,1332,0.34851513778927384
199,775,0.32229107883030889
199,1666,0.30288826909302824
199,639,0.28826336519255141
199,444,0.2850162888713354
199,442,0.27420357316055027
199,678,0.27339762390172484
199,1885,0.26838259698428918
199,1449,0.25289133010661069
199,1693,0.24604288864447113
199,1534,0.23484048020457773
199,722,0.23364270776756077
199,1821,0.21647428328559598
200,868,0.31944206094969069
200,1739,0.31848930724585706
200,1198,0.31199087418277988
200,1099,0.3022866037268031
200,374,0.29557033776574754
200,1365,0.29439760827539024
200,1849,0.29087226414457723
200,1745,0.28845734922843519
200,1144,0.27844925384021446
200,1799,0.26114336272598604
200,1145,0.26080639557380375
200,1891,0.25765406668734375
200,1698,0.25115737808143668
200,1907,0.24833763493099395
200,1988,0.24728191567543154
201,1649,0.43963392204284296
201,1902,0.3459180877969274
201,1180,0.31831732001119523
201,1562,0.3165170463541872
201,1699,0.31467509392124632
201,1051,0.31119442053814939
201,1921,0.30428620000836154
201,1036,0.25815225471581998
201,364,0.25743390170513158
201,131,0.25720160276990156
201,729,0.25156118391616583
201,1380,0.25007132714242525
201,1633,0.24973875562916265
201,1852,0.23609482119171857
201,1272,0.23572387399559147
202,451,0.38333479877013071
202,264,0.33591605760796772
202,1385,0.30768852381321904
202,348,0.29698637727028743
202,341,0.28945965743816066
202,411,0.28585931985442115
202,1000,0.28280987857420109
202,568,0.27309638484761045
202,1995,0.27291450918424981
202,1786,0.26762412576092448
202,1107,0.26658863850537889
202,1188,0.26186280414201996
202,935,0.25918576198590038
202,1684,0.25742287287256316
202,1482,0.24947636773822704
203,524,0.41929674624345042
203,273,0.36087831943326421
203,997,0.33126645534198751
203,1652,0.30291104711510392
203,1035,0.28938189658236751
203,956,0.28701480334652824
203,931,0.2812975194397071
203,1795,0.27731351929360276
203,286,0.26645330811551754
203,1181,0.26222752875156446
203,1759,0.25850038932272507
203,1275,0.25558811859770264
203,1628,0.24629916995718978
203,1162,0.24411160000014348
203,994,0.24364573095876788
204,92,0.32884126547477188
204,1980,0.30701897383821652
204,160,0.30504520024384463
204,585,0.30032932575312721
204,982,0.29884100079688075
204,1135,0.296068189854506
204,98,0.29584935051268912
204,651,0.28465275552183422
204,1069,0.27690740415551879
204,1097,0.27336177299722675
204,1122,0.26942419409063956
204,1457,0.26108965919204286
204,145,0.25150840717058642
204,1268,0.25005480975800826
204,1513,0.23673208079750443
205,1062,0.33085738870614789
205,1798,0.32434371992486477
205,93,0.31506498951313672
205,1505,0.30957624949826229
205,1854,0.3024388143197197
205,1448,0.2973590985381791
205,151,0.28466560017949477
205,676,0.28272718645646916
205,418,0.27747842111600368
205,1154,0.26941415021262893
205,1475,0.25874199032629763
205,257,0.25140509483629669
205,306,0.25045972706990344
205,605,0.24510395502318061
205,627,0.23811529038330301
206,1187,0.38622055726018395
206,183,0.33210280446989976
206,935,0.29998124050357372
206,340,0.29881884727305463
206,668,0.28642041849245176
206,530,0.27736772874247873
206,1762,0.27613405676382458
206,766,0.27589343029739027
206,1047,0.27417110379618753
206,1661,0.26670819104775051
206,989,0.26616478715853048
206,1397,0.26610512587654028
206,976,0.264611050012869
206,1082,0.26327032170394249
206,1130,0.25914321548321184
207,411,0.40921405665508359
207,451,0.38745962227172132
207,843,0.37608239127670051
207,289,0.29762878704252071
207,568,0.29339637751444697
207,31,0.29250086346453535
207,1191,0.28557040125652333
207,264,0.27553216830563304
207,356,0.25967708207602608
207,47,0.24533010190378932
207,956,0.24325053694400894
207,559,0.24315901709885523
207,1131,0.24145307389192122
207,1700,0.2352670686481077
207,1067,0.23059256848290255
208,930,0.34200611390612962
208,825,0.33907777532931072
208,623,0.33272011958027126
208,480,0.31203060307851571
208,669,0.30124918302326331
208,1947,0.29057438024106286
208,423,0.27967049893754659
208,253,0.27960996258960008
208,370,0.26462104942685521
208,486,0.2599884917877513
208,1886,0.25647097102937949
208,1321,0.25566768796492723
208,663,0.24603140059787856
208,1363,0.24526797760531957
208,1100,0.24391645726325892
209,413,0.36775339049580746
209,631,0.35982859103051418
209,1772,0.35720703047754571
209,765,0.30459077123531025
209,687,0.29716712200296308
209,740,0.28452238680299075
209,1270,0.28010570302811133
209,1238,0.27939340148968078
209,1088,0.27627719635905884
209,424,0.2533916430792435
209,1172,0.24821352873464142
209,208,0.24800342755029825
209,919,0.24703709981139649
209,231,0.23786287273772239
209,547,0.23328945229879869
210,423,0.3750185729189916
210,784,0.34098985807951804
210,308,0.3354234261047952
210,32,0.33380915796730154
210,43,0.29090020105602388
210,1588,0.28472901583612431
210,1377,0.27936612799362343
210,1363,0.27042763690222649
210,1731,0.26443395522199387
210,1903,0.25630012440669991
210,1886,0.25621730484442456
210,522,0.25326651731500505
210,663,0.24977954950695053
210,253,0.24963611254144721
210,445,0.24161212922181999
211,756,0.41578160552043758
211,1086,0.34972907182136503
211,566,0.32796131714956511
211,963,0.31046094143440617
211,196,0.301955629514713
211,1678,0.29543625161416182
211,511,0.29393581539816477
211,306,0.2811526315994195
211,227,0.26059814092763306
211,303,0.25666686636532121
211,879,0.25336477817423525
211,1504,0.24800896270426501
211,1782,0.24693281156543201
211,1227,0.24584241157287917
211,1958,0.23484562916679463
212,31,0.39367089866171612
212,1928,0.37891563281513219
212,1252,0.30987236835273002
212,1781,0.28592743062669618
212,1090,0.28363482967990289
212,723,0.28085848556720744
212,617,0.27715306928118655
212,267,0.27615700856726177
212,1432,0.2753885932561107
212,1138,0.26921804534629773
212,232,0.26901097795087142
212,1462,0.26261493999806224
212,986,0.24937414962230994
212,684,0.24866670696675999
212,954,0.24009350285952982
213,904,0.36080589072779801
213,1914,0.34101363448994743
213,446,0.33606681274327133
213,374,0.29923038597178342
213,799,0.29241523669864339
213,820,0.28462852306433239
213,831,0.28299332467106819
213,809,0.28057047887690351
213,1610,0.27333344767189077
213,430,0.26452526454862796
213,1564,0.26145390625769593
213,310,0.25991435860638779
213,1771,0.24420484510062762
213,1383,0.24393932492220646
213,1907,0.24260898537664863
214,1635,0.38697633434969503
214,951,0.3403293603735485
214,731,0.30347840739526638
214,1943,0.29528932658991636
214,922,0.2849318172513815
214,539,0.28425549906064485
214,220,0.28100612231140304
214,371,0.27934086586888729
214,1853,0.2746157225115905
214,164,0.27339196458776771
214,531,0.27244222757713932
214,1511,0.26660676222769769
214,1641,0.2585319415705859
214,1123,0.24927920327897241
214,1468,0.24339341268228989
215,183,0.34718522040317162
215,1082,0.32057638037094432
215,989,0.30644816880554637
215,668,0.29583048506943288
215,1187,0.29076338648329747
215,1130,0.28434347981256747
215,766,0.27500708304300792
215,1397,0.27482551132089167
215,340,0.2738683059514192
215,351,0.27203869741818354
215,1721,0.26742971331212467
215,1735,0.264892420175319
215,1356,0.26459059540849461
215,1986,0.25850784830674312
215,921,0.25776166370940556
216,1156,0.49017960660233795
216,515,0.3331278639421843
216,1758,0.32938865793966837
216,1640,0.32393416169701816
216,1542,0.31111488729516168
216,347,0.30965229611816908
216,1242,0.29829454192720462
216,1192,0.27488893888970628
216,814,0.26942697611693484
216,1622,0.26525525836345132
216,1929,0.24455756978744311
216,980,0.23843529303796548
216,385,0.23715679131329878
216,1032,0.23709736292581876
216,613,0.2345589274449314
217,1688,0.36742341569503795
217,940,0.36587061588335129
217,1001,0.3390416136005423
217,1539,0.29935770478646967
217,1480,0.2893667463114149
217,77,0.28596220870067096
217,973,0.28289791434453976
217,1481,0.26696207937684091
217,1945,0.26435649577231429
217,468,0.25819294297870105
217,790,0.25761800860054457
217,576,0.25186755451422349
217,69,0.25009694418969841
217,548,0.24870124020043907
217,1235,0.24660515144277742
218,901,0.42975571901063986
218,1510,0.35205978184690473
218,834,0.31426684816018019
218,632,0.30451667358271439
218,161,0.2883509351528285
218,402,0.28726220177532941
218,381,0.27878279664938421
218,1433,0.27422845855685984
218,1157,0.27309224200279858
218,1323,0.26701707371817751
218,547,0.26150052395493584
218,1733,0.25504058442360267
218,253,0.25265640751460883
218,148,0.25164672006386724
218,638,0.24646559664803508
219,1553,0.40276553582857616
219,1696,0.35694616068363338
219,1715,0.31015652572227737
219,1069,0.29648796875014111
219,1684,0.29223984592426555
219,1081,0.28513834774580871
219,38,0.28054470817161714
219,788,0.27084846138482233
219,866,0.26982994256680265
219,1283,0.26854520982852492
219,633,0.26584229570606721
219,169,0.25614857204251718
219,375,0.2553303764426198
219,1068,0.24995370052361626
219,954,0.24887613002889186
220,1354,0.32890449970841573
220,171,0.32621288474450594
220,1881,0.3259803639246201
220,807,0.31356805616156025
220,355,0.31284974214009631
220,816,0.30724344569443862
220,815,0.27419464879937894
220,66,0.26766632716320365
220,1544,0.26375730683967197
220,946,0.2565499082564659
220,1806,0.25578118778520792
220,163,0.25174570170138566
220,1657,0.25164548706438811
220,45,0.25144438603186575
220,1267,0.24825756347683078
221,443,0.32965360135009092
221,574,0.32181746647685139
221,610,0.31088698699353096
221,59,0.30468668478189848
221,1909,0.30217287128174919
221,325,0.2855271467020935
221,1240,0.27720554591437957
221,1960,0.27375216815772152
221,1255,0.27269569367090085
221,205,0.26671292353515441
221,1159,0.26193484936407541
221,425,0.26001537223252574
221,811,0.25900334269584047
221,534,0.25555380375259196
221,387,0.25493170891619499
222,24,0.37844212811849964
222,385,0.3766301954522181
222,335,0.30336852974502498
222,1622,0.28605301954954643
222,695,0.28531062510997068
222,1852,0.2807522647620237
222,719,0.27940741941983549
222,1672,0.27853887175595887
222,1542,0.27405621581734724
222,749,0.27070076009779975
222,1758,0.26570280394114754
222,1197,0.25908022574575806
222,1446,0.2563864501268453
222,964,0.24630479612677839
222,1630,0.24459872821886872
223,1449,0.33566539567420384
223,442,0.33458072386613652
223,388,0.33379014178859084
223,107,0.32379816748013057
223,444,0.32274287090497794
223,721,0.31789756853536255
223,1277,0.28896736291793707
223,178,0.28546516041132874
223,1270,0.24799276405606133
223,1332,0.24798683325454413
223,1529,0.24579853395066492
223,1088,0.24572644286621578
223,157,0.24418230228952448
223,1820,0.23596619195386076
223,177,0.23199508660012613
224,671,0.34890026229201337
224,1714,0.34551307557258193
224,848,0.34318408075853851
224,530,0.31111978314314848
224,972,0.30569185297121876
224,1546,0.28633085650523676
224,1219,0.27894634156355852
224,183,0.26980966124808931
224,953,0.26760945164978989
224,1767,0.26747415523576185
224,62,0.26620275068108701
224,1651,0.24939709344873576
224,1413,0.24215991963009337
224,125,0.23747392154866212
224,1611,0.23597294296964094
225,1309,0.51210403432726026
225,1042,0.41626509186802241
225,594,0.30974655414702723
225,199,0.28407494120014731
225,95,0.28350725625349527
225,398,0.2823756444880467
225,1387,0.28162511821724845
225,213,0.27616212859641154
225,1395,0.26791186008927548
225,163,0.25729106878452074
225,1422,0.25665484005292016
225,518,0.25142242614018873
225,1267,0.25069163966950436
225,757,0.24463026745999411
225,68,0.24453030979131773
226,1211,0.38960617359785865
226,1156,0.31826547918207326
226,1199,0.31413140381451848
226,1102,0.31135475998611911
226,515,0.30685031671062257
226,1203,0.30394188758071172
226,1640,0.27522133710256452
226,1009,0.27196949058491232
226,1447,0.26583189222369025
226,1909,0.26258993282338078
226,1925,0.26022425984761394
226,1503,0.25868905858049163
226,1499,0.25764653574708013
226,949,0.25086359404337516
226,1522,0.2493134789334136
227,1444,0.35525052569019394
227,623,0.34797257710813023
227,721,0.33612560334457708
227,1947,0.32197247482518343
227,342,0.30058781545532598
227,1136,0.2902732677968039
227,13,0.27447856975811846
227,253,0.26424654586598251
227,1433,0.26320371268298814
227,1529,0.25808582018611731
227,1023,0.25530645151603931
227,1935,0.25115664911065716
227,1751,0.25107508891301877
227,1321,0.24930681065805102
227,1292,0.24309170621780554
228,600,0.46255197842552576
228,1527,0.34984357979993824
228,444,0.32413029392098514
228,462,0.32106341855944726
228,1859,0.29198785128549931
228,927,0.27730447663474767
228,1444,0.27240091517049425
228,1058,0.2668892005525112
228,878,0.26325345373979719
228,60,0.25925981442772689
228,1529,0.25909459294303144
228,858,0.2570121121981217
228,697,0.25596477135533857
228,1259,0.25484206041810825
228,327,0.25384377649604772
229,301,0.36511191717580638
229,988,0.32613607341319162
229,801,0.30269059032962109
229,1325,0.30090867577711211
229,1819,0.30082890138530688
229,113,0.28561747040768171
229,1315,0.2788039349724174
229,439,0.27390985797093181
229,293,0.27268793306211969
229,1057,0.27046356036185309
229,1569,0.26608048823400804
229,1452,0.2604410315302898
229,1295,0.25812015294945989
229,14,0.25610865520845338
229,841,0.25409225065624091
230,1690,0.3170157196621437
230,1984,0.30635107540750911
230,615,0.30211404112983725
230,655,0.3020511018316076
230,596,0.29479126962628982
230,274,0.29043575650029391
230,155,0.28370929513375259
230,572,0.28279238181611349
230,1284,0.27318436848802918
230,791,0.26863600513193642
230,242,0.2645154795916132
230,1050,0.2618362255199862
230,1295,0.25932115487733198
230,1194,0.25922924598013641
230,1116,0.25791503754739092
231,938,0.39239543826865642
231,1358,0.35377303337979954
231,1005,0.30044500619133147
231,170,0.29109253007735175
231,814,0.28827307361390631
231,1763,0.28502982818256101
231,70,0.28183998490967926
231,1837,0.27737635304228953
231,1522,0.26853651783240828
231,1419,0.2661807254943469
231,461,0.26507843589086882
231,1203,0.26275868833091914
231,1469,0.25971614718501496
231,454,0.25548949059741555
231,1475,0.25129926152908949
232,729,0.38119808454166143
232,435,0.35307224628014083
232,1232,0.34068978876631939
232,364,0.33839534154469636
232,484,0.30913866583857563
232,1852,0.29372131385224559
232,251,0.28604086050662925
232,1921,0.28253512714009171
232,1180,0.26504014125915837
232,1672,0.25692459490912201
232,588,0.24149568899046545
232,1062,0.2407350321033391
232,1562,0.23535901834910866
232,72,0.23284765038181179
232,657,0.23090464151156204
233,1977,0.36679038164603295
233,1512,0.34707669447635692
233,1962,0.30407344983170786
233,1667,0.29969283540164954
233,346,0.29635103956507297
233,1212,0.28099805019212948
233,1307,0.27592880154719174
233,211,0.27374048489279518
233,1043,0.27212001150704807
233,1201,0.26724935102386527
233,1641,0.26223653016925441
233,1927,0.25847723934776606
233,894,0.25644997344121551
233,1140,0.25640914960616179
233,1466,0.25609264048635999
234,1810,0.41671589496670824
234,446,0.34964757303697064
234,1847,0.30688606190347301
234,1564,0.30687899221040199
234,886,0.30356317554702766
234,1760,0.29407042969080505
234,203,0.29078014343666403
234,1745,0.27599473277224351
234,517,0.26777058718667501
234,1752,0.25856243468222606
234,1979,0.25508965278342982
234,536,0.25289164625023375
234,1459,0.2518397072908915
234,1872,0.24793614783269352
234,1685,0.24498254760746166
235,958,0.3728042185118251
235,13,0.32510706343961648
235,429,0.30011987857196071
235,1711,0.29330254531053457
235,710,0.29232054852085515
235,1404,0.29209153688200046
235,612,0.28815939959465148
235,342,0.28731767220190368
235,1439,0.27429243264032743
235,930,0.27190508668548741
235,1292,0.26292731169728295
235,721,0.26156309658001697
235,821,0.25578365290399319
235,794,0.25160438247590766
235,776,0.25038994121061287
236,1288,0.35500361771611039
236,967,0.33585708950642434
236,60,0.32881441037601034
236,1470,0.31941089736680062
236,600,0.29764851977749035
236,1559,0.29479246258480163
236,61,0.28501024145084652
236,1856,0.28051480172125565
236,178,0.26226793226880962
236,8,0.2599467560318745
236,1157,0.2556370652630357
236,1238,0.25045871318612517
236,1033,0.24726373293192813
236,1507,0.24714905165200077
236,177,0.24211696540993688
237,886,0.38909586942143076
237,1979,0.37294598301369225
237,1745,0.36309664436214334
237,1365,0.32275599100305463
237,37,0.31321736341454776
237,1170,0.30218714076755021
237,283,0.27593621958189224
237,1519,0.26567222166341148
237,536,0.26262673655344032
237,95,0.25852340963894499
237,1120,0.24412924457729615
237,1520,0.2407639861211017
237,403,0.2311435437472816
237,11,0.22818464073038769
237,464,0.22571471473334315
238,223,0.34780250317267558
238,38,0.32757485635587574
238,209,0.32276583219495347
238,942,0.31869554118726073
238,1273,0.30226125399682324
238,844,0.29532616627275976
238,1604,0.28420264916134663
238,1283,0.27006996061458682
238,1471,0.26316547630830206
238,572,0.26255894876453495
238,838,0.25950879969086527
238,466,0.25580945992192633
238,242,0.25275930368871652
238,1728,0.25189519986073167
238,487,0.2402973272953278
239,835,0.55398389264924885
239,22,0.33604523028993416
239,1615,0.32856365288221295
239,397,0.32341958751629918
239,1012,0.31714308297844507
239,184,0.30936943545849416
239,274,0.30826071175316966
239,245,0.3047501735704275
239,1636,0.28347426389011193
239,1413,0.24498994878774408
239,195,0.24353864358391894
239,1076,0.24021675747418789
239,689,0.23211788344962489
239,1949,0.21877355353801439
239,1139,0.21622140385900471
240,1024,0.42944363803691948
240,1890,0.33533085220971104
240,1674,0.33166130878706102
240,601,0.33054914456674545
240,177,0.27863839506621596
240,849,0.27753040316261723
240,1093,0.27473066968454979
240,157,0.27466113442579881
240,480,0.26350278209339789
240,58,0.26150651318302448
240,1506,0.26045760846801763
240,538,0.25841845736884089
240,1349,0.25444786404813086
240,25,0.25371675655588211
240,1141,0.25173710542337624
241,178,0.49411328700325363
241,218,0.31505220037586235
241,1674,0.30699526795271925
241,1007,0.30371408093226276
241,762,0.28651546857421201
241,58,0.28503594440587138
241,967,0.28319541287174316
241,742,0.27716071141115017
241,753,0.27579762715019618
241,709,0.26903272093697861
241,1349,0.26351783609065743
241,1033,0.2631277391104283
241,1470,0.2612546591458646
241,1172,0.25936896766124579
241,1442,0.25711405195681974
242,155,0.34034191429311816
242,1295,0.33510267189335419
242,92,0.30595615130247622
242,1452,0.29680187154693932
242,1284,0.29423848095187161
242,113,0.2893396084222899
242,803,0.28650206388144051
242,145,0.27899566469031917
242,1992,0.27840870787127914
242,1094,0.27381671783219441
242,1819,0.26217552795898974
242,1276,0.25804291697458309
242,501,0.25075776128859267
242,293,0.24995268245919558
242,660,0.24680371887758532
243,1157,0.31646069364935364
243,1859,0.30686765121821397
243,1935,0.30095426115770746
243,1841,0.2924150726185501
243,922,0.28818857342621584
243,600,0.28786260774845446
243,220,0.28586182435401691
243,60,0.28196204862036334
243,1753,0.27722691093276602
243,444,0.27141904705760878
243,1248,0.27013482825716473
243,1510,0.26302309391381057
243,1635,0.26252467014331993
243,462,0.25949585005957237
243,1323,0.25895693733303565
244,1533,0.40043884038501637
244,1882,0.35642393381253296
244,725,0.29151294135186223
244,513,0.28909679383705206
244,219,0.28623081276974072
244,1884,0.28422270661301813
244,673,0.2837156272825952
244,846,0.2788835637597476
244,1577,0.27778624336017899
244,699,0.2768123713339527
244,1878,0.2665336823732401
244,570,0.26378772190714989
244,1340,0.25155376381824596
244,477,0.25124394870690414
244,1994,0.24908618586804673
245,828,0.39958528138311705
245,1607,0.3447385180832826
245,48,0.3443594972162467
245,1602,0.32996051836556983
245,278,0.2929261465242089
245,766,0.28823710424305876
245,1720,0.2802826678163044
245,415,0.27711452649556861
245,1669,0.26646092937245447
245,1664,0.26624721822184466
245,599,0.26241333333958128
245,1586,0.24590698742050268
245,1484,0.24122396991042608
245,716,0.23574543482250448
245,957,0.23128136889892251
246,1513,0.39323211893607479
246,415,0.3728902762237461
246,1665,0.30221722273809637
246,278,0.29345583581095985
246,1725,0.28742244445469262
246,1303,0.27715966652174279
246,1116,0.27335346821428358
246,1184,0.27241715073606609
246,1122,0.26968127615842818
246,503,0.26518500236849124
246,1557,0.26104537743175799
246,145,0.26066476846950554
246,1297,0.25991673053314857
246,340,0.25939040829242527
246,1906,0.25209874810647392
247,201,0.34239503052829451
247,1052,0.33655164500452656
247,247,0.33429144536420996
247,1154,0.30377096223544758
247,511,0.29174913934292329
247,135,0.28674644643150587
247,1854,0.2828697887467152
247,418,0.28087699228171242
247,1458,0.2701566856762479
247,1508,0.26790773769668597
247,1574,0.26090041434211086
247,15,0.2587463023736204
247,151,0.24806918335353978
247,320,0.24327859380069081
247,425,0.24097576209549162
248,604,0.38160838870472752
248,521,0.35422596013819457
248,446,0.33430969143190675
248,1810,0.32261096618522639
248,1538,0.29490363954332516
248,158,0.275535116332081
248,822,0.27146712688204472
248,1972,0.26912743447861903
248,349,0.26557808889987755
248,1610,0.26243601215385964
248,1685,0.25668115756412829
248,1564,0.25349603330116316
248,1847,0.25197616841760428
248,203,0.24880934022672563
248,280,0.24573205131926465
249,826,0.32478488825848673
249,165,0.32080436956128572
249,1948,0.31071492831786485
249,1547,0.30889584622186961
249,526,0.29201429313379712
249,1998,0.28211571916965822
249,1459,0.27944056312198612
249,833,0.2770751243171693
249,877,0.2762155683821772
249,378,0.26526417315319784
249,1243,0.26454476183095521
249,755,0.26394377364589999
249,414,0.26379875768332745
249,470,0.25566656488905415
249,1685,0.24640344032179623
250,1633,0.41452328178675762
250,131,0.40697927544150725
250,0,0.29923969247026216
250,306,0.29463146370577981
250,1678,0.2928024783405197
250,1612,0.29182562248139698
250,613,0.28285586572897869
250,912,0.26830728578737267
250,1852,0.26615163880651127
250,1808,0.26177118454270298
250,1921,0.25620475853949426
250,1542,0.25575814637972794
250,1192,0.24871907950915756
250,376,0.24245430206848143
250,1380,0.23919098684124834
251,1323,0.42551289130418801
251,918,0.39765764730733572
251,871,0.32386607000481338
251,1642,0.29573591659892423
251,1352,0.29222901983704591
251,769,0.28000912758967544
251,177,0.27811416866647654
251,1399,0.27479230493130158
251,1496,0.26690730223739145
251,402,0.26096048028119545
251,1478,0.2528508913613407
251,161,0.25161290009615866
251,1507,0.2511873198984601
251,1100,0.24164068859701363
251,1043,0.23933563462038476
252,1568,0.35503299524282972
252,788,0.31375237094939429
252,681,0.31010766742094942
252,121,0.30814336847018758
252,624,0.30375110705081021
252,546,0.29844816235630794
252,396,0.28514945942527675
252,1457,0.27479768106096131
252,1873,0.27373227667225053
252,471,0.26267166860006458
252,450,0.26176105603203476
252,1673,0.25897771929951707
252,686,0.25763726259462322
252,661,0.24916269145230918
252,861,0.24879212490885816
253,1218,0.3292859653762763
253,1733,0.32069758557900574
253,161,0.30470414236129972
253,1743,0.30280469112988223
253,1853,0.29774710009389987
253,71,0.29126115870580499
253,393,0.28372329201750596
253,892,0.27351540325937274
253,543,0.26901342922967286
253,1588,0.26678632487850262
253,1323,0.26513714587411252
253,1486,0.26422250943151437
253,764,0.25971351521129882
253,148,0.25916351345036492
253,945,0.2484060871337323
254,1715,0.46975222477653594
254,1030,0.36181200851242612
254,1295,0.34008476519702346
254,655,0.2967841190959577
254,115,0.2961506429343253
254,1268,0.28813168044719517
254,861,0.28032121925133185
254,664,0.27453821568863146
254,1696,0.26413283477120336
254,401,0.26321106629019481
254,242,0.26080074321212743
254,1069,0.25561192091129115
254,1974,0.24839139871055721
254,274,0.23873314756452824
254,689,0.23818025534576256
255,1135,0.40557582212078075
255,1187,0.35732657209991608
255,160,0.35201354543821706
255,1122,0.34387155636236233
255,1124,0.3240740365931648
255,935,0.32393392847773889
255,953,0.2700261747551323
255,1526,0.26872024214397461
255,340,0.26208532168345605
255,530,0.24812122166617756
255,62,0.24172829588511813
255,1611,0.23446774571232704
255,1777,0.22827859678169315
255,40,0.22691523859869084
255,1022,0.22533191239345962
256,722,0.36709810532303927
256,1666,0.35785751483929212
256,1183,0.30761108893878031
256,164,0.3051781701862622
256,1797,0.29951799013407343
256,922,0.29605275893226402
256,771,0.27832482043862627
256,643,0.26954673438624782
256,478,0.26811745109196583
256,1328,0.26567433451773342
256,1534,0.26047423250796953
256,819,0.25609229511841719
256,253,0.25456749701612214
256,371,0.24500185147015044
256,1743,0.24287136016342273
257,1692,0.43808137795940177
257,1468,0.31870213424763782
257,346,0.31620606539812368
257,1449,0.30669109183990423
257,1360,0.30070463001915876
257,894,0.28804243380382283
257,407,0.27993487329620548
257,164,0.27899077377390358
257,1525,0.27638789173977518
257,107,0.26426451651386462
257,1328,0.259356972658638
257,1134,0.25818453968753974
257,1816,0.25536582441193173
257,259,0.25489951988529275
257,819,0.24915264667206249
258,786,0.34868528376734553
258,504,0.34157965042981009
258,1167,0.32649252386909439
258,1575,0.32319537305960594
258,1185,0.29563008659466306
258,1251,0.28026731376962483
258,1168,0.27632891947318095
258,88,0.27003850650364525
258,895,0.26594175420601401
258,1357,0.26463706900713124
258,506,0.25657909351655156
258,1632,0.25459613115104801
258,592,0.25235998692639761
258,1193,0.25033529108559333
258,127,0.24890225120504855
259,490,0.39222470361517853
259,1469,0.31870734147747071
259,1364,0.31594904956007003
259,1763,0.29636314394591612
259,1778,0.29630337315839689
259,695,0.29376802487829878
259,24,0.29292439532088294
259,1180,0.2752680007924671
259,1203,0.27462105050271335
259,1902,0.26231535914249993
259,454,0.25878837261101301
259,1678,0.25752335553267364
259,593,0.25684332665423221
259,131,0.25397237402768108
259,19,0.25353858290132275
260,1387,0.45945110691520691
260,354,0.36606716409653239
260,95,0.35595459153895131
260,1988,0.34712266482972814
260,1406,0.33377464619566427
260,99,0.30531550253842582
260,1309,0.28824482982225252
260,757,0.25598005718499406
260,960,0.25303944833996561
260,1865,0.24031683941214066
260,101,0.23691921740507255
260,575,0.2359178794692284
260,1395,0.23308617473390281
260,448,0.2299271058921159
260,592,0.22522967728439763
261,216,0.41129972188601671
261,1041,0.36605777458144839
261,1251,0.32354697820553063
261,1833,0.31749526311743176
261,1862,0.29171238521331894
261,1892,0.2844116321171794
261,759,0.27529555156382979
261,1518,0.26359999280735147
261,409,0.26106532596360432
261,1354,0.25866865844767878
261,1632,0.25827310435401735
261,1072,0.25782852970481429
261,518,0.25064830187649634
261,400,0.24949274343577715
261,389,0.24879384147079509
262,40,0.33888710213739792
262,530,0.3320919164060685
262,1187,0.32153797623827929
262,1526,0.32064613731520458
262,1,0.31518064050295552
262,1611,0.29134727533864829
262,1280,0.27889783301152166
262,752,0.26575148520245662
262,1135,0.26488786510707829
262,953,0.26218141728089789
262,125,0.25738509492005912
262,652,0.25642728254010677
262,206,0.24705664796445478
262,399,0.2469300803742456
262,935,0.24657861110667142
263,1612,0.31841202781121436
263,508,0.31001205662721382
263,1049,0.29968426888491573
263,77,0.2978976370706895
263,940,0.29198446914703624
263,1973,0.28862448633497839
263,587,0.28825886037183368
263,573,0.28265817971897167
263,1192,0.27607499563828247
263,404,0.27235475458211378
263,1027,0.26930468751179948
263,1293,0.26274478134852214
263,1227,0.25940090278248495
263,1650,0.25801010685855746
263,909,0.24987956195310249
264,18,0.37263453160968724
264,1418,0.35110538726406137
264,1528,0.3382299759137179
264,298,0.33160796565753003
264,590,0.30765123031898983
264,1684,0.28842329513377807
264,194,0.27952264995034348
264,465,0.26980611598182525
264,1637,0.26676738174041681
264,1131,0.25546050307911278
264,659,0.25037362862042795
264,118,0.25027850683357866
264,56,0.24549762131014199
264,341,0.23900857536487996
264,1696,0.23316717649142527
265,1610,0.407787873947621
265,1668,0.33851333440148462
265,820,0.33331798687234288
265,1780,0.32448360133864335
265,408,0.32445480969458129
265,604,0.31248917793887415
265,1600,0.28911752452662864
265,799,0.27707988650070087
265,1564,0.25836176735856636
265,1775,0.2553424594137968
265,1127,0.25463837170401665
265,310,0.23808060180708684
265,1990,0.23438371200265018
265,1752,0.23373114038066023
265,1810,0.23290385388962714
266,1872,0.36240518270944422
266,474,0.34592865666328909
266,675,0.33346867471885216
266,556,0.3250224807738728
266,102,0.31550268823511174
266,414,0.29359746855030422
266,604,0.2829148164712057
266,460,0.27074629076203838
266,104,0.25603551815183268
266,1279,0.25402001781764688
266,728,0.2513107388018001
266,400,0.24772327417677295
266,755,0.24717787013831968
266,1601,0.24413197431607347
266,1780,0.23931519193050252
267,864,0.36098175358934587
267,946,0.30715963659434781
267,355,0.30403866563994913
267,41,0.29558597983170321
267,1109,0.29302212491137758
267,302,0.28914702618854615
267,1866,0.28598866866867229
267,1098,0.28017701967437109
267,315,0.27352365051435418
267,1601,0.27050748613727876
267,1872,0.26760379150973368
267,1706,0.26661864023325249
267,57,0.25870836330984631
267,392,0.25751564807837457
267,1422,0.25728759097741077
268,1539,0.3227343244913452
268,1837,0.30940852670651225
268,867,0.30939060925366674
268,168,0.30685262122262419
268,1473,0.28096056223553556
268,818,0.27947535518916689
268,708,0.27641375759676401
268,277,0.27620056395790393
268,26,0.27549605208233863
268,468,0.2740743471231204
268,1376,0.27058748910140529
268,1247,0.26811838026229429
268,1648,0.26155791492044012
268,796,0.25957401554153181
268,1578,0.25878977909478795
269,16,0.37531115426290335
269,588,0.3353816947112615
269,682,0.33115305201500916
269,425,0.29987956096808732
269,729,0.29572874542539523
269,186,0.28532393979520798
269,1902,0.27562093924100189
269,1773,0.27469734606561519
269,605,0.27439597801683846
269,441,0.27066030719095246
269,1854,0.26718326078333882
269,657,0.25838232285848228
269,1921,0.24893071014521037
269,1149,0.24657804941894981
269,1180,0.24297225039679349
270,509,0.42928549607114352
270,662,0.3925411025157593
270,605,0.31920358606535054
270,217,0.30708703494451994
270,196,0.29686011646603094
270,1441,0.28770395509351654
270,1701,0.27867399748281252
270,1854,0.27058348307045776
270,418,0.26803795897497612
270,257,0.25989249796697594
270,773,0.25769671937073951
270,959,0.24725333042590983
270,1062,0.24620683691458883
270,1981,0.2425316439024818
270,225,0.23262345750542215
271,1905,0.3629383113954841
271,1023,0.34590932982887657
271,645,0.33465963778153607
271,547,0.28932859742198547
271,1529,0.28680188048609562
271,1746,0.28607036517089213
271,342,0.27772109143506318
271,1136,0.27277861578809398
271,1467,0.2655969383590418
271,709,0.26340202405140872
271,1238,0.26145311031324531
271,436,0.25690905020907812
271,805,0.25664727092992828
271,775,0.25662769603203739
271,1966,0.25298222538053694
272,858,0.38857115932431124
272,969,0.38416047017771632
272,1938,0.38387113483852942
272,878,0.3832416731766195
272,1695,0.37921044333090959
272,285,0.35804635824252323
272,531,0.2723270884436037
272,1467,0.25700444694024355
272,296,0.24092279015949963
272,1439,0.22506675156910708
272,1399,0.22484831968697871
272,1248,0.21089811695645111
272,214,0.20162129528404951
272,444,0.19308964783255469
272,1853,0.19259150210084777
273,1371,0.51299458149957
273,1116,0.40394831735972475
273,903,0.36277816062822388
273,1690,0.3204092593354107
273,1584,0.30428928973941832
273,505,0.27723471379308834
273,1855,0.27580314163686592
273,1720,0.25723824891137292
273,341,0.25581206721142946
273,1725,0.25047727554167182
273,838,0.24675331364552527
273,52,0.24347640335800325
273,1787,0.23877614693631108
273,340,0.23576819786879302
273,1669,0.2341174652851967
274,535,0.45864448009174591
274,1912,0.33941890384598522
274,1153,0.33751838248773347
274,1636,0.33411062794708302
274,49,0.31204975702462828
274,804,0.29728721662380875
274,1030,0.27719678035330553
274,1992,0.26694607785669722
274,803,0.26325373490762743
274,1937,0.26034095500929239
274,664,0.25709382814333642
274,1268,0.24753314795268946
274,18,0.23835728997688707
274,577,0.23811369925000833
274,865,0.23766161368344871
275,1248,0.33582702613403043
275,722,0.32873130186899457
275,1399,0.31909382373522782
275,1608,0.30559495469846309
275,922,0.29881954738354033
275,188,0.2955474367389791
275,164,0.2916226564258485
275,531,0.28570141928986098
275,1534,0.26557391356201665
275,1265,0.26457337008800258
275,1704,0.25707184023660812
275,1743,0.25582776865009205
275,1486,0.2497917152049931
275,1123,0.2465212877999727
275,1797,0.24242778735911488
276,1417,0.37983195219949878
276,1144,0.31812258291682932
276,1198,0.31301493111839285
276,85,0.31249871019588427
276,1698,0.30353973777244703
276,1849,0.28889732931997064
276,1145,0.28516773183033922
276,1712,0.28502208727531675
276,152,0.27527798944449688
276,68,0.2722257845283485
276,1524,0.25301751151818658
276,1739,0.25156614542415534
276,1755,0.25146181745701479
276,133,0.25031767429392721
276,1988,0.24675430830576114
277,549,0.46256062283397853
277,1333,0.41738954910404619
277,1030,0.32039382886003226
277,18,0.28975174656530356
277,22,0.28254836505790765
277,1728,0.28117131676844875
277,274,0.27831225687602928
277,242,0.27636913070559632
277,194,0.26735158228962486
277,590,0.25789034993477344
277,1085,0.25662686594520112
277,1283,0.25634733317237579
277,1194,0.24896141689552628
277,298,0.23956744692338283
277,1253,0.23421742993477632
278,124,0.32978419524333169
278,1690,0.32455413741800132
278,1855,0.32384786371901753
278,1116,0.31224364253205733
278,75,0.30899337393558507
278,1371,0.29625851074906867
278,1546,0.29041069393527957
278,523,0.2843332320926712
278,1725,0.27010523984267448
278,694,0.26494632383732158
278,572,0.25252849183667914
278,1284,0.24879573021215057
278,1096,0.24683912285161508
278,991,0.24262710401588092
278,1389,0.24040833141730916
279,661,0.39778656952942781
279,1665,0.3785616427940327
279,450,0.32759491315255734
279,1362,0.30353941607470886
279,1967,0.29800787728313699
279,1250,0.28822140710532307
279,382,0.28533980737225162
279,212,0.28419032896077295
279,1568,0.26581176228862974
279,1873,0.26541475278661691
279,396,0.26515414724346936
279,415,0.24373857872839591
279,1681,0.23722903517304661
279,681,0.23287764753817866
279,546,0.23121112685137227
280,1075,0.35623382305990936
280,432,0.35334949947609867
280,378,0.35206229819397761
280,1585,0.34838115758867444
280,287,0.31444683243427229
280,1987,0.28611752238610305
280,899,0.27613757972935921
280,1961,0.27109974892737526
280,1312,0.26236466223096749
280,1904,0.25550364291295802
280,57,0.25501278084538459
280,74,0.24536706527609639
280,1926,0.23230464708358642
280,960,0.22761197557101681
280,354,0.22713934599231886
281,1511,0.48069910081647732
281,776,0.39718922924817562
281,1635,0.34870632207918428
281,333,0.28584774700022242
281,922,0.27839782935720697
281,1935,0.27760973878827389
281,1841,0.27642446668611015
281,1091,0.27150772901131404
281,1259,0.26724681974610609
281,1567,0.25913102817780093
281,731,0.25547939855029833
281,1479,0.25231463261122605
281,1663,0.24774086825088576
281,220,0.24584870023756086
281,925,0.24345443288609156
282,1642,0.39294011106517451
282,1478,0.36712690236929957
282,871,0.35620042857731682
282,999,0.34262354501552789
282,327,0.30137224498136556
282,1724,0.29851724531361273
282,1676,0.28586129326297777
282,1625,0.28091427694153848
282,1507,0.25928372270439431
282,87,0.25601415951850648
282,769,0.23754908806040603
282,1059,0.23229798318445807
282,299,0.23226787069318189
282,365,0.22967309782889356
282,1839,0.22718595667783542
283,1050,0.45272179412902014
283,988,0.35584823079183642
283,549,0.31366108149085364
283,689,0.30706998342584035
283,1194,0.29426331670978439
283,487,0.28668599943835321
283,779,0.28060488064175088
283,79,0.26638007538311181
283,336,0.26539701060125759
283,720,0.26073418305134877
283,90,0.26055373485860778
283,1273,0.25675781902432093
283,491,0.25419568895583528
283,274,0.25287711550293707
283,397,0.25186469585751264
284,1571,0.4096195898038445
284,1518,0.32118933553599988
284,1061,0.29938154507660819
284,699,0.28136217905077571
284,1002,0.28047690473153369
284,1697,0.28007465117266311
284,653,0.27925029662760115
284,1224,0.27512117388284885
284,1521,0.27385791851740443
284,190,0.27130007677982743
284,904,0.27051841452958658
284,472,0.26921925801774882
284,1198,0.26842746033770948
284,693,0.26838476656225646
284,1577,0.26832636165744911
285,560,0.38585528818927489
285,1531,0.36629809371792388
285,1119,0.35628362639089839
285,1798,0.29008641183360201
285,1680,0.28810630040953833
285,1490,0.27459408028909016
285,151,0.26870176680660335
285,996,0.26550593041801795
285,19,0.26436669097715815
285,257,0.26078110494923878
285,306,0.2566713297187932
285,1622,0.25562501286629147
285,593,0.25551558686726439
285,1062,0.25288136097456376
285,1364,0.25148197963974234
286,1545,0.39668153749495144
286,1063,0.39237865376530701
286,1502,0.35834930053116892
286,1310,0.32681101236711019
286,1918,0.32325145348720219
286,1068,0.27948017394008057
286,1124,0.26966645084374213
286,636,0.26076842588180937
286,1999,0.25977181075000416
286,683,0.24908888123250283
286,1,0.2431091479907096
286,465,0.23792207305885618
286,1807,0.23722172852362577
286,1556,0.23455617203030821
286,652,0.23451053835336966
287,746,0.43080630004775633
287,1004,0.42855989965286706
287,711,0.32742406127192158
287,1630,0.3181168268434893
287,364,0.28850650558522845
287,527,0.28181001742103373
287,1993,0.28148956566749644
287,1425,0.27649793972836112
287,1149,0.25040213910325954
287,702,0.24854800243486627
287,569,0.24841088485689927
287,1488,0.2482440616947208
287,1716,0.24350771347041897
287,588,0.23334825161188921
287,682,0.23202251568635446
288,872,0.35996527633410347
288,1447,0.34065337364949916
288,1211,0.3338969308319969
288,1423,0.3267062374792582
288,116,0.32074932332424289
288,1237,0.29415561880532509
288,1233,0.2900306235637502
288,573,0.28240080068929452
288,387,0.2615245189193437
288,241,0.24875121606296421
288,1027,0.24377080207839077
288,1763,0.2435762593931308
288,1942,0.24228153866811974
288,1909,0.24149329972373712
288,625,0.23689222339339114
289,1834,0.48731634028303528
289,388,0.45447945519365557
289,1332,0.33717058792702997
289,442,0.32958829942068529
289,775,0.32225816584208877
289,444,0.32136541838150212
289,1885,0.27985100639217458
289,1947,0.2567104414062516
289,1666,0.25039006128689018
289,1751,0.23247677215544901
289,1449,0.22853244189797736
289,1416,0.22764390873534041
289,1809,0.2260645573196704
289,1534,0.22235832475177969
289,1277,0.21799150753733737
290,1948,0.33708456853106056
290,1279,0.33448499517934915
290,95,0.31632924366916099
290,1392,0.3062536449618965
290,960,0.30290086750363182
290,1456,0.29286540327659666
290,250,0.27724078392361146
290,1732,0.27685507145239713
290,1459,0.27363194360811616
290,552,0.26822911865498639
290,1267,0.25864077954755793
290,302,0.25083405591270669
290,1760,0.2506591063620377
290,324,0.248990481661753
290,1025,0.24897258216101265
291,1915,0.35383507620120958
291,770,0.32246127777602307
291,1846,0.31930418138969108
291,644,0.30616139801297343
291,11,0.29879109027159995
291,1261,0.29817181040142365
291,230,0.29109256076988221
291,28,0.28453004432566242
291,1015,0.27141071257520893
291,315,0.26893888443015634
291,133,0.25733411448169141
291,1054,0.24868042602293158
291,1939,0.24830004332976757
291,1127,0.24710779758081697
291,1434,0.24460255769684167
292,1600,0.34450159043887191
292,408,0.32493184077810061
292,1907,0.32237486980556779
292,1668,0.3075100509725025
292,928,0.30700841607403612
292,66,0.28379480634533455
292,1847,0.28213980382176729
292,203,0.28135557762718022
292,1610,0.28056725518803688
292,1564,0.27148949578980824
292,1752,0.25811319001268546
292,1990,0.25213942702946601
292,1148,0.24776000049406111
292,1760,0.24540632185886799
292,481,0.24230669415208991
293,482,0.36405213265790431
293,1523,0.32951413577825489
293,1688,0.3079974890647264
293,940,0.30691680996096488
293,793,0.30294940080984928
293,1293,0.29843644869651126
293,1945,0.28388583204625667
293,658,0.28116321522938204
293,1473,0.27454955041929796
293,1599,0.26235023557275783
293,1860,0.26049012612861167
293,1734,0.25751876197912565
293,241,0.24981045735877028
293,1877,0.24608823620962381
293,792,0.2452186466014365
294,795,0.38937271593344597
294,1143,0.38385582245432415
294,407,0.33856943474776724
294,1968,0.30373723226704735
294,748,0.28953373238567554
294,643,0.27444777896118078
294,1828,0.27374978933265953
294,1816,0.26918489173724208
294,782,0.26628938894905835
294,1134,0.26387820946240298
294,1719,0.26052747656431902
294,1332,0.25380806004144657
294,709,0.24634874232677242
294,46,0.24608323128092705
294,1900,0.23687120380519885
295,979,0.42246811333995243
295,1014,0.40767580708764917
295,727,0.33509915700044163
295,1789,0.30000459172075927
295,1902,0.28452942852441704
295,73,0.27734214040154548
295,1649,0.26805695670154261
295,1503,0.26544673410951236
295,729,0.26403270711900395
295,1380,0.25875413661887658
295,35,0.25566613908329783
295,713,0.2534804657039888
295,1741,0.24892298787360273
295,364,0.24518052847693175
295,1272,0.24269576299831658
296,1614,0.38755386949669363
296,130,0.35367281553370755
296,449,0.33566864793137213
296,279,0.32655167739819052
296,1887,0.29737541610990004
296,840,0.28746007074137808
296,883,0.27503641723183719
296,1955,0.2699645009245551
296,947,0.26888181716733922
296,254,0.26870783789382169
296,589,0.26047085403482861
296,165,0.24950606566991743
296,877,0.24412773833988308
296,1158,0.23775947550772031
296,1329,0.23171164278873105
297,1236,0.46451835858794144
297,1562,0.33874129864529812
297,1798,0.33597292935345269
297,0,0.32565976795882623
297,1699,0.30676861229069918
297,1232,0.29418874471649564
297,973,0.29294371091866189
297,676,0.27689843824402349
297,1505,0.26309318083930261
297,1421,0.25230847613426916
297,610,0.25058616833940289
297,435,0.2501775502782187
297,729,0.24212022576388903
297,1852,0.24106109868960882
297,708,0.23637445041930868
298,531,0.51016166721811207
298,1248,0.41608085263908556
298,177,0.32610264906230363
298,1399,0.3001757233907697
298,444,0.29527252930859782
298,740,0.28984467730687608
298,878,0.27983066681810942
298,1024,0.2733114967505349
298,424,0.26246407341707473
298,1938,0.2576868649673662
298,922,0.25337834239191742
298,58,0.2427723996204999
298,917,0.2391621469480226
298,1496,0.23602644286353028
298,1930,0.23478263101121949
299,157,0.3627319886120815
299,1024,0.3481341326112336
299,402,0.32422492419743754
299,1619,0.32140599069061121
299,208,0.31843965885556985
299,1141,0.31526752630499494
299,910,0.29419818148970039
299,107,0.26914472674580214
299,445,0.26201278171747405
299,1093,0.25390327234783289
299,1321,0.24925759614307422
299,1339,0.24875328160820689
299,1342,0.24655497926620396
299,177,0.2316152077883451
299,623,0.22398209831650756
