-2.2051056787424472,3.0538851349197889,2.4174140288576429,-4.507828446400997,5.8315652774858053,3.009968177419676,-1.3740297364432879,1.2356683150553875
-0.23319546878303599,-2.7359626382859199,9.3337440884815397,-3.3251161955818294,4.4504545172390158,1.6888582404041317,0.16757065615624211,1.5419274652496657
-1.3080864322238481,-3.4063121971914887,6.4292501564780773,-2.059837875556739,3.7134960682390776,0.58105745411122156,0.25214114408292387,-0.22105485514135073
-2.035724241170195,5.1834824684200571,3.5795988171025863,-5.4471161414963447,7.0876784875135694,2.2549789332063268,-1.5880245227013443,-0.745003960990127
-1.2098875805831923,-2.5319887547804329,8.2538865848395915,-2.4664178891262525,4.6190029373930637,-0.15123872307131858,-1.680200416548979,2.518454826590435
-0.55094548057384563,5.2047891298467821,2.7359925516773993,-4.9476277378778271,7.7197839909102193,1.8889849118660493,-0.067848490772411396,0.89368743158793418
-0.15530895721067139,-2.7537635119754613,9.5664170784314244,-4.7325013325960157,3.3498107936492678,2.5715768315122185,-0.63551790923219476,-0.92667631663164562
1.1290553761194579,-0.15979786981964647,-5.9071223071858725,-2.1065485182327026,-6.4437080330422694,8.4735397815091336,0.35170221936642843,4.5053178468838926
-3.6324481842895584,0.23417971700406626,4.6525714051952169,-0.0921095290295873,1.7901516491887131,1.3905807769602012,1.3263959703560833,-0.38140038511681618
-0.97717676181266211,-2.9506568093526684,8.1907181247333494,-0.8954880519892543,4.2603682048347205,1.7216111736693851,1.1700285957220284,1.2186886124982386
0.16925049647783941,-2.0562702375083868,-4.5650735342440374,-1.097547506299505,-5.5316065780409458,10.002849778994982,-1.9725545082939284,4.0291135080606963
-0.97406763226974435,-0.65871926640941381,-4.138415488933874,-3.1699357369585344,-4.5981107912911288,8.5177283338517071,-1.695599386468484,6.0038790223783778
-4.9407735727395412,-0.21691548328527011,3.3106841528984834,-0.90578731867007256,2.6193048756144757,-0.9246508248277534,2.4811795078920453,-0.00067053750134044715
-5.1959674441342774,-1.2836458840095706,5.3160483737106583,0.5029519886901912,3.6318882664293697,0.47219385111853773,4.6890283815766747,-0.50516824904229296
-1.5028293970651037,-1.9797253166229356,9.6676187520394645,-3.4274628440807859,5.234857895342147,0.51206252804797647,1.1138666392708592,-1.1546856278674393
-2.2961670486924066,4.4101166331562212,1.2947041346045669,-5.8945241379883289,6.4280663229783377,2.2358270822013813,-0.99889926675483476,-0.079142576854219215
-1.0057368818250811,4.4163285895879856,2.4790227253638251,-6.4293326084557076,6.6806924352009931,0.63115092545213791,-0.73755767661766924,-0.71373067602181783
0.42105993603436831,-0.98792343057752241,-2.8239415336447276,-4.6406472032555239,-6.1007440817769352,8.5512035278716017,-0.81792746114520953,6.7412141763604101
-0.43012769480005753,-3.8164741576226682,7.7716871429079406,-3.4545371462669698,4.1509302342729217,1.5950844170731835,-0.84164975697095779,-1.4506345399055682
-1.4300658203176311,1.9875435580616712,3.3394990582723292,-4.1902106141920132,6.2869397120828436,1.2086359370988824,-0.53390706874343319,0.54552523836735378
2.2720947824766915,0.52281779661254335,-4.7886625398287572,-1.2469659723175497,-5.6352121415041161,10.061961510951564,-0.69824500302811221,7.1407039142046491
-0.4938986902104463,-1.9251738052265059,8.64125228026343,-2.5300752194414033,4.7947279419901019,3.3777353178073781,-1.9927027851159536,-0.063951381037955446
-1.6432214787521018,-2.4071227894737799,7.5119045627434264,-4.1174462016569091,3.6104608410105512,2.0979873565756133,-0.97548375092813899,-0.68788671398716961
2.4420145115367373,0.59065237039817386,-5.6337753995944642,-3.4824875089539002,-5.4362459660883617,7.6893795253701311,-2.2066069483376363,5.7927788592534561
-1.186724477393263,3.0855946235379013,1.9723513932558725,-4.111903089371058,4.5303660250439792,-0.44921886491514451,-0.4176865865373694,1.9412244094577285
-4.7823340884951104,-1.0404111308473272,5.0259182282418031,-1.3539536222880919,3.4875497512995897,1.350195296660949,2.7111260537832913,0.70188274123697703
-2.278765147172729,3.8669302506898333,2.0587452527910708,-4.7306997222274596,6.9705539808593908,1.1294516576917402,0.53466536818619803,0.061475520399191415
-1.7034400189753189,4.7884451782774669,1.9890220742744273,-4.9199576239224969,7.3252632208424542,1.465060231915374,0.9216963200685514,-0.60117705607659355
0.16752096734404631,-0.52052791368826301,-4.2975676305303478,-2.8006707101380095,-5.2558073438276809,7.7974792292803023,0.017359946275640525,5.0489907899228177
-3.5479217726354415,0.024080761946476015,2.8990319186381317,-0.47126476656409844,3.7643690201365088,0.85753744294220069,2.7331675115303304,0.23927408386897878
-0.74868520568625552,5.809646640907224,0.92160995499193521,-4.9476776690100577,6.4551389978464577,1.2807957409995181,-2.4111095461949028,-0.88816426691972628
-0.19134242022613135,-2.9707557475158421,6.7878842156216708,-2.1274767311029121,4.9774963208670684,0.5036078517135818,0.63607501929486654,-0.063533577303913125
-4.8126106255017174,-1.9177057506467432,3.8948538666299259,1.1438516011111894,0.58657187465875715,1.7979427305782614,3.3317787909606502,-0.26973421913969747
-5.9917370681670441,-1.7782973792954715,3.7068602162722675,-0.64023780278952369,2.9588982586594601,2.8181002508251196,1.9873794853652798,-0.41244806976204434
-6.5429379807218897,-0.69232559263537019,5.7661164434443091,-1.3396525508196349,4.850483307505284,2.2078641946598374,4.8057944997131443,-0.33100799001353121
-0.073177976714009274,5.7509396565865538,2.8179883886519042,-4.3148360745488201,5.0854066279759991,3.0723498164512089,-0.91630447794782532,1.532155060743319
-6.1719260881922793,-0.79722674286455741,5.2572398171538639,-1.2272734725064498,3.4153981687787174,3.2678790002505655,3.4811020970475592,0.97745778896677171
0.91791980768895676,-0.58521761497654845,-4.2235730443727002,-3.2914445843153981,-4.6017923623928088,10.153985900840324,-1.6946314697279479,4.9624379579063174
-1.2603270059917533,-1.8436150232863002,6.9930951735302127,-2.8375019770248922,5.5399354141675747,-0.80190457858375086,-0.83805817855946585,-1.4474344678042266
-2.4375317516051442,6.3506597492744445,1.8042073215219725,-4.982296696124612,6.7789757341893901,4.1666392628773927,-0.44527036079751531,-1.6417737599464157
-1.7265544670244508,-2.8351332540127547,8.4234696781985381,-3.7649355365391042,4.1422814678184148,1.4294093872460749,0.59504836390655347,2.0897390722292051
0.29847839803569842,0.43042948334724096,-4.1887585621756305,-3.8062302365936476,-4.7218924673207541,7.5345041300383766,-0.28080390107161068,5.3739172852002621
-5.6166853991204038,-0.70007377313125618,5.4484879256258747,0.34953742705871838,2.6294935778271284,1.4201727702657614,-0.21130497917205826,-0.7741276926720162
-5.7121384387085019,-3.1155214120375252,3.3776710560964753,1.3767450726890575,1.8485937126505962,1.3499212906154039,3.3055889300709129,-1.3218273292613867
1.0095867706735822,0.93169623004348823,-4.296949377743716,-2.3671802000637214,-5.3943603747020319,9.3881149505489354,-0.28108115817534229,4.8150176056579506
1.1991262971845642,0.7411920481829265,-3.0584176592128123,-3.5020725875630543,-5.3143086586349755,8.6032001303536028,-1.5181287481947985,5.4476956943580692
-2.8670473538236356,-2.0825175314972117,2.9261329660808548,1.3810431635556446,1.9946846209183378,2.0949525939399987,3.3919637600154791,-0.0012541804396856635
0.56609634563014199,-4.0303172081553793,8.2148263037654399,-2.8258267257301801,5.1579578565526116,0.88605502442884609,0.1274969247141125,0.52238839783945612
-2.4362800168740271,-3.7285688004539201,7.9886154536346883,-2.0605978902220796,5.493135751210855,2.3311179319694411,-0.092882289075430224,-1.2280405844271585
0.35178815310670863,-3.450691513348382,8.2101997061177627,-3.6311150864592401,3.3115287997093366,1.6298338315392749,-1.8744053498417088,0.32788748744921997
-3.0935358212753838,4.7458335038466153,0.21970511332947584,-6.433109399993544,6.8365019541790693,-0.010651474250864323,-0.83222919948431517,0.15181735988269662
-3.3072815861139642,-0.53436902899045213,5.5045254702428066,0.225248534871375,2.5828007330229283,1.7671229809931597,1.4305799605505589,1.749494986862453
-2.5027218967422211,-3.7508139911592338,6.4055359444300661,-3.6045147300902882,4.2072310781932591,1.7670207624691738,-1.7712822790549638,-0.6398639381290685
-6.2005838659020132,-1.4563570468870668,4.3880381092594858,-0.50781132479690427,2.3270581895467819,0.32628067152283635,1.3474041112091855,-0.29527964853961708
2.5958589487111694,-0.81294678610328286,-1.6917399345781567,-0.64284309457255207,-5.634136529209222,9.451867396459722,-1.3115727228266372,5.7789756226624789
1.5589606550489687,2.4222723505794912,-2.7389608969055672,-1.4543482346132912,-5.1959729566052175,9.7895436852997211,-2.9683661846135156,5.8162354618813001
-1.4031942638176063,-3.3072199708778665,7.525052488040731,-3.2507737620001187,4.8197178011433373,1.6533278816984907,0.11884293625297759,-0.16307956550641167
1.1608738757829193,1.150896458119673,-3.5155824890981919,-2.7352761966637518,-5.3342637587501498,7.4984343020989268,-1.3998187983668458,4.8010577488537622
-3.8909126502466664,-0.66076748543207398,5.695988833266159,-0.35681138470316176,2.9172962620339655,2.6149794854651365,2.2316524822200936,-0.43668207582602703
-2.170242370891593,4.8664028771399819,2.8509407353839986,-5.1797894851438899,5.5543201484292561,3.8028660996817938,0.64040402141021169,-0.31639272728197954
-4.0961710735076533,0.67960569805259019,5.0523911480225934,-0.13121449570632709,3.5516919100578632,0.39191253846944152,1.7485384599463325,-0.57092895034135238
-4.1211030455688578,0.96677408075191495,6.52855614695964,0.59773347670297183,2.2387002842122774,1.6247773109846402,1.5100640041708506,-0.53019125526313304
-1.8890597252792038,-3.4150904239747097,6.8413353691162158,-2.8275392101586201,4.1660015731462545,0.83342508917791414,-0.22745296685062866,0.60597059252618868
-2.997109544398282,5.4079740813284234,2.9720233217012679,-4.6953351206645184,7.1730546355517815,3.4737775042369234,-2.0221503548563282,-0.29580781086465346
2.2817270889536321,-1.7266456031896866,-3.3539893732989348,-3.7357628681959278,-6.222221712890482,9.3345648829764833,-1.0672592620859955,5.9389677720682208
2.6083704327445005,0.33277048132944109,-4.0968423456147951,-4.0007580295758851,-7.6261442629215086,8.8206548128380273,-1.2750307750957757,6.3215703922838227
0.066301203171188927,1.4733715692700433,-2.7850136023690997,-2.1061814998374233,-5.6095149526524732,8.1552430961630318,-1.7834386215986906,5.8148913384177874
-4.7592328207392178,-2.5647688129331767,4.4199485026890155,-0.43699042439618851,4.4549355298574236,0.42695319497009443,2.8102772916707384,1.471636156099194
1.1715306378622956,-1.5984436539685518,-3.8994278236382502,-3.5926322338917549,-6.6251565988183909,8.6914372978383998,-1.7015304123270423,5.1637030982647207
-1.3144396726270131,5.8965865287810084,1.7796307209770359,-5.3101396431362335,5.942960840891498,2.2818574215945833,-0.99739245580176328,2.0440390484418058
-2.3477459044026321,4.6381593366036746,2.6366962084417493,-3.1233901738195478,7.270023486072148,0.97111338252193002,-0.49492640783924502,-0.71301917105643953
-7.3290572364340036,-0.81917127211874274,5.5800623087864762,0.59408107828599643,2.1933337877450136,2.0790169240825804,1.5729623941082225,2.0289713281892583
1.2510109901395221,4.6207058320287722,3.5552531494119117,-5.2018048543560296,5.6405383462224332,1.3124660278245206,-0.12192674094897715,1.6941294403131526
-0.71041068974052146,4.4439419244233092,2.3999414229140394,-3.8117176168547044,6.3158684107199798,2.3298655126560206,-2.1059640162282909,0.053489767662353215
1.9853782897807546,1.6709720558331784,-4.3993422551868653,-3.9620492681887609,-4.943987343448665,8.3061673532103324,-0.32235110479077733,5.1130485729892126
-2.5989895683237023,-2.7855587088519083,7.1138126628901253,-3.588721482427994,3.5333527058897705,0.423700227341827,-1.9539556204702411,-0.019139862592926302
-4.8295339917443645,-0.36740763537335719,5.7950391827589183,-2.0300532761518184,3.4850143258992183,2.5242972725931514,0.28640216492755632,1.9151868405761694
-2.3993684902475692,5.585725290517666,2.8427922523205811,-3.3612793517780757,6.9426367495748673,2.350940335246805,-1.2094633984846521,1.6233650179270505
-0.1194783881140935,-2.2317337433203197,8.4045270996149082,-4.4863955666349771,5.0358558041214589,2.3237062623883555,-1.6764033094420165,-0.042753427961863516
-1.4172796536812529,-2.0241165872528666,9.1758872213843858,-4.0014603519039129,4.5715020896379466,1.5488530606421282,-0.46520919173543152,-0.10542456914337947
0.091007440139498685,-3.5405225568039711,7.4111829475003024,-3.6173044400755803,2.1169384605763506,-1.0732577590407184,0.12080183243122544,1.6192372181708397
1.4366715074169278,1.3118423616452528,-4.9802083075709138,-2.9079627154405228,-5.1340024890265932,8.3817777854719822,-2.8812281864351967,6.7111516694814624
-5.4292413781709623,-0.099064591187426498,6.4459907022471095,2.3305048659031002,3.3585622857707711,1.6656185976091669,1.1424404324699087,0.10621175835833448
1.7587507910711131,0.66900026315489491,-6.4383531460651611,-4.5041021798048648,-6.9116599184478673,9.3208423947541927,-1.3919541008563805,4.424258272183808
0.86225185771333923,-0.91903397628828065,-3.3770337695122463,-2.6837332644603866,-4.5106128448571488,7.2994540863167501,-1.350008299594248,5.4088349765994774
1.5424946177366929,-0.30424913584674895,-1.8998165824909867,-2.758686198113351,-5.6119939212517664,7.3961559208922569,-0.7429583128345002,3.8055432382820986
-1.5404105447940479,3.9209801605567929,0.80178610854395038,-4.2485130908120237,6.1456781446221393,2.4530446883403085,-0.054070156385955609,0.96976359009519442
-5.4018075338410316,1.4688737714380404,5.1177823956473869,1.1369045684003385,3.6095531247084685,2.5921648887266118,2.2064913453698916,-0.20103027782535779
0.027025204104583311,-0.72678365737802197,-3.933409258128636,-3.8667782036401679,-6.2881683781779403,9.9605573728754795,-2.0251856227138014,5.7600059840570639
-2.7147529080999582,-1.727386125219132,8.0357463851009374,-2.919359539807477,4.2725124969141479,3.8030475431846824,1.0788311466662868,-0.33098938429709207
-2.4372470932714476,-1.8502609117309554,9.0751730172552243,-3.4136020395855322,4.2382983403666099,1.0770994498919013,0.32379405971742325,-0.0028947735770471945
-5.360267269508209,-1.770904654218644,4.6025134435400927,2.054062748128072,3.1668745764052897,2.5885519166860731,3.2015330841270728,0.1769554589753069
-1.4321958415229301,-3.7444719936283088,8.7586715423329551,-1.7357901948885883,4.3034285606615752,0.61073523761264126,-1.2188205896709667,-0.077740136005532479
-1.9142905496488207,4.4645018724943508,3.2475695763897598,-4.5561355532372776,7.0644273569990244,2.6493169559587431,-0.73018447156149313,-0.50758225096680776
-6.155170501577107,-1.5828963331022807,4.6178169955422668,-1.0443446710553448,3.1968792815908107,1.6742570799467273,0.86837185831030839,-0.064467276596107626
1.1000724923321916,-0.1534921928303685,-4.3135329977698973,-3.0072376479434801,-5.0283642709946816,8.9839915830342036,-1.6326084319637277,5.0041106295387081
-1.8548516870081262,-3.1454128500696106,10.075351344631983,-2.3111570054519102,5.6232871756065439,-1.0158776209426843,-0.58034324380165181,-0.28249152613913758
-1.2686932504898478,4.485464730861314,2.9358287939996952,-2.9365429044365761,4.3139722916480245,0.69136144747029271,0.0039237049590901685,-1.1200065946047464
-1.1320937321028375,-5.5775185984431683,7.8473191995754341,-2.6591117218146088,4.2863497181709693,-0.3420366228801961,0.26688331280529298,0.52843712138773824
1.4732407452397589,0.64388062621787467,-4.8415496331919821,-3.6083124471339496,-5.8348160848696171,8.5165945445487719,-1.2665231486003605,6.4742228991208739
-7.0579148496133612,0.97522632402221432,5.4707522110390494,0.29622890469203178,1.6589968435758442,1.5276022494388903,1.4818652712044753,-1.1427303358885603
1.2130629810472393,0.8109871614344154,-3.740501157038008,-3.1111063511341763,-5.1656357944910791,8.9095024700566565,-0.59591853085607815,5.6295113587197605
1.8480870501053945,1.3265744244828492,-4.4004333178840849,-3.089573981998182,-4.7781724490115218,7.5847962458897769,-0.50303331344611091,6.8410578136231059
-4.5644060820756032,-1.0044294205377657,5.3731116306551492,-0.64830921739556013,3.5913668270977839,1.6037735767934171,0.64692432882822981,0.60637217556904555
1.9547158111415937,1.6090041564788324,-4.5078121011958396,-3.3647704925213642,-4.2023266825490673,8.0134773208858334,-1.7341981211957798,5.7377125095791284
-0.43784121785427021,-1.0010362962620651,8.0379384168807988,-4.1817347922583048,4.0011398979840509,0.31833105307054099,-1.6252679212961416,0.60360956138337707
-2.8482981977415176,-3.9098953610261229,7.7226574479915397,-3.2115062473597566,3.8697541312478756,1.9756471767580761,0.68913387502023282,-0.49665025394253098
-4.2932531873012216,-1.7622094380809172,5.4753939315469111,0.64783959830887416,2.4679231084774198,1.2228549706003204,2.6566137487511625,0.23602664534446069
2.9205817626235029,2.0802007084702763,-3.6044443803668273,-2.2175201566544254,-4.5699453935512722,9.2545526510014504,-0.089338792773612119,4.1031226596638195
-1.3874982882825708,-2.3356379887587257,9.7392827410665888,-3.5492409010678641,5.3437972191387662,1.2670672682367727,-0.25591270722074277,0.12532757703010008
-1.0853404416744896,0.44796633216264059,8.5806439756995427,-2.3164839783026441,5.7581603805413302,0.60513104093058478,-0.48940368740320805,0.34619812170035341
0.83550643497796817,1.456421788876922,-5.8780102348564647,-4.0882542921982301,-4.0941444364904909,8.8026208873270466,0.29660300734934697,5.7766400691958895
1.4456580659321403,1.9496124806603026,-5.0236692242463103,-3.1465449161308991,-6.0558748132839693,8.2984344203712137,0.0057001911641404446,5.8083518798559126
-1.4467436913808998,-4.3609428028237325,8.5313785868207308,-2.1002253723114168,4.0565013140249073,-0.12172025049519863,-1.2750688874511298,-1.7345299890945418
-2.0246174956098302,-3.8348612573063621,8.4847917512205022,-2.9202788222970093,3.5417915289102675,3.7225915792328621,1.0734140013797191,0.59511743727230948
-1.4798326088222122,-1.1573597504449695,7.477963370239423,-1.9863258932632504,2.9817520055864275,0.35000066748041114,-2.5106007234731362,-0.0099583670732099252
-2.7737596787748111,5.4488535683540249,1.8070287728828514,-4.8557983141542698,5.6845444589894498,0.83661431448428303,0.70408793310492324,-0.9850441835518543
-1.3543304441980011,4.4480362464622347,2.5274109744065938,-5.8787925086843522,8.235834849893898,2.5532334502856511,-1.5172967550132714,0.80883681089940085
-0.30395088303940376,-3.7259571630084332,8.3146987460895634,-3.4576366679772166,5.5386072017547185,1.8788369522994373,-0.26792331874115083,-1.0333759221232186
-5.2193246154738784,1.0219807225882283,2.7045949569727314,0.85256284023482909,2.4009685648107753,2.3988059011627048,3.7172638838568153,1.7790188320313878
-2.5486658970438931,3.9738743216985855,2.5516782730211416,-6.2019993001230516,3.6965144571873916,2.8040488680097111,-0.8659276627478768,-1.2582997969671872
-1.6858716807033334,-1.8669575845601991,8.9085538911358633,-2.1603733492656652,4.4746344865132723,-0.69436989911475844,0.096690840913824849,0.63379301164722179
-1.5317347880122039,-1.6152183285927881,10.086282435989503,-3.416232449693378,5.3438221184585011,-0.065527367818489557,-0.7213376848526174,-0.55929002727394972
-1.0127982319858271,-2.2450038762260984,9.0117826307559117,-2.1600112431627121,5.3616156355180191,0.89675402383197089,0.38035349138379371,0.64126093383592797
-2.817350185481708,-1.8304796958542595,7.5297233882751433,-3.3024434267926166,3.3409271776648661,0.83059833057824073,-1.4180435674906904,0.82824093570568436
-0.65662272159641777,-2.8052179388931751,6.6301321351800127,-3.4645094979889901,4.1844139692350408,0.79849050859157211,-1.3472127175395268,1.6550915062132308
-5.8707530891363318,-0.50809388548427958,4.6457181158956198,-0.80927890286600335,2.7025954458311032,-0.31634221750357994,1.8200908301685028,-2.391804053793035
1.3343889703689211,-1.4864127724074587,-4.6054253687499855,-4.2423696466350513,-4.957073254471724,11.373605978266331,-0.83886198983434612,6.7568499834107643
0.16100572255067158,-2.4561443308249062,8.0566163777001503,-0.77489372533979939,5.1624719191463431,0.43350619239668275,-2.7891029718959079,0.77125523174442512
-5.933891252584659,0.96110969780099431,5.6791140611933919,-0.43255591687241235,1.3288339839759837,2.3405815142837141,3.5017485847923187,-0.33093128553774831
2.4583554465439263,-0.61920581723207047,-5.3848912765153996,-1.6888152861149386,-4.6902616721142092,9.1230679988250252,0.99131131228274538,6.688995008289373
-1.9263563385056601,3.6090448965946043,2.3958045335244269,-4.4789381615156758,6.2154113144977714,1.7488802088400106,-1.163327268899724,1.9648795881518741
2.5424897491896989,0.75195975411564286,-2.9888005244473415,-3.4096390112619392,-2.7676183186960168,8.3184467000485025,0.57310442328544731,8.0055025630094683
0.48006777663691602,-1.3301214138825859,-3.3018552016582285,-2.3129872528350668,-4.7306087973733018,7.3900460127917498,-1.1733093111231436,5.1814753236379083
-1.7779334516253262,2.3700240492155902,1.1362541934951849,-5.1072601682203524,6.9923823211855876,1.3971665083052442,0.33301720499649334,0.20126702643765096
-2.705580275509281,3.7490668540588095,1.2736115552519864,-5.1949556026198955,6.6620779643885131,3.0130950148289068,-1.4543854099302078,0.33192693359495318
0.19648145541005446,-0.10726685597598032,-4.2543126731259058,-3.2366472236537396,-6.2650328153124732,8.4102261641952918,1.0018438363128279,4.7851806055602442
-4.2253582464441299,-0.38108409551444972,4.7994169131522355,-0.55973257152018718,1.7735515724364741,1.6367854048754891,2.3683329442542438,-2.0486428981138669
-2.6352521734697123,3.5334258678273223,1.7604945029376808,-4.0438290096183849,7.3085854589270287,3.6908018142949666,0.50848293037375647,0.26665611694530944
-4.5363596190270172,-1.8373940442369561,3.9234219477130279,1.3121409358349774,3.0543967580439575,0.55454298656580658,0.57353098791165746,-0.081812576398172826
-0.31409755209113288,5.8757252702935316,1.3389237672375587,-4.0158280353899896,5.266708327186679,0.15232010086122272,1.0151139699802001,-1.6464648961038815
-4.941605671509306,-2.0727107382264243,4.6260833575362632,-0.068847037074531214,3.5396121681017134,1.1477153649227088,4.3748457683451392,-0.63552128761041093
-5.6849119306872984,-1.6637758421683464,5.3941452059281909,1.4978718934546515,3.6220317916574198,0.55959358167234863,4.6796989047312936,-1.5049956936196214
-0.19416144061521345,2.6115654202362104,3.3825700452941954,-4.3439366436854181,6.3000304091618453,2.9380631370968011,-0.57447975182102207,-2.0915983621171943
-5.2228649343027405,-1.5476430698601746,5.4551759326398201,-1.581268983104485,3.3010777903185322,2.7303854882279683,1.3970403212137485,-0.2951271749631092
-1.9342963367030797,-3.6815433894081977,7.7216781199519469,-0.76938698797992133,4.0042693018455999,0.39417041419803434,-0.89675342701243277,-0.47679622873521943
-5.9988293335192466,-0.69019398210632776,7.0606369170615721,0.21691345081956787,2.6461510424720114,2.2369066511780895,2.4998811844239528,0.75289213652664899
0.01141760420846305,-1.7144227472113398,6.5991506958217219,0.44121530920729768,4.9272257531531078,1.6340645293406475,0.47913355334557928,-1.4683683006496686
-4.6737711656313525,0.18570928304203616,5.4824388447150021,0.87249152079631154,1.9605382529968483,1.3557302788896419,1.6411790540886557,0.30869438611142724
-2.7610739836175631,1.3314380890235231,4.7581664313482799,1.1867304347169632,5.259763739264633,-2.0467807426452591,3.0449597946355742,0.97068133193003159
-1.079329910441031,-3.1595549424653004,7.2712592892995058,-3.5843412994894224,2.1789869487475699,0.84236885062657685,-0.0053572285394674068,0.51306654864314227
-1.3387482436155678,3.7324728114275003,2.3363240427821323,-4.5338949114404583,5.6835895992793439,2.2806976478248195,-0.53108401225772939,-0.43025633791522155
2.4762674636618058,-0.58341710004599845,-3.8230074114527768,-1.411058348742281,-6.0810104549855879,8.1147815051230783,-1.6235585110684192,4.3805131204984082
-1.082313616630171,-2.7845393380246812,9.5839511078550643,-2.4962661715951251,6.3501236616297767,-0.4346233506777506,-0.57565778354382824,-1.0945649950371248
-1.7394240846474933,3.0099452742665882,1.5858400498805088,-4.9401408841904937,7.7097188038376157,2.7740485887528887,1.0139701619647692,-0.38339503816723663
-2.3980002476197408,-3.0394763289758502,7.3073602073338488,-1.1370572920108106,3.3224652805951975,1.8461088138171418,-1.8034641947653998,-0.97909082297445305
-1.4100812764887898,-3.1629968356615898,7.1063361247960657,-4.4491304035077306,1.8944108372974022,1.1066096616072809,0.3166293654257446,1.4989069389598202
-5.0315126574385074,-1.5381737941016835,5.3699147554687752,0.51651506181628504,2.1732458020006233,1.7508328991983162,2.5393091577447291,0.1727960660516101
1.038754835699534,1.559029807786908,-2.8573058763007282,-2.0907738140056713,-4.6614349848033045,9.4016430224737686,-0.46204550315617854,7.4881869356951327
-2.3378898235247068,3.7128069768526251,2.6624390538505636,-3.7940644534361656,5.7598950023970126,5.1520509946624715,0.0029522182235851568,0.79583829062107259
-1.4436784381488748,-4.7819681396199645,8.3847109835833358,-2.6930484909513215,3.449691469416531,0.8068470279736295,-1.3338028941606137,1.2750738848655967
-6.0056785208030021,-0.097780000244188092,5.5104016747983398,0.78571441072440162,2.9116984069760345,1.5319567986187088,1.1924940595974618,0.76552868227580295
-4.7398363796030782,-3.4960124155616725,4.1156024307525074,0.49303289712437842,2.2543705424260465,-0.16440134972297105,1.2351041365090323,-1.1014664088563699
0.93158495260400453,1.0516860478827255,-3.6186863698981289,-2.612222704700836,-6.5337115825364798,9.9227875183221848,-1.404773808183851,5.8357053891928565
-4.2962091170331478,-0.90076131576367091,4.950909818156366,-0.80804028551065998,1.1292745575005334,0.38806078356770923,2.1681127514469862,1.0880250698695166
0.80166863737895333,-0.011283391912645879,-3.7356657358896359,-1.6041361790900932,-4.1648485084195634,8.3232717463290484,-0.12549515757843155,5.8078295761715104
-5.204099492884418,-0.83440422864199015,6.2335970728081822,-1.0267774829380523,5.0768620546690162,2.4039929433740381,1.2711836147182416,-0.54896870130433073
-2.7507072372567567,4.9785872620267213,2.3460864439412301,-5.199630263323515,5.9995267900009734,1.3473337562172398,1.0640482770632453,-0.34485786809841767
-3.5138597369629183,3.2836459059738416,4.2569441022910377,-4.9528716987899104,5.9011725461176239,1.6724638168754198,0.19395723128183218,-0.76234078502632141
-0.97564805344860073,-2.7042862434316541,8.5599877505912669,-2.9324491752682458,5.1974572403336596,-1.7570114437350586,0.26462688934495038,-1.6815134370402858
-2.2636240178498359,5.2077763735518623,1.9308111500498264,-3.3357713774255329,7.8220164301680279,-0.48621719614076797,-1.3326817211959003,-1.0014074263006771
1.3433023198941245,1.9425243683367426,-3.377435530826133,-3.2154537374225858,-7.0662159889247089,8.3930115966398429,-0.98037702689994211,5.2357973492102534
0.79084162980139272,1.5663088733340707,-3.0356873425617308,-2.7276890499602784,-3.8919779091955284,8.3579430317458723,-0.23481872472220655,5.4345087421561384
-5.6200065934170409,-1.5126309422923603,3.3778543767281279,0.026088706454602401,2.7430437957335654,3.8521925749076642,3.7570871893066826,-0.55469556081002824
-3.5726938789300204,5.005633767622288,1.3520849654631037,-4.1011092372092728,5.5900408266704735,3.0482567435740733,-1.2161387266980963,2.0447272901981699
-1.5825833668339198,-4.0586430814975625,7.6069918107055985,-5.5137385602411211,3.7952979876361193,1.6528056257711627,0.45628600716503265,0.065185296701251283
0.1192397215632055,5.0400690054439874,3.3407017943257196,-2.8584971386867934,3.620598114871072,2.4422684505263654,0.81087706098996282,0.29944400159763851
-4.8865370683467217,-0.15657633281978312,5.2800980168134863,0.21012792384686718,3.6631198081145988,1.9276792033571311,2.3093603127055817,0.19676235448733684
-3.3529982892364147,-0.52874595622944975,4.7173646160479148,0.86281289573157427,3.5425925582200599,2.0071547143294346,2.8242843251199208,0.56868650535263898
-2.1310226278893412,-2.3110078245661581,7.1900939647504369,-2.7910745994576134,4.291890627860008,4.0204098554131393,0.97249829410074506,-0.10755747038132635
-2.5623072323917677,-1.4379784656470835,9.8185379168480029,-4.0668700216874836,6.1258419553936285,0.31766437161795513,-0.49627027331701346,-1.6540690424870694
-3.1093814549604777,2.8458815542062128,1.9888922640721205,-4.0493762714692396,6.3668553746633689,3.1858046919587899,0.2697351006569324,-1.1032182595861257
1.1920038186177455,1.9896424738172078,-2.7239568387313686,-1.5611216366267222,-5.6582454022140629,6.7821512753317599,-1.0475211270570459,3.4136960178394831
-2.7353553933022923,-3.249004361582152,7.6135129521366887,-4.2499680600424963,4.2908107750682625,1.6224140346231271,-0.75238217919755712,1.2078684008075098
-1.0488563035378677,-1.5452494795956981,8.5637164307484408,-2.8967528475718822,3.9060884520003643,1.8449535044075231,-1.1502504050891462,0.47483159588508517
-3.0451433524731688,4.0542851698323936,3.9259011349600712,-3.0934603376449807,8.8678364099636191,1.4639745101187396,0.11876691991379812,0.81929877720035038
-1.1164466597379401,4.183866119762361,2.616934504047205,-6.7094177452801702,6.8975418823598691,0.77273806833807734,0.1075585620904505,0.27370831872986068
-1.5502738794666728,6.0089218961664965,2.2017381639406035,-2.9707502319729686,5.671714658568912,3.3263617018449168,1.0061221452048033,-0.17594821954265691
-4.6495031518654688,0.70671775186457975,5.5308953563817065,-0.022247442170338833,2.0912307775421692,0.23371096291066218,1.6303400485215005,0.53597430175953742
-0.77109769074231072,-2.1759897675493578,8.0702118634554783,-1.4503365022842096,5.1249583262479801,3.0161664278804605,-0.55667836088283829,-0.82043217087011311
0.96842008134234425,-1.7838841086516897,-2.8964384539609656,-3.0273777449678119,-6.0847236797309483,9.6416919697949961,-0.89406495810987108,6.7286590541945461
1.4018700398368433,-0.6890264565830555,-3.9319405389530604,-2.2608667578066233,-4.9337226126608407,6.9264835694364599,-0.98806827758828619,8.1954330034491729
2.5976223287935554,-0.74063169473142809,-3.8674178777996149,-0.67966865678018706,-5.1672548845096662,7.0177837974614263,-1.5788356716943088,4.457753337228775
-1.7236201491306054,5.1550676860314155,2.5595347533312847,-6.2251143679600425,6.8791186257690935,3.9905819317646456,0.68686816274443308,-1.2790661953830156
-0.47193830225717359,-3.0934446756579228,7.7191589470353312,-4.258010146360057,4.2010102161805714,0.49834012950407403,-1.6734283633373219,0.226908447548749
-1.042000847229982,-1.9623468612601309,8.3083291087463156,-3.1612865358152855,4.3307265343089112,2.4729564587676061,-0.42380816456229076,0.36898731873114499
-0.31016499689959454,4.7273474324112943,2.1638906940141398,-4.3668288957866448,7.3961698914190377,2.7255243973335475,0.20180050992899468,0.5525937410177566
0.90308164590688067,1.7049028134833122,-3.6970329986321691,-0.49279717220139796,-4.8234834557010364,9.6093979141800521,-0.56941660859359466,6.3686910815642594
-0.9722284688416486,3.299077035396802,2.2957637824120223,-4.0453050878307337,5.2338462510509185,2.5406721591329982,-1.8951025765190166,-0.8852097203725211
0.76761516588665435,0.91527912574841008,-3.8059467247656271,-3.0586596254220919,-6.9952153238837509,7.8536423973866771,-1.1729176717535297,4.4609579881328632
-3.9304663049199271,-0.43997294863851466,5.8542744133413498,0.86444070115704474,2.0229805713510167,2.2674857932615504,2.3952037066923295,-0.70559423241199393
-2.655614271385824,3.4789487152802496,1.5984478552503179,-5.1438315275466149,6.4322282579526115,2.6483000002401242,-1.9239401119384989,-0.53969759419499985
-3.9040921168919267,-0.8883051323144604,5.3559261624884789,1.6362812646646354,4.1271323108351439,0.1201690464971179,1.5825490531801933,-1.7446550432342594
1.1444096886781547,0.61060822268966142,-3.7503817427959025,-1.4094092723563443,-4.5580933126219501,9.3936001458210505,-0.85805799457821885,5.825548137386459
-1.1547765039257869,-2.2243568854228886,6.0370831688502999,-3.430805238112852,5.6021747681765852,1.243914204299488,-0.70443626909583101,2.0314116334962611
-1.6463192016247803,3.9304422958209977,1.5130123124785038,-4.6872319436433658,6.6582549892071272,2.5713972716398081,1.0595430535694472,0.33703947371477838
-0.12882356575260001,-2.2523425087324167,7.8624676282306432,-3.4985017248303758,5.6796420255766957,1.9025715923817885,-0.27808821143084361,1.6668498091316557
-0.85323107274532506,-0.71810112674480231,7.6159384437504833,-4.9586958721275849,3.3777882747035517,2.46467658640218,0.6102144063558349,-0.807878791603031
-5.7366085576825787,-1.2506734889221982,5.1015771981891724,0.27525394769006944,3.2328453746657289,1.2776516051043105,2.4280303981669342,1.2349200933226108
-2.8786855859067657,-1.2555913401325547,6.0646228745663109,-1.7514325326053513,5.2439670849421693,0.9445674062613918,-0.31693037376816141,-0.55816114651655491
2.8953654003309142,-0.24621925012252824,-4.1045028434693371,-1.6419995790008883,-4.3366978806547714,8.8561886716235581,-2.0656584282488368,5.3961180471236165
-2.8238260878507049,-1.6060463209633982,5.4883678919194505,0.46694133926237891,3.4143081769600863,2.216918426338045,-0.46035154759429364,1.8394234109330592
-1.8413720456814204,-2.2325282235385657,8.6368266158697384,-2.3068832285863916,3.9358468563255595,1.3762336053457214,0.71201711726157269,-0.33005853793715234
0.76079097419097041,0.047961630391554391,-4.0917682397801762,-1.9713915923679535,-6.7909611385688402,9.9654646314587936,-0.41216969578226226,4.6541131083068574
-5.4991296164398689,-0.83843195155812478,7.0552757645426087,-0.3311004190625263,2.0377425822365525,1.7643659673354484,2.2534550298608726,0.28580990932267286
-1.0619509615853715,-3.9510016671812336,6.6895219516870963,-1.3371486599978106,4.6033499020502244,1.8144630283383445,1.1699038524921441,-0.97431245846805492
0.013724054115305862,0.6880512124728565,-4.9213438230491651,-2.2616108614181774,-7.051645942077708,8.0654902789086851,-1.6163575803319179,7.2102410311821226
0.78352931565290862,3.7041631704496858,1.707544182185464,-5.2116682609095593,6.4350860747980558,2.4950298480484929,-0.64595766083980211,-0.65630693398074968
-4.2107481622163547,-0.66425686735936518,5.3214915648411454,0.16489462607046665,4.3822841715717891,2.6577555800040193,2.4693176531608776,-0.78002706133324107
1.4224974544666642,-0.17525405729150248,-3.0085792725179661,-2.336904297718251,-6.9861572398331777,9.4405534604125396,-0.58480174278305697,7.5365713485467207
-5.4741348363007276,-1.3292552519892311,4.8998839893822614,-0.52658990903182723,2.3853318439497242,0.48901306757438812,1.4320294979976627,-0.63928412309784677
0.81593116758107886,-1.3121398069292396,-5.6520632630386451,-4.5699009058310258,-4.6842704906081636,8.8470092222750498,-0.98080475088292141,6.5346966376746707
-0.0013287180624894646,-0.95070023933881243,-3.6276509038409412,0.10915940218818454,-4.4166337607313846,6.877655666889182,-1.5318093869035823,7.8736867842221265
-1.4670527627619181,-0.89593803504182379,6.3924265246784406,-2.5877185315259243,4.1353422125847867,1.2745560364665356,-1.0506700698746609,-1.6090449037747241
0.94838452022550346,-0.50450250452034828,-4.5630842973621277,-2.329580212139708,-5.74854153842616,7.6570991503263182,-0.2599226845502105,6.657399335857157
-0.94396685487885834,3.6161284768972566,2.9432501592727172,-4.5423602556900349,6.8712803454172366,1.4706155600821516,1.2922051016552967,-1.3960588190666277
-2.1303662027349319,4.9825634138750541,2.3737925802296891,-5.3242990196221012,6.4234715501290429,2.8269325162137822,-2.1755285953202166,-0.82880499526929952
-0.58653727386711441,4.3805434356248796,1.7952497726928067,-5.1103336309924492,8.0296921445010199,2.571105524894203,-1.5087107939923246,0.54132300740422201
2.8982981585682097,-0.41023731966438182,-1.1818621023891871,-4.1401171815685549,-8.0792938152135871,9.2576067781927662,0.041109788566155991,4.5377101714743837
-1.9307374220362825,6.4834986824770482,2.0634700154670513,-4.3632246238380468,6.1076167223110778,4.418910247446501,-0.69154966623759584,-0.046379478495992082
-0.39878711731221572,-0.67267255779550095,-3.4407596275929295,-4.3414779885174566,-5.5982604750869918,8.1853869227505065,-0.20576710498745943,5.1105686061246898
-3.7716113077918032,-1.1612964517468856,6.6198137694344021,0.35504610460248587,4.0384784470390613,-0.1972310226587608,3.2037559320565085,2.2419119550143383
-1.166863943630349,-2.7266430152305041,6.5446737534100139,-2.7561302470002147,4.9455018247738991,0.90197742652786794,0.90718899426447319,-1.1979337260018963
-1.5652349142192521,-3.3685469804779906,7.2260787816937491,-3.7676473345917434,4.3050034463858164,2.1067625176705231,-0.16488611370986217,0.012935715201398114
-3.7992791413304721,0.3875393657058015,4.1761901261926404,-0.55548845673972458,4.8011712120569783,0.42182227930854133,1.5497940901588581,-0.56028315929718975
0.39110670231382516,1.1534229504380771,-4.1185815585441592,-1.7335541706452302,-6.4315551865427913,10.298554091461712,-3.1664311546470705,5.9897840245180092
0.061784540941584254,-3.8452841828403375,-2.6676464865578167,-2.1265102467776726,-6.9447562245825276,7.9594324442432054,0.14865192913279379,6.4764530367543731
-4.5348301954347274,-1.4346991200822679,6.220623685632912,1.0089350915855451,3.114527897545984,4.1719046144286942,2.202531533047368,0.42713626397416266
-4.7150465647391657,1.4603473891020688,4.6627525023101297,0.47651580220944251,1.456849202201195,0.94744550121315574,2.2702571134656315,0.66132468341080997
0.74290709739890448,5.7101679449004399,2.2754139338839297,-5.2698034746452738,6.9509837128314329,0.61946041667068874,-0.17537098205417023,1.3842664779003997
-1.8627570453686797,3.8674513049658459,3.6460663617793476,-3.349408928483474,6.588862116825597,0.14281619427446146,0.1154698453453275,-0.32480153577534743
-2.0123495204755422,6.1496854789345008,3.1660095912693,-5.3827774778392277,5.8445848282465551,1.3335964286118012,0.73030950855344123,0.45185798839268709
-1.6886079724757144,-2.1043943967200387,6.9827339247033011,-3.3478494476770284,3.7999031989703136,0.02181115584326565,-0.54923634337551641,-0.96195572449621036
-1.8182899141803794,-2.8632666727268004,7.7255160030462138,-1.8657450353447165,4.4023296596046091,0.011641959815011482,-0.4384960158366431,-0.67781634293235393
2.5872435500590392,-0.19819154602540848,-3.6189887659424924,-3.9742122086291398,-4.30331348738431,10.147447490626318,-0.84979840909421622,5.7105548539470004
-1.4699654556992325,-0.85417782061049086,8.6179559741001661,-3.6710118661202094,3.6916949930995919,1.594616006565245,-1.4340596456168777,-0.74036483224365524
-3.1924255120464391,4.0048116589458767,2.7782553444593479,-3.30592342950637,5.1702715025588217,0.042286657669212913,-0.4205050669803061,-0.58196821567154045
-1.014814468192883,2.8691760212990864,1.0494752382613444,-5.5611915383878268,7.5841636581636447,3.4850026731335637,-1.618984784414065,-0.052502634361188821
-2.9000360129391494,5.524832633147466,1.9559230983892268,-4.4088390221808629,6.3917614160108913,1.568273985984761,-0.66662407390715295,-1.4158231881794472
-3.8542067475584023,-0.8605978031902366,3.5750480209136324,-0.011148154679398753,4.0424607308241267,3.5563319641393489,3.8960407107514552,0.16456874582002459
1.4207541219379458,0.96115490877567922,-5.2413165491333151,-2.0271454227887284,-5.6137888288487323,8.6330364695775401,-0.94269067464063083,4.9236511120149826
-0.72533993096549476,5.4030831997438318,3.4697914158751155,-6.8361949683978622,5.6509946752671869,2.3584757789553228,-0.4030752020719679,2.4069191406736006
-1.4341669121612619,5.0669309796358659,3.0227828014725051,-4.6386075084335312,8.2535425875631869,2.0008675617301312,-1.1717732779843404,-0.62223388905894983
-5.559929046003564,-0.72042606768614381,3.8551529159562916,0.62741286548338882,2.3838092017774066,1.0301236676862624,2.9265417816748038,0.52020016706705574
1.6585699489220629,-1.5861451573946719,-3.9615707319273019,-2.1350130950571025,-5.584630549055376,8.62761224650896,0.74512600216817282,6.8225300040105887
-1.1372046394381565,-2.9271685610945175,6.7148962781331809,-1.7901662261768394,5.0545941145125735,1.5620489729192015,0.13165933298281324,0.27229712371107645
-0.82510570879902589,1.8454885945604811,-2.2644456961472681,-1.7778352677606326,-4.8469989392697688,6.1505184378339326,-2.0823024239532963,4.5719746215946682
-1.432497248931542,4.266805538428434,2.7046178821704441,-4.2829689579887997,6.5812010064604136,1.6486980459396343,0.2253012717243989,-0.49646320192245041
2.426562105776215,1.0082797205563483,-4.391857376199491,-4.5144438456182057,-3.6516624875687649,6.6388945029936517,-1.2307095194765583,6.1301136388591084
-3.2457373127981226,-1.9195567575176351,5.3499486158813037,0.81411577919181488,2.0134999031695093,-0.12180575505761948,2.6430833932205742,2.2008304605237137
-1.849529066675287,4.1096648289927353,3.0531302220944818,-2.3923894896242133,7.9215156080927898,2.3062354276047614,-0.39263827036223309,-1.4441081419713584
-4.9615013206595124,-2.4660642008300671,6.4139475384309907,-0.86393566055858717,4.1660902550009036,1.6447097788010905,2.6915398989034713,0.9382054490677636
-2.0642863062604118,3.7000049102896497,2.0888706954916088,-2.2289073328963878,5.5999544653634992,2.8241880626841138,1.5787413819240266,0.27170007882742497
-2.6717627860551616,-3.3510894461234928,7.6898226165379926,-5.2374277952276493,6.0499353099636224,0.4840189167219564,1.198064976814547,-2.3723615476264035
-0.018749916557137425,-3.4770091030603938,5.501321193422573,-2.1996779055897839,5.0530786168097226,1.2859472449538332,-1.2163296512558497,-0.58524048939639661
2.3224991323919721,1.5861606549229068,-4.0731628983503532,-2.1363630835997975,-4.3750044502675962,9.1109954729227987,-1.4952986800636838,5.8079552738291307
0.37129503102533779,4.4332710008733081,3.4368939365213302,-4.409340807191751,7.8671744659643741,0.84597055289743572,-1.757637386627978,2.682162785695875
-1.0761299433179941,-2.7466345680039148,6.6834661897142835,-3.6583829355357405,4.2893281178828788,0.85799936128546705,1.2711664835566467,0.52158229607443696
0.50114301361166425,0.50670432804301146,-4.4734678457156543,-2.9762279835437844,-4.5537417272015226,10.86401826955599,-0.93767332355232225,5.826975343634742
-0.86665702307878778,-2.745530584706747,7.9387914122781007,-1.4500837618766362,5.49141722147795,0.98872538213664396,0.71544813924435957,-0.079985051388636111
-1.4792248198613165,-0.95948863539494256,7.701566476888444,-3.4673261229809875,5.3060378905950669,2.8014899558919923,-1.506716498655809,0.19295529582316551
0.8874780559965475,2.2210684209422995,-4.1768167014189839,-2.937223444550928,-5.0778275910536212,7.6274209780297859,-1.2629139761784591,5.2179856521817252
0.17439284985699044,-0.99346403617705303,-2.8575826994314402,-3.0951818865047995,-4.5600660189296187,9.2247598722961683,-0.1457761430394402,4.3024500025101808
-1.1450699763076924,-1.5372549648397493,6.3738871458718558,-3.2323541443083168,3.1359469537131792,1.6596652330558972,-0.60597226488684031,0.91476674853557993
-1.6123765151435638,-1.6574230140732198,7.3668597789651686,-3.6591378057280619,3.4733942179233246,1.4068269038710446,-1.0275036319706461,-1.0308536873449583
1.5740544267012027,1.4336919140486746,-3.171535596515175,-3.7957941567276601,-4.1614473599013397,8.7300131103477998,-2.5533503844090055,4.8141775860800546
-1.9084409801558118,-3.7432644768506522,7.9295621068794109,-4.0063567038556522,2.6840899963098348,2.9343412594454712,0.90044077386727694,-0.016536471682337132
-2.0107623760441196,3.711102298845895,2.0789078511761603,-5.3039016583711298,6.8088042416750261,1.7113167740868478,0.2690831165599904,0.0097385525353999858
-2.3905731990833794,-4.173406805311191,8.735593075646424,-1.5163661266149415,4.9299861899615127,2.013841812017358,0.063700169263757156,0.095244739286068136
1.7276956712606468,-0.069343758605370814,-5.5357460686417497,-1.1470997275350805,-3.6575908061955467,10.468189077693763,-0.18587740174185718,6.8819626977913666
0.080582494868640664,0.64454158862917565,-3.4015352998782671,-0.65253203238104351,-4.0391714724806587,10.167546028851753,-1.7018417656963289,6.9823455622427524
-3.3568705710768336,-1.347375425727531,5.4670763977039272,-1.00378433294525,4.6381612231481713,0.70109101303941412,3.6929746681389091,-0.80772898345016364
3.2950265618561709,-0.97591538802301914,-4.1280893561743843,-3.8243410532439945,-6.0378080020388749,8.7417362629784225,0.17651075678608497,7.2911049325528978
1.1395356082986463,0.57162997681831551,-3.5140083248647853,-4.2472428707247953,-4.2252374136098787,10.03992719107017,-2.8734743256127442,6.4283847122104572
1.0350748116824044,5.2442094145527358,1.9301244966605433,-2.693549903354957,7.9904641449469249,4.3528957608514567,0.92486772933571448,-0.23352471354225193
-5.9769401973468899,-0.94698137322020082,6.1262262714261144,-0.27688623582150834,2.1630672655974608,0.8241504027518366,1.6940208862706414,-0.85681580505190991
-0.52080900081291492,-0.64691511220874043,6.6139269551583055,-4.0495717529556723,3.5609503676383936,3.1864208243010701,0.51583889561128393,-1.18739383428185
2.638913869621645,1.1017909734684528,-4.8524627648463348,-2.7448662765763072,-4.8808104924758098,8.4234439776498498,0.057917193145432977,5.3751372138482996
-2.1529792054188439,4.7676994249013394,2.8374714815579942,-6.0878490709629709,7.6509572864298008,2.3086743209395113,-0.85663125847554156,0.23512298592488823
0.89018885654411317,-3.2636896223560576,7.5942496754207092,-2.4918236295335747,4.8077649759343846,1.5647424215888608,-1.0853100717991562,-0.88587410997818428
-0.3905269897554573,0.12803650278241216,-4.2453507019548553,-2.9568324744300378,-6.1019258955483027,9.3183154988509287,0.58472899033840975,4.6697533285520612
-4.4463901645186521,-0.61233940951068222,6.3687353585868021,1.7473010674351035,3.885310537612086,2.8508956166839035,1.1884218416043064,-0.62282846388877466
-2.7787584692196821,5.7349480202279235,2.7745644752792771,-5.7269514035623184,9.0063084222476828,3.4031105426093671,0.66485180079086803,-0.33944819616630584
-0.29156250611915102,-2.9904977596557418,8.8025164593538854,-2.0220310304923661,4.9502886295505224,1.7813759978256822,-0.60779164775455174,-0.9372592904790702
-0.88612262396341213,-2.0970582106381657,7.4023362542253528,-1.3462656939962041,4.8309494308663776,1.423375029588372,-0.81849646538292231,0.50979515077262993
-2.6620572201529811,4.1058038530426764,0.66939601643551927,-5.7534465089271833,7.5148367726286116,2.1569040985353505,0.17609388586531405,-0.26095869704785302
-5.487095877284057,0.27687765380054241,6.6343314453689572,0.21100271382318533,2.420352249988555,1.2081302749477687,3.713942985052797,-1.3724897310410147
-4.8181685713017677,-2.289480140465062,3.7310857762405205,-0.35039697321975372,4.7573378013561749,1.4199566789213569,1.9849576817255181,-0.24022061465214095
-1.6227052969703897,-3.3630799291110889,8.3750865576305493,-3.9234766847068752,4.6463980481031628,1.1402739267106001,-0.83294041271543762,-0.42130203010370471
-5.3924565159580453,-0.29186377358674453,3.9203711905342407,-0.0027915781790917304,4.0111061114567246,2.7055994689369296,2.8965105308350863,-0.65201330380587097
2.7878569202716852,0.48776076834019522,-3.057647919431234,-2.9360413815892556,-5.3628037398200687,8.9911382370620245,-1.7563015573719905,4.4340310599504349
-1.3135370253520227,-3.0265405275055306,8.8643102969274228,-2.5569199612214613,4.4529222769234558,2.1453573240274366,0.70238817482683447,-1.7767510509001772
0.39408213521142876,-0.14229730179048819,-4.2660552431098262,-2.924559916321289,-4.0935623648520822,7.735068592614561,-1.1782087661460841,4.3341003419547395
-0.41841086297111096,4.8714793362221558,2.1670893198958936,-4.7497805469248151,6.7523076181743074,1.1834458981618812,-0.13336760967289496,0.95197362019778575
1.6150804421017297,-0.61878684656999539,-4.4984806480625794,-2.7025718048816598,-4.8040038602294652,9.9397681015883705,-0.41826798799481624,5.8071634719085869
-2.589811869040719,-3.0344630010301321,7.7343722220056383,-1.87353559163371,3.399309805921221,-1.5032916748274132,1.1673638905455617,-1.0904416336303433
-0.94617659103810092,3.9492514518259396,2.5415690322657265,-3.9803095855917521,7.0109866194923294,1.8754187533736408,-0.76661997801168025,0.7130877845172815
-4.3608229609093048,2.6381767365319986,1.6797562357170093,-4.1751207690911016,7.4233357001504716,2.7306841751352291,0.94114948782080832,-1.4748544925816314
-4.7335269776226614,-1.8440981530258802,3.7950453404164528,1.3710656739340501,1.1717425728982109,1.5685691732680438,2.4769727873883554,-0.89005774865287146
-1.5702143422668424,-2.9406450068972054,7.91260635512063,-3.0390181725696626,4.749192835376876,2.2502998736453201,1.8156578668272085,-0.99133491283717412
2.1418346837561586,-0.77171319087260148,-2.8167253926389821,-2.603569925280838,-5.7653553219525051,7.9173573694192196,-0.71216183519562837,7.8521196484837468
1.3958448845161291,0.54348861875287935,-3.4535286503033222,-5.0364403379042955,-5.1161229073755941,9.0216363315495585,-0.8342732119125984,4.9495726114717957
1.8483731679639701,2.1041709821923407,-1.7450214864485298,-1.9234933003085923,-4.9917839686720065,9.2084467826908547,-0.42125062472564445,5.4472827565097841
1.6701957170700417,0.55660001502251033,-3.1349304579039763,-3.4429785063039402,-4.6597521228795511,9.7392266337209676,0.050203302989865306,5.1533528455079836
0.41862074156686546,-4.380001619645622,7.4349003036217249,-4.5054047574202949,6.2837266853315432,1.3154111378086339,-0.73778256038374446,-1.5865055871058757
-0.59455383178226051,0.43793169318739888,-2.5777869792758645,-2.6067402028803444,-4.6124461400946508,7.6772381408624648,-0.73155316565080242,3.9868456956524385
-4.9399605917226435,-1.5107243525410321,4.4001733032256576,0.29408565186399338,3.3936620627477772,1.1975534216037009,1.4252407907666385,1.8108246886910973
1.8817848079934936,-1.7762728779041412,-3.6495759896888345,-2.9453178770607731,-3.51874689573682,6.3047497931309788,-0.072092341893581602,6.4131620205715896
-1.8899110276426192,-3.1256679510577698,5.8046865810169725,-3.4935679941406237,3.7093064450952986,2.7228286331215452,-0.57647732122434969,-0.15019678998192548
1.4250689034085002,-0.61805833273699229,-3.1783976778705991,-2.0120073495712401,-5.5451250743611142,9.7629630708808364,0.18404135392278376,5.2498511658566036
-2.2124085965170179,3.9813327432200385,-0.20569832016626899,-4.9046159613046711,5.5115335649025665,2.4523980615604257,-0.038434971606652296,0.013142988752273974
-2.5013920549861766,4.8115291219195422,4.0114414625491408,-5.3448000507054561,8.493241321506023,3.251247604302459,-0.95814333500681226,-1.5960478558183016
2.7988064821434175,-0.78546765153118936,-3.5116512138893747,-2.4306495447945875,-4.7433301221646014,9.9353019307600707,-0.71677421858592849,5.0815125283342537
-5.4658322547665321,-3.0796600234166323,5.3673065054489868,0.31433151797129322,3.3362973524577799,0.63411298631628088,2.7694417801411095,0.8162852544629895
1.5814631677020445,2.0072734513060433,-4.2364956215195475,-1.8553379848932345,-3.9922911194103641,8.199026777913879,-1.9004537714390002,5.4608187472615386
-1.3465048749182607,4.6897107567721266,2.4988742764079683,-6.0088828690737612,6.3720757762845031,2.0386993784464806,0.91376887397124318,-0.10457019409596535
-0.75994270164700661,-2.5107169670651515,6.990435162951929,-4.5695696919047393,6.4913684973246486,1.4872896213621065,-0.8267412722581855,1.2596564310926153
-3.9437873004922603,1.3033561253567547,5.5823871725430436,0.41983495487820122,2.9468241189599294,2.5477000431864276,3.1119218219954519,-1.4149186825609019
-0.018409513008375011,6.3126392917971224,2.4049982798074807,-4.3154881813665877,6.7000721974064366,2.1853818674167247,-1.2914896906149376,0.24788629343455928
-5.1345014242263725,-1.2257687698830293,6.2742017834233437,-1.1187751219665776,1.9022141892307993,1.9808687284456201,3.1490611561349668,-0.098755175483710433
1.7497366440045727,-0.83516706659576567,-3.2889402265543528,-4.6462672620694638,-5.176483722580504,10.024629858158185,-3.3233522607043806,5.7436759982830594
-0.38329857664696654,1.5898643240122863,-3.2851355143055598,-3.3220927926679464,-5.0692020868434895,8.026660277220552,-0.63777913021668708,6.325582453333956
-4.6280157759539575,-1.4783098988654442,6.1520858618264613,-0.66547638939081544,2.0442525509483023,3.2583075577253675,1.110636061009717,-0.63257776061169013
-5.0988291128876622,-1.9536847245191946,5.556135619254623,0.16391421282333565,2.6685074969969502,0.43365931644564792,2.945488134402471,-0.76965903702513339
-6.3017011377887453,0.36887994116035872,6.7607814629180867,1.9753167492159869,3.8878507901809956,1.2635553528046488,3.2797214516272257,-0.63129379094473603
-1.3931837946357795,5.2652649937764329,2.3070856094629457,-4.6354494068606469,5.2542291568316584,0.53582980201042285,-1.0949948364814779,1.9583918273966492
-1.5189790929405058,-2.1119511945250653,8.8921717968132956,-5.4803795692021984,4.2368497449170066,0.6691802588096446,1.4077700463628027,-1.8257934850197257
-1.1875593437920591,-1.0162317513270371,6.7611350199323743,-1.1579854368623177,3.6894421744765742,3.7834039777731556,-1.5697613659897054,-0.42317754684390474
1.9038296654627538,-0.042940893378716233,-4.8483079417787271,-2.4590782282945729,-6.0337305472220173,9.1168634055525253,0.089740325594094394,5.5374425786461146
1.6971623244657843,1.580348938235675,-4.2381473654486745,-2.1867448561355673,-5.5789230755236492,11.415275454278646,-1.1529225347677685,5.6950325180935879
-2.1474904566338759,-3.3046186210630455,7.9147391252815105,-2.6063648152117249,4.268337740861277,1.5939490465978783,-0.85053809648629042,0.7673696565889685
-2.0968130905858549,-3.9339993897969183,6.7125971578123522,-3.0126085173328017,4.8272166283298752,0.91344919489059262,-1.4350132676603118,0.066688935484359169
-5.7759177151941135,0.40389669297734265,5.4369390923042848,0.97467510302068627,2.4706324337801586,-0.014110007934635904,3.2406510248997598,-0.31533362263688469
-1.8988187818780327,3.1741937974648224,0.76132263765495134,-3.7673160533315682,7.7939895281839995,1.6095857086528365,-0.62645637849680935,1.5662025395574799
-6.9834793056356972,-2.1482528113446628,5.7748898737639474,1.3222051665046481,4.8300617611593779,1.614553425174071,3.2911378624528291,1.3325125725928115
1.0491281462387747,0.081727471372401397,-3.8868480980889637,-2.5562483189827812,-5.9218521003642461,8.199156735988586,0.1625484426580116,6.3029871165218614
-4.3583696949166644,-1.7471673520067372,6.2850796679163334,-0.69782723303720529,2.4815735233582985,1.5170798107058425,2.1859913871505774,0.83866680163202756
-0.99233518811788402,4.9977363976761229,1.7889024125742521,-1.9308597019002538,5.7481680527411703,1.9575400214532006,-0.7499974208725857,-0.63623144062160808
-1.2568456427978243,-3.2718180359572542,6.5176953333445713,-2.6604581632639643,3.8978588188263283,1.8658722549930344,-2.0332994506875424,0.59689427086816538
0.15184242896969491,0.036847039906139689,-2.8245133282023045,-2.5412485419391642,-4.9557268472755753,9.3134803232128629,-0.80211722003541708,6.3807133537571525
-1.4420909998799372,-2.9488138490548952,5.9837265719385577,-3.536815399767459,4.974748458143317,2.3271746804905664,-0.43905940313981412,-0.35323777666040829
-2.9447920828361616,-2.4955630629686447,7.4180878561576771,-3.5955458523593968,4.6401033419077526,1.3228882893144465,0.18271217834500431,0.81420636587500794
1.4248260344404895,1.7114920318831475,-2.1247890512907244,-2.0015737002270213,-4.9912052086318281,7.8315257830757616,-0.41313916210902391,7.1122213909315573
0.53555696096630734,-2.089727632114895,8.4152554701716618,-3.2194697861893395,4.3410178800600594,0.86425464409540997,1.230393190572078,-2.0320341684475971
1.0448125397404446,0.40439665588189633,-4.4816503371994187,-2.8647271801407221,-5.4865922993862615,8.1328358490412764,-0.52440003872918761,5.7257385215917411
0.041604467057815508,1.3961729245771686,-2.7866452618273856,-3.2802311981790746,-5.4252636420608091,8.6548217836700836,-1.729095685651221,4.5620687327808387
0.45657096955962673,-2.7034818808503971,6.1330157981530062,-2.4374358034264341,3.5080717393552976,2.0123734729378966,-0.90328277885545871,0.20372560149880936
-5.5739058108689772,-0.89633016554772726,5.9561742063858407,0.46170009068409301,3.643029596955873,0.65207053372987744,0.58358646792126656,1.8113973096452809
-2.1523399033601751,5.3974053491042104,0.66481272658004831,-5.8740219845146315,5.6371508659543403,0.60691024588547671,2.3439602860051441,0.39699443033591586
-1.3561312646057841,-3.1656771674327269,8.2927283676264913,-3.7243639826650194,4.1020100970839959,0.76924922532806828,-1.8551955281867456,0.27299528190405137
-4.0494822822004393,0.16215496386381667,5.2092964284376757,-0.98294866284888849,3.7696829485676249,2.3060888046004955,2.6144672633431627,-0.89538368795036005
-2.028973369495537,-5.1311676677327771,8.6567617650109163,-3.4562792269556044,3.9897706655303624,0.46624844645307806,0.041772765362472042,-1.2631221839651772
-2.4209786562852664,5.1860987744100235,1.4531978866034736,-4.0730767135589367,6.6805607981582096,2.7945745717956463,-2.085954199323973,0.061685050794400183
-0.35878463616439449,1.9770174448627309,-3.5164030236886168,-2.5265102007836493,-4.7096250506120798,9.2125688777673691,-1.9137536900764478,5.5271724402856162
-1.0578639712210991,4.7817396845095184,3.6519980536994625,-5.8294726558427339,5.1406819894211342,1.6551285110640497,-0.95398012452545344,0.11952647053369198
-5.3442271785062285,1.027160573885332,5.39980471302332,1.3377290563650628,1.5018311761145742,2.8492877281985867,2.7409297379652227,0.35001604912343559
-2.921754195431276,4.6812659499296236,0.27753577856818668,-5.4983493583727405,7.3205253858634842,0.67616096555969407,0.76851955383592141,0.094314197556084556
3.32875684626099,-1.7758417307540439,-5.0521114735365273,-2.93502918241954,-4.733055095366578,8.9269748513193807,-1.8904955186390136,6.6776790464327718
-0.45256271209212517,-0.9305772059852746,6.6740238261078906,-3.133450697351901,3.9095074882675132,0.89561024100726605,-0.12637902694810596,-1.4797513756321121
-1.7885702269287975,-2.1593211275434436,7.1518058473080943,-1.1090943395605968,3.2057944116777355,1.340037891969778,-0.2910656970912946,-0.24225676592581685
-6.3996640278736852,-0.5047485730363086,4.703333320066684,1.0634388660106042,2.2483228611156827,2.2258222884311838,2.8019071729068994,0.093637689155642675
-4.0592580981888808,-2.0471261864357309,4.5939297168654569,0.078306030727838344,2.1706722141208856,0.36285978159497301,1.8329117486021569,0.13696110752770335
-3.1205587349350408,-2.5886390295791468,9.348565790698542,-3.481744405822722,3.753357916210335,3.3891183245758247,-0.60770552683809764,-1.1053499103156792
0.63227813290443513,-4.3423649982298427,9.5842944807251467,-3.4664717380548926,4.4376302157206418,1.0861313478354464,-1.1788147380471372,-0.15592543441747353
1.5084546791218836,-0.95072877949404622,-1.9751964732377556,-1.8824338562389162,-4.1469846677080469,9.4793473321694588,-1.8485511736116336,6.009517561682598
-0.43002015395930082,-2.7263277987901082,6.2906019339210655,-4.2841943066555306,3.9813232199167583,-0.47156290504697074,-0.10506673730395941,-0.22277726517652166
-0.94472399499011972,4.1526491270236603,1.8098440557216904,-4.7900932714030313,5.1385903930358836,2.9902822381152694,-0.35138813751735337,1.843549646499735
-5.6623591450245101,-1.327287814888005,5.2450587420138683,1.0635654033672162,2.9535684430655373,1.3095227810784031,1.8044414372186668,2.2668004674397957
2.0267592711411719,0.43371520819148845,-4.3694540876476582,-1.2744627779310562,-4.5873685671639723,7.6000481998152898,-0.1548165041877112,5.3752315652843246
-6.2110225559455925,-0.67752491413590499,3.9966460028268047,-0.71225318906012869,1.978334867386303,1.2224114371307213,1.6372395412334078,-0.63500930308584613
0.4518750808447618,-3.1648909334396658,8.2530911467054811,-2.794274378553848,5.4940396658889652,1.7188265540448286,-0.71191986589788847,-1.856126380068881
-4.4747590615323452,-1.0292007532166685,3.9381584831442358,0.45541556148904144,3.2799982271230883,0.60985934720757118,1.2931755537635501,0.69834228876048654
-2.62304528471737,-1.5297316862285113,7.2102024764204193,-1.3203927016393322,4.453775253602676,0.73514872532823761,0.087880034326568657,1.3726293788536563
-1.6196264104368094,4.4428135148711867,2.4106636224999534,-3.5687188466022395,6.9402549909154088,3.705180126162583,1.5410652437092298,-0.090583483415050459
-4.3838656257215725,-0.35135769508252751,3.5996093987324982,0.84401727901150825,-0.39133258057915565,2.4958524872938423,2.6975622564571751,-0.90976529297018371
-2.528842263930891,3.9316392557608029,2.7272389423567645,-3.1854406013571483,3.9861478452604797,1.5725755308823648,0.31897778863384152,1.2808530398477662
-0.42581538190623514,-1.8889173141846041,-4.3335331963621275,-1.6127778755840729,-4.4069571127878904,9.5952304340968748,-1.9983814143687306,5.4420897134571922
-2.0484606106224197,5.3507491305680777,2.1575323126028119,-4.3905497890301781,5.3756250159243741,2.03049094623896,-0.35325275804446593,0.41834576211672636
-4.1161296498028763,-1.4603662176432057,5.8106311450718886,1.1951413754489972,2.8105559842930123,0.78646364300858362,4.2362554527452554,-0.3261658372208539
1.153342570157845,1.5561970647603729,-4.6961572011949739,-1.7774144592088617,-6.782940972974048,9.4584682355482439,-3.0164163836840592,7.1996011032639187
-4.9384318804933454,-3.0013886453594192,5.8730613573811414,0.3584579379330009,2.1161044240798939,1.8380069488585649,1.5940567990073293,-0.98791926786604267
-1.578866683303334,4.3924772580624625,0.83727179449877864,-5.8799155494745534,7.040006013809319,0.87137760517366969,-0.070686614285102423,0.13469678758323575
0.64377221357484937,1.1505502799927319,-3.5130196032400876,-4.5443444694804729,-5.9055414736357443,6.7741086059707829,-3.6142306295486084,5.3816801748806071
-5.9729003353518388,-1.3531787237005721,3.9956904565783176,0.38299348992884863,2.7574343563577335,1.3851992695177533,1.9188728395480976,1.4385944846736241
-1.8414739407400371,4.1946987783650487,2.7843406001702213,-4.9037590371148241,7.8115080851702778,2.5530813100667467,-1.6901279881532609,-1.6347025516793376
-4.9835652809267925,-2.1541764118823767,6.2138139248823059,0.32945574613148843,4.7734687717008502,3.7008414914414636,2.4974120757337324,-1.0005670613590592
-2.1657950603942502,-2.7054040298069637,8.0563415083631824,-2.1190989374591025,5.2242392132655544,-0.054008139524509557,0.55011153129639589,1.1617775693446835
-2.098177442055555,-1.8673430501699242,8.1573200335036091,-3.0908899696443912,3.0157661823445996,1.5932572613541109,0.18141354564955092,-0.31864969075214783
0.88815368439416464,-0.36267159348286482,-5.227343273263501,-4.0162468067676294,-5.5488686634350826,9.3451860077994553,-0.92476760219423182,5.0416572761430638
0.36585474837360143,-3.0521834777144483,8.7218521739394959,-3.423895494388808,3.4806619143479369,1.4116218485833909,-0.94467570463849759,0.60532902139233336
0.51242699388419788,0.98666340148733389,-4.6530244090839528,-2.5869292101072707,-5.8166761832061162,8.0430918379268661,-0.86235922588284142,6.8015453619389517
-1.742341980489343,-2.9965061921285594,7.7723593848892421,-3.527340018762628,3.6630121675102294,0.35602603533859067,-1.5015716709829876,0.33397719120196029
-6.2577913328455095,-1.2222845763211976,4.953732699348528,0.62299756342667933,3.1804622036818313,1.6422832289323173,1.8964627537588341,0.14535116722807523
0.5937799600060496,0.071996899167959483,-2.7770388184481654,-3.8177427670026023,-3.6601873574439052,9.5403344517686719,-1.1863317783013185,5.2641731319636271
-0.3503313952979541,5.946941295553124,1.6285636343808361,-4.3278014949184289,5.7702119945901051,1.8544622499912928,-1.13276278129227,1.7538851626684895
1.0639924818955493,-0.19678527950906052,-4.8017416977349985,-1.9056258606775767,-7.803190580084002,8.7632983338456327,-0.2019002169738362,5.0563764170070424
-5.5321890647928331,-0.070973416950124935,6.4370612700088525,-0.90365179927593997,2.305510665171739,2.5542738215640424,0.93904049180150539,0.37694488979535296
-4.3579921335087022,-1.972620590705715,4.8308363612812828,0.35865933915167131,1.4683169645439638,0.29320331954232648,4.5539460296278689,1.7602767486814257
1.2533397724887108,0.52892683342834124,-2.8809199297912262,-2.5355066907214985,-5.337357867688155,8.0561786910439785,-0.60684141112304157,6.4566132360696145
1.0926391500337149,0.49872581115765524,-3.0775534233606527,-2.0348368045048932,-6.8551816744174863,8.4856112929495442,-0.5756241408498064,5.6464953220907548
-0.76551421578333334,5.645444769873821,1.3638597974236957,-4.1988891670272066,6.5286505983794925,3.0438004716331735,-0.2834455976049205,-1.3683136115347718
0.15022211334546531,-3.1688823872320167,6.28570220632378,-1.9918418056060669,4.2115898371777947,0.87425480757138596,-0.78351721439268551,-0.3571402983120549
1.8026915285787144,-1.1877541491181376,-3.5648524311700949,-3.03300831366048,-4.8246993675771179,9.6244956292836381,-0.1434346248776267,5.9537791041714883
-4.4295332825155214,0.0052273711149282143,5.8908782987757924,1.2604299554903973,5.142132167495153,0.73318831394592443,2.8726402632417365,1.5039784211737401
0.4580489004590439,0.39131033964728401,-4.1961514509400626,-3.1257485068440798,-4.7869636773636248,8.023836259244348,-0.19100538833829073,6.9548870735142749
-2.4986011719632168,-3.4483664511261609,7.5671425409523971,-2.1336872584163626,4.4740564431984664,1.5097124108117239,0.28420781762804481,0.44312156510783696
-5.7871295894984129,0.36721531607966673,6.8142412272706903,0.60090237160316917,3.248263027376491,2.3922811925067564,2.3825619243164313,-0.10602020072399718
-1.948153019902565,4.9983945483508405,2.7905530342649882,-5.6927763602758406,4.8056741678319304,-0.046436783042796748,-1.0491498943144451,0.44083009037672061
-1.3077717621734581,3.9503409036753365,2.1197115059609644,-4.7919350112588166,7.5272246750555132,2.6643240045901244,-0.52909336299288712,-1.388589596580899
-1.8116727084477657,-2.9952188165997673,6.6930911798206782,-2.672534604946474,3.2752188553077253,0.22264556363457189,1.5758800172543976,0.089493771854642551
-2.2086939978245059,3.6940232986607606,1.4060682200134762,-5.5398814212752718,6.6893955372164235,2.6642762089532757,-1.4812612540967627,1.9728377539118938
-2.3311453744815189,4.1404663962148591,4.3117435278684404,-2.4018713305408341,6.553870287311363,2.3011745361903291,1.1518291599550148,1.4698852443526904
2.785730840417695,1.8179863184712293,-1.1497894274852185,-3.7664817691545638,-4.9104485281428705,7.201864212055229,-1.9478380710205445,7.7255914904747574
-5.9951390752797469,-2.0363395795730779,3.6224588483330642,-0.19970265860765624,2.3565735777147729,2.2574050285792304,2.9546269060229866,0.10198143605714087
-4.2767552520610277,-0.94503193597812574,5.7162902368210604,0.13506566990918756,3.1973417964869335,0.66049144225103118,1.6976960890838577,0.30941073063049884
-1.6774876889449217,3.8467537964928749,1.8726984465486234,-5.6182634485119518,6.0913007493742999,1.7090678425543007,-0.43034602940112027,-0.065217522870951949
1.0103780108873126,-3.0922223906463993,8.5648636726433374,-4.0959791012411664,5.1069957456454604,3.0194324021656755,-0.76235854072351328,-2.6419192820788493
-5.4383630986706981,0.02486098932444647,3.6068070340956817,-0.20328816823399665,2.5826786793900305,2.1330243406534874,1.7657592955673249,1.8037360070141077
-3.6461097553628008,5.0491742325632298,0.86630610302150757,-5.0918846957866286,5.7028674651954754,1.3424642762286527,1.3250948615656086,-0.13114489820249595
-5.601029060504354,0.011623146175942511,6.4212147645570745,-0.91176656877321582,2.2559985284583162,0.50871668611345333,3.3000344117783511,0.6348931089083758
3.0690814897135876,-0.85484391529192627,-3.1609703413322068,-1.7262605593608649,-5.2850998419430599,8.4759803674438388,0.069334463547119696,6.4511414525774979
1.9088576391399248,1.4709171859496784,-4.4727352410766219,-2.5461361025503582,-3.3079134641868055,9.308647153584948,0.13353107105081097,5.0308277259225047
1.5794763230124871,0.53145064114910168,-4.7480620226179253,-3.6012582665772825,-5.2514962472689417,7.3978253030340637,0.68361193975371537,4.4047582446967501
-6.9226501426350362,0.61084562828444788,6.2279006670750832,1.2808479488906119,3.4353351919860762,-1.2558516542794051,2.6445649311622716,-0.93646063417827652
-1.4209596308786623,-2.0722840081397003,6.0828913970231078,-2.1275589659864442,5.7376828700824989,-0.31625449793676608,-3.2296228485250804,2.1527797936713529
-0.78555958952224025,3.7467185341031612,2.6563866082495227,-6.6406143474323702,5.0913199019789683,2.714070984943,-0.57334562269979039,0.23185985239633447
-5.7115840753251446,0.48835746903390853,5.7172121889512795,2.0853711819105492,3.7545137403814781,1.9916547370774498,2.3104928558172353,0.047400818482045949
-4.7962852958165616,0.13007057113930665,5.4623388659470624,-0.45429598319808151,2.4691635481505032,-0.10486989661303614,0.91538148779062389,-0.29874399257175888
-3.2913120535590248,4.941323843830463,1.3852174562248756,-3.3687906140273753,7.7830328548649828,-0.025681913930219347,0.21415989502246185,-0.42359358137196124
-3.1606694325877962,-2.5624524852664088,9.2293147855087021,-1.9463603903412487,3.3289799795338073,2.5453917346612096,0.39101948339340564,-1.4408030494385415
-2.170035567466722,-0.88836547646265029,9.0073918351119069,-1.5505965672219721,5.3343572784718241,2.4457226619848562,-1.7024383918894745,-1.257319307981055
-1.8048227818624136,3.3969051211085111,3.048616101561719,-5.8069015849843826,6.8596496226700374,1.1149035354172838,0.33119641391711885,0.47574363628162653
-3.7865679091045954,-0.575899205334788,6.0518276725776703,0.5319710261248155,3.5746191991803302,1.3828204565163025,4.3979084099523265,-0.42619763712055897
-0.43237742692884384,5.1939944345263918,1.6706168151799563,-5.09579586879223,5.2361004167065168,3.1269226769459886,1.1359917789820497,0.38922149779517867
-4.1674375223754909,-0.55119207931253433,5.4863945398458656,0.34943509725830524,2.9271927497850463,0.98225061935812985,2.9168253450329136,-0.66407183348831067
-5.1487517118776855,-2.0297933400911452,4.014972886274685,-0.14826641573693433,2.9714976185690607,1.0328280993469929,2.3780504606205266,0.43085135827983406
1.7041467378645399,0.095230931829274834,-3.2171002637051949,-2.9515996776289954,-3.9401406724301138,9.2250725514880596,-2.0093072788912965,6.685577877090263
-1.5067728383579737,4.0346311248607201,3.2191217268862546,-8.2614943934515956,6.3505839958380328,1.171755680374333,-2.1403280517488832,0.20847302999362499
0.95443289690989874,-0.15895278368547242,-5.0658676440647739,-2.9737618011122056,-5.4793945773715436,8.0835466787061332,0.095764108197809894,5.3022288779440903
2.0608835680817736,-0.92329770279159651,-3.8928853150045937,-1.8654311848023,-4.4981092916885466,9.7763077660994266,0.88019587666441212,6.0481985048366491
-1.3265114306548558,-2.2828571521857053,8.327521035390486,-1.1588827446983476,4.1981852038658296,1.5189609762370038,0.67155573410894742,-0.048112249896292293
0.42476600293994848,-3.2705475968991227,6.467900442527152,-2.2476464039805859,4.5614951736957146,0.98414720536420142,-1.4054842085318775,-0.44346552911658821
-2.6875856386558374,4.5730867078760342,2.7459363711080922,-3.8228501187944834,6.1149388191052481,2.1043771259344006,-0.74831906522970659,-0.51920110940741016
-2.0313275973054767,6.5088493100552798,2.3291156549987715,-5.6732392405097398,6.0573069817495249,2.5084776311749919,-0.56527515932559536,-0.34998000968787635
-2.7787735218814462,4.5513165456448714,1.4634571555775797,-4.6151289008652094,5.7294348461108644,0.60780265625521457,-0.98052159242865544,0.53457753043749345
-1.362506782867356,-1.5816406775705865,8.0042028177287001,-1.9789932786438185,3.4956775085197083,0.77383590901332178,-1.3602016591290131,0.8510739501712411
-1.7821711630028956,-2.6007464337271511,6.9172194490632668,-1.0374142570742118,3.1568708669289527,1.683537944706019,1.0653247884809263,-0.96393251291930337
-6.1794442721953686,0.86149213298409788,5.8423428755117399,-1.0221443507179035,2.7057173642871457,0.7838031117508345,1.692151507991692,0.2484878001975484
-2.062610599862623,3.1159514961684485,3.1748045811343562,-3.7214074787076683,8.4522632149701558,0.55631382796974593,0.00062194706264856459,1.5258773985996772
-0.91207805622233407,-1.9944846731421764,8.7785433131768507,-2.7913081754907041,4.487490000614895,0.96306800775489754,-0.1213332856213688,-0.20047386262925976
0.59523293264627075,0.028337512485131194,-4.0258220250520615,-3.0567155469714433,-3.3121673614436884,7.6719576121110418,-2.1582805661099274,5.9169007122609889
-1.8243638771233455,5.2057530594462129,0.78485104682847995,-3.3495606261259629,6.912727991364334,0.14811796797958143,-1.5719831400273283,-1.5167589955214362
-4.8044945690425687,-0.099127953617946685,4.5556203660951384,-0.081175844181799295,4.2632621683219698,0.94560873725437389,2.2305435925332322,-2.2710390555505828
-6.0133704263313792,-0.55579148591853689,6.0233182940738592,1.6008826911530369,3.5632743898388961,2.3945114873319775,2.1861777767185058,0.062285760353150574
0.38126248781227479,0.4979171784621087,-4.092383691150081,-3.7615021552859509,-4.3189903662510476,9.2308266276134798,-0.72518151135954945,5.4232864886754699
-1.6599725678752582,-3.3225779548525125,8.0628873272279691,-4.2832653285111366,4.7123073943693727,0.82557862328030751,0.28206674194159476,-0.36695787569522148
-2.4504477436288159,-2.4816059532967514,7.7820010636800756,-2.7091388812860657,5.4844734073998005,-0.54689527069815402,-0.53329843872100668,-1.5646472529199753
-0.12064670981352132,-0.96911587468708094,-5.3426100336819626,-0.11507136752877978,-5.4310655936911356,8.5966901069122237,0.66151722766101606,4.359387812128424
-2.5098620506308436,4.5931451920202662,2.6091914525059572,-4.1833497962057793,6.590043678638188,2.6512985336839536,0.79954095385074708,0.67245275321314102
-2.4321658931998273,-2.9606797252364623,7.8499091922802728,-3.9645293951711844,4.3966953461821454,0.82376233786731778,0.34733476014835918,0.3165983520997766
1.8502397024041222,1.3484033736330845,-4.2661020347140459,-2.1624109866921115,-2.8456705960142212,8.6066502035447954,-0.62686593465344242,6.1867785121691528
-1.0840791179777198,-2.8038304537755598,8.3140372678152499,-2.3521240733423863,4.2980931569539269,1.0184566876224961,1.959479508672537,-0.65292110255771529
2.5784174313645192,-0.34953955620744248,-4.5551606745634086,-1.8361475269670775,-6.3857647951483862,8.3117580529098483,-1.3757881777677874,6.7719438048718255
-3.3396070725811913,-1.0592646948132234,6.9855715263583384,-0.20349182866375187,2.2197771174760046,0.23497860595419362,1.3383453218457502,1.2838955763595219
1.4222378246916063,0.9202728381344335,-4.5865494422441948,-3.7768284376479611,-4.5645481210824945,8.6588509907552602,-1.4192034917442058,7.1445220535362921
1.6330114712440109,-0.99596208296081778,-3.9001234734543089,-1.2889663797213975,-5.9185482461814045,7.9313969670896807,-0.8412563676733027,5.2757615784576473
-6.410084251492818,-1.7438371014312246,5.021124480531105,1.4155595303888111,3.147381903234491,1.570064377033896,4.2594446631350618,0.4215993744258924
2.4240058594634717,-0.64668322868865291,-3.6171560568389656,-2.1051170737059106,-6.3757129171078848,9.1595036621052976,0.027046549861864277,6.2449630773458384
-3.1691290089242008,-1.0570526347853424,5.1344520946500456,0.78301498911552281,1.5147387097293599,-0.58736595555500282,2.1981495450958706,0.40197389480705226
-1.0625101360713569,-2.9824739481941878,9.0148760806016561,-2.4422835132121286,3.2932737205803928,1.6573603206080885,0.26421137085792978,1.2264044481105731
-4.9527200779043712,-1.8210413087825863,4.0242137107230365,-0.39857493391772469,2.6368481538070925,1.847165428067407,3.6623427370412083,-0.39749812911022875
0.3475861063386424,-0.3001197072452072,-2.9546287448512527,-2.5148801406947152,-5.637532159077062,9.2352531693020765,-0.84256785466144424,6.0282963465762878
-1.6245223487021356,5.7483103504733055,2.9891320555928873,-5.9358933960474047,7.8541615843263477,1.1853813773234683,0.89512527406630082,1.9566475707379412
-4.7209766168391365,-0.026572714781437079,4.8499406877727678,-0.36531310245415083,0.48087506596769147,1.5278799042638413,1.6424570296093863,-1.4565796260478279
-0.68463369706662014,4.8910645460276916,3.5709708051031055,-4.9763868067693631,6.2051031206207039,2.5703382582002812,0.28166459952692602,0.71709711257772679
-1.0375896507794977,-2.8387462587615508,7.9425413015274957,-1.2676625607492438,5.5679995334281811,2.9360303197002269,1.2823376492189102,1.0694974401356239
-5.5799035168065707,-1.149717537668951,4.2226659328155582,0.6497765596685785,2.1287121357630987,3.2523676398105898,3.1558046785390612,-0.38430952365422855
-1.7351009807964579,-1.3320053994873045,8.0548123044470223,-3.2655004273812751,4.6225784662490685,1.6827252097126872,-0.22568556035123921,-1.7503129105289232
0.73195128928926945,-2.287908823217137,8.1891781486989679,-2.9541689435536842,5.1958736424692731,1.5842312958704456,-0.53190956397248479,-1.0713921961098134
-7.6142369042874911,-0.89531736487910729,3.671724721034777,1.0193486923471942,2.1550658006468133,2.4428598976704614,2.7058485630839937,-1.3240826298434412
-1.3427630143015186,3.5366059162594601,1.3919859457990964,-5.8540544112781792,6.4780942524924994,0.80771854347381944,-0.88493924489278941,0.41142708352280655
-1.1593302573374535,-2.627657087574617,9.0232887883072923,-3.5123002568488597,4.2018386249401534,1.3255656444486184,-0.27275188504004455,0.017187657182317954
-0.42788279538163199,1.5660971009366715,-4.6707075368843771,-1.9355816662125673,-6.0082547189357793,8.051111505890038,0.29651335202367546,5.2129151970855068
-1.5803389870297253,-1.5251376753227937,3.744689323321527,1.2386941968156577,3.8984485073667585,0.97746670286919046,1.8538509224423101,-1.1298155679904609
0.65374656696521716,1.8230856751244215,-4.9257066499968492,-2.8279222889790905,-5.9185973413783231,7.4336652497832816,-1.3312527070427989,5.2576570104627445
-3.5595568535370394,0.28201404730292556,5.505638658692666,1.4677621567668728,-0.17118735278525188,1.1043499465921953,2.5074151229841855,1.4601981041136101
-0.72238059246118969,4.8313069829741648,1.6313600141129672,-5.8185085325924257,6.3478570522728202,0.99582914653942467,0.32746567718094821,-0.97600498189180451
-0.28357260740767765,-3.3178354288749916,6.7716809161903173,-2.4783567334603696,3.8279979120295682,2.1739756794000469,-1.1168215535167461,-1.7700026706611129
-0.38220742584277456,6.1096243684063021,2.9124048386028054,-4.8861544391695233,6.1084802819192516,3.876587313573046,0.15286515262545813,-0.30996399814714959
-1.8410723013350463,-3.3163311966354967,6.7312286296047859,-1.9334510592227998,4.9547446896825242,1.4386660488092509,0.37747177914794461,-1.4209764697478688
-2.712149283242669,-0.96829454204668663,6.2763965504743924,0.83288163646464541,5.2305511637908193,1.6320662633106617,2.4227225808178803,-0.88897572268274594
-0.54110587139738087,-4.0739444431443843,9.4095940528862592,-2.2713149711810932,2.6555860248300296,1.8705484931943515,-1.7953589359723736,0.44737998454543532
1.7732364700353604,4.7719679225276215,1.5583279403160595,-4.0721197341365043,8.5672706822039384,2.5402123253290485,-0.21898362917346503,-1.0751610967280547
-2.2165878060638891,-4.8579040328428942,6.2659915499711518,-2.1183231793662607,4.7365607585831038,0.82565795785217522,0.095272488097819519,0.95077057816668498
0.36348855361131993,0.39274360443235756,-4.3901259651440121,-3.2764430066322268,-5.9034546491175721,9.8490899609030862,-0.78996882641719701,7.9366635069600822
-2.5045043131504636,-2.2257231367743899,6.5053541627354701,-3.4331856195491697,4.7935370051077717,2.5505571161618539,-0.81139977579391886,-0.48425400059800966
1.0511691863463928,-0.77703714827497106,-4.0829510823801964,-3.3966459525698678,-6.7754474442710588,9.2828840191067385,0.42522216239342503,6.6070333717450245
-1.8890697714187219,4.383775539657492,3.6885591543676695,-4.5370113342134948,5.9697732476646621,0.85965631301719969,0.36013168944091078,0.76262498832902748
-1.4011664363736918,6.2664293054744267,1.1416893484393313,-4.1007282671204948,7.7124691173517714,2.5894815974609999,1.1023065555799527,1.2466877694048706
-0.60624518975143293,4.372209180390362,2.5158754533786722,-4.7119451065098383,6.6772311174999492,3.0127584719752254,0.95898001051872017,-0.83254424666861915
-3.5169115799888959,-0.58024442923986952,7.2270155707802655,-0.36499713593958738,3.4136733505159875,1.3290455714869565,2.460448849652408,1.7366713428546325
-1.1107979366992746,3.3809721324336737,0.80152426191959503,-5.600522427902213,6.5682846268384472,2.0909610737991802,-0.29755997230548586,0.31355536219357172
-0.87259169868137954,6.0547033157917536,2.6511186646560172,-5.5653159023169705,5.3010653570986639,2.8187043744919871,0.93403226319994748,0.4062881152851896
1.508869734616195,0.92063471555176912,-2.935039939402722,-3.0975519473044271,-7.3574142844469232,9.4044874171466688,-1.1638303661518274,8.0880627025998653
-4.6919095534531161,-2.4391873043623362,6.0047541737426053,0.46849628659868831,2.9301689326787983,0.17573191939809285,2.4534020307619429,-0.061984277714456214
-1.419621676276873,4.6574905441766257,1.1037211775849254,-2.2852938284915889,6.0510935478395993,1.8402464135232206,0.046214698224684714,-0.65527333998931658
-4.2916081710644516,0.96123059372633812,5.0687494986539976,1.4259481048057636,1.62284764021289,2.0053231097741904,2.3739803205091405,0.93837334391939109
1.1724639636203198,0.86903873496937345,-3.7727014615200183,-2.3236042396629228,-4.6591419823915672,8.9986390786423716,-0.37110078050351558,5.4542308597226246
0.58044944489667172,-0.038981695028413338,-3.3927392011533586,-3.2675486884350278,-7.1390700684316171,9.3173865911426699,-0.37767149927501176,6.1298183867787177
-4.0331036662317761,-2.0850160184949424,5.5514623320719094,1.9554930816052551,0.91324799763422604,1.6785544259679921,2.1399290957716075,0.39259701718860202
0.71260245303445569,1.0156004596859676,-4.0064576043600741,-3.8191733287040099,-5.6405702625251175,8.8549409499629697,-0.28083099984487037,6.5918854225486765
0.65666692644262881,-0.94129593219885122,-3.5834923295694052,-2.2156081575788544,-4.1493551659920689,9.1328171781860892,-1.657601850600676,7.9027568209106196
-5.5296327389198359,-0.40610884124902052,3.1196340414985051,-0.27087775711358042,2.0977084310636958,2.2674938219970073,1.6887952783805305,0.44616735317174505
-2.104965137820725,-2.802670423211933,7.2030862263085735,-2.2137824946268694,4.0359064458577523,0.3872894061464599,-0.9677274044912022,0.67613205163196888
-1.0229950781083117,-1.2934626153158333,6.1827920195542507,-3.4227740443188792,2.7269997522485889,2.4208401712202088,0.40905942848099486,1.1175293101612132
-2.0139587035275603,-1.8780427220679119,7.2716001530514003,-1.8186603237209074,4.554267517240147,-0.70617148712290279,-0.57880429127136246,-0.39965824982831444
1.2127496237826521,0.85022998282364082,-6.1588394118466905,-1.9048636071907645,-3.6995953559853092,9.7440784391545741,-0.62979039389023361,5.7344473651561749
-2.1505294184120967,5.5624587136661727,3.595166510049753,-5.1533760521053669,5.8766021608438122,2.5459888644650959,-0.58531665234269703,-1.8337073397580073
-5.2699351181253187,-2.4201697352653668,3.9959024380225054,-1.3929749259821933,2.8266652668665966,0.84147839937044211,1.278785045026906,0.8124107110145109
-1.7577302379118576,-3.8126634091837732,8.2369591185123863,-2.3239144521757114,6.0718748370756463,-0.45121752692370198,-0.24604068854551969,1.082133457862301
-1.3522054450804439,-2.8967593452939782,7.2695598073276102,-3.9937861928356764,3.7779579660345539,1.0901787074636817,-1.250748530612853,2.0535002918933847
-4.5242115729283165,-0.13884134243937918,5.7186295740218824,-0.70648435684362643,2.8826803178314639,0.96427028869605491,2.4776222611894374,-0.43963954688494405
-1.7525295220287551,5.4585686954034349,3.4868240710238596,-3.7973750366692811,7.2401809757347486,1.8631943003662372,-0.97320161629473501,0.0039032742942304577
1.3483660165306521,3.0216363648249431,-3.5977045166234674,-2.6834533962371334,-4.0677300055000218,7.0290019217674731,-1.1001124897055816,4.8306314087373039
-2.0859191310027496,4.096579139197825,1.5309009536434899,-4.4708932869195941,6.6908752652961914,2.5449187738791115,0.19121299955894822,0.27674830151569108
-0.71750862465557919,-3.4978504639277013,7.0697550778779146,-2.716508858799437,2.7996020395731671,2.1846373310597351,-1.3353719881292916,-1.1325447941123004
0.80593016611822299,0.60679020827522057,-3.4521201676721902,-3.0281616713086859,-4.681359921459201,9.8510149717688105,-1.3034284041410411,5.1203716214871893
1.1156513672479527,1.2423431318737514,-4.1234595191543466,-4.4600260227886297,-5.7426235458202664,7.3035098203200084,-0.7307491248159077,6.1236666100653867
-5.3999803585056352,-0.97689031365462631,4.820575119943288,-1.2883315996809244,3.8004263794348616,2.0029121585919061,3.6264879898251481,0.79413125833061138
-4.8624651686012559,-2.0233512911580629,5.6821819911813813,-0.53372919741040981,2.4967166134963974,0.74197995862868282,1.8980577793956632,0.32988584459648812
-4.4326051170342291,0.46577962109361004,6.0530794954655107,-0.77373954918620047,1.3329863045108545,1.0204328025287068,0.64582934735412523,0.7628770220806772
-4.1487888965251649,-0.039041130372752808,7.012141267129854,-3.0822849209303094,1.3687757553791822,1.5076588166661447,2.8124872914945285,1.7930553418422119
-0.076830063215171718,6.9267088381014865,2.6731422711075825,-4.8115254827081992,8.6391370930078786,1.0714431395104196,-1.2623253147335558,0.53188386142603084
-6.3170307519985149,0.58252961246676627,5.9434242770288392,1.2925631616240163,0.63340946332845149,0.38244464851935844,2.7038655804068581,1.2909727860989211
-1.0343195921907657,5.1701355702062219,4.4747654972663682,-5.877049991888013,6.885757927864014,0.1105077585141967,-0.089425720429427563,0.78301599637526487
-0.012222358297689251,-0.55997810270707338,-1.8168598414202946,-4.2038164158121827,-4.2448874910271073,9.8019848084840113,-1.6946317986767869,5.0047221595226805
-1.6079524747760263,-2.8845095537380185,8.0364345405784654,-2.3648274728971148,3.2245977152708609,0.74935687674246898,0.4019604289525488,0.51533154424345562
-4.9565496386620058,-0.045349681179951751,4.9861121400059103,1.1101706201190993,3.8866317885426662,-0.112218369947648,1.540402284963754,-0.39262983462042278
-1.7319561374723282,6.7923619231990537,2.7376946969589975,-5.4892866806597533,5.3896994643707101,2.1285833229149493,0.11226459389101595,1.2456444051577873
-0.93727843257648258,-2.782242662349772,8.0794369881191113,-4.7936746503386658,3.6397612601228202,1.1781815585564519,-0.99066598360742764,-1.6417745777115389
-1.7998093587610735,-1.4189763592580547,7.4250457941107655,-1.1292419364850175,3.6162487870993512,1.665296270155886,-0.33815610550578801,0.36544264417252109
-2.908230114509772,5.1398995549800981,1.7588033677886326,-3.7722170084212978,7.3597275221947704,3.7029767460995604,0.54043577564077849,0.046895003634201772
0.49873300138787557,-0.36153147954304754,-4.5688497499428706,-2.4322938295499879,-5.67342756263485,8.6214092967546083,-2.5153404314168624,5.7006974921430151
0.467945658144301,0.17367435331310976,-3.9690561898109253,-3.954856051693497,-5.5542037708282139,8.4026592856231712,0.51722945972830481,5.5833800371062923
-3.7354421583708008,3.8298124681497114,1.0006179480407942,-5.5477905575180637,3.6345372095401527,0.73466724077943901,0.39245044437634635,0.51312162478907519
-2.9746779974586293,-2.2857457678819113,7.5968353268757465,-2.6334481527927416,6.4549744786946448,-1.171036968786525,-0.24870653506206411,1.5476796261864338
1.4594629670299826,1.281009049822464,-5.2662280962223731,-3.2463765308773347,-5.2117083585487514,7.7700680014623744,-0.94073289177956276,7.219204656485176
1.3777623705451723,0.022764366773348227,-3.854908920201332,-5.5771635090816432,-6.6768568858838417,8.7208642583005425,-1.5373658710868385,5.0579109355699199
-2.2084020883690014,-2.9650043278825366,6.5898764729377994,-3.1877485664805043,2.3698203673394032,1.3794199058005556,-0.16939455184469468,-0.12522885390818742
1.2617396833233103,-2.8346310712609699,6.7658593325096934,-2.0810033063127351,3.6187373317673113,1.2588000522944165,-1.1048535095183316,0.72286841825147496
0.060482362952224644,2.9204967449651291,2.5023537122839099,-3.494981841811359,7.4196374693527236,1.8043825535895244,0.33393436006482746,-0.37998981416862898
-1.4434719943796648,-4.5668343835287226,6.8607426038773252,-3.8878735504312933,3.3036287747349427,2.7044363740630155,-2.0466933674790844,1.9161487822373795
1.4257519601298041,-1.1111630785574984,-1.3916360309204725,-2.2399887611055953,-6.2033344096604139,8.2409330595681904,-0.26169921676371466,6.7927567952011474
1.3577265777602028,-0.011147942275658157,-2.110241100722229,-3.8289451346640244,-3.8921018466371984,10.49568509286509,-1.388086937647611,4.947439190048307
-0.045047619384519066,0.90911604261211665,-1.9132383700713143,-3.1252574777884843,-5.1555585531638135,8.510407941701839,-1.872966630369425,6.9457696114261394
-4.4616464739864021,-1.0456642530922677,6.5838560772818733,1.2337760205447452,2.8186020678951844,2.4594384433757415,1.5719146844420648,-1.4240264205733948
0.41966261671450833,3.8837433369215244,1.7442348697873173,-4.4812933088729094,6.7962611140975699,2.5257417603467953,-1.1978841919107612,0.88299695340706041
0.039263730366426941,1.0507821736215568,-2.0414428301141365,-3.0270986024730262,-5.233968763187951,8.6406011689913704,0.54607620156605996,5.2913361269741372
-0.74078359900444324,-3.4865640384870069,6.9586273430581196,-1.9391600853519946,4.7714599100993462,0.5945367845719044,-0.40067686759388155,-0.38607809251996927
-1.4647540876909637,5.0836944873369001,2.8699343691357488,-6.3852484981085587,5.7409711692037408,1.563916177683021,0.19286789829811574,-1.3230768058799891
2.557468568792133,0.70995564976985537,-1.6352700320206723,-2.1678041234079037,-5.5434677268431107,9.356847122023801,-0.074230149578793703,4.9247467347074485
-3.569328497199586,-1.3369064231848298,6.8471852627376011,0.89583181779882814,2.7573514508950359,-0.079992739672008373,1.2800934623608566,1.2512328580145089
-2.5118975587304861,-1.2499836138163505,6.4300789147602861,-2.4162210539319533,3.8516803950676675,0.97299916771746098,-0.46550152013131962,-0.39130132814103807
-1.1726128153106825,6.8577920382887108,2.7658149926244837,-3.8029015156958303,6.6044471281006425,1.3823295552130217,-0.250759328956001,0.25877244531196814
-1.4945182895690399,5.2179508430949841,2.2264279343529938,-5.3424105338445749,6.5593728877845257,3.103815860463822,0.58479279677883866,0.580337416506019
2.2949054273607414,-0.81608594159721903,-4.8399259255045015,-3.5798044807653842,-5.2954665562498091,9.0213021127992992,-2.1482487469984366,5.9926843455461327
-1.3532715203346455,4.9156908978402996,2.1796017642858287,-4.8271488010834842,6.1464430359605098,3.4578795554457411,1.2364714673669299,2.254791472564873
0.34639765626080932,-3.0545569803446173,7.3412866926188771,-2.8066505184585302,2.5006087760354312,2.5610633794218884,0.58867080218096934,-0.30288405120349626
-2.1345436244932543,4.6150583860057868,2.2724585887112578,-4.0305983783427646,7.6781948029006202,2.2995564358025682,1.4085414221666248,-0.87721822206303501
0.013352788934692272,4.6337904626021249,3.0923566472472923,-3.7630747019829509,6.856035038245901,0.6884313482809874,0.09577301889224249,-0.07458495174180868
0.66941142883890981,0.16812397086173475,-2.9783059799724332,-1.4828890705928091,-5.2512660184856115,10.294456659406576,-0.1880093886369727,5.382291969558751
-3.0298319436401053,-1.9524086809265624,3.2702799099097941,1.1381344263426794,1.3069229425256004,2.6374412318348766,5.1095018208029011,-1.1780813674588415
-1.295869347541696,5.479857769436955,2.5409866264289178,-5.6572281937881632,6.1708046899510105,1.8533507787765666,-0.717255553414612,0.24557816976573937
-3.5469998447609332,2.3372512750405532,4.6847360913154477,-1.2759428460559308,1.8937371589149521,3.3256464603972247,0.77820060190043594,-0.37882121536473068
0.61841043119325545,-0.21211393253196134,-2.185707725156826,-2.8874162046955472,-4.8851977404608604,8.1990325698606412,0.5156183819874155,5.7033399429802385
-0.39685060877660394,-3.5367878097258165,8.7941792841712676,-2.6218503721582009,3.3189427863800023,0.21961868732327505,-0.23250165140306528,0.23775324642513146
-2.288329139481494,4.5706972949235327,3.7002773861186959,-5.182794579849018,4.621755716405521,2.7885094571351225,2.0051279187511883,0.1459401950690648
-1.7242967848164419,6.8833131332478299,2.2624350233836945,-2.0305210362597781,7.0579060740430197,2.6328619242663964,-0.23270184353066026,0.6221806326451147
-1.5387441530612309,3.7509886940901307,3.9038026794192362,-4.9791154920061347,6.0748331516745546,1.4276739046109461,-0.95982746793038265,-0.12709632468109164
2.1813963981800923,-1.2875068590419814,-3.7628149944766469,-2.4008020905524989,-3.8077429902430922,8.7692608393312881,0.40609845537461819,5.8333280025256178
-1.2567381238091113,-3.4625756573475948,8.6395756958213354,-4.0345836620404736,4.1707326359012926,0.14657088530015416,-0.9348719302732349,-0.49358889689705071
0.90602317310524128,-0.57547288565408539,-2.1098046974378826,-2.4521272128943883,-5.502802458520657,9.8769288932984409,0.072835679450719559,5.241746757748099
1.4417266339551575,-0.20374043283181656,-5.0430544391908647,-2.6977085040061799,-6.417853997251636,9.0589088291300559,-0.89087721056740221,6.567960109823173
-0.093963129812484114,3.975919899486136,1.4203184933102124,-4.3221783702173964,6.1207976985779426,1.3881397831693325,-0.82360728503194425,-0.64078906405342384
1.3089023781651041,0.10601847240398071,-3.7415341704932312,-3.8161758862544031,-5.8161852990463396,9.3328894979667769,-0.38500242788998673,5.5775274438965674
-6.4982373880907138,-1.7764578268201436,6.1659951858952846,1.2829831279934685,3.451098175857144,2.194126879890427,-0.59727488391488848,0.69419334934013366
-2.1871446828037269,-2.3959887661296837,7.9100493501206568,-1.4833616280690087,4.4041945199609698,0.38907167093551043,-0.4931830573460757,-1.3087298267316569
-3.9880438751092173,5.2193263610049101,0.041788012604456082,-4.792034588542653,6.1792586757280832,1.9036845061730809,0.50956633248712868,-1.4421083139887916
1.8466065343511855,1.3383630363337293,-2.230722439594671,-2.797394574965673,-3.6053486367664664,8.0468346307800758,-2.1378545695257083,6.3641354019176575
-2.3259035782558559,-2.0373933815933833,8.2116547724589442,-2.9159466517342993,5.9162887798404444,1.8682805828516205,0.11905647252238255,0.11461992162928117
-4.194028006222303,-0.12137982466750108,5.6444482177118429,1.2801220245694771,3.5150847643029506,1.2145646329743802,1.9943826502149919,-1.1379241841082239
-5.4154246470371037,-1.8269216577388279,5.79790770567155,-0.19776366986411498,3.5839457197787308,2.889251154445708,2.425840900082727,-0.61425843320583173
-5.6417408313368176,0.91399181171666855,6.0941694200946612,1.4364551246054731,2.2937762230923999,2.3061176374272456,1.9692945770521499,0.51536516084543982
-1.329662632610539,-2.435833342760358,7.7492066231344499,-3.1458943425441621,6.6764159549262239,3.2667842424389484,1.3807024863763111,0.38524347867307457
0.82800334232681339,-0.27473218682431011,-3.6252985087203906,-2.711940636289337,-4.33859567510844,8.2100153852405739,-1.2407769610468968,7.5124907919556652
-0.51803842297852509,4.4081995175792521,3.0797165746962021,-4.4591684463997545,7.362446584115288,1.7908445572491616,-0.76200082994029783,-0.87841652526004332
-7.2220864643730485,-1.2637504392396475,5.9396810646000064,-0.96486170789470094,2.0472758333520118,0.46705480968823521,1.6315850926984481,0.025472935377729326
-5.7327737791049032,1.1432812975854107,5.3114714790588016,1.6527569401873996,1.850508716534548,1.8139411085050914,1.9528365075033851,-2.6041695238403868
-3.6689668046748789,0.57906155965435091,5.9438561325008665,0.34543633861855494,2.3711626081437789,1.0248263619810212,3.0758700464094018,1.3046363759525494
-2.6720722391050424,-3.3652529881954125,9.1280163855709766,-3.5791233893015786,3.4451266542179764,2.0399910299853872,-1.7909465997067597,0.12398558777561444
-1.6031631291198656,4.0598313613125976,2.0585271635533324,-5.815601483417459,5.1507200399698778,4.3651746989410665,0.16055167188832792,0.14304829638454528
-4.9185356530076536,-0.97493311547306727,7.0011904178511815,0.72039292556728496,1.7483322698241048,0.30433348748326394,2.1372923572082172,0.44525991927752645
-5.2666293386813967,-0.76957888583616041,5.9091353229684263,-0.72875071814599268,1.6044792939237784,0.59115373538602678,5.3696260151326527,-0.056428720966915195
-2.0553153155548984,4.7547041147311608,2.8304367277205458,-3.6547150067192526,6.2559456745689666,1.7225648099860333,-0.58592730017697092,0.69804922955963356
1.2237760006757972,1.038574421066051,-4.2393346459838144,-4.9562495269676541,-5.8025457410559804,9.9447642246697221,-0.10578132776733884,5.8000104822815803
-2.5021847265102659,-2.2665933484453986,6.9697431058010766,-2.5431232079247783,3.9446445323151966,1.4831744365099335,0.59397808008979935,-2.1303669760531685
1.5175297899049633,0.36865790889389949,-2.9307055052315092,-4.2791334994796149,-6.3338341708953774,6.763907108559593,-0.21489888664007117,6.3158797793828532
0.38997924592898414,-1.8043969859279496,6.296064294420284,-2.2803821313747505,4.6874008363743718,-1.2871237462165286,1.0692915756967269,-0.0072830511914932609
-1.2290499019201468,-4.3436104579665376,6.7858378259629601,-2.0600588341791539,3.0852464646751168,0.16719097947074135,0.97907653748657919,-0.56993679802657027
-1.7839276972404454,5.1501804849827018,2.8503104400008263,-5.6285654713622897,7.0364424725979191,2.7793580985573567,0.1858169187173539,-0.42881736903055934
-0.32194638196636827,-1.3280209179887232,6.0697892680114229,-3.2987823352175227,5.1061606240370567,1.8352475553680416,0.39814503363300435,-1.0913193355828825
-3.4814829718605509,6.0026200870404383,3.4208256690060295,-4.1746571980376572,4.7113435705874913,2.5642115067479558,-0.36471637275211577,1.1271096544895898
-0.1142374874800367,-1.1488908037313632,8.2922988923418579,-1.7320481493487438,3.2133797534773949,0.42567524801925971,-1.6535860870460612,2.1442814291807721
-5.9163631466356223,-1.6625362473719709,4.1980118744502635,0.65089656626486647,2.9997603242654387,1.2182436349270558,3.6459305403091786,-0.5568382830015004
-0.59800057595848888,-1.8985840324431327,8.2030129485553172,-2.0706422444780488,3.8682126112854425,0.6196407558078777,0.8398736810734021,0.096965920827194824
-1.2427882508014707,4.4519165784234405,1.9022540827750178,-3.992913582448423,5.7615318528497124,0.76166042152665292,1.0953904127496656,-0.31875694810485389
-1.1897064879481907,-2.3848516600932665,7.9893399997457903,-3.5567919189617276,3.1552269330565981,-0.22061317661246971,1.1741121234375953,0.21193129615052506
-2.2260184374188516,3.7818457545086783,3.49062843496738,-3.4567549380976965,7.0942666365184426,1.9479480990459106,-1.6923560398018616,-1.3288530625931865
-1.8231354989122921,-0.8949625603120499,4.3346715076925637,-2.6145834634610936,5.2720129775006006,2.5032036382907972,0.98401107877747018,0.3661901515143095
2.9013992694780035,0.6958621459718245,-2.0755081872254006,-3.5479544198439861,-6.7442233054948986,8.2121708578729713,-0.60179501716693073,4.5235440478096205
1.1788505787593022,-0.80420533958811025,-4.3009959588717335,-5.3651884246981574,-3.5272886434184811,9.4149007042183879,-0.50621395104291644,7.2996738703322688
-5.5710219969910808,-0.30846622324584783,5.9697204514181195,-0.090076757733285329,3.888615808713074,0.82483981056555922,2.0448313258738877,1.1554635125945445
-6.2416162570162648,-0.86741330424477159,3.7734955095176153,1.0061570267780966,3.4969498363331821,0.8855912134254299,0.57180562755024011,0.84368671677942708
0.66064379111069882,-3.674827435896689,7.6376843364566058,-1.3969858550038905,4.259955840502891,-0.80164250297227624,-1.2038857957015274,-0.96168776392973643
0.14073691770359509,0.12961871966909863,-3.7872436053500134,-4.149569224071656,-3.2003349495266242,8.0228370704156937,0.79632943339241502,6.2171695351333716
2.8358371369798512,0.22407415558183269,-3.0397934089557221,-1.2504144221300684,-5.3628448226065402,9.1862475214516621,-1.0497530790895295,5.3374620325234927
0.34150129949805108,-3.5426581433422952,8.6095957886021459,-3.4662538539161583,5.8047096820422546,1.3101934969814863,0.14901094631275041,0.50371707783884234
-4.3370095150554118,-0.99552674518664885,6.2766235056173905,1.5628668341706962,3.8467884402256107,1.8754778114840627,3.4216779279499119,2.8811866691399368
-5.600200501405757,-1.4357614891964943,3.605049441477103,1.1362793035960155,2.9483658575068481,0.89281997071178898,1.3525044751955675,1.4093023714150874
-3.0149504744995332,-1.9945224757492133,5.5959723746301417,0.9764703413839515,2.1814571502083377,1.5281475841091499,2.7421157060280961,-0.35214957951713871
-2.2372004841839521,-2.0653445706262787,6.4697575726537799,-2.7861484580985345,4.2054944527919638,2.2588617798363213,0.90863616383682977,-3.0109977866289483
-4.0726601582371211,-1.1509138601592293,4.5285847521143818,-0.4897761979395322,4.7736714796770299,-0.48526910659879041,2.4131564518741282,1.5116704781760337
-4.1121471285872584,-1.1816180669381495,5.4601532911507142,1.061513620761978,5.3126494392344386,-0.5716005032717475,0.68654783076670323,-0.3198586486966965
-4.5466312646998821,-1.2312461533889261,3.8264421468065857,0.23919780971636692,2.5100562210964696,0.71464153178465806,3.4329687026245508,-0.15901800015148582
-0.42739987751038111,-0.14137439843461794,-3.4293653074178869,-2.9395616315525905,-5.7603544718219091,7.9232567246416883,-0.67738667716071865,6.4194637817436639
-5.1667599785335403,-0.22167446495769672,5.2987042489112124,2.3467316158963119,3.867967757793549,1.4123359163223066,2.1773823619685317,0.24304756117428492
-1.5885932996605847,5.529971985770378,2.2757472350708134,-6.0797333441224879,7.0982434164138537,1.9897067454558393,-0.99245447775111373,-0.39197158118819775
1.8690626856424961,1.9395996663794464,-3.7031097522247869,-3.1458926967867629,-5.1259148229830576,9.0493889181832934,1.5674207638155222,5.1498506426911934
-0.28095399526485643,-1.8027456367608834,7.1296060996377113,-4.1220284421798823,2.6774609533891738,-1.591477173401721,-1.8164064490883511,1.4326711118936786
-1.8762875300579405,-3.0752429716506371,7.7168717228718053,-3.0984010577242755,5.6693420514927517,0.12635098539117307,0.053359726502082649,0.29164729947731255
-3.2212269220856617,4.3071889943940285,2.6205842515630415,-2.9132812909874639,5.1074621189428324,4.2906385261259441,0.81271586172746579,2.0146267012763395
-0.99752538867800489,-3.7540328424519815,8.9741638680810496,-1.9435847980038865,4.4866885593229933,1.4049033198179177,-1.5940108672942879,1.1195544426462953
-0.17857046545360356,-3.6837424636230462,8.805214112084899,-2.6073428800625629,4.2826742542314511,1.3997389380157619,1.1987772325797348,2.0878562235551148
0.59639195749059837,-0.98421223533344571,-3.1780758070680646,-2.8454744175230617,-5.4114253140162667,10.1641397874139,-2.4680390643988481,6.9935289162059222
-0.90355502770226737,-2.0607887558245968,7.7381669850170898,-0.9001799039134466,4.5420910615026937,1.3991052700776905,-0.26610576959370247,-0.227184699223591
-1.4620172994820302,-1.5705616186630313,7.9840853599723935,-2.615989543994341,4.0844196177649055,0.59122749165159061,-1.2325112102494629,-2.2789709439024795
0.18091057707083125,-1.4767602042257741,-4.6463134789844496,-4.3895536693677082,-3.5386537814888377,8.1945847478709712,-0.947667720854939,5.1237660987431575
-0.86078859771629757,4.3281055895530995,3.0709497082148447,-6.5237772089848498,6.5356025305598449,1.0826538535684564,0.18683457628362815,0.88329849767549862
-2.0738010101392712,5.040491898206036,3.2026465150764643,-4.4938306390699463,5.8370135455434573,1.0852393786371137,0.61577064874893028,1.129290473121255
-0.60724923489378646,-4.0041707409526319,7.998163994398876,-5.4143614955110868,5.3265129740047978,0.80571425868898094,-2.099432779812989,-0.64601155059695936
-2.4311500225593692,-3.3297540375396353,7.6794158274680351,-0.59571447988285753,3.4802705560534388,1.482312185614199,-2.4422048182432401,0.98856005796433011
-2.4136332088313157,-2.628211227216017,7.9156588736389466,-1.8668716649514625,4.9589907796261015,0.91214818172403478,0.50912637355199675,1.0188640884696416
-0.9390716957242623,4.4532436925697523,2.218835453476713,-5.1704275870190877,7.3556857992276719,2.3096054385055322,0.67247506496515419,-0.47279873613843859
-5.750306643844592,-0.74039736366757247,3.7112341425125828,0.2130047444711233,1.0060752306887084,0.85045074535191134,3.5760445424783969,0.4295089508459935
-0.36634682419077835,-2.3796161746440458,8.3973550886011239,-2.5003042122003794,3.4112870788719034,1.4388402159105655,-1.30346781814482,0.15644096776367605
-1.9552288477793018,4.1742793224601176,1.7984332915298356,-4.3221826883001553,7.1108174719823021,1.015667298151318,1.7338105000741484,0.59146003671070901
-0.23395709448785329,-2.5085453711102645,9.3043542693537091,-2.8831134336042643,4.6621223728414805,0.33581714737170354,-0.15797009288575059,-0.11018629040530603
-5.7798401980168377,-1.7352708420284191,3.7998638662059281,-0.30546466231437452,4.3678649078323959,2.2651212766559738,1.0411947385573592,-0.64580166336359368
-2.4202484250220948,-2.7488035951178373,9.0858308260655267,-2.3030326461501454,4.9401422185967334,1.6449314066348453,-2.501725543797817,1.5162175694649542
-5.1678460633494385,-0.75571324714505506,4.5791847325198551,-0.040396165883486046,1.5247983177710918,2.4721497979808826,3.4431326767932773,0.14698113023188075
-0.52518225800770035,-3.4987352693352642,8.2016825041472927,-3.4113662150468467,4.4644772861455282,1.1552242839607376,2.0723111177119944,-0.77244674512148381
-1.9032112653554316,-2.1021985634325189,7.2592394023709286,-4.5441832093010524,3.3926398840662664,1.7897916374406786,-0.66283332311093957,1.3156731978748619
-1.191809265625619,-3.415218632845193,6.855026666140394,-4.6882865325779495,4.5865553322692536,-0.83316591477618718,-0.23099014515430699,0.1072568376200683
2.589385197335258,0.08938394308537656,-3.8409899779649725,-2.9207328673414295,-6.2970802841724289,9.1861711686195751,-0.047913861988623019,6.0108936600062552
-5.0370049082698749,-1.2014387931567636,6.9000583137746272,1.6428989101771538,2.8532533380689307,2.8993261244499737,3.0487953028878341,0.37176706257201153
0.23908567812366621,1.0876948658766816,-4.1295824846956233,-2.5586949911805248,-5.1965255246796085,7.4670453973742124,-0.7753673131773422,7.1064217480344887
-2.3752236477925006,3.5111779499633817,2.4278309159527773,-4.283910764622135,6.1095213573833638,3.4258741582896937,0.0080881447188326794,-0.28295431469318599
-0.3053288022670545,-3.3596577514729571,9.5957856092180585,-4.1466613981563345,2.4104277717041942,2.4905499680776031,-0.14835818186419072,-1.5927967646989771
-3.2402449481191349,-0.42312725664493928,5.7889315517495215,-0.037212326241902294,2.8642480793427048,0.063500707362680542,2.9248088364905627,-0.10937795137741532
-1.7858895539442565,-4.107376341157762,9.4178129395498633,-3.3122836747668201,2.0279023705055126,2.2564627197282459,-0.06756823874807999,-0.99640189660390055
-0.081744207560838777,4.575604537909105,1.6657701880709803,-5.8702589228729956,5.8322088029284673,0.74461560378350811,-0.3054281840135129,1.3785339445060387
-1.0735486222992345,-2.1980824024374259,8.439987722630601,-2.2796698316007564,3.8708260515623576,0.35457185869895658,0.14552924545463375,0.7568428046182003
-1.5691825424661741,4.0161456846470323,3.6174590385614103,-4.7534665182248625,6.7785340086755674,0.90064821651215654,-1.0850058870616532,-0.46567433674551018
-1.4263418664849521,-4.1918746972486778,7.8020078117339899,-2.9900949611641869,4.5695733799959299,0.18436480021173907,1.2797071498372303,0.14284050216048552
-1.2028052545938632,-3.9780276502773901,6.6211867095172714,-3.590721806603812,5.385587768831174,1.2412176304108944,1.3046209759969623,0.74415155065163729
-5.6264644301748881,1.1329845073673122,4.5824656037188083,-0.077536514478915075,2.504487371844649,1.9765034366802043,1.6721802758902045,1.5797057896814735
-1.0245979368557006,-2.2822446518421597,7.8048750619612548,-0.88772515897464999,4.0798917164362285,-0.78157386112531424,0.30154046971064707,-1.0528294354705994
-4.0353256920779952,-0.35573792858416414,6.1425474711619223,0.41372003426927473,2.6464114995861041,0.52609119603325727,2.4668736232937558,0.7498953340584148
1.9523419056179199,0.72186519961495321,-4.3443990378009669,-1.4762014711556346,-7.3496999355343586,7.3014724299220823,-0.80141355393821978,4.6982469153828337
-2.0832804292898497,-1.560957458719076,9.0336742383985076,-2.8846513558015778,3.467471022557973,0.65501001560085037,-0.48447553237563629,-0.44487521028564392
-1.5898784119127407,-2.5905812477721804,7.9726071776197216,-3.5141998269929751,5.0530357514359769,2.699143844726505,-0.64786530321766866,-0.66516473853734581
-3.2560880070807388,1.5679796815861162,5.2180328765961068,1.2854971551483838,5.3176375644990177,1.2194852749768885,2.7997891526915781,0.70002021699076933
-6.0516189264671745,-2.2983188481908083,5.7669295534477563,0.76584759263189317,2.9027468930039499,0.05757170632230757,3.1198892107687843,-1.4819713116039981
1.930285796331072,-1.2706448859582902,-4.0410527796200526,-2.6917344206921663,-4.9711323912862238,9.0389333595256147,-2.07657284746195,6.6766219579938246
-3.4901673067393082,-2.6166267501163016,7.7664331724802933,-2.6637467479515515,2.7012577558219917,1.9495633674757946,-1.5255899406518716,0.52368699040639932
-1.7932057341985839,4.0686797109820834,1.1529090638549357,-4.001804229095292,5.3621355600430078,0.30528157221994268,-0.16988529739552982,0.97783659874934181
-2.9187001561423531,6.4083061760628741,2.5407979498473954,-4.9164160298030906,5.1579186952528673,-0.14932215273262006,-2.5688456722246418,0.16166242667792957
-5.3371642286141805,0.1356239987145571,5.5557308331927384,1.0046734421024475,3.9153366678981443,2.6083403701245578,3.3246926523625966,-1.5139723237484224
0.09570823633103287,1.6875213632344683,-4.1779750564810261,-1.5350449147940455,-5.6611677987393483,8.4618398008897326,0.92123255997186859,5.743021122154274
1.3752279670594494,0.20397191359318645,-2.9050845286618538,-1.8295507525160366,-6.4820310334150166,9.6098353386957776,-1.3015388211169474,6.999105445308837
-3.3198855999651213,5.5698864332625853,1.0066596597778212,-5.8803609883924288,4.2895626556650424,1.109479049356088,-0.8421521971587792,-0.22965192795948849
0.13515866175410185,5.3826696761817869,0.61345501907685551,-5.3413526111898282,7.0339172375866266,0.49926663291391948,0.37042413613871394,-1.1887157884949344
-0.84422394434475889,5.3950111437477846,4.2141233926834962,-3.8636828081704779,5.4833667191936692,1.2836641268662716,0.25870381329837022,-1.0101070940403594
-5.2950616077696555,-1.5175204897377548,4.4041770165012615,0.50103439196512523,3.1733789518090547,0.0611097939766716,-0.33016111914684432,0.11812251593777723
-5.6790313555819854,-2.1681088468862546,6.1360386128077131,0.0080595696417492535,4.0730236916115388,1.194719949279565,2.8490086614960486,-0.30523237173779855
1.3770081315415021,-0.35491082831157905,-3.8556571797224208,-2.8291692099958836,-5.7572797421180697,9.7960362001787473,0.0077341633057880221,5.9002391130919447
-4.746136775049048,-2.5631827304328159,5.2855217151774614,0.94661773969927276,3.0787095501505384,2.0869968337966545,0.45257879013524072,-0.28902881511399409
1.5131912668701009,0.32888422353332869,-2.7412495638870396,-5.0224813859134834,-6.8464633999770363,8.4648005563105535,0.22743181914719057,6.0818201945788086
-2.1060251454568966,3.7339827867121551,2.0269436963877125,-4.6338653184630001,6.2638237962506516,1.8841989185851213,-0.35675393521653054,0.55216196231250148
-3.8975870243659871,-0.27244664121344087,4.0576348784289848,1.0137807909734056,3.8926944351506121,1.2619221207426112,3.2870347886165989,0.11314148103324842
-5.4905138746967284,-0.43361699087803862,4.745774457964246,-0.2542306103791348,4.0137028220804325,1.0222637719335634,5.5051554739375419,1.4189145746697431
-1.1423780751279129,5.6346649510742353,3.3119671372973798,-5.4073742233153146,6.5217093942305633,1.7758557425331851,-0.33490081660146409,-0.51554417591514512
-6.5953295971518182,-1.0095630332936725,6.98141231206312,-0.26817904688294342,2.2742018074496508,2.0529274361963492,1.9312558210421455,0.38206276176924164
-0.68610437160987103,4.8469775971184026,2.8397554059707906,-4.1970233017218108,6.7394711374049496,2.0042455758503479,-1.8949188431553625,0.058552999983447804
2.6304447642183444,1.384854345257492,-4.0508218857525469,-2.5062332662225191,-5.4808637286125856,9.6058750980690704,-1.6890825664362232,5.1040036036637657
-1.6593548941054956,3.6133121848431546,3.4700829255126946,-5.0932075739305782,6.04264595120154,1.7241541485984129,1.0988322549015241,-0.092603634500700333
-1.4142248939733213,-3.2082248158105164,7.2573524669082321,-3.0437978496394158,5.169716854268378,2.0103145659450696,-0.27741451682827362,-0.29184754018036052
-2.3527137785694556,-3.5210092486704045,7.0690041451653052,-1.9330660028284326,4.537288597292612,0.52333270171931023,0.62168731034697655,-1.1249083556247108
0.31736270096630403,-3.8397598193264533,8.4948541748787374,-2.5808339394213475,4.8113497233787914,2.6124257036110912,-1.0803945953187082,0.16863095744670498
-1.8570293026841589,5.7225846046056841,2.7420968997945128,-5.6784150177211181,3.8776402682722506,1.4018348913368661,0.72461331307065535,1.5027620199097709
-2.0181712176703899,-3.5149498367054988,8.5924104109428363,-3.8155882066958489,4.345605911041968,1.1133561646886763,0.73196131249509,-0.82231042162124923
-5.3509084840762453,-0.38553149798434549,5.4329929312322314,0.770424825584342,3.5088848950488445,1.5427128386077347,4.0579535325525038,0.18044311991125817
-4.2596810706631221,-0.017335157582363037,5.0631049528700904,0.59002723136466106,1.972063921526698,0.64602711925239464,2.7300728919018087,0.12909741963074109
-0.25886939939629916,-3.322789787882459,6.8977316278345304,-2.4864807503690707,4.417408225181628,2.2605141717840009,1.0457186590308671,-0.34584633491353223
0.054828063873294974,4.2191841334147933,2.6925911753759793,-4.2955518713739842,4.8055753083406199,4.7035504881232537,0.28200872835182778,1.5970925092104231
2.1278276614030913,0.62982652433688646,-2.9575303938911661,-4.1197244097081249,-7.4661501620962465,10.107182278580828,-0.42163586179304069,5.5160834084586776
-6.561783004157423,-0.42255820664813692,5.4029447336262439,0.58162248278554984,3.9728098721044347,1.9352105175047696,2.9848853761985543,0.25674253874853215
-0.81620907868146453,5.5046564565273899,1.8474616722151249,-4.9191398556690782,6.0830182411833889,3.2804955853703226,-2.2688446902741268,-0.79653786529096793
1.6672543791393988,0.64263978247716291,-4.9501938283621127,-3.231731914742614,-3.8809106888383393,7.9333951432146419,-1.3341353847892214,5.4606260117382108
-1.0609744995698212,4.1213810406546312,3.45075287771287,-5.8320444328227001,5.6388214820328173,2.4474112709953926,-1.0939433402332961,-0.08350768336696815
-3.1051905456246969,3.8858744495035511,1.5652612997612425,-2.8790017796088261,7.0194807491930016,3.1114620960848329,-0.26747930608057535,-1.3118813579269055
-5.1106265420442849,-1.0622303759782101,5.686968865518307,-0.97638685104240641,2.3699421800871763,0.047272014869387702,2.6262785954555614,0.035142099760071266
-2.077316072261282,4.9507210805879964,3.2361515413408877,-5.224340977773128,7.1487362519319406,1.9943736488863244,0.37393986606415197,-0.58865298624203288
-1.0863148326426146,-0.95466476299617886,5.6127305854384844,-1.6088045711376795,2.8612056474652925,0.83970616575321722,-0.64025258829584186,-1.0591721306390294
2.1464001175070249,0.018922654860742211,-5.8479283044562376,-2.7256220072021113,-5.2545724854345073,8.2072111828001866,-2.4511082647207836,5.1389678476830323
-2.2172424109474833,-0.73145970661233273,8.8512906351031955,-1.7255352214930795,5.5409913915377516,1.7630154848145754,-0.13100485202702117,0.59765662680143428
-2.0560116750511384,-2.5529041258452341,7.0728041776061836,-4.804355684056353,4.6863731692433719,0.4549875317682327,1.5159953264323329,1.7688664180202056
0.13419396108048143,-1.6882824966270658,7.4151931604715928,-2.1265629501816981,4.0142972363288463,2.3942498321968113,-0.72469096470405681,-0.62251720919560261
0.97341790447237386,-0.45043390733819055,-3.5376815392638816,-4.7721153098330245,-6.8266715792143451,7.3766578165979304,-2.3908007333897232,5.6489336984370135
1.320358383747666,1.9777702872188143,-3.6892258765611659,-2.7296714193424139,-4.1306461725097217,11.067188648563212,-2.5812305072770054,6.5201069827893496
-5.0302449605303012,-0.62399493042633192,5.2772878416200388,-0.25149156637951214,3.7567257041204267,1.1366872507250254,1.8780907793268615,0.54726537643757844
-2.7171351523758984,-1.5444421474143442,7.3660561444982413,-3.3340219317990831,3.8184404369843943,2.4305801394329478,1.6867271241414361,1.3893103546503398
-3.3662523193369105,-0.19149110335620445,4.6773106952441514,-0.42010296166621652,3.1421682152702397,1.9852763105694498,2.637983089260723,1.214356024896774
0.19975182097771893,1.982907184295194,-3.6202669641953209,-1.9688305021943719,-5.4435712394299465,9.3905882134995196,-1.8182655172966098,5.2768861690710507
-6.7280708412695622,-0.45086652732999427,4.4895930819792325,-0.85100930355356896,3.1107826018851532,2.1822230099059663,-0.24926694124576709,0.20807646867094307
-1.719764232196888,5.0900920228751527,2.2353563036704327,-4.6114878524476923,8.7677673601194783,2.425177315947324,-1.2971392148847367,-2.1172393843871204
-1.7163119570076371,5.3741054411011238,2.8431458335057429,-4.8121753026905862,5.6040478572637058,1.4944526430974441,-0.64857252335741689,-1.4752329868667089
1.2698878703956351,2.2020263509288336,-3.9754664300414282,-3.8329239450790094,-5.3406661793068748,8.8503041874550554,0.55588972042392071,5.2207120625605592
-3.8810338144832079,-0.39025168048432757,3.5520408697711474,0.34464396161220712,3.1133390274750874,0.70044801443739002,3.2706653078559649,0.1497252567790151
-1.4355664103568697,4.6944038225209477,1.4414754681745254,-4.6355260259305364,4.5865434315647917,0.051897334936224393,-0.53003603297626833,-0.31092733236676462
-3.130699388707928,3.7457359453591952,2.8541501424577915,-3.5478370939327708,6.2422703604356942,4.3494581489407702,-3.7659567956123174,-2.0473394382192502
-3.5815787642349433,-2.0552561101865474,4.2587093606859492,-1.8442898895732083,3.2511192784487579,0.073707105912622861,1.3595443483172134,-0.69997527558698147
0.083544724007051929,-3.8319789622238725,8.0744081582885681,-4.2136090054716941,4.3838140408155661,1.9404385543777107,-0.82575950439215395,0.73733468309483019
-3.0682892768511572,-1.5897970951229103,6.4688363595862564,-0.54250139173477607,3.2677442680517261,3.1458475240007799,2.886888775294854,0.36701449430613692
0.81008455006457081,0.70260453675024215,-4.8506933656708799,-3.2254821412688655,-5.8017061210455996,8.6409107670196139,-1.0323792141417245,6.9205468344316667
1.6574591680416566,0.24878793321673937,-4.0197229104182517,-2.9900609118269426,-3.8570148287509634,8.2253643160286565,-0.3175093798379931,6.445825690787891
-0.5982151702566938,3.9656538835769863,1.5504941594170063,-5.4033076276742902,7.5193792798594767,1.5287834010997541,-0.21898314024255475,0.26113029123387138
1.1321893912695578,-1.0861714212976639,-4.2212098679926084,-3.9031731575489381,-5.8746931376857727,8.5311557332204302,-1.6191070118879223,5.7065734294938064
-0.81947791955685034,5.3867308582276241,2.5323543568958171,-5.2634576661464223,7.0475007600273454,2.440688530311359,1.1589473552402918,1.4361511706887271
-0.07687337339678546,1.7552554086278833,-4.0728450262565437,-1.4884129147455076,-5.8474511231239168,9.2618570662760114,-0.30294623276343191,6.7737005288801981
3.0030483927561016,1.7109858662353985,-3.8979577386379742,-3.3240449495017943,-4.063142706996647,7.173848120156106,-1.3951552991403617,8.6243070135592532
1.7879177360343612,2.1588698802583242,-3.5993609073212331,-1.0389864209671682,-4.688561009644383,8.6319034299543311,-3.0096101651641955,5.8084211799279615
-3.545108565209345,-0.99339204621749577,5.9805838581204664,-0.21922685720801699,3.9485043375086035,2.8415755013275712,1.5552083031989063,0.26328563899522195
1.7621438092590793,0.39997487027781564,-4.2403392850765602,-3.8699784241121895,-3.7788893484013233,9.6603607818444637,-1.1128183739561242,6.010485659812927
-6.0083697778726615,-0.45126603376302676,6.0028739343016255,0.319031536979411,2.267011007708108,1.3675253268973819,2.8672133890896618,1.0439101443045757
-4.5111621160532609,-1.3252261968487586,4.7516955772457727,0.083233525821170051,3.7069919597046388,-0.013986480646116739,2.4051218706039608,0.79556626031429256
-2.0110144453760732,-3.5549802773771861,8.3341987206415915,-2.6417462063249157,5.5931149310270731,2.1007325949778792,-0.90099134992838226,0.35955039616048012
-5.7454570115644561,-0.82452863784767261,6.7288413096993107,-0.60535504766499815,4.4404609029457216,1.1748180570873417,2.5310319272689861,-0.49226741666001678
0.50700155098688138,1.6559661248976454,-5.2684372904934591,-3.5969260867708837,-5.1259483059833277,9.7800842403341619,-0.81984968064911723,5.6158900005118078
-6.1138444909577547,0.052851850540392542,5.8489462582842453,-0.1967838842119039,2.5955713390064212,3.0683314555914616,1.9913708552098801,0.042865723391434421
-0.57647490740760765,-1.1103736355724974,-4.6622966368239673,-2.41311467821762,-5.6430616265808977,7.6203669349613019,-1.3128643846479835,5.9985172390994519
-4.7952242669739675,0.30858328034495242,4.5781050749915373,0.36103773759916497,0.83699143933333975,0.78454914236560658,3.4441474901887092,0.3315730040640309
0.27771475023371783,-1.9966421412905304,8.0805149602530584,-1.8523667054878596,4.5853357649469242,2.4515387637601007,0.72117299153823844,1.5778196497388324
0.13110919361200057,4.274972642727886,1.6115904254385016,-4.4436316651902636,7.2943374229801305,2.8091148355576667,-1.1580345687646334,-1.6775231116378362
-0.61282947586796221,6.2166420612960618,0.31572005806850245,-2.8059461175847673,5.4888246413541601,0.98198770764285703,-1.7061235491037201,-0.52305446789860954
-3.943135114044483,-0.1880832866292117,5.8288277141170086,1.4350670537807386,2.8990190710657253,-0.11922674392330745,3.4592452568464731,-0.2991243935800687
-5.3542533767288685,-1.9465529788684726,5.6216131978864849,-0.97491674462521505,2.9017220218286472,-0.1570493908001207,2.8958558143614703,-0.51913322944427842
-1.868899085086156,3.7961358798836269,3.0344066262703167,-4.0045920649068592,5.3960762492150094,1.3863790346892557,0.91565193442360149,-0.023844204485009152
-3.6244353666718667,-1.1738213163015345,9.8834057190800326,-2.5051305175922214,4.8458881055657788,1.1890537563615977,-0.2315533849404787,-1.027020346466426
-1.4486357495669062,-1.8411602957175273,7.9223266598536437,-4.4758921091488784,4.8570105561055543,0.87017295392635952,0.35914314140079517,-0.97893439460731446
-3.7744434863377965,-2.8107106583274803,4.8693804740233366,0.83123650598527699,3.8301193338731099,0.79452267344798466,3.3727796166039119,0.40918584000346531
-4.3518789863491429,-0.78489734963425539,7.3453046176065442,0.50028686324290295,3.1916008261628872,2.3965001887863386,2.0325222962155065,0.61267524955920882
-2.7579249603235887,-0.8616625173366933,3.4937464756975842,-0.72659505548011982,2.9169011272489964,0.44997751762353988,3.7226065245311348,0.30284267224635975
0.75587768352197104,-1.5419551952558768,-3.2266083701011921,-3.3293091239565786,-5.2099054475968281,8.1960057281828487,-0.12865042709349728,6.9807122161075359
-5.2696858107747397,-1.0040699962754527,3.7232034360407678,-0.17721652077774802,1.3921076196515298,2.2104393062369572,2.4478950754613935,0.47619140449797082
0.63199250352588543,0.34813790027142483,-2.7747558443831783,-3.4476079567329481,-4.2728786098639393,9.8227627330620706,-1.311364930720774,3.5374503014390979
-0.073288750302640482,-0.97634165931213368,-4.6717709968138275,-4.7400606510928984,-6.5233804495653427,9.472586023222064,-1.0091678063661536,6.5265066762347779
-1.0738944396214343,-1.2383417148110871,8.7684706035116857,-4.708902982776916,4.444827715716678,1.9708267298062312,0.25943683810295548,0.20105150534136831
-1.1601391416147073,-2.5024535456030099,7.759045416106388,-2.1075341813406561,4.0502293242422747,-0.82436034527577129,0.024314968265613857,0.63152390940742198
-1.7289251406256083,-1.9637167125513728,8.4824802447944307,-0.8585973107672269,5.9646707217779866,0.62864626216038899,-0.83453397271569441,0.5790366675482379
-2.1982484960060398,5.6758068848755912,3.6287899224547062,-4.6509488753644721,5.0380012220983073,2.7945734091599128,0.0045259122159588272,1.2320322802090422
-3.3203933383778805,-3.3827861081492143,7.3578483757004003,-2.4817370627806516,4.541703011049437,-0.36589802380167447,-1.18891074795255,-1.1037611507512437
-2.9921650460027065,5.207677739353513,1.1515952438302186,-4.8173932066523246,5.6949376792228001,1.5925091762394143,-0.13369770946584264,1.0869588381550555
-1.9506920685336713,5.9407022730752281,1.6093775194722642,-4.8493786010568796,6.2789287942797918,0.36899634758231659,-1.5554736908689559,1.7223000857402135
-6.1778286034114771,-0.72266755991507914,6.1118113132606249,1.0892644842601407,2.6543538180343038,0.67173595022964083,3.3374274033253921,0.64649036957007522
-4.7249287065453931,-0.46650704197279158,4.7245710985587479,0.6093271588298248,2.8028820819229199,1.5708359026384837,4.8663914601705054,1.4104161864406144
-2.5122893557479493,4.3573055113759791,2.2343990366868947,-5.0275669464986201,6.3293344540867205,1.9609140339489441,0.30977009194700345,-0.88718530785945093
-0.76718097125369811,4.1208588554131769,2.7615044770999528,-5.2343446481968705,5.2934425670019598,1.7357068571320657,1.8331753442765106,-1.0995953711895563
-5.9255897993879749,-3.5385788594980365,5.3675609353305207,-1.1046123724433952,3.3619445734599864,0.86908049894863892,2.0555163329689128,0.25103366131070404
1.9410280357727636,-0.78990502414767372,-2.7776865006212721,-2.5022494796759851,-4.8496740886224066,8.424390200900234,-2.7075953893538056,6.4384500539565508
-2.4168821291955918,-3.9014864786892831,7.5376968118510828,-3.9437925311115727,3.0380952238080035,0.76056168644112965,-0.03867814149538934,-0.18830960730805305
-1.4762685883808959,-3.8865780931655118,8.8791796373626237,-2.9911463589933138,3.8371343717006243,2.3768693792189852,0.10327510243854138,-1.1564932398230625
0.036050698603975029,0.00033981146494077574,-3.6863080932242096,-3.7570288300944323,-4.6420919093059219,5.9727402520574344,0.16630652092052245,6.3498691129339937
-1.1562042871005964,-3.1207766374086465,8.9206945862077891,-3.2662958738248746,2.9741788145472254,1.7292652586481818,-2.503187783328308,-0.52650817555763463
0.34889141547288771,-3.4629668753405496,8.7500431493276096,-2.8621436053847478,2.3410355259338482,0.88480176689494505,-1.1525226285627177,-0.60634896978315123
-4.6711259644659879,-1.3466478388315311,4.0061113122751015,2.5318789299980637,2.3043783697751246,0.26509056590630142,3.2008757007526341,0.057429314528711882
-2.1891913542797758,5.3171866452081149,1.6135886606819418,-4.3176418237256904,4.8810704388825368,3.4720482178677186,-0.65177477906897585,1.6129729776790187
-0.072901250951923791,1.0291041179659328,-2.4180667510289604,-2.8375083549628113,-6.2280581567602171,9.1254792508003888,-2.2847108490075976,4.1297749009301796
0.51124307194936291,-0.71248481508262285,-3.6208957521229665,-2.5694846266099214,-4.2059428872222977,9.3927157935182244,-0.12438314014924468,5.2934085942243119
3.0803380558598672,1.5758600045597591,-2.9851450694982788,-3.0838972973979475,-4.8475282009013583,8.9982656817154414,-1.6623427690485435,6.9202691135557703
1.2475331776886518,-0.50249855428220891,-2.4254995760401066,-1.277971108206168,-8.1214487295588338,8.0897268301926069,-1.0867679200013121,5.1881444048288863
-2.4473441995495078,4.6130188393526002,1.899765652463747,-6.1031422011555865,5.7814429569004799,1.8846702335766536,-0.64572480510232744,-0.42176137973867223
-1.4742146781954628,4.1134959189844285,2.4643493850590894,-6.1630460345142462,9.1678948652610703,1.4345528286143168,-0.6996286431922516,0.097528135260189608
-0.20285744622411883,-4.5869624044029118,9.6965533413650711,-0.57744630801049546,4.915531879831982,1.2427271656577596,0.94763546983371361,-0.25433611097411046
-2.6215227107675561,4.2602991259114216,2.0495927807731014,-3.3323273851232562,5.6812615226751513,0.7352170795472055,-0.38684855702957377,-0.68891131780213766
1.158173697294903,1.7879773861561048,-3.2786508397468066,-2.7967803507799842,-5.2822380743934261,8.8835794284574341,-1.9821259137289755,4.8443999191567597
0.29407368220900643,1.1286825180561042,-2.023520094438112,-4.4797741473507839,-7.2209382381846332,9.2857284027325289,-0.87750699914796626,3.9860562910261739
-3.3833460502217427,-1.6957212898642435,4.8523015568235941,0.13701435256499497,3.0537784163039259,3.9680589621979685,3.4446446241103197,-1.7077263921042514
-2.2490288731096424,3.322145792745923,2.5683372992014117,-6.0990727480013787,6.0678261150251185,1.4106994100524468,0.31709591770125634,-0.20846196627253413
-5.1034472970381692,-1.9597461993542533,5.7179195036712782,-0.52221198961197124,1.4109686989848476,-0.29104390476847741,3.3066485062028708,0.49408796025111434
1.9947235846901104,0.063689619155723631,-2.8306387460060654,-2.8335056830010954,-5.1523561247942,7.6117000329422151,-0.98902713933023123,6.5163835136594619
-5.8760912285228049,1.3352566936125889,4.9081715888929986,-0.4220940205903343,3.0602285139207148,1.3534040765729758,4.1795246282012766,1.4139408573038084
1.250098849984596,0.56791516012175969,-3.7781706913797057,-3.4772131160577318,-4.6302089131500344,9.2834250253008417,-0.74286554188452525,7.674657886425087
0.25808403942514657,-0.94420447576247146,-3.7419591206158622,-3.199158078387156,-5.197506007110861,7.9374827547188103,1.9437431689061255,6.4087845500682823
-0.04239099413036973,-0.31575625327072765,-2.3366308962508757,-3.5372042614828523,-5.2950768488124682,8.3231296949000981,-2.2870018872104079,5.6977834847028976
-5.96373940135644,-1.6572475290637889,4.3009903972883095,-0.73505739835469108,2.548191776530361,1.45587511630545,3.9205758162696061,0.40988683819667548
0.42761590657926218,-0.38755049073632053,-4.2899343873462232,-2.328882782342951,-3.2736114272874914,8.1960279112445207,0.94800967626964627,5.1807912622378547
-0.27040056225038533,-3.9600881646520634,6.5762018675285896,-0.90421200859612805,3.7289454747506983,2.1563008137476221,-1.4620508709414577,-0.12255166581226098
-2.464190578297746,-3.0470327825746106,8.1705929923400813,-2.0652144041855025,6.1239488322355689,1.4195245908146159,-0.57295018794093311,0.45980514346844054
-2.1086703533423994,-2.3526850274316806,6.5362883635956939,-2.4309326724916427,4.7704833205306469,0.67807412687320823,0.52014926592444133,-0.054494519659140123
-2.2541841931854107,5.6592132376637219,3.5422045745806825,-3.1658563318921424,6.7489011739918352,1.1022967425454531,-0.76651140257869854,0.92755385133837243
1.7894229780664268,-0.77801954410909968,-2.6733048661459087,-2.7829012477206638,-4.6338420221216792,9.4233554131187685,0.25363185861774251,6.6835343273990144
-3.3877325640909866,-1.8969154858892927,7.5686318082742767,-1.8085021866104709,5.0172209424055803,3.4079324731328668,0.62595500326755737,0.33964209989057192
1.6385338587658826,-0.19918163193462637,-5.4776620851221001,-2.6911226591628612,-3.5093716500417917,8.4220014817212423,0.98533745648245652,4.7124490496634177
-4.3221426579975812,-0.028643687130057605,3.7843086875020671,1.4577768261135136,2.2985788598064447,2.1911565647801443,1.5120609362964601,-0.032577407886112568
-1.8415571858874333,-1.7664049045676105,7.9165988266965064,-3.1064983927796654,3.1422202354284625,1.7756202299645305,-1.4643237430329967,0.12808111513867887
-3.2136774609280394,-1.7657039935832834,3.9152528628772898,-0.74039481202273449,3.0442844870509376,1.1592017825857595,1.7520970859275495,-0.74605967911864446
1.8948451460045215,-0.9818758038780564,-3.747657577894989,-4.1145319033799819,-7.2716175931866873,11.581877464295275,-1.3926595869223704,6.3985936242214532
-1.7864566079320872,-2.6369347785495041,6.2269669557235687,-1.5388387386878675,4.267465769509494,0.72363903278156139,-0.82143616081008886,-0.91078288251689099
0.51177546617237757,-0.0771238638239366,-3.6729147557984709,-2.979440109219567,-6.8357335540630828,7.2783957847732896,0.87233160282079181,5.3442307748675271
0.44879366237199636,-0.12109505707007165,-3.2049691406129361,-0.90376368332980883,-4.0678542249531011,8.9198598512128751,0.067817636753304433,6.5160026948852829
-0.89903776368083843,-2.5854828213997449,9.0705077686167126,-3.4738726489687712,5.3775399158279136,1.2765644745516287,-1.4510032641882296,-1.181794612412131
-4.0647070319871448,0.45247324931089228,5.3782198710037283,-0.82573572551784535,2.2138139287436926,2.1327209103855012,1.5539223157430464,0.9598388837984887
0.09661496949186521,-4.0589228210591397,6.160733549927019,-3.4135660683427882,3.9182973601467874,1.8732796101658908,-0.37542798078369399,-0.12439505784168781
-0.68064148356625576,-1.1753659224853885,7.2867827220486925,-2.735801062317317,4.5556943885199175,0.12007032643403548,-0.57151975835004554,-1.085373908268521
-3.1702275098379493,-2.4682865362654343,6.9299351440673469,-4.2987526183854872,4.0695844826874099,1.8474186061367095,0.87272305847412757,-0.83810840127747432
2.5302281622440943,0.83858848348938186,-4.4056757356179563,-2.3324913694533231,-6.2992478704112029,9.7595655122057572,-0.9620784363952094,6.6541890116941502
-1.9542360673760542,4.0440476822730895,0.41947448116673036,-4.7175181681200078,7.654173222065122,2.3708588367704038,0.22747421264661799,0.51745735895401945
-1.8238955581254386,-3.2750648357907175,7.1206634007781284,-3.8301208593220517,3.5123592395403778,0.85165509851604426,0.37261493082379116,0.17770329039949245
-4.5339710642429401,-1.264833210051139,4.6682880881590263,-0.4264617834205745,4.1860616211932946,2.3388927276779956,2.136730905327187,0.58075843650721914
-1.9136973350197339,4.3672696808280884,2.6322117493014696,-4.5772257447974125,4.1886630434266188,1.3754100325228045,1.5131880510498052,-0.32321087613396782
1.1374598633850053,1.8496844536288619,-6.1946809974684047,-3.6029704577844792,-6.1836325537012238,11.354211977009347,-0.20817019791012858,6.3490604263256492
-4.8054481777169284,-3.0667511744806788,4.8998603515640253,1.7817795130992722,2.7840533517927262,1.8399290845305216,1.5639905254381217,-0.64686023242176149
-3.1514616965303097,-1.1828018566552518,5.2416746784479447,0.3992944996601816,4.6616016137271803,2.0160151110067965,0.3555006073950544,0.30019471141954213
3.3882175248780855,-1.2316340385488003,-3.0102237041754649,-4.0946003864298497,-5.9967893957975527,7.7865796433311063,-2.284133282322339,6.1306617161124004
0.21245002862305595,5.2639135345913672,2.4356892129874019,-5.4996244703099082,6.5287940330938188,0.66639503287317114,-1.0905706578926959,0.086390825764124782
-1.1422068742794294,-2.7723211472653682,7.7899375070231125,-2.3119747774065433,4.3836523252478097,1.6105371418333077,-0.80197037572958174,0.35290389059715677
-0.13495074612352576,-4.0953870239261656,7.9971903174178083,-2.8562348201232322,6.0709382179566971,3.0690028608377435,0.52409836412316257,-0.45545155238832485
-4.8881054504460923,-0.20952580643439012,6.9254733924153662,0.50074949535874147,2.4296634193605766,0.57537307722914977,2.2610664490594736,-1.4105858579557395
-0.68949315060372762,6.3270422210091866,1.1782554818558273,-6.2344900294662793,8.0209233185636428,1.813721564418237,-0.40051318994322771,1.7909621956635309
-5.0109700608558549,-1.904127183760925,4.7103380969917437,0.1766594027350184,2.5361291992311887,1.2424914239409144,3.7424950953128522,-1.2437764333740873
-0.78105809892610245,-2.2909535403197641,8.0329624465198854,-1.9353100884594963,3.7660530621629267,0.24360814159974931,-0.2799240550543568,-0.1797598283930909
-5.2589630286894824,-0.1546622771694377,4.2648730487185276,-0.71559795357092548,4.0289221759770264,2.9021666726251665,2.1792675033548417,1.0979335309710374
-1.6678734674226612,0.20588466164988484,7.6376592478788474,-4.2666211611704075,4.2679212301542284,1.3378215169672987,0.57901047440697606,1.7061297252492635
0.4450635390112595,1.1911780059860644,-2.624056997354959,-4.3009065104279554,-4.2184795516015239,7.6701612297666006,-1.12141541928706,4.9734294316688281
-0.95517580835428895,-3.1989833584893752,7.4534139306857599,-2.0947884965019248,3.3757772023482868,1.5259860237419958,-0.15861298659682316,-0.7831893213904072
0.70540712691439955,-3.4158514326443332,8.4000480223778116,-2.5983237904554466,4.1400298879670805,0.030344172958150395,-0.46773503571858793,-1.0302329738793898
-3.6434546733071391,4.6867957652753391,2.4751121349837679,-4.3827099076217149,7.4774559061983048,1.1918393864946222,-0.38161323798755392,-0.050796853893752908
1.5647700700814844,-0.83411930747502183,-2.4781442509314502,-2.7849389838676024,-5.6681723315984271,10.002765567083824,-1.7875290653965006,5.6923602045806048
-1.0544553947526523,4.846448037004996,2.8869696606295747,-2.4180450389614849,6.1412215647593609,2.8481116784021956,-0.91718229216742675,-0.83256937158613664
-3.9074535752640411,5.6623178382085753,0.88881416457525986,-3.2045031280387271,5.0828001911634599,2.271709654827144,0.84279662463653404,1.35922296192315
-4.6962314095153985,0.33106460278596428,5.5296436544739178,0.15060426300106622,2.014746364563313,2.6938440193271154,1.8609166143922655,-0.53661135043634112
-2.0927139149995178,6.8657716592638414,1.3444857757637276,-5.1170577780150062,5.2907613268591263,1.3425426982458855,1.0009008737397176,-0.3098743000141172
0.33322073750882852,0.2558455420828174,-2.3024137501941664,-3.0447437864810358,-3.8987186962551847,10.067567904702923,-1.4262297649656759,6.2356119550176228
-1.5714819268359668,4.3862659797784529,3.1139050731765221,-6.1750849374104764,6.3001150490066911,0.42280233006111967,1.2864203166448069,0.12253509967570364
-1.6746136600255928,6.0718020263996664,3.2333649693563169,-3.3201034230676338,6.2107445161197239,2.7561009481154,-0.32049305680159834,-0.11601337095059516
-4.6678248866338405,-0.56208502286311313,3.0218996533745952,0.53132735219011695,3.2604566079580852,3.0370813226533513,2.1889506253006994,-0.51710000404006318
1.6848227859036073,0.28781051309061212,-4.8323142583191894,-1.7761112583162402,-4.2098118875264126,9.3275087700490662,-0.89995381058539903,5.9242213163108248
-5.3785954081871683,-0.14760812009129365,6.098784134934057,0.63510668782626034,2.8734169043266466,1.3488743024580878,2.4884279560667557,-0.49640202229346825
-0.79549538571692524,4.1068714003704141,2.9751124225749641,-4.5293443851571729,8.2993344831002389,1.4582124839252475,0.46736542553290683,0.72063353681287923
-0.41892886824845599,-3.0234090840092369,8.3672709382196881,-3.3139162107648481,5.4179634884634238,1.8451745287562638,-0.28929533958880543,0.26501331036032805
-4.3187933695468512,-1.7220174408258495,5.7610266839605853,-1.1958553013148689,3.0469135499047297,1.6690228797921616,4.5645548965758733,0.67301056791341629
0.16940400593437377,1.4861034690783979,-2.8970091773460704,-2.9743924408288707,-4.4468026416970234,8.2423498484359339,-0.30999532948375808,5.5696128117986898
1.2711332459536815,-0.95039065234570619,-3.8967324886385022,-1.7564468247317138,-5.5003180945991019,8.964409969624807,-0.35308194250736757,6.2418433048977553
-4.8965618504961999,-0.45021289895525396,5.8237609921463722,0.73455580553678324,3.0192304322056702,1.1981114940699555,0.66668722983463513,0.49928332851666479
2.4972034999880091,0.51153556235719655,-4.3935628258514878,-3.0523988129453805,-5.205255236442305,9.5419395446731361,-1.8883514938461587,6.0708715743580601
-0.091571013304834636,-0.048124100243439077,-3.3922426965642467,-2.9607467685565747,-4.0541919310212577,8.9713641460019069,-1.9106011990688345,5.8075048591645135
-5.2156470242520117,-1.4722103180774546,8.3184730407549186,-2.5190688577497755,3.8679890856040799,1.239770618691219,2.457016673366482,-0.69344799685655767
0.46811406918321663,8.0192055453517703,0.50364150391032214,-5.1753645098236003,7.0021698210680023,1.7224772362927316,-2.2461013728883761,-2.716306435064503
-2.0550420734767973,5.3889227797998114,0.73351441245759541,-4.8421288368890272,6.886632176075242,0.66565503022517047,-1.0494993447136325,-0.10723859641533531
-5.1175842625372123,-0.69687576506894966,3.9762791696519928,-0.50155026093843658,3.2177404403579342,1.1386601005629706,3.3468858521546059,1.8628538347145902
-1.6842467411353352,3.7739820042911583,1.8563915565346132,-4.0497204153769086,5.0355455666502209,3.677072482804308,1.0137579974628261,-1.8813628391864738
-5.0118115048082892,-0.84246694163108315,5.7179799299054297,0.1198878624084536,2.3063261610738293,1.4065279589839998,0.5838772784879156,0.58426676787038745
-7.6579737852969814,-1.0408060285244949,5.8293206975889218,1.5747894306597638,2.1930985737111932,3.0686076254676848,2.4547500822613717,0.38169113179761249
-4.5266223833903423,-1.1599158137214081,5.7693581841934138,0.30745046098843798,1.8895073422124642,1.6835158420187937,2.2519989382399919,2.0938951333892968
0.53605980034489931,-0.093930062602977954,-4.4807500712351906,-3.7047469272248623,-5.0527495054690172,10.5297278137317,0.41212824265450776,6.2074866138115823
1.7243935426494099,-1.1160967482374449,-4.0854899762343528,-4.5723661827728321,-6.9473103506926295,8.3365105359009526,-0.237790010600197,6.493694043270561
-5.3619994051075528,0.52264964700577599,6.9172356050855743,0.56475733582975907,4.661587053257584,1.8231629797429982,2.0475342664264131,-1.1506897733453609
-4.8533060001011732,-0.022652166965313802,3.7283477297378487,-1.2553609120507012,3.2607809910180028,1.5864766237944732,2.8983836721402967,-1.4829269769778541
2.1923452469139999,-0.15353486452355267,-3.5245618904988349,-2.3981470707807211,-4.4690085630664935,6.7379637632498941,-0.90667562719909467,5.4268371404072271
2.198908624903634,-3.5205199163984044,8.930297929812145,-2.6876086427922261,3.1758241678053034,0.47051570398371201,-0.59322617200579164,-1.0893375103973137
-4.9835743703219251,-0.63464048695228048,3.7618043536402146,1.696867204040736,3.0401843358020679,2.0778084138726349,1.1567292768008097,-0.36488565326486549
-3.3008257593221271,-1.0079057933903484,5.8959777568804235,1.8756285313556149,4.6643340983572221,2.0419515181423411,2.2183634574012481,-1.6138174259817262
-3.1310502066248445,-2.9439308128046386,7.5532093568712275,-3.1620681512727113,4.6579440221134183,1.9405181261392335,-0.60472187630028218,-0.25290876371272081
2.4266929893297569,-0.27425873188019156,-2.5979562946704298,-2.1408067684811827,-5.5145331672648208,9.465621591190704,-2.4032695312047729,7.4202622582517028
-4.1404939407940358,0.01971659342326515,6.3601868173241964,0.88113900689406388,1.9721946878797292,0.48453852648951234,2.5033708783643598,0.5791611763752692
-1.6867912269855385,3.2896822170425395,3.1648845411271251,-3.4304963329836045,7.0936755688951374,1.3090170616115893,1.6915150548292326,0.76653951812767007
1.4171918022394945,1.6409410936837137,-2.5040385597392203,-4.3314108825754136,-5.9711515056418589,8.0607598584682805,2.2122017947298827,5.2643142130668803
-1.5304904634659051,-3.0348381187050109,8.0288697002793974,-4.8326949798522545,7.1521559281681695,0.95921262444568356,1.3509162888053967,0.098244773628600929
-0.89018568557859956,5.7536746623664605,1.8906479661457651,-5.3957787780293085,5.7191746795233778,2.1439769045163599,0.06467029452695866,2.0914077148854111
-5.6041688508910896,-1.6859976905463778,4.4250032033066589,0.50606694197702529,3.5234600502976305,2.1033715415883769,2.3054677459285315,1.3441820946282665
-1.182251556535608,-1.2865185301586453,7.7405683870811792,-3.3655623608352077,3.7198023331613443,0.93014016769286267,1.8602763802976807,-1.6414013342039668
-1.5323386921359214,4.5570743205704405,1.8325244675662473,-3.9848913630127303,6.5357884890250171,3.2521683212563524,-1.140399129733193,0.88910539301478331
0.30345075158460855,4.1781743981882764,1.7868704061451244,-4.3584264686033842,4.9820795284046486,1.5665500647073372,-0.85673084765716334,-0.95963187532286021
1.1554646479526358,1.9030974538812435,-5.4278791094986998,-2.1849155898339863,-5.5271499588373167,8.5111726732416155,-0.35182261552032024,5.9789416321223907
-3.1326445563114742,3.9318245565473435,4.3704577145994996,-3.844054717319608,5.5370029873374138,1.028032785743225,-1.1116177779195504,-1.258441425522894
-0.93922969087640007,5.0741907323239053,1.4138181035651636,-5.6634475823424006,7.329859790435834,2.2372266302689221,-0.14810041394763812,0.09603197365399091
-5.2555067633452355,-0.22748520646380077,6.2161805433596058,-0.25614709909704014,4.1365680679059658,1.3432298487109422,2.933272093610666,-0.11830647828540278
-5.729640338017818,-1.09779240723644,4.8524231441954715,-0.17080732688158079,2.6742264647470066,2.3051098623095267,1.4032549886132688,0.41815252578445927
-4.6988453542457531,-1.2297366777596326,4.3734895092485839,-0.29206672661236077,3.8953887701503529,-0.13030834083682508,1.7088361751623071,1.2951943759644196
-5.2657164307220308,-0.47919123396160773,7.2364971925199288,2.7020884761569639,1.4415046850014936,1.2443827257905116,-0.18050984663315139,0.75538950888264134
-1.6727583889643618,-2.755943361514122,8.2388439517346921,-2.9695541024468075,4.5868915217795534,2.4976204853497688,-1.6283259294477728,0.51073766051918257
-4.8872371792838232,-0.96298723264321573,5.022214888631507,-0.1509593942205506,2.8850369033070833,0.34614501816467413,2.3787278483120646,-0.033173977050751792
-2.1567826758324329,-1.5632675400710017,8.8052800229295709,-3.9191203977987374,5.7844466436556727,0.16601872824657748,-1.9779710382680298,0.92011063629765744
-5.6901170881001164,-0.71016475534785029,5.2372233404860049,0.066219214900121171,5.1952577630512451,1.9662593381489175,2.2124095915040338,-2.0419336722936219
-3.2651712159405659,-0.42676346465379034,4.7211563533530061,-0.19464421576769358,4.0401772614697169,-0.64802275991274438,2.7687148939593276,-0.99039839709455002
-5.5883344837559807,-2.4082582354743933,4.9970899440879588,0.78310145720500579,2.1869586084105173,1.9462608567282409,3.8106190461786666,2.1378320604668626
-4.9692484532232148,-0.062010178180338826,6.2944897870029877,-0.040328916779430846,4.2447882962936951,2.1183140211683553,2.780176321286929,-1.0073555073470999
0.2593936919734946,0.23168219846472413,-3.1210417950977201,-1.0580462250740612,-5.1913231490004872,8.8938445768302206,-2.2559315044438772,5.4739641289147789
-1.2136314166461906,-1.8514910717831801,9.5882762263133277,-1.866301953865424,5.8791014039297185,-0.97266251362247913,-0.26113831050677311,-0.082033558346164978
-5.6851269236116586,-1.064406456360127,3.8955065739938082,-1.1985055552227495,3.1841093014317221,1.1535352296980421,3.9577923488205142,-0.32281080603580936
-0.72301085907353646,-2.196995232215202,6.8649786217287625,-4.1320258290979179,3.8395687746451497,1.4022825154435303,1.2896276259848922,-0.21678272298860329
1.1110611941391537,3.213890885522841,2.8178270920734718,-4.7167478855525147,7.327884135498536,2.5128944426964654,-2.10210742933246,-0.54293916358884664
-2.7160647703918794,4.4391867795099742,0.44127838808039854,-4.3134031758430353,5.9455915062355746,0.49237907743309783,-2.8339130796852419,1.5332832282640936
0.3043954504875992,-0.76582411940530404,-3.4074724524709583,-2.6903100429721047,-4.9754660399925763,10.195669174102719,-0.029732067797721196,5.1478792654195695
-0.79650334017670121,-3.7949499916391201,8.0367745213651567,-3.1350631531206949,4.8110964310318476,1.672340019003149,-1.1739041329468658,0.98495665180864012
-0.27945650693773705,3.7813558007314452,3.8358308053418577,-5.3189250257532237,7.8144076328390568,2.8745000547530761,0.12825725590861031,0.44631444396530284
-4.9425432157763822,1.6794135508540284,5.1654794136531716,0.86298745808965438,3.3839645865460493,2.4728012980336058,3.646311993937303,2.2851607899728603
-2.4996553338422918,3.4648891843794223,2.083976058158115,-3.995423488788604,6.9026943787838118,0.77918214318403045,-1.0715177601991599,-1.8163259212500773
1.6928118488322395,1.2882623878152555,-3.9296377175603943,-5.3734769243116949,-5.8977653959305609,8.9363455118527693,-1.8693101249874764,5.3698150665574644
-1.8885191201729243,6.3342421017796546,2.1209821756913563,-5.2398471440286283,6.5807616278566305,1.9612977039922235,-0.25145403471612504,1.585973524127166
0.78290826449581197,2.9979088489219423,-5.0087430950287555,-2.3932288601511891,-3.1484687323489795,8.4512230126752002,0.32519575621187158,5.4126588392627424
-1.0093422383248625,-1.8536582582684757,7.7753548507455044,-2.4144614396097159,5.7333416001289477,0.58790528592990487,-0.40561548142039577,-1.0126634047535066
-0.61303698032390508,-4.8576751187642397,5.5777609332028426,-4.7368330469951534,3.8487183686712187,1.4327682767378678,0.77211001447000649,0.66447755855968327
1.9544836841124349,0.4219233953768482,-3.6031625417481092,-3.373953393650134,-4.4359248799777573,8.3024787664317188,0.075474780157008925,6.6343275929750805
-5.4162104571647873,-0.44440577564723527,5.9381127595696563,-0.59031693187108791,2.4066080869475841,-0.17284877850333613,0.94561936766805443,0.5640344654085836
0.47059661269795627,1.1485578455756063,-3.1857288806792443,-4.3903952808282467,-5.5272596836374426,8.6685079677739285,-0.79368252495969716,5.0209063291262428
1.0780328532810091,-1.5834429863301842,-4.1142785089784288,-1.2492484043924312,-3.5916972190967122,8.8850621388198991,-0.42007284136918865,5.2115392505704108
-3.149510133905975,-0.77272784250416138,6.7340043258177262,-0.6954260713649012,3.3802552826503414,1.6883101827717653,4.9704858102235967,-0.037167996000821553
-2.6375635420508967,4.9268023553137894,1.3529302517644428,-4.0406844704431952,5.7462946663062624,2.242243979450135,0.37773592199499284,-0.10328022735024747
-3.9149168099975071,-2.027042914773868,6.9825581966485579,1.5495388326147097,2.5061580981736111,1.6538808997069538,2.9431175602426198,0.93041662598452435
-3.2482984902683589,-1.2914089101860611,4.9129692355525325,-1.3155431939113216,1.5749001952882686,1.5450632526585653,2.3804636448570164,-0.56197103559034389
-1.475705276664075,-2.3907185782996914,6.3211019153501979,-3.3921623504411058,5.0714628899420795,2.3962832397583922,2.1238308804577506,2.1028790570350617
-1.5559740921797953,-3.2609551663732841,8.0338475196415349,-3.7949036438721517,3.358557957758137,1.7323710235102268,-0.14989999428632006,0.67182759271011128
-0.74638607417052616,-1.8416101229158406,6.2373104483746031,-3.0341216965671522,5.1028846091855389,-0.35613529837505387,0.30796115427521176,-0.02077544812240557
0.65260691950355565,1.0503340939734092,-4.0131992164357735,-3.3627092388835531,-4.7673601712945235,9.0966032351397459,-0.1187692379669586,5.58006892894623
0.48840714077696834,-2.8818789665331837,7.4533871658626847,-3.6799096140375984,4.0247586104317241,2.2606482950527242,-0.2666473991287775,0.43243033642219625
-2.4411287781173003,-2.8357099314017402,6.3484332275904496,-2.2250334754904819,6.1439480734207859,1.5679941234476713,-0.66866123728017435,0.76256229236591122
-6.0626275119932576,-1.3733201181951198,6.3290895324595118,-0.017720901509087894,3.5496345369917579,-0.58719716442423131,3.6413419995499714,0.38514362773069699
-0.9667081700140141,4.783382394427278,2.4470705668922146,-5.2179441307881067,7.1310823085495194,3.8031087889632733,0.79341131283974808,-0.45994667020232205
1.0906910412414172,0.67821056515889133,-4.4002354670127399,-2.1463900564868097,-5.5316409750305375,7.5063474032697064,-1.5694879348457698,4.9407392922691713
-0.95942606244167705,-1.7275727552129108,7.6861332193713041,-0.99767254873709388,6.8549154865433941,0.39195398402793391,-0.19973760749965605,-1.9349038285913627
-1.5166780053123683,-0.55519739402533697,8.1445483172477484,-1.6499511692612057,3.7794506666217274,1.7147639994247938,0.64030916004039495,-0.88532975709453632
-1.2526557670680853,4.4031857056249049,0.9942539547855529,-4.2808753117685452,7.4310271248730562,1.9608962937389831,-0.24370277921366126,0.94547219934634252
-2.3577279326628822,4.8682222778265762,3.2982458481288686,-3.8596328486394142,5.1793703679478522,1.6089829294782159,0.44031382849002521,0.65244505994536861
-3.4466848922253934,-0.082829754152049517,7.5732426118619962,-0.22201015315646283,-0.042061977887419832,0.55651256076616462,2.2004848881594801,1.522552535305143
-1.0868327569312521,-2.7387535940523211,8.3770171329943963,-2.5089007376145087,6.1034667654660115,0.57933518789927285,-0.22422161712771616,0.24884946573821348
-3.4120407683480152,0.072545410149714828,4.7508872829555164,-0.39855427869100568,4.3788496780834505,1.6145718548357464,2.4007994477001238,-0.30049230465035304
0.16595790144807876,-0.30004900884503805,-2.5295279112589517,-1.8133119243412259,-5.3882497194284653,10.124567751799527,-1.9132972501114878,5.6060815383640819
-5.5234413417090362,-0.32431737604000443,5.8729990287885503,-0.35655804615416797,1.9449465847636958,1.2908538746943758,2.2848120595424475,-1.5989991790240603
-2.0051357390843432,-2.8612698721205332,8.0480900121656926,-3.3139257274374661,3.9735906100239164,2.5421782063289609,0.15103619008510488,-0.48904022849416501
0.29273969523196541,-4.7673071252550274,7.6559326030166064,-1.4680928639186202,6.067741099323948,1.607909589955983,0.8197920740444774,0.69360890153900412
-1.5426359710956035,-2.1079172847505823,6.5542486689034556,-4.0092922991547226,3.2786730809022657,-0.046431178058485401,-0.031708034161188003,0.68210613316379565
-2.4047618775174548,4.4164495136903517,2.483235844970447,-5.360497268360124,6.3249098710086953,3.2427050331658718,-0.35566366410506495,1.4033265394371015
0.060013125605385964,-1.0698503477715597,5.6245941706960423,-2.8422064610634417,4.9996170262800543,-0.3660266764738076,-0.61980363537718852,1.6057321848074013
0.92774524542871328,0.0097509389750790598,-5.8435040986426205,-4.5193930084571674,-5.9828780985950658,9.1846373674561139,-2.9230882366346811,6.1948723502743173
-2.3305020157092131,-3.3526927971054961,7.5777349522940192,-3.1213964848500106,3.760431803928916,1.8788851379379203,-1.0364344268595298,0.76196741577410243
0.22820278120628035,2.5800912918793619,4.0325189453366157,-5.0704854978855423,5.7846270116151128,0.42512020012370044,0.12054177245564951,-0.91669262143901709
-0.29492377613757093,5.3039753316426363,1.0017462294044008,-6.0670606661341244,6.9473819967873336,1.5281146697224837,-0.33774220830241869,-1.1558334005125759
-0.00069833835845578562,4.535646259243193,2.3345704051725562,-5.467301889326353,5.3063270956342441,3.0824426480621252,-1.4594594532452181,-0.41671069764190272
-0.57757197415472983,5.171158563524795,2.5101833215809233,-2.8752393469544586,5.3486648147755993,2.2228637162623071,-0.38145621101929167,-0.51799576213638021
-1.630540468925038,4.9863431163582739,2.8227789409310233,-4.2281159206021863,6.740655967465754,1.7128235103009755,-0.30654332842641829,0.37762400802118545
-0.71284229881609995,-3.4546561151591457,6.9319286363233141,-1.2278788811397732,3.6055920909441976,0.30194702008574192,-0.82395886604725366,0.35791574709440821
1.6251225910809972,-0.047244924270533978,-3.1614505919237184,-3.8122458739713854,-5.3318928451951013,9.4705169718702891,0.05323828192676161,5.4372228770974269
-2.2644435683283972,4.4700902494404628,1.8690635350766398,-3.4282411327247369,6.1069919095796266,0.76662019675497795,1.5240143555450247,-1.7169229178791321
-1.2005229257045811,3.9380533511474569,1.4635876123999036,-6.5736989504963095,4.7294924702005874,0.036609216902058206,0.28334441309935299,1.0330843773878584
0.023121757198139914,-3.1795981176519001,7.1632272352192246,-4.4194388112256275,4.7241812130468235,1.1916656942360091,1.1746790070568238,-1.4531221785221724
1.3147853778421528,2.1313046413464676,-1.1895510924119175,-2.6679693016751513,-3.6925960715407586,8.7868782187128449,-0.99877983345432575,5.3749091356217198
-1.4282969995717982,-3.172546781998145,9.1401151507683789,-3.3713147756950606,4.2719753535510989,0.87276788066359967,-0.39852758489060902,-1.1722560776858977
-2.6196794268813548,-3.0165852743862089,7.555116249036395,-2.0219457590473771,4.2129906087684414,2.6134724565278749,-1.5578081387670903,2.3090028895672026
-1.3233158653809709,2.9379508894568236,2.5226080755182765,-3.5103072386276644,8.7187410254094058,3.0777027888451487,-0.17911856323673914,0.60733206161363296
-3.0970864103689086,-2.7460119914031438,7.8646817500477377,-2.7594889778161895,3.007904362136312,1.5014154353773441,-1.3810029440963896,1.6046773299319237
-0.70003650947328688,-3.0983147443721122,7.4556786470093268,-1.6176695402621741,5.3151630669082817,1.5550187670988791,-1.2246402551493698,1.9631840978707031
-0.25623092925237434,-4.6991979962768626,6.4762715385705558,-2.8071178725059713,5.9181038318989216,3.5917583395154153,0.14485586203043815,-0.74268830544057785
-0.35711364388138889,-2.1071797727246646,8.3088661728371402,-4.4557284641579908,4.1890982725961416,2.4720250635496228,0.45424185780111515,-0.038725007276437018
-4.9772330570209959,-1.4533690486044089,5.2691265373565805,1.0836287604027288,2.2128004437708562,2.8250168036526477,3.3401879426691532,-1.4013549903538149
-1.8506608602382117,3.4636544927338497,2.647473933035978,-3.9654590871800592,6.1891373856649299,2.2549047729431941,1.1016674202884618,0.81046677537434997
-0.96679105851980984,-2.2524969978960678,7.1437822210141171,-2.8410443718613143,3.3962788847638921,2.4388458999932165,0.094388408375406352,1.099814977187145
1.3871334005808797,1.7146005502611665,-3.5207764004741935,-3.5016107006649291,-4.0376777523105227,8.8986422767643898,-0.91742857508657316,4.8449319857714759
-5.1051341003450021,0.77421747452163858,4.9946957892991239,-0.58376833238074777,3.7317401937949763,3.0276207991799891,2.9560298585026112,-0.81843960732675192
0.049052256342512424,-3.0123486551237026,7.3764918806401099,-2.8716880381381893,4.0192866888186582,0.034144459393361082,-2.9193700283575841,0.40122928371370925
-3.095465774409023,4.8039139845228664,1.8190211846919393,-4.2070604018488256,6.433510641676123,3.4196642253470877,-0.33219205859687773,1.6209481936528765
0.80775804420854569,-1.214501510560565,-3.1666171770980927,-1.1576569996601986,-5.7046120362743284,9.148534882798133,-0.70475645435844103,6.6256682597961092
-6.6975407303155983,-1.5607141455781535,5.4817686496188305,1.0802504100415335,3.4487957210320062,0.73063287631188412,2.9219059386433099,1.106724948426119
-1.1813003947144056,5.825973077491426,3.5240817762609566,-5.077882335212581,5.6920230654805746,0.9138778030847492,0.0060896277666813714,-1.3953695963010546
-1.6402445791075166,4.0127891012309984,1.9626284337433255,-3.3979061717541463,6.9615662113956684,1.4905471897921492,-1.0553623057794439,0.64364334895483044
-0.87689941972676244,-3.1180506347949142,6.8272678418739474,-1.8398864841689255,5.5312579892374103,2.1883427490283789,0.64898219571626736,-1.2386889709354914
-2.9311584590368929,-0.72642070538628589,4.7590789380885434,-0.83974137287902562,3.0119196280516114,1.6884797654859465,3.3469633517820334,0.27102260779859949
-2.7586244210567301,2.6941228479373645,1.884629303557843,-4.871135758042092,5.2038036460092423,1.5257458379575768,-0.69908698295546812,1.6750292847746453
-0.94501869563711116,4.8247616393713679,1.8935347487181189,-3.2103086290177076,6.2946157336608612,2.2623046496794794,-1.2405130640173134,-0.6929621505180763
-2.2608782302729429,4.0058002040549399,2.6004440886287004,-6.299078517405686,6.3749329144647024,2.4343205390432852,-1.2698816060782487,-0.86294377472388051
-2.6387323681611186,3.3865288916052005,4.3642013181381927,-4.3754433910437793,5.1285818874008031,3.3706168336614279,-0.15985496097269689,-1.0274016870794973
-1.3875876408664645,-2.1737402282475302,8.8821780069706922,-3.0663547737394286,4.0983995375237221,1.7234354827915115,-1.0686349249356533,0.32758717206433174
0.6505398157215535,0.35955937763103524,-2.5416198410495308,-1.681086889813449,-5.5783123383709263,9.9748808632985639,-0.88669100960827973,4.9643462933351632
-1.0181154794948881,4.2451613291959882,2.3662399245122097,-5.2789139451388518,5.7683600688753396,3.5283627295726547,-2.8147785748254273,1.0500911621687321
-0.91300196173893511,0.10222439179012907,-3.3506561712312735,-2.2777201659321218,-5.2918554030385279,8.2990254396055985,-2.1723887180115966,6.2369786299908663
-3.7844145208825095,-1.0019753457792508,5.9495849640262124,0.37194295958733031,2.546717343465378,-0.88580049494777668,0.90729612909025015,0.14535361806923663
-3.5140771466984475,5.5682896890357965,1.4758468443486592,-4.7685881072309524,8.4202986720604454,2.9577296312413144,-1.2504005040910631,2.725060161849524
-2.8327725261031604,6.2110583221255578,2.3706043919932269,-4.4026348241252009,5.7701037994025661,2.7296071031484677,0.58031060641567545,-0.91674203517972541
-1.9501594944199325,5.650596932561502,2.1461542589269893,-5.5973853169392234,4.713773897623927,2.5954129975651909,-1.1529294887020494,3.2093841447183835
-3.1530426583606479,5.0435583499956476,2.0045670446970987,-4.1902354068360239,5.0987532781750806,3.3623318633723835,-2.6495785467035495,1.7266374825094153
-3.1390510626157022,6.3420614968109543,0.21930587585150407,-5.4583535452849894,6.9544692209949321,2.1176045462806266,1.3592400357401497,-0.58541043049611163
-1.434389431693027,-2.5237833853417349,8.0321435990769903,-3.2888611512381716,4.737812120395537,0.9085767028422389,-0.62081983580139433,0.42270624576547944
-5.1469992857147124,1.169427482369704,4.7184718853778245,1.1011241840272099,3.9882379066346956,1.2931327592314532,2.8321301703910176,-0.24920107147449505
-5.3857526921658625,-0.97639533019059299,5.0627408905649336,-0.35285293137985385,3.6059622158367488,1.5534174132879719,2.7864323785346157,-0.065346470893134917
0.66370188723110835,2.0275077525435443,-3.7681109976131326,-1.4569368446003452,-5.5161695628707204,8.397762105005004,-2.0093622350152329,5.0585728410693109
1.2300516112697433,1.0022800879774727,-0.91556151621714754,-3.7232638939465978,-5.1843584725239342,8.4237446956508197,-1.6535694179398261,7.7129010282221957
-1.5806589866521759,5.0629443729783841,1.7403790919178821,-4.4802589259648844,6.0772301321741562,1.5580548054828005,-0.39290301975063063,1.0880201742576137
-3.4999579620037649,0.49812180013357343,3.4107216463184407,-1.1073494856304738,4.2706896913642307,0.62019573362328129,1.7477579534967909,1.1909012468362465
-0.8448963772776058,4.6871778761968717,0.92195765068427438,-3.0078821603010537,6.4611900316876643,3.6829008787658788,-2.4407116797502773,0.18617920404908478
-1.0927032104663246,-3.0357460176077709,7.2287870717646054,-2.9255252550473547,3.0322598819606084,0.82645965962315771,-1.4584075354867476,-1.0934188641252995
-6.7163852469973682,-0.25581515670294541,5.3396673794039371,1.6242727384771176,1.6736710657788578,3.1980753331527807,2.4350267743109053,-0.44923889072384954
-1.132100614820756,4.1629625950941422,2.4557075815702132,-2.8734056102428962,4.9714725904085597,1.9356578960683573,-0.23212948568289771,-1.3601710651804257
-2.4423763917486916,-0.6679787538415759,5.8885074117880629,0.61620509661000988,2.3302910714935217,2.5460287168196718,2.1246145422886231,-0.13482180560079154
-3.1656108771556712,-1.3129944880414179,8.556679412455976,-2.072033031077587,3.7398494374068632,0.3663203149927754,-1.0512427327356528,0.099567212653124237
-1.1758514328368466,-2.124882352013493,7.2252002209631172,-3.3825843509863129,3.0676714431536021,2.709850263629547,1.1435580576181148,1.1854960277828339
-2.7637403893821282,4.7922583185686047,2.4286496993179449,-5.3226262012721346,6.0183269022049313,2.5045586302560063,-1.6436639948476386,0.84325986435077638
-2.7539618394559424,-1.2316305388576323,5.5245675456991483,-1.5601215618947659,4.087685898888922,1.7983516094746785,2.2469728934102911,1.3169639362670988
-7.9661312132962596,-0.55969007421846007,5.3684270754261973,-0.00018393146030601382,1.9442498896869551,3.3607926885867441,1.9855934364696639,2.1329948365775047
-0.10487176217957139,-0.50408516643703649,-3.0519157789187381,-1.6721793041469803,-6.3448115582283737,10.363646722673304,-1.338812427905882,5.2580314292156292
-0.9671085880369038,4.5221182383968817,2.287682919932442,-5.7167213206243055,9.008996138886614,3.147637308986678,-2.8017194787464788,-1.0179646458965643
0.52896752228696198,1.0772297753011049,-3.7043483783739175,-1.918224788119371,-7.0232501482264285,8.1867271128308143,-0.8274692508283813,6.0035292148656607
2.0224421210097772,-0.17558454527043774,-4.4830882654448452,-3.5697663477477928,-6.5256128436623566,9.5069164641564523,-1.0894428257068698,4.7496650276718499
-5.467061398807024,-1.57715832578829,4.5265903497203874,0.27049632924508837,2.3803464281802431,2.488356947775507,0.69289659053784924,0.68854987012716529
-3.5745961473407597,-3.5636101765532517,5.1629556850910774,-2.3877615614360153,4.6909972702508735,3.6188089240535302,-0.71865592331048589,-0.57700196218168165
-6.5064648605914037,-1.8164348199245777,6.9549308476080078,2.2149054595525635,2.6709840171507722,2.919021130954758,2.3632097360835522,0.53869339107362613
1.5069201325899471,1.9703128040491933,-3.8513424806434271,-2.5712744862030701,-6.6013804843670565,7.9800359185276921,-1.9692998369865959,5.0362939431305014
-1.8012845173966141,-4.9513863213244473,8.6038578311004379,-2.5024831977161615,6.1945359813039627,0.96376103143672953,-0.18959213735448954,1.9818098802428854
1.1389148908087401,-0.079346592349145234,-4.3395621568082943,-4.5003035540666909,-4.6908321466013163,8.783513676684084,0.28126673891346321,5.8615449564207749
-0.84352310482073944,5.3109245562904448,1.9158058820980703,-3.2020271476360067,6.1930949528235653,1.9991708612656227,-1.3862110300850174,1.4648275160120012
-1.8522152896373525,-1.8068628823311759,8.1887696734751163,-3.4516940581078641,3.4646418253393567,1.1351132800320713,0.35768839379231721,-1.6027178191246239
-1.9049522464089907,5.0064799516062832,4.1627758459808808,-5.7957415173466078,5.3539984486503371,0.96436255638203994,-1.6286320355455479,1.1204868550120961
-2.1934389592260213,3.3986121743081803,1.539132247788765,-5.0456990568870514,6.0651086404243104,2.1216160217621045,-2.2573519924381205,-1.2815585478488511
-3.5396585190894538,-4.1193841934226931,10.778493524602094,-3.5983232447928959,3.8260557425698289,2.3558866459812524,0.28572619544316236,0.57717302253880343
-0.26265242261986521,-0.84264974867904341,-5.0867759471884089,-1.7942356750885688,-5.8900309127417536,8.3398336902978567,-0.1404588860988123,4.3103567988973186
3.2903864059369727,0.026030326935981174,-5.6064541025694101,-2.2160900200168419,-4.0922758364784197,7.4862372922924116,-1.7112035936939056,6.9570735579181235
-2.8464609185585239,-3.1955042606318154,7.1215203050179099,-3.8080888266355974,5.281993742750192,0.92157613449280928,0.67456221519090465,0.78147389572700254
-0.76891114423755635,-4.274435367005049,10.20583436471205,-2.4798262268540632,3.4455152060651684,1.2058343641693983,-0.68417057320089403,-0.40226932632083212
-4.232915766266637,1.5861495659501239,5.8504065683611337,0.52060139041374476,3.1166762147519731,1.3414937445035464,3.5735546235871136,-0.9480289387126033
-5.8768534172389764,-0.53508856754314693,4.4982200902229836,-1.1274195876920352,2.8566109668145581,3.9421844706919642,2.3490114863786733,-0.0448836142413346
1.779497307182961,2.7295335051309264,-3.6239911911311915,-1.1627351584611603,-6.193844059371223,8.4558595426507459,-0.32316969053733169,6.0960938064427603
2.0685396292079989,-0.41447601866164296,-3.0298656419122461,-1.5831933513663541,-6.0104374820774611,9.220623569907886,-3.3187846944890587,4.8992177612001306
-0.75075444123501878,3.6961374534008713,3.5841880013492138,-4.5021187290052866,6.7575832407311651,2.6611744787601634,0.13255102898330384,0.14269048065484896
0.22075385642950107,-3.7959465307508173,8.496697911560771,-3.3582986595539559,4.8986714013562658,-0.072348521794456611,0.86298631655910218,1.9347460425000851
-1.030478364695816,5.6157916183112686,0.39085665953757687,-4.4204247289786514,9.4954376666260174,1.2450751850550037,0.37468262050553436,-1.2660173074645082
-0.60067533847152488,6.5679811696740513,2.012677966460827,-5.2030982456028205,5.7192118643012115,1.6942855586331638,-1.7937573671247242,-1.4710249972990972
0.66722180240487383,1.222153757183565,-3.969417258364345,-2.9779006892307596,-5.7733309433036615,9.5211314353894245,-1.1106980887572324,7.3699895118445795
-0.44696770009884212,-2.6988312736314879,7.7627280650126345,-3.0760961780311624,3.8452868935212754,0.7509586141430824,0.32740599751547628,0.19167954414885821
0.22678740011598419,-1.9451164528720419,8.1650368456532565,-4.0810387243929274,4.7240986167774439,0.22988630656359288,0.058459848170629936,0.11492941766913187
-0.89064310194859675,-3.0752667567656302,7.752061961743709,-1.9475298988654273,3.7358049738039463,-0.55222147753629658,-0.51047961747191706,-0.067995558353035085
0.84904207625431338,1.1176574169581102,-4.3428149023064249,-3.9599440345734975,-7.3696743953903958,7.8777327455932822,-0.64159681516276668,5.5855686192437624
0.96358026025800037,1.1584233558542765,-2.2729612238600305,-1.7624332216464202,-6.4575637996487885,7.0243371524516469,-2.4367883561396146,6.7219981296772362
0.7571018767638783,0.8903800289298045,-4.8552960795586078,-1.2384417740378522,-5.786249041428448,8.6413814123394381,-0.86699716428763529,7.1913296322372213
-6.6001650528043552,-2.1699951476143413,5.8420258966401279,0.92688056299238009,2.4395026154490194,-0.60716421566912393,2.1696651092342316,0.034016865233196122
-2.0707985700665557,-1.3917056074698904,6.9945741702399102,-3.0178425456129729,4.7483186925553644,1.4996986494523035,1.4284879061189812,-0.0034810054946121695
2.7631206760814719,0.54909799006296844,-4.2665227758775339,-2.8911652586900214,-4.1513673360353316,7.4542004092833309,-0.6313514334733874,4.1081233135567361
-1.0803039421678426,-1.9729934250303769,8.1237660166748942,-3.7963094425558577,4.0082471252547318,2.7947058083965102,-1.5942661111771712,-0.97264576667858971
-0.46334147334163078,-3.1681304423490886,6.3369429354194722,-1.6281862104515268,4.3458418489890143,2.0973785060707821,-0.20469636203580988,-0.79306408101553938
-4.8400508834076037,-1.78825162952415,4.7236793159818751,0.41487387670767018,4.5474810965449954,1.2598445119759492,2.5040751218903363,-1.9933904753585736
-5.5536634828409612,-3.1386227058467435,5.6166494156021871,0.3472895481553272,2.2431077465678997,1.599168907812295,3.9532492701273831,-1.1233538322014573
-1.6944403169787197,-3.2541092466597661,7.367933941465612,-2.9544992002302526,3.3203131674333815,-0.5906342610270674,0.053221288350168761,0.42692275866164853
-0.69317465110975496,-2.6929534172131531,9.0973093511084695,-3.13658824152267,4.8780628506700507,-0.39406341186049798,-1.7342282370594155,0.33245011850417377
-2.9836401308844618,-1.9759103605139883,9.0549750961027815,-3.6334586356289056,4.9331875667701262,0.99285927392138951,-1.7993411447989947,1.155684336455014
-1.4360361467754759,5.5761022616760076,1.8972756012255867,-3.6981626175348623,7.5254402026310503,2.1835805780172306,-1.8208257042682656,-0.73324943009844679
-5.5643256154062675,0.50917402093454234,7.2609831659654578,0.75064329589667977,3.0953795482072537,0.96742454845423864,3.3832295182680849,0.33223536531782549
0.1854149964284928,-4.2072382326327347,6.0816924249530304,-4.6000228475700577,3.5174113798322542,0.75609123409871204,-1.65366432533283,-0.58083969785129719
-0.85730365601201897,3.8969922372019017,1.811481219865432,-4.2819088577707207,8.3367086557098418,2.1422251147845834,0.13555317762478331,0.19609072527408
-3.2188940221773015,2.4548701971908375,2.6715927158037496,-3.6707806297964458,5.6236150441429187,3.1439143827169582,-0.31375869977468451,0.26833483308279027
-5.2492404529773342,-0.23788995359939569,6.2271115728692727,0.79737065233613791,4.1826709575610543,1.5600685590976064,3.0888083675700875,0.53427829053612752
-6.1707110293083627,-0.56988802293608032,5.3351538298765249,0.49478936628835662,3.7652179826483945,2.8846298715656236,1.6054170294867895,1.3132880419821433
-1.0620813171544232,-3.7020290653162657,6.5471836939646622,-2.9198982283862973,5.6049620895898027,1.349770481220715,1.0567432763419253,-0.61491648964290258
-5.0051967993093971,-0.7018704758712091,6.361577907132121,-1.680844455302525,4.3450616449168278,0.19874319667318674,2.4028281083125043,-1.7913453204147567
-2.1292957209220105,-2.415803965650583,6.9973063035420902,-2.4193973543070131,3.6485589028320513,0.59238145072592119,0.32948784329288927,-0.38993226447654505
-5.4676010535428787,-0.8680021370822647,5.5332387963534115,-0.41304096219107744,3.5400097077282284,1.6288623403928149,2.3169153547310479,0.91739392539079145
-1.5548347333550632,-2.433392720585867,8.1163850259880022,-1.3062597824268951,4.002533461804088,1.5320582514266607,-1.2831009204296357,0.37327543505887162
-0.26953024939042902,-4.1051603141452881,8.0340407333964272,-3.3707508215969897,3.4692801142973901,-0.23960579023279371,0.98766836112235767,-0.63050258329931985
-2.5045699782997382,-2.6794515264286187,6.7927561441991218,-2.4605897560830461,5.0523442938323688,-0.5669203833548031,-1.4302324188308089,0.32906433988263994
-1.8048470331701707,-4.4208414889933794,8.303931147639144,-1.8047748750457899,5.7844951792940549,0.46754690953031897,-0.74768364424347644,0.8493153018581665
0.47708568842529775,-0.23259367607831741,-4.4731715236956777,-5.2025619177994429,-6.5749962025153241,8.2516921519053916,-1.5479699486670864,4.3655235092679519
2.2081752474456602,-1.2699689728342551,-3.799079976727064,-3.0237871564848082,-4.4479816365674614,10.156416217226042,-1.9649365227036766,4.8945794971901684
-6.4036020174178434,-0.78321967272471604,5.4210353459404619,0.35075976584883761,2.4775543345329316,2.6059609651615094,2.7621697900148563,-0.39258020748196798
1.5893275669599709,-0.041260146013391064,-3.5980143722708329,-2.4635661600357204,-3.7222242400780226,8.513143377447685,-0.0071827467719645099,5.4330393605165499
-1.8403491505357228,5.3176638204234168,0.55585124317725043,-3.7640275643612089,6.6910680638533968,1.4525888979290897,-0.7578512239774281,0.80928129203660026
-1.967043046434269,5.2088390130646305,1.7299240266542451,-4.0176059419069388,7.9643317339052544,0.91533579763410522,-0.96136741319841812,0.41760761259172674
-2.0092334430967935,-4.0911910708210266,6.9596508026086372,-2.4464903200045125,2.659254750124731,2.0185980876991856,-0.84745092966028068,-1.3079768437175816
-6.2469449245671917,0.91574143551726883,4.7711302709651076,-0.83070807037532901,1.7835419633715455,2.7374468499922795,1.5194306678738769,1.0482576836633624
-3.870809942574188,-2.2074778709144303,4.5268875543838085,1.1003116239699962,1.7284020685203891,-0.92770595977210579,1.4082698145309436,-1.2034064803804507
-1.8894059698799315,-3.6687903534163882,6.4086779607546278,-2.635586752532296,5.8751478609808645,0.59709295219562297,-1.0431956674865166,1.0325220813363574
-1.5156923364789738,3.9750608568998587,3.5474874004169963,-4.4282541593577243,7.657343067093362,1.4608489819033657,0.83688156140204673,2.4801607639320942
1.0116261980772216,2.536932086540284,-4.1157269907622718,-4.1078429120629059,-3.8157486454672629,7.4269381444816105,-1.4409992062432699,4.3223357980904851
-1.7520492449050582,-2.1647704517159236,7.9830283663303856,-3.4678894935812865,2.9935039242050347,-0.40995472265848498,1.0919030926009667,-0.026184003325599656
-7.6172979644223222,0.28953134602766339,4.3500041551057205,0.071005478632781061,2.490652565959508,2.2908712948207577,5.4169258209856546,0.21370380491921998
-6.0883584169021496,0.27549034414666718,5.7100311052468804,0.6221250041572739,3.2950361650604512,2.1812615265653346,0.89032077964630507,0.8625768937837035
-5.3818737005998489,0.63462300611415312,3.8913420927317106,1.813813778686606,2.0004376979862499,2.2434253580576051,1.428109902559253,-1.7216345215318731
-6.5264285072749955,0.046820880374141671,5.9855697510928669,0.31839164417693722,3.3890098694870092,1.996754029521921,3.2310988544604538,-1.4978323960114557
-5.7019925324049963,-2.6899008831355729,4.8402488679821074,0.73185613709108532,2.8419791737731086,1.1131886953220997,1.9361766508303258,-0.93998139931131297
-3.4975794276510976,-3.0227795257695962,7.5340999105484396,-2.1172209342148602,4.5429002926197368,1.0686358833094627,-0.88358092432214297,-0.021489096761953916
-0.43886258837336112,-1.2716549205773109,5.1598887962711828,-2.246651580245242,4.2765624313232919,0.67965183414179009,-0.28363308537591941,-1.2473337393962147
-3.2000973633849075,-1.5324152750653257,5.5642027484160188,1.2298679138117725,3.9161874485069821,-0.49146294593108086,2.0522614863229567,-0.18355557623599697
-0.75362941948441053,3.2232936198020896,2.8840950795072597,-4.0355257933424244,5.5416968240348261,1.7352231695802984,1.51794329079521,0.49742020824633859
0.34737497202655099,-0.22015412734938242,-3.3135538857076066,-3.1460315900892173,-5.9508671770453301,9.5383430473059363,-2.4242914634538595,6.5877773614781532
2.0288728875603952,-0.66616045725320783,-3.724213291513967,-3.4336536365083941,-5.7076463011094045,8.530404445298327,-2.4423056879100948,6.494656732116777
-1.4957511377175678,-3.9114672568183035,7.2833732494058827,-2.637736721826446,3.4742099118027059,0.55481078200489842,-0.32049493833806492,0.82802405764737408
-3.7200458537944376,-1.0496867522962234,3.7624963412336965,-0.7727672984844669,2.2203932357387273,1.5430755633440385,2.3775556584168811,0.45229133336301308
-0.44845346279884912,-4.2607613665344699,7.5489145374811359,-3.3148955726370359,4.5347460531747075,0.40863493647129756,0.32607624423706449,1.0259032966171175
-2.2117637742105209,-4.8381533941252979,6.7591990520938099,-1.8296003750717553,4.7815636075660102,0.21235172569281535,-1.9478143684347038,-0.92051793553802741
-1.0723659641164578,5.4195516050954868,0.97271097592301548,-5.3438645233066602,6.5311212227618691,1.0047754368227833,-1.0476936888603579,1.2009401225325653
0.13868320840698645,-0.53075031303570852,-2.9049800362839315,-1.5822468319218235,-4.8114367232174402,7.7422621226351769,-1.1797431296934862,5.7922724595447503
-0.24094155495430636,-3.6518534126191815,8.9323452232381992,-2.8607798319530557,2.0665870487241014,2.5459524413532537,0.6544076096669752,-0.82196626922268334
-1.426755796402644,-0.49500666593453957,7.986538401374732,-3.1092502694319464,5.5461775506468864,0.8568093337638083,0.28722366008731248,0.70671145143453207
-2.4837772088385139,-3.5692043764974057,6.2116386229384277,-3.6185922376890103,5.0620711766662332,1.4180461120527896,-1.1088491922617185,1.0973105730845452
0.61896577159336719,-4.1367040523430347,7.1269428251517448,-2.9444887973273306,4.8382258890093404,0.20662997288629747,-1.0427897334186274,-1.5840115593012225
0.28051329996230179,-0.32775428314694643,-1.4418644081022309,-2.4430619486751968,-7.1660597202169463,9.3945938510406108,-2.6119297971274511,5.216537581085019
-0.11372177175222586,-0.47136746942104069,-5.1215967201447992,-4.8807027369491474,-6.2375197932877295,9.2972653927184208,-0.78195362993182216,4.8552816344401801
-4.0659458929054546,-2.2186743644999947,3.780214503434423,-0.20096917202311021,3.065697037336129,1.0526422993764384,3.3950086475715331,0.95619779840877417
-0.1916803889253782,-3.9931576372801052,8.2499727237469269,-3.1122776240999546,3.9007657718783078,0.67055579143115573,-0.44154807625768056,0.83332983510047742
-5.4122729300333381,0.11881758314302626,5.5550363462074515,1.4704522895580983,2.2186464496678107,1.2652103644237203,3.0442660367699448,-0.26319222762632488
-0.4881110118404246,4.2374288970749854,0.38567791590373446,-4.3734889948043927,5.4905488781091734,3.0492655824214574,-0.087170742356676045,-2.5022335159464295
-0.18382020031423885,-2.9571160094073892,7.759884473920005,-3.1163538499693102,4.7420055570255526,0.75486711999256884,0.71075986751383813,-1.2991015642631487
-2.1104345213475546,-2.2339244998241559,8.3723073597737798,-3.0477894098678031,2.196564976198137,1.0439142999477902,-0.23269675182133803,0.80059572870234097
-4.5626799934619999,-0.80820456608861613,5.4897384624966614,0.088656804929267197,3.9092445395475588,2.3514741385273101,1.9740603505908161,1.5371192548539601
-4.966877841943556,-1.5761972772402257,4.5471876682375516,0.38056015858938375,4.3605036901567598,1.8738492489420235,2.3833805634156002,0.17487850056744281
-3.8072787063516027,-2.7417359328976456,8.4726571054363475,-2.586426529903338,6.8204539941663178,2.5923804722940984,1.1740732496962449,0.27192930270690224
-2.9496806572006355,-1.6103705446584931,3.3738101002191372,1.0514185661009452,1.7367120131950489,0.79910236378995347,3.4509279562512805,1.3619840535065164
1.1258978987514341,-0.1731642053542333,-3.4473208420266981,-2.5846224531627087,-4.8407282733850154,8.6433831825009335,-1.8410328335929473,4.1137517323654524
1.4295422761530157,-0.72496795389336233,-2.862619345770185,-2.5059023464070953,-5.3420809175568094,9.304550291045997,-3.2503287996461241,4.4873734945924229
-0.13294204763368711,6.7335263843273037,3.1369017188893551,-5.6059407924803928,5.7390458696614681,1.0189008025534354,-1.9329466404320499,1.0156168123814864
-1.5823665130183593,-0.91315755105224206,6.901854375498794,-3.068852635862573,6.066425706858082,-0.71573103130471538,0.13058491187428567,-0.16970356993521732
0.60724876200368871,0.34239175797752264,-3.0537202139011193,-0.80487023338256725,-5.3202740099387791,8.264818493395433,-0.22852642208104457,6.0594012894899603
-1.8241787384495172,4.958874164284433,3.2907546705815984,-4.8277171164043997,7.0021436123605163,1.4650650844980779,-0.77440393683768538,-0.2808666076532379
-5.601175120258957,-2.5473695585887217,5.5084326241511343,2.085073298775745,3.1270829163204632,3.3271913882388677,2.1319236383193436,-0.95902122033366588
0.23394794605370894,-0.87332701593893103,-3.2694286866504014,-2.6411370579176756,-4.4745018772426892,9.5500167329878654,-0.26689131399810884,5.7065635227911908
-1.1375877025221997,-3.0575104336664065,6.7413042824127567,-2.6292469728636152,5.0936316428905366,2.5518056627104087,0.092562557945504997,-2.3027393458527956
-1.2099898765345716,-2.9409298745281909,7.1195948509880136,-2.7685373389381449,2.5166807204854269,1.7721099637491895,-1.5791455170318449,-1.4693943298288721
-2.0116329612340063,2.9903491242104616,1.5260237655916333,-3.4847974394364507,6.2975114073419824,2.6192939488756029,-0.8373592957501218,-0.53611968162427159
1.5394305312654164,-0.33657154189428418,-4.698367576924988,-3.0040910827296639,-5.0175079505485956,8.1597958135263049,-3.3382015644720311,4.8136596379873557
-1.4045675215929814,4.8324347651473953,1.2618314405479174,-2.4017440830763452,5.3235748717518723,1.3161700522220143,0.043903364341747353,-0.098798704923500152
-4.3713894314819237,0.61186128937787121,4.2869939095476823,0.073390614904321,2.6884093677262597,1.2448875126732095,0.79521468418973518,-0.25013139107308652
1.5143062261948381,0.70859997822725995,-3.5974385402379729,-2.2187540812316149,-3.9753702492348335,9.3449333435665238,0.29348702068067178,6.8970906799100158
-1.6538621033358887,5.4864321426877147,1.1079919938238083,-5.5565681150010242,6.3120593134017264,2.841993991242429,0.56075205093401448,1.4389657093439925
-2.3140558540842755,4.6226725555885846,1.5385384064325216,-5.8488660922823899,8.022568338174505,3.4591935922327313,-1.8059379515242759,-0.49764405882540586
-0.57724489667843204,5.1110562396823447,1.0095836333035029,-5.7852255290624832,4.2069893366527076,0.49260056559236465,-0.74141389716097938,-0.74082838316194555
-0.49484992650668325,-1.3124682398264689,6.9224659956350791,-2.0841577666137607,3.874785967236809,1.5360290735641688,-0.050361533094983479,-0.6090529386663569
-2.0665539040506191,3.3332062721558238,4.1778115696615288,-4.2630161286822874,6.3237772933718164,1.6588392344078668,-1.5909536124349568,-0.6839980151901266
-0.53113989524470129,4.6087011691512636,3.0845136571359415,-5.521093410775431,6.1493746363128627,0.14057421724313457,-2.8232220192865456,-1.1407341134525213
-3.0854409461870684,-2.0579942891829193,9.1084228470288409,-2.0723036615637063,4.18357864093253,2.9271623213450928,-0.27248543765554933,0.19124658271922834
-4.2154290088301103,0.76460457016373118,2.3338251099171972,0.82060130623492022,4.2581097782352018,2.8558489694346436,0.5233919775640401,0.31858436051128197
-0.27156586202536626,-0.52109184226317096,-5.4216612176378369,-3.2653931771466267,-6.1385469852655934,9.6376266170602598,-0.12227085079075262,5.4185095545143955
-0.53594883649960301,0.50280440780641822,-4.0214875904363474,-3.963703189824455,-7.2701236559090079,10.323896332006157,-1.4901555689298021,8.4769177943037661
-4.5523049699982661,-2.4135351413877384,6.0475676036456596,-1.1224642794362172,4.5663896644386766,2.4035754469646684,1.8231797499570384,-1.0304826086205396
0.18599950398196619,-0.60452663021666309,-3.9487243461450525,-4.1148928808783101,-4.5570120832596839,9.5237420879808425,-1.518280295746461,4.6079398187460416
-7.6841824180219032,0.067826784915007376,3.9883309368716473,2.1736613009177583,1.5676966902457645,1.3536070684353907,2.9803302913781033,1.573699648971367
-3.8318731115260007,-1.1131206212466631,5.7711822867263125,0.55220427307586673,3.4507046570630897,1.5702896656744685,2.1238837634106833,1.6137947986031678
-2.193422113539369,5.8101582989094069,0.93832101101069165,-5.2721680689626043,6.4536298255018893,3.7136949468995502,0.17826184250515753,-0.6734976869219943
-0.7199623274096667,5.5973449983679755,0.3609039636120881,-4.8431601683653493,7.5517567950484219,1.3873697684314461,-1.099017652744118,-0.70435011757007315
-4.7023076408710471,1.0576848582545788,4.5871897076722421,-2.0161360654805516,1.9530317819311125,2.1305816343918718,1.316697796837573,-0.31653987413234103
2.3069123890144549,-0.96071785938778276,-3.8759995226256221,-4.5720967573045872,-5.2613342971339554,9.7025473552904629,-0.08961677232494103,5.8605775663293542
-1.6269088198014217,4.0827605185569231,1.3289420832690038,-4.641072329653956,8.4082696535586035,1.4174984728208946,1.3669286831174983,-0.77542473959766767
-0.3867524095065531,5.3956031598261918,2.6361514636126833,-3.7808727956408856,6.7468703201993909,1.9660711234718076,-0.97431082252651513,-1.5313727593173054
-3.602633491051308,-0.40835530728834413,3.8243184202932698,-0.48000076974057049,0.69966930928253657,0.005887845932607938,2.9224637503204951,-0.79328667469007752
-0.85116795103195741,3.1387171191801828,2.9964503026661022,-5.9363245628970711,5.0481765419240965,0.97214592006018519,-0.98563685193684392,0.65842100852439533
-0.95179200295788835,-2.8173768533524597,6.6627383518293861,-3.4939581673015709,4.0262509525271701,3.0192504879998694,-0.5274755547971659,0.81379903793565489
-3.4416442952684188,-0.7705584396697619,5.5740211761718168,-0.35599375569914726,2.4050497174247765,2.6553488787143973,2.6370596907252692,-1.7051612889081371
-3.893718559995301,-0.82886566227065295,4.4874836585410964,1.4661957912508687,1.6385609005953174,0.42248788765015521,2.3938256817793686,0.17095677657532762
-2.525567483130112,-3.8426440922281837,7.8300564342933487,-1.9041623006154065,5.385091804718841,0.14057332193820038,-0.64263111844562726,-0.13988083525239686
1.4063593284142941,-0.48648696553904802,-5.2782607379120554,-2.4386448749334448,-5.8527463706532394,9.4470070017440122,-0.58064787619257574,7.9083445398822567
-0.58873654081142557,-2.4387341383974745,9.3251795190970075,-3.6636270217532241,4.6494413664512679,3.234050152788825,-0.42544786683269065,-0.48087795951015394
-1.3083213893925634,-3.8145644497741937,7.9963431537896508,-3.6392028756302266,5.0316275002903854,1.0303760355210607,-0.10047414900085808,2.172754845802364
-0.040007550915634571,-2.7842439035095392,6.7571633870576537,-3.0136429452810352,5.4993318208979627,2.2719388278288175,-1.2177201968878861,1.0174564045413965
-0.37409067250616101,0.90544499273433021,-3.5356231583105875,-3.7995017320611302,-4.0331086783917405,11.38452395483956,0.45124870452422117,7.1132287458959151
-4.9886412959899609,-0.55156537694586638,5.1084765963081216,-0.76991636221497506,2.7148659520042586,4.2842412119658633,4.0112304069612543,-0.13077711511534479
-0.42472446480355786,-3.1437915745378677,7.2456818352255024,-2.1766772629062698,4.6216812730515429,1.2617022268137481,0.0048390454534408822,0.81371220991106519
-0.86955152948060632,4.5061152756013545,2.0177787321474652,-3.1713693260070572,6.168131960925364,2.1328478567624614,0.082129218402088255,0.91659033462023776
1.6693585814986165,-0.56168337006489855,-4.4190277210996252,-3.3336242587437419,-5.7241861300606462,9.5655764481924663,0.097722959188252356,7.0333246651687471
-1.4420198195148004,-2.08213948336663,7.9279145761578276,-3.6522593895826718,3.6105804251612188,2.0990109890133777,-1.0040812410730635,-1.8946568597844153
3.4034787817509042,-0.88544909518009884,-4.0646197963952213,-5.3914281592239082,-4.7324808617442438,9.594444773596285,-0.55876640156022472,5.7001992318090799
-2.0383616272854193,5.3050736323010685,1.9702105913788823,-6.6139873266736764,3.9023123359557355,2.3846801655235157,-0.055270158978364431,0.31613944156076978
-0.80590413106462511,4.5377035579905138,1.5314803385195064,-4.0524401759106956,5.803560818488906,0.84987787422270333,0.32555655305242936,1.2768823778271474
1.2419511598694211,-1.6900185445232765,-3.1794912812675022,-2.3857143531786864,-5.7110993297381469,8.1952910968108501,-1.4195819394632625,5.1818188056476755
-1.6731059555930499,5.1950922151130952,1.3967478220356067,-4.1619282127586414,7.1367614491829956,1.8949246882813777,-0.33311564559857154,-0.24505913648222635
-1.4347687966813605,-1.3481708010249691,7.5005025254113136,-1.9436317654421633,4.6318799359667633,2.8121378381113749,-0.77585200895424478,-0.91078616505915932
-4.7650530910647833,-1.6654137034428218,5.1123984310015578,0.68151342415512239,2.6700515214897997,2.172096090263949,2.7244977788964122,2.5502196553126146
-1.6503375492491248,-1.6477330637351608,6.3298911395172119,-3.0661329213530006,3.1043979601211467,0.54898056040008925,-3.2892028528335966,-1.2739070608907446
-1.7067317806586524,4.7760861181550203,0.95309768529908245,-3.7836030170266657,5.9869699672742573,0.87504176944944589,-1.6596937688706781,0.45099873192830131
-0.11020550155349373,1.0639873339258958,-3.278982913106542,-1.4691531711029049,-5.3602968202590189,9.9216495780401495,-0.27470229952123115,5.7106498883832817
-0.43660999979452897,5.0456351244760373,2.260635647812284,-4.4438540167804259,6.3149317137233245,2.6292296153804426,1.870523129613741,-0.020162133392641599
1.3428187104781919,-1.3359601187584202,-1.9293268657908271,-0.057786114948891854,-4.8012572379132621,10.380270071541787,-2.4105658346826822,6.7276900922924243
-5.5358410534188929,-0.46596515566395275,5.3492839366621814,2.0828477761487276,3.8555528436977453,2.9836389395595924,2.1387594764145659,-1.0782234468503815
-0.2638348653018916,-2.5486960380218697,9.0593831937934119,-1.44726220919509,3.442778150262805,2.0981684554923699,-0.27678355835580698,0.1699123910123933
2.1582404086609324,1.2758313003229782,-3.5050968519209147,-2.0301068723732891,-3.3893521108458864,8.9043592880292639,-0.48497645926406274,6.1392859534520987
-6.4896023672118295,-2.3530978468608899,5.1908508491683492,-2.162506155005127,4.4281160110316531,3.1408602905551382,1.0197959421314187,-2.3814499840035386
-1.968691354300534,5.5921374487488267,0.76484533770317875,-4.4867555989235326,6.1226942848168839,0.89629066033703464,-0.79048723169739477,-0.01473324784093584
-3.7646624182077222,-2.3242879273269907,6.0505903172139526,0.94386993988232737,2.2247807506855479,2.0774888510883134,2.2090110616070322,0.46434498596140167
-2.4818626499008647,-3.2466567595908855,8.0120484351859744,-1.0649608648168494,2.2269523585242403,1.1641076567127357,-0.26541112823563473,0.56468290211372052
-1.545894485091273,-1.3748001576448494,10.070543008316783,-3.494554665017624,4.4462434048506356,3.5033483858599572,0.16508783504682167,0.11672903178816635
1.0002801047129586,-1.0271197640520209,-3.9167734615837526,-4.7586729518018469,-3.6597468922324166,8.0283222818718514,-1.1215898436362635,6.8784866238552738
-0.14667616400361294,-0.45035889971984489,-2.8934151899077936,-3.2254281904563444,-3.526675716813847,8.6452749560919067,-1.6067642567436049,4.539890944208345
-2.3484355475737475,-3.5340876690335103,8.6878338954871186,-5.6851416738841305,5.7281410103986046,0.97723389973250829,-0.90018131886920938,-1.5384312219722518
-5.8957349462622881,-1.3990420049758476,5.2382473993106622,0.41199411364190808,1.7601493204466658,2.0834075673797146,1.8621358578565452,0.85734325417242363
-1.7808355391514417,-2.8044208952681866,7.1154108952080586,-3.3415279801313265,3.659193884027093,0.030000371038154228,-0.88741630145050099,0.43298221596733055
-0.7903031503941349,-2.5089837860951629,9.2405478770646194,-2.1586946958392343,6.2856192645047591,0.71524235662658986,1.2619348725145936,-0.27563235575705441
1.2800387030549165,3.1494306254691655,-5.6068507117633875,-3.8917022744600613,-4.9500649963552252,8.4145444542671068,-0.80038374239606214,4.0154767655889891
-4.5425597106361,-0.62419850623496409,4.955117548468972,1.1158239092288293,3.1264682328207556,2.2672054285096532,1.1283460769594886,1.9144188148063004
2.3735145455020517,0.71008367857112586,-1.6004959194198607,-3.2435727823628402,-5.3597854059749741,8.0772941580531441,-1.445721147398483,5.2159186670366458
0.76874061113569181,-0.37831613169372369,-4.3535756409645598,-2.2055097784344526,-5.4653464964271325,9.4208063590930582,-2.0854276088675019,6.2058777696520666
1.7703866577592069,-0.21742470741704387,-6.0383993351868632,-2.2493661996948933,-5.7589399906051915,9.7835938823334772,-0.40369958480420787,6.9725883302717637
-1.4231548555759186,-2.0799452432864767,7.2984799578692874,-0.88959575866263219,1.9823333884270409,0.64486425755092203,-1.3429605590908218,-0.47401241437577973
-0.95775604151646376,4.8370093072972109,1.5088869083104433,-4.0543040499020284,8.3467174214746596,2.029302365311632,0.11275751156028835,1.5553009970141554
1.3427610038454012,-2.1265563026893384,5.8888669913049583,-2.4005120937337847,3.087783455022139,0.62961944920569557,-1.3871087528921104,-0.16401517800505674
-0.5420340356263218,4.1520314046187039,1.3223615224431389,-3.2059992606955268,6.3499755083637988,2.0745033825404686,-1.156369307403617,0.031024497375737023
-1.8136289640915428,-1.6459041995931019,6.0944379334615491,-2.7253828029290657,4.0097655596485895,1.2296825515640843,-1.1573174962639308,2.5132736366421065
2.2665537193592651,0.1081384089762181,-3.338790442566812,-3.4842473749432874,-4.8696574654708726,8.4427613142138593,-2.4331544139657191,5.7512000572846791
-1.1082516144016843,2.9002088161029072,3.5286720474933655,-6.9969093619150859,5.7276141521960877,3.1574428664180982,0.27281429249352296,0.72929145996184219
-2.8132791907700319,5.3411875449857238,2.0085397179205455,-4.4257785047955087,4.798603118810675,0.80119055243526005,1.1592514644011036,-0.23077725262589946
-6.6006810296289764,-0.90209009976286447,5.3719904257724327,-0.97429748329226695,2.3449923851224299,1.2842185588626414,2.2979174014801562,-0.67176502328351673
-3.0775815519113987,6.2911020018893842,2.5332108552245982,-4.5072934072514048,4.7227823420314206,2.3420386851660524,0.10246989577108612,0.94336668938311385
-2.262497305029266,2.2131064253805559,2.4667738471737439,-5.8094866670403817,5.3317084348139607,3.9350220779514746,-0.48710699194127294,0.37687128973393313
-2.367691389436247,6.3191600836237463,3.0861662113039445,-4.5115821397601872,5.5593612624253694,1.6758277118199603,0.44102087491457609,0.11399394259754471
-4.0193863221726147,0.35228504167264152,4.9482772143515694,1.1355449294990922,3.0495814007909203,1.5881616825837113,2.6474203092402573,1.1349555205509796
0.82520953286041721,-0.6240069792787255,-2.112692927248073,-1.992382990453903,-5.8177386480666273,8.45110969897204,-0.67254989677555432,5.3861260951943217
-0.62429367969388072,5.3874779337639991,2.5687776956258883,-5.792125811071112,4.702707433036811,2.3422957965111251,0.32580579047945479,-0.23390875054981422
-2.4872810993383414,5.3103658461219823,1.2986402369550798,-4.3243628872837672,7.0001716946247212,4.8761948994049167,-0.72518120786509899,-1.5087019422875707
-1.9284813589860987,3.7225343119357857,1.3758140593511892,-3.2427644489866525,6.3112811317661475,2.0249067747634473,-0.089254232422599389,1.0135662592075143
0.72764599498883076,-0.13860892496753421,-3.4708381795614165,-1.981340978051741,-3.9910040008545629,8.6313407893082257,0.14514021200617722,5.4039438704601936
2.9064872028420172,0.69426345356412345,-4.1626330617888376,-3.5393442257831147,-5.1437326483189416,10.488474119327392,-0.63036560427571731,6.7310191277414431
1.5463263410228585,0.24762280952625476,-4.5550984747853533,-1.091569083608114,-4.2896014033190415,9.3238634677322665,-0.9728763305998458,5.5318125975158701
-5.2587833522626157,2.2086931321489569,6.5881356268224449,0.89172547028682791,3.4696872860251178,2.0290246820934277,3.8237926395666237,0.30876880827860465
-3.0533960300579777,2.3166628078215514,1.678945623575981,-5.4674687038681338,6.9265737370959721,2.1016840144330251,1.4583893362384233,0.60908864697854814
-5.0699508186145028,-0.052074203230534688,5.0558401114208333,-0.72954924032184654,2.7758192516451783,1.4076728949161221,2.4504953911410627,-0.20294989855804613
-4.6335217464952017,-2.3095985889126709,4.835889129595051,0.41487035382281812,3.0195095969160493,1.9304525697076105,1.47346853602711,-0.56446764046911568
-2.2460003622697275,-1.2957017049676915,7.7685635223313199,-1.1247896050014208,3.2813151337782296,0.48968987629123961,0.0064304790898669917,0.028546387393114568
-0.57233305232017551,0.18128684099580097,-4.2216735032861044,-3.0090558394459377,-6.7401755897859275,8.5967743491317901,-0.38856309170038084,6.5081429874438372
0.17084128400326026,-3.3603486111781438,7.5332780079485371,-2.6423694050196329,4.7040281141251699,1.5438300731045218,1.1676226139151269,-1.1567758573729001
-0.71898780341539792,-2.6721044610282987,5.8310554906579473,-2.6674669339884249,3.5585917621281826,0.59658299403360349,-1.1935452986832709,-1.5584279696796091
-0.44887592337213833,-2.8157927724530758,7.0279875056826357,-3.5260190794532491,6.4740924016873,1.5235067185971769,-1.2142051251218891,-0.66973118816929122
-1.6519171851209584,5.414606072964272,1.8180027634674047,-4.9673756299618379,6.4791595715120653,2.3814785446007294,-0.3320727388568056,0.49240036296971501
-2.8562628085714414,-0.99919049788411018,8.3739641665146003,-2.9321540931796939,4.3246823631886651,0.72503941555866669,-2.3995444071298855,-0.65566967865953507
0.047654315324947571,-1.7833991282961428,6.783289612527847,-1.8444613428988008,2.5995543462269382,1.6145979427541857,-2.2289372397441429,1.1437948827549536
-5.3912345561334405,-2.670885757740542,4.3899972481277816,0.62635610030233568,1.8233880088242576,2.3249716027033092,2.1523206898501597,-1.8145587180374987
-4.3622880153271915,-0.94452253949635923,6.0352684718852974,-0.39407931976543664,3.0317351907722703,0.27008303946584533,2.3007958275521889,-2.469314780983451
-0.4862802145774161,-2.8773576493621569,7.4577650387920205,-3.0126875214384721,3.2582817104502304,0.10234755199692436,0.2137789751673963,-0.84711166402096505
0.023881835681070829,-0.642298932944949,-3.0190892234740354,-3.0303628978918842,-5.1918878659740635,6.920339975369985,-0.16137292229267952,4.7621380764263392
0.080375941632304659,-2.1726828394920954,6.9990112038195047,-3.4045909596483623,6.2814423784375286,0.56267685141736778,-2.4698072990328814,-1.0134498658367641
-2.8924427011827163,2.9421198184366029,0.23829749427286373,-5.3313333077833613,8.0719513146827371,2.7990489347699463,-0.22366200132608488,0.70569131673954644
-4.3669097891842918,-0.55460271278932671,6.4172848297489837,-1.0157606575309668,4.2213945519661564,0.82510485278182732,1.818378951950391,1.7594705083199964
-3.6046542410206204,-0.50822627039233836,4.2138182350361921,0.15604960732413931,1.8978920829726968,1.695456821392161,2.478358386256676,0.61701523102249634
-0.96902770398042337,-3.206647718189362,8.010436729116968,-4.4329299597525917,3.9714716463475237,3.3275799149243399,0.32933346875670655,-1.8137884316510435
0.25307775622402029,0.99554220275314032,-3.4415452141259113,-2.6117167697744597,-5.8020902346500325,8.8551460246266949,-1.6817866943877893,4.5640184158473307
-0.83614244757103851,-3.4300895251527015,8.1625440374351452,-2.4737246832773496,2.8486646242878226,0.56252618287417722,-0.9122969680956502,-0.036867823071535313
-6.8912716099518354,-2.0467150390858047,5.3077884954323213,-0.24961535044744404,3.7325491457179667,1.2265052017069498,1.2625741029505184,0.93914289441257803
-4.2978717383145977,-1.0530978486173168,5.5292911123275621,0.45325367612386191,3.1709082617546689,0.4330867781123835,2.2155905063239167,0.19566798405225447
-3.7301189751583985,4.8216339682001905,3.0762939445393451,-3.8786317303347326,6.1585266669877878,3.5768468695122877,0.77752558813054928,-0.66337999560443628
-2.1267028241788615,5.2619533044066742,2.1693669432206426,-4.9646362246441118,6.2042977231135623,1.9836517857529523,-1.7447088042240746,0.98373214741768389
-1.4588221259249177,-2.0991326301985458,7.9132880286241161,-3.0420555429143672,4.9246571306277787,0.82148565758716763,-0.2637855729477333,-1.1519901563164825
-4.3977074232538014,-2.1001519977948937,5.1910058647106467,1.6078809024228917,2.3167664876718268,0.55529325730736179,2.6090644307527704,-1.4270395903479225
-0.31944207598655194,-2.3057090783310756,8.4018374834410352,-3.4700372603378211,3.4861934110835144,2.8844558050108766,-0.24120725509453694,0.5962940658645971
-1.1813172601247512,-2.2851655328137346,7.8236974978300688,-1.9738806168185539,4.3188135564944323,2.2631619157039311,-1.1886789355943022,-0.30338532718149497
-4.6259341231593423,-0.51225338299613221,6.3108694628306612,1.6999708074734352,2.5237990675210717,2.2584247318536725,3.3066306808433774,0.20299096448497497
-2.9411863003288206,3.3839990044350374,1.0927963895015231,-1.6700121030827755,4.5145330725151496,1.9048253292182613,0.44880844684827093,2.97285373172094
0.58286235997255054,1.8668040896699971,-5.0199278127907867,-2.2254891572774556,-4.5476450418899761,8.2660770014109453,-1.6054591880048417,5.9833429464524688
-0.43902408450143782,-1.8555999352281873,8.2785632325036715,-3.6274275050987721,4.5450928181941403,1.2474369107613845,-0.35331499877241646,0.98479436033462031
-2.1741627984232399,5.6363983240397415,0.38961496893948677,-3.6279367186917328,4.9461691077792844,2.7422552764379526,0.058149387823692666,0.5198170647814272
-4.0996505615278691,-0.36473885245826865,4.5541023167295993,2.6293817805862418,2.9374990753170795,2.6963101893049748,2.1018535500318074,1.0098902774431162
-1.1242141053056895,-2.3702712761413975,6.7370172308111336,-3.1088924394889181,4.2312131271200357,0.17660537332222792,-0.56979821678598919,-0.62440198583905038
-2.6507188226821574,-2.5789473998678552,7.6865179938110542,-1.1234557021537745,4.2121414790605849,0.5323052806218862,-1.8579526929260504,-0.61992224211671143
-3.9076364050769636,-1.0416805214027993,6.9272782220749018,-0.93622894839841397,3.5125057520958576,1.9797226595692763,2.2068483781463879,-0.36647386859739922
-4.4508683165298182,-2.6217475899136926,4.2139895804991161,1.025375246783037,3.1087693643810739,-0.80521237937907264,3.1757218980135646,0.81362598137171771
2.4994623392093311,-0.14906928972006947,-4.0739148080765997,-2.6758779488061348,-5.7692561976756034,8.3426809910597175,-3.3015375457616978,6.3116393263743262
-2.2031606811231206,0.64961132436528368,6.2882981899452037,1.6245202088486055,3.4373560122904849,1.1902577909371204,1.3915605354196339,-0.3659089453947163
-2.39413591001607,-3.5360948126253526,7.606440784234664,-0.72313336398046646,3.7019134416052375,-1.2685428313199638,-1.3121722669473983,-0.97242053307531517
-1.5085028724798415,-3.0075748542955161,8.4121778111240566,-3.6342185499866648,6.2333402636653172,2.7717568218313087,-0.46407288434895733,-2.1441066724197619
1.1117167440368281,-0.08057014834162754,-3.0516664527857835,-3.1355560664271023,-5.8029494237006798,7.846417791668916,-0.13135969160272154,5.4702877711079481
-6.0638190916692905,-0.18006735693457487,5.5409814404363136,0.25630775760127317,3.3430727837945153,1.7572265649295942,3.4933933804989099,0.55752698106037113
-1.9523618937299876,6.3729909015263893,0.91706603116479557,-4.6821490590795429,7.5399391656857686,1.3945856353150732,-0.18767482649045739,1.2945874080782085
-0.025309634896651723,5.1930903493871261,3.6312240720040023,-2.6545242420805524,6.3239776995775676,0.10883850844326703,-1.3576995931020073,-0.85223230310636156
-1.2386411709803007,-3.1632402279634775,8.0622438104474856,-2.1549299331378418,3.450568060944438,0.96824166669572154,-1.0674812925662946,-1.2924401142119344
-6.9072261613661601,-1.3555576923271118,3.5427935916777606,1.4130868292568604,2.3131497863051562,0.34005741246304466,3.6786049969889305,0.97220109591691473
-2.3776358912876838,-3.4776253598108671,7.5405840679892711,-0.70368473678812604,3.5851388075703339,1.2446921224326106,0.83527689433607122,-0.74558121847601311
2.1911667556019947,0.89142776886387698,-3.3744110917254262,-2.8666525228276698,-7.1632250833449458,9.7672968434410041,-0.017990657134458243,3.3309909325114391
-2.1663130340671923,3.602335188994287,4.1259263936757247,-3.2010533243953416,7.01380346677949,2.5329958951106697,0.62806587487075216,0.34820116109732474
0.53219269830267935,0.9984205416923384,-1.6348580171698797,-0.66198154007149412,-4.2164993220163032,9.2673015926598197,-0.98880975998260079,5.676721275267206
-5.0117918446690366,-1.6935678017516969,5.463337182427483,2.0411633285605522,0.76186644673579895,1.9268555796248195,2.6394902438706009,1.5481424708056675
1.2118934563076531,5.7640594874104627,4.1194593496968785,-3.8022712029624355,7.1221519980920114,2.0711540576746814,-0.12915228942545404,-0.10500881933660158
-1.5999965380312577,-4.0850859465821685,7.0599808306677225,-1.8118439681428389,3.6236695347992209,0.77488874714224742,-0.27592275229382973,-0.58814014623065525
-5.845689258169001,0.14209399958289948,5.6027289763343742,1.3280709928778256,2.4576309581805096,1.9846988249412003,3.751347976440119,0.47872499562003479
1.1950256149600824,0.31616265494496743,-3.9915120179758001,-2.5866172152993352,-5.8821469911131405,8.555102098522207,-0.39093685687507429,6.5801027234326108
-4.1065704891724515,-0.41040318570406042,4.7747506988621469,-2.0212138544640532,2.8318172328173437,1.4398881447642464,4.82143916008076,-0.67439802200318044
-4.4726386750057205,-1.8981015629320031,3.9186229986884538,-0.28277953778092124,3.0441900166741878,3.1067594395890152,1.2823625101561096,-0.10403746252375004
0.12938123343600982,0.43244919746193289,-2.9643199934340645,-1.9586695345942262,-4.5594952440471914,8.9874095889176306,0.24003591679244762,5.6030048709300555
1.338990682230998,0.25515669623874926,-4.43551493285731,-2.6070231371243269,-6.5176863045272224,8.9275097302890636,-0.90651113740628175,5.0888208358822205
0.67999424009352438,-3.9866395292839978,9.0569056955915741,-4.228052831810694,4.7777807916600148,0.58552375963201486,0.4687167026395459,0.38957440266884996
-4.2330298068054759,0.45355871389189928,5.1710460386492558,-1.1030281663048753,1.9344319997382968,0.40792451560538212,3.1903663130462609,2.650831862818837
0.98039541761270199,0.1463117771360076,-3.816156589412568,-2.6818522579259376,-3.9214854017433867,7.4383794744788556,-0.64912315361395156,4.9316613430320277
0.7913613195014646,-3.3995853636867608,6.216707945356065,-1.8610773090236363,4.5859958629957109,2.3614751477390854,-0.56636947340711119,1.3310829253218359
-4.4882835103453518,-1.5808137323413791,6.2510430120956491,-0.024697213607687035,2.7740878054904643,3.2174928010394703,2.1313241492594162,-0.75672044367821378
-0.97219727016740953,-4.0115348634712289,9.4234473946648816,-2.4682343712867127,5.0065079580780285,-0.096026049094082966,0.33592172982732893,-0.75350255342198369
1.5722069287285445,1.0268374311104251,-5.6560270921035398,-2.613653597791882,-6.0185443815895736,8.4767671734634469,-1.8631223107070176,6.7555121176959627
-1.7523067762773481,-1.7022891969962342,6.3232879022712805,-1.7248972156465538,3.6864620296801505,1.2077896119975275,1.3201865035073514,-0.97332946677210153
-0.71716532751162165,-2.2882662234168847,6.931499407455469,-1.5610313697259621,4.5341369167626802,2.0314895675420237,-0.040809946905288774,-0.077228199576172232
-4.8256233067863255,-0.42498606659964039,5.6325573543397169,0.78305004534751643,3.3885373635350176,3.2651880354198322,3.507864795649418,0.92901464319172866
1.7008596834006813,0.80081023960865616,-4.6317452342208316,-2.4488470961865971,-4.1767986772512122,10.46960402337533,-1.7666594711613186,7.1566979351025557
-5.638434539411211,-0.55487021743525622,4.1957122863241798,0.5022036915462188,2.9647666624876972,1.4471467079744642,2.9488407818366666,0.91942278637800956
-2.6157155053910652,4.4911719275541353,3.1236549904927431,-4.4756221786398847,5.1222350863671,3.6551614541636717,-1.8476302180445585,1.138010840985286
-4.9556140823141037,-0.14354259441486061,5.400549092266318,0.29716125777111302,2.2052498302519381,1.7658532012870329,1.3527512842784117,0.16372219666752941
-0.71016155920115975,4.7620917007820429,2.5627987133286219,-4.4069741234197695,7.104619518442461,0.21513620647792209,0.72097973250233427,0.21042337213390688
-1.5291572978838199,-4.125953923105067,8.379778535942334,-2.4909641790614638,5.087519018822289,1.6659661308497613,0.42137266228261783,-1.2559642081512636
-2.9973058431902322,4.970447090026239,0.018671654338298982,-5.7564325563114229,5.0427168037629881,1.0077663553985965,0.54150858144799252,-0.65729319611972836
-3.7671607037467503,-0.92639060165675469,3.9015306214015455,-0.79404184177599502,2.1723902520037552,1.0205939138601903,3.385750612166551,-0.32459659290265069
-4.5291893444889135,-1.2486570464120019,4.7903303961392067,-0.28879231302229769,2.1594933406281505,1.1248731137363079,3.5400738705934613,-0.11414764889424855
1.9806336742775139,-1.2209155153296849,-4.0167403981779231,-2.5186668713822362,-5.2923798689045949,8.8452327033812317,-0.61215476501532851,6.7361119663887514
-1.046911613483176,-3.2397327104005313,6.3689484441066231,-1.4346093708290779,4.3280141977547339,0.90017836783783789,0.17531685894079663,-0.52042451389529576
-1.4719445505579387,-1.3590576708296698,6.4800602479262572,-2.4287645985265098,2.7342383544479487,-0.057820307109612612,0.95664500585477563,-0.88283250683948145
-3.47775889083122,-0.37127700415932169,4.8660853123261427,0.99646774233746738,2.3184801235703012,1.9448163250131569,3.9372926411727587,-0.55118461003129904
-1.3723357515675034,-3.5998607808319694,6.6756302523528079,-3.9621228688365742,2.921908673811207,0.67353703879745175,-1.6689826963401391,-0.87857167325482166
-2.9044407937181353,4.6628861594223379,0.095120368049571358,-5.4382785809032042,5.9546214868280352,2.7144134107588735,1.0838523419678774,-0.76807669502593501
-4.9370068086632442,-1.3716986474805273,6.3239162171181089,0.70874124009237494,1.679044209915219,-0.090833376864204673,2.3322659765336042,-0.11977422831746568
-0.43499363246853795,-4.2394938094212993,8.081951308404669,-2.689578163432166,6.1605464019342833,2.1152301781085954,-1.1728257513941984,1.4513535080380235
0.22153453335582141,1.7979657516155449,-2.7061802359936893,-3.6533831325052715,-4.0470402758742576,9.0911192732252992,-2.6304472667635364,6.5051033918710885
-5.2469614812928862,1.1432697089547961,6.0774320074724901,0.93588454599767534,2.9178786283207083,-0.25605689969354439,2.4577294359123538,-0.36189667013328003
-5.4794952563973025,-1.4605026610439249,5.6517861867086161,0.43983928258042804,2.1405309391184066,1.9720104566682317,2.8144967952287816,1.1372420741965366
1.8388141660508373,0.55138244494099009,-2.657587797812683,-1.1956549035119972,-5.3286232666232243,10.105172058257931,0.52489441098613343,6.1081960610221948
-5.6908483803838656,0.06405665312543396,5.9670229625538553,-0.54494500708968041,4.2226985013179057,2.3267664831719319,1.5474063695443769,-0.60103056006473921
-5.1121731272274564,-1.572989039340531,4.5336683402122624,1.1340249120676313,3.6048814217349814,2.9322241629279402,3.1493176617459202,0.74987560272805276
0.62198044082371395,-0.62181740044238776,-4.1568510753139467,-1.7168081841729708,-5.4512684579151474,10.674995476282048,-2.7799920846433781,5.5006333596942563
-0.18009645295222976,-3.4743307268910861,7.6379186082006294,-1.3419666396851777,5.2051849873375708,0.98501060715277033,0.2379599011097514,-1.4995581787934091
-0.79820016008021411,5.0660920137304943,4.12195638958715,-4.1677688362823959,7.4684444440037812,2.3062180344793903,-0.42776265612258102,1.4969437331646001
3.3382876794571796,0.69831278701575117,-2.8664704519047022,-3.3590226899164741,-4.3766953153495081,9.1912149005412402,-2.9548718508560521,5.0242608387898979
-0.77243790088493491,5.3270347154202176,2.4549626316076476,-4.4310652108256789,5.4317990062701869,2.2862567424272866,-0.071374425466641828,-1.8059401074474135
-1.8390358635193222,-1.7880992075024513,7.3076920488277821,-1.5797572529436605,3.7707460993006494,0.97337984447436821,0.92327616059262174,-1.9813903757421147
-4.1457924995915443,-0.36272788507201464,5.361733532243619,-0.42307427208839665,3.039560219423072,2.7923781971816171,2.4346225938431933,0.80512826984733188
-4.8130762783610406,-0.98619942576858832,4.8123964114976001,2.6119340025521529,2.7034849734681345,-0.2410802239848826,2.3922385765490164,-1.3083841033203152
-4.8393973654156497,0.33074893871050537,6.4090911944320759,2.7827606897509232,4.1205508403539302,1.259526963525214,0.73982963978687533,-0.76770419237387366
-5.0665153097183566,-1.3158255972692889,5.3976275799633555,1.0062275379716972,1.9534418600315919,2.9348740429477265,1.9132247219831759,-0.21682672035594791
-3.5264958425257489,0.30010869191413536,4.005664766426591,-1.4776311094015067,1.8766306708826259,2.6561843137448466,1.3490167601412844,0.60440781503411489
0.40952133168133531,0.80214635087393438,-2.1262513293505201,-2.8673179797768578,-6.8271225176344164,9.3916372879353975,-1.0999137417676847,6.4037741456265493
2.5211356611705948,-0.37561162030290063,-4.2109763791728776,-3.7539018223747305,-4.2688481757414083,7.454624111334347,-2.0321686327051776,6.4620363393755769
-1.7293765363388358,-2.0363925693864608,8.5601126957712044,-2.5238941112023929,6.0790911197051782,0.43245902137383352,-1.5697818904202112,1.4371584381150977
0.25037220392898962,-0.57328869428927898,-4.4766578952874445,-3.6022404249977269,-5.4602994279115311,8.4832811664280019,-0.46205445260950706,6.0952412464585217
-2.4952444004222056,3.0038242636711967,2.3462532906899658,-4.0717784053013242,7.81947186684281,0.51380522500436787,0.13302894398905857,-0.2087914880782942
1.1912178836587544,2.0263364363359959,-4.661289013606126,-3.628142215427463,-4.1312099685871644,10.164886006360632,-0.65532680215238515,4.2790892323809224
-3.6760506115672076,-1.4729452255410873,5.2582689094824699,-0.5030203632755621,0.59814246908299884,1.2325805263132692,2.7440474427082249,0.42454907140430515
-1.2275994669479289,4.9768384580505494,2.0025593724142898,-4.7008932770297243,7.1906053015079276,3.831023475387072,-0.14656661230972806,-2.2816595968878928
-2.2453530387980809,-2.1283028098789725,8.6165909574214297,-1.0363294996880226,4.9495184343959435,1.8814026395040282,1.1052525331811132,0.66655763098594534
-5.7155717578205341,-1.1615668633164793,3.8701965639831615,-0.08358910908368189,2.2189264909165844,3.0013859419638864,2.8439103714151197,0.66355926039838709
-0.96816233338985547,2.6541939988083945,1.0902053148766704,-5.3316196013324735,5.891305367630725,0.74403943723631172,0.41783495357474498,0.78328525093187329
0.58167699999269618,-1.2507176194560194,-3.2379853291752947,-3.7397838212238561,-4.4498264221501307,9.8122659769773151,-2.7298553636265814,4.9246166172766532
1.056816035625,0.63212050425874944,-3.7797103142085944,-3.6443857259541708,-6.4699872596791419,8.8668131196856113,-0.47086738217688717,7.6199703762251723
-1.2390183164879669,4.8707339244875172,4.1321336622471998,-4.2301284867127098,9.5083201037573062,2.7569925357227225,-0.96646535586103632,-0.91264870078757354
1.8486324580021765,0.2216458512867665,-4.648678474989886,-3.5180660464120472,-4.5288608854587666,9.0283635663711586,0.15311058627959306,6.2690628382728288
-4.9792915053966853,-0.89212479806009637,7.9923128259906298,-0.57779770548525999,4.6293918650649353,2.792713569561589,1.7025493191442873,-0.28023841826610224
1.9672884537479496,0.3145706901361448,-3.5872346283801728,-4.0911392211475137,-4.6758663848677857,9.6678061399214386,-1.1360535896578596,5.8528583517283623
-2.2593911049062214,-2.7212056084768022,6.8614961827793639,-2.6594096541495413,4.7256247308035348,1.8369446487571142,-1.4756189689289565,-0.4434538854720142
-4.9704931927742759,-0.35231208661740943,3.6631869292056329,1.2149509419619942,4.5178367397170973,1.7959251743712612,2.8348822953161736,0.17888385226152964
-3.2682029304670386,-1.1268146430397687,3.3428408187219483,-0.95127756487023019,1.8627145627638459,3.1147431774229384,0.88553585620007502,3.195533999355229
-0.49461835541885579,-3.2428173132210154,9.3240669872018351,-4.5699671722023041,5.0365212055014394,1.7055122478971436,-0.7585647944012659,0.31336590458219521
-2.2544085504295142,2.4285245975562471,1.2164742847927186,-3.5809937617842933,5.7740070114598483,3.4902932005815819,-1.3477972837086432,0.80736696468672053
-3.7355002823259973,4.7048607510453238,3.4851594018031324,-6.2899754411673303,5.1397254289872887,2.8816556513638467,0.31989657201687705,1.0692517498301755
-6.4615046465306722,-1.7082893248971551,3.7120062578336324,-0.55368335526307544,0.90979904650773502,0.62712745018550131,2.3932835473976755,-0.14038619995210819
-1.8478668647756558,-4.1441750218634885,7.29468126932092,-1.9602356183789111,4.9087051238909263,-0.43051924701627864,-0.54250821041281683,-0.69568804267231865
-2.9977894991208318,4.8630193842712419,1.5579089155061294,-4.2989605037367404,5.8267628869241781,3.382020684717375,3.3626933152057656,0.41707076767528406
-1.9062455034472157,4.8836926627242931,2.6250001849040818,-5.1325890944226717,5.9179500859836631,2.9948039819992345,-1.4337032128259191,1.3601089844693262
-5.5360457344804894,-0.87099375806904922,5.1068945168899846,-1.6555915907140171,3.1069445670867832,1.961506866200972,2.2737320898530893,0.41447192248435705
0.35772195048040145,0.062621708313227206,-1.9236835665876395,-3.2445167025258117,-5.250945155876642,8.6540179210450461,-1.1113118691128212,4.8503704678485757
2.0888017873425113,0.76092994441768591,-2.0544061921946621,-3.500408942078705,-4.3995789112469517,8.7700978619276562,0.196775278798199,7.897873467182503
-5.3287956301594397,-2.5252515860515463,5.3733041363936085,0.050197673256743042,2.1180442777146427,1.0983109674314326,4.7983195140492532,0.88317401718294575
-0.71450670229390867,-4.767050696639167,7.1786681675333615,-1.5007418570127764,5.6545101089483865,0.11457737210014329,-2.3777104883359597,-0.55107237391210129
-7.0835186272243496,-1.1004384893362662,4.7531029422837978,1.1648204646152518,3.3699012380929885,2.4128585335226891,2.676724754160634,0.87041673423478594
1.1334649992516306,-0.1416767311539042,-4.905433872826384,-3.5495627067182207,-5.6433721539019652,8.5445354053494373,-1.2407670353073808,5.8830190505834539
-1.905886488113816,3.7413416275484224,2.3497633013338262,-3.8429871730870757,7.3825584105395974,1.1389207540727107,-0.43812276165614483,-2.5649564194283863
-4.5879678440681575,-3.3731944120259425,7.4759384210024908,-2.7390455057616361,4.6520000643259527,1.0844531108875348,-1.0155155252792625,0.72943829678330363
-2.6103269748487579,5.3305640672164056,1.5001965294709549,-6.346466043646438,6.5243737713587588,2.216431090701402,-0.58092215312986384,0.85297237857425556
-5.083589868814328,-3.1013620775381749,5.5772998893014121,0.58266663389440709,3.1061959735748044,1.8310781720343354,2.9594616314900355,-0.82065652741895945
1.0892819624372685,0.86286018716664337,-5.1980694136394883,-1.9926824625023638,-5.0458753303076298,9.0057567492280999,-2.0480388604686257,6.3387555516714311
-4.6708973214329648,-0.89256674363896593,3.6660050218069982,-0.63319737269363807,3.5395806748772087,2.8176864372844532,3.4306263605665022,0.039310967373453298
-3.5115411666836858,-2.0001394854177965,5.6009169845485367,2.8681868604654994,2.8920683463157326,0.4216062760156003,4.2283319794113483,1.8615277140446214
1.5089336875739123,-0.46441477995532043,-3.7942598555418439,-2.799468191325345,-5.5144226617341783,8.8369332785732801,-0.26151608558469386,4.8984092121416323
-1.6913026322481126,-1.6590188178596861,8.7811955548846399,-1.9993825248905002,3.9146656364962196,1.7242949681350246,-0.71714532822509369,1.2948147124245613
-2.8862305405915327,-2.7634053124467446,8.5521009397823544,-3.8031811871410399,4.112080547077559,0.94658329359864335,0.058915292402295982,1.3571105304470452
1.384971313662047,1.2617730817731911,-4.6148531374278319,-2.1121499410998643,-6.7935858402692082,6.9404344228902204,-2.2009057461501902,6.5275172797685217
-5.1616711673296081,0.053317807723341271,5.3365642279981849,-0.61226074741035497,2.2047285849014591,1.4646126371236712,1.8324371133861364,0.14211173824172887
-0.059881002191333854,-2.2685497125335896,6.6152988403087765,-4.0902980781135163,3.9163782676874086,1.9830805719552695,-3.5721019115560826,1.0303694981524809
-0.22086974232248235,0.91816157844686264,-3.7015790329715257,-2.1961604013170306,-5.2441783339916492,7.1666864566767075,-0.98332615825963754,6.2560704936514817
1.7857037951875585,0.129130574393962,-3.1069450927532309,-1.5166103168176257,-6.1380229504170565,9.2817483549254778,-0.69685097741066437,5.1153552882847739
1.0170679242182119,0.22264279746093296,-5.5397473287771195,-3.2148881436740395,-5.5535628192687145,9.5839338200372612,0.76361308393727889,5.4899405716265601
-6.4880341860855557,-0.14543538444555792,4.713827565900214,-0.020383491474643967,2.7845460706485468,0.8904666288896006,3.1959762303670929,0.95332921491540124
-2.4831384763387421,-3.1617837774495361,6.7185082171830928,-1.7417212574292178,4.6555011713392203,1.5890751267653007,0.67239749742220722,1.1274448593725555
1.9749010905577122,-0.20014336820972897,-4.4940935969273283,-3.159464563214057,-4.602236585217411,8.5643557331280658,-1.3487506522984509,4.8367711547062751
2.3929098192199758,-0.043780422633719562,-2.1595735261625837,-4.6662296609962235,-5.700004627523076,8.9745795127150796,-1.3869209347623743,7.0877710164141696
-4.902432774663759,-0.21185172016906817,5.5799684864309969,-1.387909704842301,3.7299471700327085,1.3849018484615443,2.8230494042935574,-1.3033096983258021
-4.6363762543359091,0.9218821983770793,5.495151039375882,2.4187170655264212,2.548932202270187,2.5283554484752364,4.0853365689719805,1.0466879665970394
1.5830824345644885,1.003032781052527,-4.9149192147472345,-5.2966944293634644,-5.577923984721445,8.4165455463950547,-0.78935388217799574,6.17238887813002
-4.9424257249716943,-2.4115579363192587,5.9480955861464739,0.12528022386339338,2.2476785412167275,0.77290547124234754,2.0683078908964814,-1.7833159501438391
-1.4079220274234057,5.0718826573117308,1.1414348085966832,-4.8691663730613639,7.5043731919192647,2.4000101560554796,1.219958564972778,0.62979862481437743
-2.0557037675670684,-2.5492275235010791,7.6942656967486531,-3.684312099905227,3.6068561211271071,1.2325785421201383,-1.6901513167190747,0.94566554704801709
-1.0766531712858418,1.1064709483019355,-3.418534782163694,-3.1083026240222686,-2.6424230572218619,9.6554884149402724,-0.65742410811602503,5.0689149261438446
-2.426171701184086,5.824861552089164,3.0737519010416383,-5.310023857562566,6.9456946877901391,3.0568327308448389,1.4726739895034302,0.035663800362034245
-3.9803719830496251,-1.5700671833748714,4.667044778657349,-0.082832851169576338,3.0260770170518292,1.2329306220598313,3.7833611172004735,-1.066207315859879
0.020971394962970846,-0.30386747211845255,-3.0164619032071145,-2.995565874254325,-6.4003687013389712,8.5978737605352666,-2.2311629225170071,4.2020569533286034
-0.72079420066437472,-3.8305033097842651,8.2681118474571917,-3.7880514290195495,4.6769495018013068,0.97441288096386836,0.16162559499181295,-0.70589763965119179
-2.2452496014208614,3.7737790559858975,1.8397435996134268,-4.3275530581870978,8.0645823676179162,1.3049452436304887,-2.6352053518668357,0.52451195041675847
-0.078873356435395836,-2.0983456164712289,-5.4855975441576765,-4.3260759401634008,-5.4729428678677952,8.0733211396594928,-1.6417122424858108,6.2411542148428669
-2.4567641865953274,4.1438910562198465,3.7541064321228661,-5.2105028496349588,5.4245411842830062,4.0652162066695547,0.26945052333640929,-0.077717788412203143
0.42735095449678751,0.55405379075036698,-4.5697484770430004,-4.9114941275385391,-6.2848354052009778,8.9808909529925955,-1.2333204246136948,4.9700904857792247
-2.8140137752940282,5.533616077887876,2.1523625964089375,-4.85901998078677,4.8242063865428761,0.3572472973789127,0.51754020690652758,0.022353353842330156
-0.74245603820474515,0.59354733411607175,-1.913459885303622,-2.2476887263121199,-4.811061506743715,7.5498621260073939,-0.69297468310371779,4.0669561384639925
-1.4634838946402922,4.9897726290093507,3.1997657357597307,-4.5766794026020161,5.9415517921822953,1.1936496648816022,0.19100376004433584,-0.24881694244232674
-2.1298417996538443,2.9763499524963635,1.6786462836993779,-6.1160287394105834,4.5931006437543944,0.65364493128032497,0.11194984197174435,-0.64089767349274429
-4.4398010157034653,2.635972763145257,4.8553971246213514,0.99321172941640978,2.226666428695431,0.93107156111584577,1.512925892237913,-0.64552865513983704
3.2925736728542456,1.3334565078601213,-3.9107420648539546,-3.280501431933458,-5.0106248494530625,8.3741748038971107,-1.878739257014618,4.795200204058192
-0.69959106226207346,4.1532679012978795,2.4531133031389771,-4.9186610813318605,4.1803678993154829,3.4610362308445568,0.70347107930059694,1.5768458275780455
-1.4395593739616026,4.28559022874121,1.0575995208169768,-3.5362561233158933,7.3842378618360751,0.74541474495385995,2.0807203873449271,-1.3327838204961735
-3.8889238177759333,0.62935312537214427,6.3401912069792186,0.27456312719606929,1.4755912810524487,2.0130735693477546,2.6293467975547418,0.20066254785085577
-1.1390602496094508,-2.9676552511464003,6.8571219948900177,-2.8533415571105691,5.6541225966082322,0.89797683249268379,0.95822519749013846,0.0017703607830544879
-6.0168404677014617,-0.5223390681690081,3.6289391592232345,1.2212663837092474,3.8739026982383415,1.4739030297675531,2.6588579701819199,0.42588455704936129
-0.97778981046923263,-1.0076344278025897,-3.4443031230669443,-2.5811503271077312,-5.995399281458317,7.1536831955070852,-1.9162421710312334,6.987572919716099
-4.0475915775064912,-1.2718673619113501,5.3024948403215486,1.7168863110958221,2.7516231798972166,2.3155775075303717,1.7182141096951975,1.0289724928367494
-1.881941864491546,-2.1314856445475909,8.0367814775579713,-2.6552461723330212,6.5414407758077369,2.0342868745043989,1.0326976166300845,0.9672335218511684
-2.5762048170560647,4.6957043304660999,1.9489534705382849,-3.6955366847667634,6.9532183323429786,1.5368822850145434,-1.0648065572997039,-1.9616533893933303
-7.0726950938009976,0.38273778302423844,5.7954462098556743,-3.1378787812748885,3.6038813902037972,1.9256325827425249,3.5357444502162449,-1.4479010908690928
-6.6387520291497104,-0.23561480904243393,6.0838881339858322,-0.89019147647368346,3.2824886834195208,0.88583100064512477,2.5917964464423413,-0.90427650801130333
-4.114130350600198,-2.4059300829176049,6.6611304910289837,-1.2956875229358338,3.1257603713633033,1.541139005069079,3.3212652190655696,0.46652789816364199
-0.82781808153991321,5.0871347105282387,3.2780842721146,-5.2152960929257981,7.4980796839221098,1.8443759988752026,0.61753555556944195,-1.0250488085333962
-3.2618413175321894,0.26321545679313307,5.4893808677403308,-0.2231124166143636,3.1110750155515903,2.1889065347432526,4.2091825760006358,0.25207446065812639
2.0212671590075098,2.0120035888819445,-4.1850595020803425,-4.0347764167049034,-5.6173955163093883,10.812559308053007,1.3105062245315904,4.921380361754391
-5.1199849462592706,-0.62591848962831953,5.3236471202796007,1.1329541252206226,4.2436163890861689,1.0504187777915575,2.9320322918415402,-0.61892781710005851
-4.2170412376712427,-2.6168025824373009,5.2002767578875462,0.16838258780735399,4.1749654299544066,0.99680324913497453,5.176143528640373,0.57556208692663335
-3.3367455390392715,3.3602744039767556,2.2097947738846453,-4.1908908785728096,5.0301452555889794,0.61192987685488132,-0.97822497480224735,1.6387648962342225
-1.8124726207218249,6.0984418151779449,1.3712163615080517,-4.4062625164137801,6.3056133057485395,2.0221338926931502,0.19372700807684301,0.19728658638382707
-2.2087298312210155,4.0785400634845566,3.0218757177677933,-4.3325035173679645,7.4878736733081181,2.74825856801918,-0.31603001282251775,0.19189137305057186
-4.0430284079313656,-1.0315322933935474,5.5142176697478646,0.47160581928815759,1.9647533165280608,1.5326873037431286,3.2072671786196665,0.61278792592865949
-2.5375703379803838,-3.3742602863322042,8.112282624703905,-4.6227957019235646,3.70851190695541,1.8290486152817129,-1.1734666387730801,0.87231054127894225
-1.951860750856105,5.5763476351301531,4.3189044400540588,-4.4853143403334643,6.5127769641384514,2.8947670455137064,-1.1136009047246545,0.11231153549253198
-1.093556411939564,-2.4128916248895225,9.9805902541327214,-1.2198245231117428,3.8215407067759477,1.5824319908787952,-1.0203552941483207,-0.4621139936701496
-0.95334215280248946,-1.6766040613487174,9.3568584976767308,-2.6633203527662235,2.3287311104277073,1.0879559846281115,-1.2366740145568191,1.4072621663043814
1.7408189851372149,0.54679669357449501,-4.8166295863265018,-0.89494228564438494,-5.1938884396531328,8.79137256683026,-1.6236838917098688,4.6747801792888195
-3.8778043688529098,-3.6591082800086117,4.6677174444355787,2.0252137808736443,2.607476121928602,2.9287654939965382,1.09470871022716,-2.302724703187935
0.21700817255813987,1.6750412972503808,-5.286667254684092,-1.3900153427514135,-4.753170304472798,8.5680452363452506,-0.93302973686987623,4.4897723055897982
-1.4138996090380977,-3.495790926905014,8.3554205488455935,-2.2107652236737265,3.8716767027408063,0.33391498139949183,0.11422742072405689,-0.44157618812388216
-1.8791151971399882,4.5050362773150043,1.9417945113065098,-4.5760816595342799,5.8196305531912689,2.6228053504493336,-0.64510125631650406,-1.3106251467692003
0.80719682808772619,0.062823501526789741,-4.304259962583302,-2.746603747497073,-4.0776658470920015,8.6712712952891806,-0.60763156893491788,5.3075844326944139
-1.3616106192098973,-1.7700129227225125,6.5304436665034018,-2.6283468274270638,4.394577567622969,0.73110086805175678,0.11665533558283742,1.1662454844510721
-4.5741598958200917,-0.49002447917787867,8.0164770297079091,0.56205843042344572,4.0390727417449215,0.72578602616780818,2.2506526170442478,1.3399482914582497
-0.34147886272002959,-2.6087944660111924,7.040494694610465,-2.6520129498172516,5.4795257104193764,1.0340724545748183,0.58265782317358317,1.0107044970400401
3.0076145524299678,-0.32311264715922883,-4.7824966594284337,-0.60177380694449178,-5.5984082321411863,9.4039713369480449,-0.67981924596219334,5.6189713154964069
1.7232895492246114,0.37053811766773609,-3.1122335279311226,-2.4884630118921258,-3.7535447247178615,6.253821808436637,-2.3293211355831804,6.8546234922650111
1.3201621536535453,0.92732668768664506,-5.3751912222394163,-0.56120970682290894,-5.3945646317135942,10.379780908222044,-2.3803566258868085,6.5378845045133884
-4.9051683923623628,-1.8589212876782795,5.4362627828562395,-0.97824346485174984,1.2753887522046428,3.0087837189446587,3.1356915144911284,0.95965742340183102
-5.5929150024851202,0.18579594017563639,5.7699087155352213,1.3607398975168725,2.6831882476548312,0.35470785980366926,2.093586550168447,-0.82680413180987922
-4.8524587191474593,-2.2818584438064162,5.185663022603956,-0.89009382874971033,1.4735909916982406,1.0628370693405145,2.8189418598040916,0.20848821854035737
-1.3569492247198638,3.4727419384249751,1.3955960033743937,-4.7709029410284067,7.4609887402327475,1.6683690351052061,-1.8647522703052726,0.69206139236996278
-3.6967478497601616,-0.16319758000528484,5.5275937580161365,-0.60264345233250294,3.7979408392896228,2.1398408685921169,2.1421035451612815,-0.8392673684197578
-1.7961408259206253,-2.5545505971015152,7.5871316243556679,-3.4587476327167899,5.1691351489980004,0.8717787570958232,-0.98299687598836138,-2.5892500927723083
1.4926173189860834,-0.41337280905809071,-3.842929383304452,-3.2564753648942695,-6.4207137995285191,7.6597808141040282,1.3628902980701523,6.1364029893600422
-2.4319960733837265,4.150624091731018,3.0797796527217058,-4.5502813802739492,6.8330581212271317,0.64077901155854566,-0.27346060670664762,0.66443293398787395
-1.0302075145497638,-1.9034129172560332,6.694176830239897,-0.75051805732298416,5.0856469821231007,1.3733547528560146,-0.042586162926073479,-0.55536080151264744
-1.5830589056361184,4.3321134226137357,2.8341932439094126,-3.7988252502838096,6.8844109187565712,1.7344602937532634,-1.2801980244057747,0.0054768287783171915
-6.364875305172971,-0.91047276438151525,6.2084301453261874,-0.44564953252822948,3.1042122747576069,2.7616066575230596,3.6278711010582678,-0.016440038693448726
2.0296267248480464,0.72064833849814047,-2.1513758002758516,-2.4420281403949047,-6.6089819336787405,8.9283309768930668,-2.7912189336934645,6.2425724367592004
-4.6114881685131275,-0.16614648227645057,4.8473074348139278,-0.74612167148146313,2.2430602033992901,2.9284136421021296,1.7928653565668262,-1.0030719354472368
-4.7698836626409191,-1.9504228988238568,5.0865313689813361,-0.90815626074665523,3.4078902980063739,1.335617566793784,1.3769429234382258,-0.89359320891559779
-2.6417486220148243,5.5757862894057499,2.9738964936348546,-5.6731039938447028,6.0911200052576113,3.0094517720402161,-0.18863522772904823,0.68799971616539191
-3.3775485710638167,5.4092208919682339,1.273147054846985,-4.2615019304037824,6.0113942103306153,2.3079292287234012,0.84078405185971372,0.99225097425141651
1.2020298091719805,-3.4978319202458867,6.4040695693203604,-2.6793636367910727,6.0101248610973634,1.994115926178909,-1.1288883690691989,0.28924428255758644
1.951720622362914,-1.5121582797051505,-4.0903432876172126,-3.9978092860193888,-4.4986936059826945,9.0960821893057098,-0.070988226528094001,5.50340624237377
-0.53002064009680994,-3.5110837455657924,8.0423985955734398,-1.8960022611769178,6.1005618523335965,1.3782288181325777,0.24587597909057546,0.12667057160277465
-0.992590835198357,-4.1014991196105219,7.733973357625044,-2.1587326178187785,2.80836285636844,2.6668802817118182,-0.51698801098823055,1.4695928900032598
-5.3276077798511396,-0.47027020134975928,5.7351704778813994,-0.73651493536920865,1.1509743375430308,0.71715925238162503,2.5340942418399806,0.54439292725775235
-5.4946709942967047,0.73945920349796679,5.7262900046798757,-1.7926083274169371,1.8734806848032053,2.3779289804405317,2.9532155752310874,-0.45825500988533002
-1.802699252605596,5.6845278356614966,4.4278494171526548,-5.9302037552737819,4.8392710790829208,0.85684185784127731,0.009950009849451491,-0.34126225952079581
-1.4507843292465694,4.8830597333690937,2.4915458633782714,-3.9799388192602372,5.7382955587806528,-0.5299262171194381,-2.735190652455437,0.078073777635735059
-0.85788586809798373,2.3592598724996368,2.4996158489131344,-3.1794193791002057,5.5312823817723062,2.8153484213149111,1.3402885809171301,0.68651731716971309
-1.130752603828395,4.2352816551587322,2.8043300830348192,-6.7172815259910035,7.7242730953702612,3.2494033229506991,-0.47239087067026908,-0.041012020812438515
2.4934268944180666,-1.4328610793021963,-4.4342490359396454,-2.9331621496344686,-4.9462504374531946,7.7433713299507518,2.0813469054340232,7.5560377542861898
-5.1542132073327052,-0.72299253137231489,4.5950747652919137,-1.0005282002331826,2.829444879727899,0.19973130827715591,1.5443844424742836,1.6099744107054597
2.2212594854128858,-0.08355967722234714,-3.617932523965993,-5.6458331397571069,-3.9088096261463381,6.6881004427435631,-1.1678226496525361,5.4233189503516135
1.4015446743751421,0.4887938251303291,-3.5076528089871202,-1.0572510961485901,-6.3243075384522696,7.4402753109831679,-0.22092398013706571,6.4003006319306959
-5.2678957878033446,-0.64055972460596289,5.8380437303054302,-1.0179340393888698,3.0957047598612557,2.2698924959683326,1.3957852045476058,-0.1019387450320815
0.38545529519965571,-3.3992292876924179,8.2702362524042776,-1.9849721068590949,4.4287057486414909,-0.51032127591939536,0.44045226177376673,2.4278252687664343
0.74908781189767593,0.23257814122822507,-2.0830789073974696,-3.8471706909800631,-5.2475656327907245,7.1910092671542971,0.042666583940986547,5.1838453314754585
-2.0905507904584253,4.7575360554375026,0.52644171980453947,-5.1101739798603427,5.3995052623995035,1.575135335271199,-0.38776950755917461,-0.59703588729987311
2.1015140729893864,-0.41314307569884601,-1.7051357671826157,-1.9315396182054991,-7.7139390601034279,7.8913199705673982,-1.1169747015977904,5.7243037353410067
0.54211536581201147,-0.063792221346243849,-5.5907129637855348,-4.3489260196758028,-2.6387891283909921,10.009328390064503,-0.90425073865270267,5.5374638945009487
-0.77763120007193798,-3.0909015282624801,8.0408369936934658,-3.9805244692404753,4.2035170818174823,0.0056702677669202561,0.58539895898558447,0.068454224701061717
-1.4865535045942115,4.5659646275897838,1.4760646528602879,-4.3067756391375651,5.3353006338148665,1.7068866546456312,-1.4501046876150152,0.35218592583305064
-0.42150539175467361,4.5697967950105296,1.0732609425755233,-4.2574180581833856,8.056757549802672,1.6160680730072263,0.38351253059779444,-0.27255410645062828
-2.0933046385750322,3.9263867466895315,3.0164494380853193,-4.7422446069620809,6.3200224310376649,2.6449364282824224,-1.1354047259454594,-0.30133202982218033
-4.4802077688973885,-2.1400622368546429,4.0409231116352569,-0.21527143462590009,3.5284182224607576,2.407544024205202,2.5780243118989481,-0.56909841904530645
-4.2593624530654441,0.09676490262169446,4.9818887583134126,0.97885588412002889,3.2321555212061028,3.2067138790719505,1.3599417902019997,-0.13727590787653876
-1.3234879198242022,4.0286238412465378,-0.61818097403858774,-4.9466725443457342,5.3517874065680964,3.9831193669589018,-1.6735301595240104,-0.91418953763910282
-2.5074605375972783,-0.93134028799656676,4.18286668805204,-1.5081296477847861,3.1472081270406767,-0.41695731998066621,3.0713178597711197,-0.62238073657234882
-4.5711063086918049,0.32246884098373596,4.4366187178967538,1.2720125771192299,2.4115898119316288,1.7486767694160159,0.60473243783669495,-0.4508345582048674
-3.973122631575118,-1.4832608675576862,5.1923502718818879,-0.76402818326615496,3.3968105829446671,0.01426219028519049,2.4890076389376357,-0.83817482640579766
-4.2282285275576532,-1.8909940997772985,5.9763056375271768,0.22952535467271573,2.5641732656112977,2.4078572287076936,2.2389461734271063,0.87118150587840815
-2.1521692408121256,-5.0566900136317887,7.7355956720776584,-1.307961609317813,4.0602513091170822,0.49424983660800081,0.76292290211101499,-0.16556405108067265
-5.2241095264896238,-2.6880844836648063,6.2608086494498858,-1.8298499868328504,3.5863224888150622,0.9257823615236821,2.7154730422675168,0.12088904828124727
-4.8133770772937332,-1.7436723085303065,6.6916761360668424,-0.18719244922426909,2.969840695321543,0.15900593905559823,0.93027682782764831,-0.67393526666306236
-5.9442659668776718,-0.79575838422464862,6.5417035041947482,-0.45979365089627922,3.644288541412648,-0.75670882935192729,2.0314318306429846,-0.49602812137350133
-3.8995158663492164,0.17918155759163779,5.2410542139741647,-0.081619031083046134,2.9847516661897235,-1.4505991779766587,3.2300521269715698,0.35268833393423588
0.84077654310268146,-0.97237945508219559,-3.1889408252702509,-1.6600553072893962,-6.7985289595741571,8.9168028231558303,-0.65964084312090099,6.9114520697633575
-0.7006089733118932,0.07205341894434257,-4.0398218112110316,-2.9281101911404672,-4.0433953337372515,8.844141922943189,-1.497784953842098,5.7581531642821249
0.67773521702711792,-0.47199637269335426,-3.947551728326288,-3.8303140298235672,-5.2566469881311164,9.9728584355636549,-0.93906490904596396,5.7121300284572403
1.7580258543828342,-0.79314300959039186,-4.0967643062496508,-1.1977538349046817,-6.8932730091848526,6.9736443589564558,-1.6903919132138978,5.6469340521494624
-2.6628956328017761,4.6084602445916145,1.2665009125936477,-3.9449802247288348,6.2364868579738681,1.526072798415032,-1.7674516950517041,-0.52901545579391918
-3.0387777175810444,4.7364527494202946,2.1927020085577476,-5.7452106435408368,7.5748770919127129,-0.31553239506197794,-0.6929081767296662,0.6200891864043373
1.2605467354228113,0.14386113382821875,-3.9510320215963279,-1.0872094395011598,-5.1104869122443342,8.3439336675820819,-1.4683487563022344,3.6053568440658728
-4.3432361292560078,-2.0218640434768655,6.1145660808491993,-0.74781435172201649,1.2190505492370312,0.73631984293957164,2.7380560328959218,-0.045138031350025525
-0.45529110221709457,-2.9268519763525624,8.7196386189550861,-3.5518727962629453,3.8307004184556614,1.4789431792313084,-0.95559003361708472,0.91498285907384957
-4.9375697533806973,-0.53436945352583187,5.4948366075853716,-0.22890196466874019,3.9583529546807581,1.7004666914963127,2.7565038902765844,-1.6662183075395154
-0.695467168501405,-3.9088121831516949,8.3201897066655679,-3.9668110753520174,5.0852195329712959,1.3769338531862052,-0.60552093269041163,-0.043148008752487831
-4.7198024924863207,0.033365276412999689,5.3070481488302663,1.4146760705232388,4.0112155562434069,1.6882550910058309,2.7053353009906491,-0.19567433725764707
-4.2097316818234338,-0.6588237249326494,6.1915595258261336,-0.97318082318954591,4.3267763922560878,0.70820981273367778,3.2095914634211935,-0.57112851293995659
-0.042133671232817083,2.51141564426216,3.3775282437648855,-4.4018901907160926,5.9217365914467468,1.2444351126565645,-0.19813078345560248,-0.3606830976405655
-1.6196494842135714,-2.1242976664305218,5.8591815025621266,-2.409646345678564,3.9149850118282572,1.2806163716970109,0.35088723066941219,-1.2737751182791972
2.4091902318879779,2.2513820593212666,-2.4614676057082043,-2.5702816396165553,-7.7586601787545915,9.0351708300615616,-0.12185000986909056,6.7123724915837046
-4.2602845486329368,0.45271298075925981,5.1741828945731152,0.5171124036176572,1.7803766959776501,0.77407534293043245,3.0017252123609075,-0.203319239915525
0.60660393567789461,1.3269196513023191,-3.8101917443215823,-2.3459417779348524,-5.319332481678174,9.7575490025735796,-0.39840360297449151,4.7044922037504504
-4.6413717059198483,-1.7374061501002205,5.4828760392028366,0.3262963081336987,4.0601145449750735,1.6634102352862348,2.8226878165301859,-1.4595386229502969
0.535216019516918,1.2071981259607492,-1.9360351544549019,-2.6608473242787483,-5.6976801199554741,8.1820760117087872,0.35460671642869623,6.4067061246340398
0.5069914425401113,-0.29833841790608573,-3.5636805488187409,-1.8291951672021014,-3.3523920579634394,8.5283126357871826,-2.7143517785385045,6.952766046610245
-3.014850033848806,4.7235754282095224,2.5110548594370763,-4.8452374889381078,6.0240139492104454,2.6368628198394863,-0.53420487033133779,1.0003085671896603
0.94559048656882805,2.2728672188246901,-2.0526507540478933,-4.2887772095650698,-5.4397289487491935,8.4153839248332414,0.34527901021186069,5.5749226103499243
-1.240554979316024,-2.2049031786763593,8.9141246912633108,-1.6630140671717328,3.2906926040046836,2.1343792290091779,-0.16999696949065904,1.364583354770289
-1.5081359285046603,4.5378723815771531,2.3097451222107228,-3.4719576531620802,5.5092635057956594,1.1889270652010597,-1.1601438137157674,0.69041021908185873
2.027652293229135,0.37704540327017677,-4.1798030471733147,-2.4713026624542707,-5.2416161953486995,7.8652233541631738,-0.035636635028425179,6.7328427110686384
1.7126567650668496,2.9440711699002851,-3.5087420030615122,-3.523995543978315,-5.5054672136248852,8.7488862064208863,-1.555779773317318,5.9666874442386577
-1.2139208810940842,-2.8606151166964167,7.6283774049878854,-3.9341600542554485,4.3616234260741322,0.1444284731956571,1.1592740133968555,1.2670136450622684
-2.0008337586851708,-2.482890864907656,6.8528830843851924,-3.3906516186477003,4.2626910411215366,1.5386932578755657,-1.2411501771363818,0.68058868156404573
0.97110897850207012,1.0296607412482028,-3.6507771040649915,-2.3388646345896849,-3.4134752259390724,8.3154310315105668,0.16062466092084249,6.3318453445075917
-1.3646594173628122,-2.7825455274829776,7.9450775523143626,-2.4793479256786246,4.651832075456193,1.6724126051827555,-1.4003370433070836,0.69885701320378157
-4.7098652535635575,-1.5401972429856192,5.135330948653146,2.3981780709062028,3.160588924739959,3.1189536811759169,2.7599340056722079,0.15909131942681745
-2.6756805254824965,2.4026214652624795,3.40687854055441,-5.4910731174344196,5.8957299106962902,3.0609169252398534,1.1423006862271952,-0.79335209394934358
-0.74281424129033857,5.5673319105691572,0.37181552303071896,-3.7015287338851044,3.9085428946621676,2.2791411560994028,1.0288803426776361,0.02252322330620174
-2.5702381710653466,-3.0206680642354389,7.7068358690425729,-4.5570144000858335,5.2102498897768079,-0.95780837181189704,0.38212033318685101,-0.1034278141909292
-0.5532260524948388,-1.6906435989478437,7.3592907041637776,-3.315644610940947,5.6550833009625618,-0.95190533177421544,-0.47506470377623078,-0.40272410126090114
-6.4695168687852664,0.21210450751499299,2.5107455256679798,-0.9274092858312043,2.7751202883415331,0.93193062006003791,0.56806420651055167,-0.70174577452642983
-1.305322105185085,-2.4075537419465185,6.6874487273500245,-2.7165535476377993,4.9940550016663181,3.4727246513790364,-1.4360812293988734,-0.58157139167683936
-0.95120570856007858,-2.5535201671612788,7.7617473437975955,-3.5392035165152542,4.8255919261418878,0.89019929676475873,-0.37959411430411816,0.4897616168398633
-2.3211769319921478,-3.159064964723183,7.3003854653293594,-2.4506754587762414,4.2415417093205701,1.4592035741654854,0.71341149104568446,-0.25652499488266989
0.29103686355593728,-1.5868803894821486,-5.5660088193953516,-4.5514852595048527,-6.3047244221846155,8.2359187627935206,0.81863873030762335,5.4525464610612531
-3.0356724132457629,0.40977802149244202,5.102882443081814,0.030396265792955485,1.7799452975142147,1.7941556513405705,2.3377344441025438,-0.40591503149422253
2.599040809887831,-0.58534106114137185,-3.1070265753261994,-4.1730384186927143,-7.9838277942006624,7.818125992997798,-0.59109012571245256,6.5544602700580841
0.50849092542422247,5.6819259035361993,2.6027086309204703,-3.976553959572656,7.3447675690584218,0.76348477746804733,-1.5927406337202461,-0.34410889917389831
-1.9860177222901854,3.1255188943180756,2.6443513890761867,-5.2043438882851545,4.9278199201986013,2.2432748142038421,-1.0353925097558783,0.5216647458970789
-2.3058764628801942,-0.93675959421737764,3.1553342560830049,0.66194470922147586,2.6348084727694117,0.18369648063534094,0.52926609824926518,0.68807790827006177
1.4912217418450595,0.14635669167084478,-3.4275024737385631,-2.6007361278502521,-4.5573567246776818,8.5593482582431424,-0.63535855275471897,6.0616166102601907
-0.96297250939919632,1.4173764652447831,-3.1690140159721354,-4.601561400183197,-6.2449813790964122,9.6106303061913696,-0.17733802971061818,6.6952572632100686
1.4384650552032221,0.65183786804340316,-5.1480546034957602,-2.9554735955767715,-6.947907411418913,9.3796119094216621,-0.80012953219557181,7.3915045783362672
-5.2959874085126906,-2.707703067962079,5.238152417504323,-0.10543907048074574,2.8394395437661131,-0.089777462784131234,2.6897002868133755,0.053955921813075805
-1.5980773221901883,-2.8544418969077405,7.8962414536274403,-1.5597702072565618,3.33062683569768,0.078954107677521979,0.16358162277358146,-0.0015244763239078626
-1.4243858638611795,-1.8800525568343007,8.6264100438203677,-1.621490144592278,3.6750830062043516,1.5865609647827976,0.87556178215021008,-1.4420568635603062
-2.5084267773966187,-3.9090905362206141,7.3541488798417092,-2.5010933483414628,3.0334033387550541,1.8790198900913677,-2.0496052926573558,2.0103118388890948
1.1698295258635221,-0.84889337209465188,-4.2604763992142258,-2.2472688686462368,-6.9507492297083973,8.4411071555572068,-3.3442464535543417,5.7230310284034678
-4.7037673776100934,-2.6502162943002663,7.2442484407215577,0.94530737595749725,2.138046366480443,0.72713460499385307,2.9239939016763912,0.75604453391706017
-1.3986853632821357,-1.5481030162193508,6.3026571746336693,-3.2355977383555543,3.658302258841732,-0.83320431614131496,-2.0438472438022615,-0.97253305641836785
-1.6059536540702837,3.9366112515686207,1.8844477697311635,-6.1472263936971938,6.6048144975494569,1.6517343072046538,-1.1203828162125111,-1.6553894235619409
-0.34411178283641353,-0.27555824007807328,-4.8867391285678874,-2.6426980576943739,-5.0514246861360403,9.8668536687744517,-1.3407158002051516,5.8990537709553781
-1.8937399665518957,5.4433983241123096,1.9285970753628328,-4.523186041771039,7.7691406210501359,0.25223558237267008,-1.6447469280622151,0.14469897100460766
1.954504574788092,-0.075078162950936556,-2.0880818812463922,-1.9463634476578138,-6.1669684167364505,10.182146171303806,-1.8599515690229751,6.4862361703808613
-3.6865689918053235,4.8301892330863287,2.5625271181397076,-4.2504411659929762,6.1549636075850085,1.5735548758700215,-0.33000097088063213,-0.97331472436954225
-6.1147355428228014,0.71237552429642226,4.232848408277067,-0.28086404649258012,3.612289091769207,2.7547359978525225,2.3954726188452575,0.93459667062404694
1.5653687285466029,0.14454568692620337,-3.0424093593856636,-3.7790852476673633,-4.6052509796941576,8.9623867570747322,-0.96254510187038134,5.1450078974083091
-0.85057619720406619,-2.5797517045343965,7.0701159633603332,-2.3752157313272293,5.509762404304035,1.2694016001765873,-0.45794150552671659,0.57061671890899035
-5.7588948355053535,-3.0765418400999112,5.4210516548916408,0.73020027973129309,1.2637392519724737,0.11936813609083874,1.8205959825140741,-1.9711695015441117
3.1880723404671358,-1.8740383577298891,-4.2592303255311172,-2.2262501272538415,-5.7897163852748541,7.0494058029400772,-1.5840967548898557,5.1923589027362764
-2.4281422115691322,-4.3333611699397618,6.8073381411685663,-2.4876523878283727,4.9120693813380489,1.3943603319693001,-1.1496149889698761,-0.92311705616237627
1.7659860936405813,1.4848619824338889,-3.5574760548698143,-2.109889397998812,-5.6032938085887771,8.1871424412711971,-0.30425038903445722,5.0347973448535539
-1.6210628863177952,-2.1401366871926837,7.1612560154099256,-1.2831677215695174,5.1985308676830675,2.2234406611197137,-0.21637212272311679,-0.21814537149845956
1.507023463399852,-0.24605804846823773,-2.9346647432971702,-1.497744278639312,-6.5473009250120047,8.3611866144511104,0.36817819578079092,4.6586657243625869
-5.472481889062756,-0.53034875712178187,3.8595085268396732,-0.00099290151007314087,1.5842512825325858,1.8343345133637095,2.0527357502041172,-0.010082699960399739
-0.25327540529527082,5.220250480745884,1.534686038375439,-4.5465906609643687,6.9687383955816182,4.0684521536455076,0.33988270650899266,1.3324149884207035
-2.0611743249355445,4.6176011502941412,1.6557787494457705,-7.3781755042222095,8.6863300195995983,1.4847321284087398,-1.1128592249929241,0.6889824016553272
-0.37542638414130436,3.6197629881498488,4.4807585708874749,-4.1791096084723511,6.8667119968369761,1.8976764460892948,1.4279802047508809,-0.83478447748775009
-1.7229407297443249,-0.37767394729020554,7.6991995406316338,-0.17611120490479193,4.4424278084379827,1.6366647460326149,0.17091135016844228,0.86322709313460877
-1.9464769194978113,4.7370083459649619,4.4257713853636975,-5.8620436824576725,6.0277509972405214,2.9364314977829045,-2.5586889152455727,-0.19172391878628006
1.1539119926955927,2.2789601739351535,-2.7045793480607725,-2.4807514659902816,-5.4174386578666329,7.3365949049285373,-0.21873377638237179,6.6388706824277905
-0.32497029100823349,5.488765179275247,0.81521505083716272,-5.3279165110454167,5.0431602899565577,1.8050582207288124,-0.48299004292773207,0.64310482377876454
1.2081535242456412,0.71048060821179682,-4.3495496483758949,-1.6988641208879129,-3.0627132862391533,9.5958677989924261,-1.5362192883458528,5.1533429149275412
-2.4150031410193886,5.0258001410132414,0.96628014065562118,-4.2578329387396625,5.455551713375697,2.6577323672943924,-0.53555263765305461,1.1113894506132671
-2.7513178583592204,5.286297524432392,3.0485192746461953,-3.5828467599492466,8.4830975469683274,2.5293751257642465,-1.4014461795092799,0.91525863831650855
-2.2966732524414635,5.432924890698251,2.8477178760316186,-4.9118388578628194,7.8232803732095206,1.6005342635820392,0.48575133255268488,0.077340183988677202
0.96824147773960778,-0.22029928772358506,-3.5923400462343427,-1.3160370425400727,-5.0370540749837645,8.2026204455433955,-1.0950727141288992,5.7101031597743024
0.42915852899161966,0.42224456082545037,-3.333905855067087,-4.1876213192453875,-4.7102007899405072,7.4769367324383031,-1.1008650025176268,6.2140232965680759
-1.7202791751624786,-3.1927832899008881,8.561655366263917,-2.4660210065052173,6.1002292108950185,1.7287153780846336,-0.17585994277363745,0.67328032712981167
1.6133792288274871,0.34787063362335735,-2.610274507321976,-3.5134145579781868,-4.7844481571367021,9.5780318331293408,-0.95623459702748892,4.8002651459298171
-1.0304878956839536,-2.7623983050781109,7.0481502885495528,-1.921877734357698,4.9276421677113751,0.54706579973591829,-0.43660606275870972,-1.7235183623336678
-4.9276599108773587,-1.0822666855151388,4.6036703693394667,0.049357792607045592,4.5988567715059085,1.2632367568323755,2.4028460219478069,0.36338141848384264
-2.0491594084889675,6.7961422111920751,1.654426240823202,-5.6368141999346273,6.2839106113980501,3.7620626185021662,-0.71946905643655357,1.3370253058403192
-2.319712485049831,-2.5680237592799373,8.0140851594355329,-2.8550468570018066,5.857152398875364,2.0935973842054012,0.33202702806718931,0.36646912279419741
-4.4299157473139994,-0.2234561082800457,4.0746752185206381,-0.58086513163038,2.5608952709990236,2.0298048409903156,2.3516660647277523,0.9067937809040838
-7.6564407433400543,-0.62079227448166063,4.860182218321774,-0.97839881183550836,2.2687573451320242,2.3323948750836658,1.0781429795948843,-0.2247234843142949
1.3204546292611876,-0.78546419624376451,-3.1968031469912295,-1.658653143774574,-4.5094668879166502,8.2512479606278646,-1.2912065633804577,6.4960963537181247
-1.153844375160606,-2.9011743983502405,8.3833653186091368,-4.6652781930762934,3.356437661299251,0.69265494667626182,-0.2444614101203644,1.2265681343578776
-1.8589945485902868,4.5542981187399336,2.3689700478357829,-2.957004518412865,6.7929267985966497,2.1290223598647646,-0.30727154733476464,1.5009154797024966
-2.4881352801470085,-0.49590771724186888,9.3447227764679184,-1.8255233665710362,6.8686054592910786,2.1691491378525924,-0.34323366215785228,0.02325874212901996
1.6046653431059617,-0.64281404854399649,-4.9261329847765269,-1.60446551692214,-3.6348341854285318,8.9591836549721062,0.047881710011187795,8.299129500767263
-2.5514043777980873,-2.1169510388580166,8.3722158342923372,-3.357237529029224,3.4225800260142072,1.9802725756879513,0.053338844634378046,0.054836357349278449
-1.9560965028864801,-3.7436126467311022,8.1335801864700468,-2.9756262507373061,5.2414868050822649,1.8197115952555096,1.8265593838932404,-0.62283051894217878
-2.297969786405039,4.1746712175388625,1.8216933397223971,-5.7349001496476451,6.8879267591053415,2.3703084586730894,-1.0573960426390268,0.35227891082285123
2.3352279375877516,-0.85191188535694762,-2.5896416664882782,-3.1530005832471599,-4.860067275142339,7.6633505288440489,0.92671055822920823,4.4814155036132401
-5.3136315656297608,-1.4965189811465367,5.3624804006678017,1.1414566113760809,3.3525504301874269,2.7102959362377019,2.2221314215519925,0.49990606056005027
1.498599875784995,0.62227229332193446,-2.6680135784317391,-1.3758329096157675,-6.9042692431210924,8.3611475074451285,-1.1527396068676401,4.8150980444066098
-0.57430962461042334,5.5780851349432758,2.8793067234921068,-4.6098353150951272,3.8016693379078124,-0.79897062549114528,0.45666432248382205,-0.92891305330189844
-1.4166999670672318,4.0523514533806271,2.3996630750643431,-4.019497490857419,5.149407816158897,1.3696419389646954,-0.14917024568951842,0.039117010085461978
-1.5412304318816663,5.8749255090371024,0.042329600310317961,-5.3452465022020679,5.9673416954721885,1.0418281956684075,1.2438404696582372,-0.38673828422462397
1.6764557697197016,0.40714689984586772,-4.0284017428227861,-4.9946946516730311,-5.0624678303488357,10.134753987584977,-0.60318668255895624,6.2694703317645173
-4.5975329698455116,0.82796149835658417,3.1321740285121624,-0.39602117370756329,2.5063023845996879,2.1241948320758182,2.0134554694172047,-0.5722165935788408
1.3829737236379915,-3.285770185085803,8.3844077236363699,-3.0611248638980304,4.5057308725317515,0.55416969311712005,0.37520902437880321,0.63131392125988584
-6.0441471531173701,-0.17656028143933722,5.6008926671084955,-1.2711403651947837,0.38568151213594737,1.4605174080452608,3.4277305569739127,0.58701585357084685
-1.5596397929438957,-1.9214295783826405,6.3488271593930685,-3.5148215522696509,3.9000476759943767,1.3652259937837066,1.1950583910686299,0.048730962965976725
-0.94391389915142276,5.3122907494470004,-0.38680091339786937,-4.0720619355729566,7.5008219407013774,0.15421433653727434,0.88991845683794313,-0.23692489488998711
-1.0918940315449035,5.0615724627302949,3.3509565416037654,-4.712625791753041,4.6108690891324073,1.51814684111285,-0.39503816680149906,-0.41808506495973374
0.77325750694478002,-1.8730068678344605,6.9923233121096491,-4.5581119973612196,5.6334152058609934,1.3159994693526726,-1.6772770899687104,-0.74037149710304651
0.574784338080507,0.47356808567664022,-3.5314750245194793,-3.1381923993654075,-6.4221495012636627,9.8112439613115345,-1.313286167037905,7.126167616802638
-2.1169925401333907,3.6012909396808066,2.4469241457036595,-4.3739657287493685,5.9882917202602037,1.8701140971460022,-0.8779011899218383,1.3389905567605951
-0.93383867028979406,-1.0113663609024548,8.3192032261566435,-4.2416159601775387,4.3600575494703184,0.40729092812658862,-2.4741681795317416,0.41205301987772491
-4.452196768857708,-1.4087654579576423,5.0908446276795072,-0.55703275763948523,2.7046340332867742,0.50188077443765078,2.522883752858021,-0.6564986579594676
-1.79531778251771,-3.1752510869918682,7.9837110578931139,-3.5430249835278382,2.5903083203352519,1.6544210044080683,-1.3861539921080608,-0.4781647920203671
-1.8708501115679195,-4.4312169057331818,7.5735529627122027,-4.7710803650580402,4.0025389525276243,1.2543294727818635,-0.12642194090537295,-0.35675675262953233
-2.238067126141682,3.7196700883950404,2.5917343215626989,-7.2099393282507336,6.9779660628612454,1.2209658514607682,-1.0880745602221626,-0.01685769974392301
-1.444876132798155,-0.91541635268107968,7.8249572459066901,-2.6315316055299358,4.0584291771835321,1.3964643187223875,-0.87045775916097201,1.5185497655426829
-2.6531828129074668,4.4142586882006745,1.0368239684097256,-3.0056281208399573,6.2035036816919318,2.0801302646421025,-0.52135137143765453,-0.02550528319392617
-5.0254971332735758,-2.2175783858483236,5.7262315936550783,-1.1615386929057596,2.563872606579412,1.0516699646467922,1.6990864653178166,0.28345396713504067
-4.7357685380031205,0.36508737475858788,5.1386053728223322,-0.080124962593264848,3.065148550448296,2.9472393901614535,2.2598869921994114,-0.34271099323972204
0.24854811941715882,-1.6433840533109476,-1.6150294051737939,-3.0074889938336038,-6.6293466361631435,10.951331323076399,-0.82726487740331345,5.2609916516128772
0.47049913217565575,0.84489639916794301,-3.653548684387339,-3.3936596538547512,-5.5842404586913457,9.5025632643467599,-0.60877625270626201,7.0812772775440065
-1.9700683330489732,4.6591780780149099,1.4277489156305427,-4.4866096493980514,6.193725640552536,1.9620427446349036,0.30717924087026327,1.0325816552375553
0.028379413363158745,-0.047477551833025072,-3.2480419605233668,-3.3047244851036774,-2.860773559996836,8.9710041801541838,-1.724005510362483,6.6240668125794588
1.2758012356441975,-0.30383953067128144,-3.1939306460146351,-1.4067183447845917,-4.3506681965808074,9.459543120577008,-0.78616475694276389,4.6687542666873707
-3.3171713877596227,3.5568426907508375,2.4531757409830273,-4.9720695108505257,5.9503475144278335,3.1675152298160318,-0.88079544978358748,2.1224976941410456
-1.6046567480852256,4.5907414026534523,2.3132878923030415,-5.7079488992597742,5.5883804229977176,1.3208367197135296,-1.5156717598492557,1.2233303346598632
-1.2442236365734831,6.612644845309676,1.7568966209014953,-4.5495519498808692,6.2391425364916522,3.1250634050949393,1.4390115535476751,1.1287837011824524
-2.1454290520659614,-3.2386884370321249,6.5619156306573663,-3.0284921303740999,4.3399388262583747,0.54432286592813717,-0.012913599628044226,0.34900220117340591
-0.057316644776151948,-1.3350359036388095,5.942599492113203,-2.8189855131441255,3.21129373454903,0.94131191368387723,1.0091119733164451,0.74329606720950636
-5.9701024006826611,-1.6151809794829493,6.3623324022716892,1.3838488772178805,3.8992474215449344,0.74008077603901534,2.7152277688618467,-0.65653728457529137
-1.6136638731149817,-2.9320655168098959,7.0169936666731152,-2.4851163848742366,6.0425514550604831,2.3600102951443045,-1.8137602897507605,-1.2355419692758702
-0.93459276956551685,-2.8686767848007855,6.0854839940176753,-2.2081784979842305,5.5168849455771287,3.3386939078051032,-1.9036257562859946,-0.6370965767434873
0.58236277631879252,-0.41377862447793456,-5.3357909012472566,-1.0403469327217074,-5.9520390954139204,9.1643622509282743,0.024728878276492283,4.762416803751
2.0628611004127118,1.9868456321129235,-2.6922147105838063,-2.5887769867987944,-5.9690322370165001,7.5781240388341615,-1.7605333450512504,5.6991199632449208
0.31302710320533356,2.8000483670681731,1.3406995674204762,-6.1224081889081896,6.1382165538759272,2.2298272689621688,-1.3722130864489444,1.9598746828596918
-1.7483624277257179,-1.5716047663355024,7.5144457535747335,-3.8539653098716595,3.242711630778178,2.5026506853584505,0.32609081627495151,-1.6412533278063535
-2.209957129824653,-2.5665234423639607,6.5056923278963961,-2.2601216610491308,4.2642904699822592,-0.76044343983517315,-0.3701581730337184,0.15459886958559033
-3.2818851511301919,-4.1115471302090949,8.9022223158298406,-3.8648031868320727,4.2549914977107859,1.0273419143993099,-1.2814954870314665,0.6405303454655128
-3.7921319833573759,-0.71370873405676893,7.4873568552244425,-1.7453388379434345,3.1746452948208446,0.5488084566791197,2.2863451163221238,0.29828452514755877
-4.242993403310126,-1.7070423463660229,6.0956580023495377,-0.055826834627565991,3.495504164998966,1.0573358029738809,2.3506289818964126,-0.58021743341184062
-2.6593971733217088,-3.1604306562162128,6.9747748594039889,-0.44208645527473189,6.4349358471698181,1.6603174214304515,-0.010035693552638281,0.79773160158310708
-2.7336602554276803,-2.7991455969011767,8.0182141923096051,-2.0855105025302461,4.6380419305050085,0.70248456344461152,0.15390209626766749,0.81859897085838562
-3.9599801434335831,-0.70324934901533809,5.707974703976979,0.5732801768767678,1.7527959786360297,0.47363155027892367,3.1660735869933725,0.46597466954773814
-5.7212962089092008,-1.8672301161682161,4.4838413988371029,0.31538007058144019,2.733491945191342,2.5311448631382936,1.5092851354639707,2.2453832851704192
0.74830259933074772,0.43366241177258336,-2.7297096081613481,-1.5738792710408331,-5.9107419305670561,7.3770701636416529,-1.1515760332131924,6.4366917023169963
-1.7364291231560285,-2.9275372236457931,7.9337708921022898,-1.3789604543830911,4.6748088817530817,2.0863394910785402,-0.51507948056645469,0.11145261217922162
2.220227248664048,1.1423060640115452,-2.9154946595673343,-2.3487100141897619,-4.7023273578523854,9.2559735853744076,0.73517423351742839,8.0032024144223399
-2.5167849352137006,-2.4465512752218541,7.8329937811473265,-4.1889196181878718,4.970795209099732,2.1701235258481097,0.81881038812076079,0.27820235645354746
-0.23770490825602453,3.7991040613463443,2.3476439653731762,-5.7452199095065239,4.9513266531768183,1.2338343101010341,-0.27554589262869811,1.1622099012726548
-1.6899522931011743,-2.5773228626612235,7.0413405620612295,-2.7269149395437058,4.0846960508803516,0.21964789109251037,1.4762214768226531,1.3722877831713807
-4.1709133462601962,-1.8990930196330238,5.7887334133098998,-0.1273654202372515,3.3920918729862422,2.9717352603870735,2.915511425073988,-0.098060176927675879
1.2283787230391325,1.2863441319894184,-5.1085434391360955,-3.8216706396475915,-5.8239704728783428,10.790878732132009,-1.6913119004274697,5.729038636010868
-5.2417678575683144,-0.37538227115477946,5.7499549039255351,-0.50888943101906015,2.4172044903324776,3.6483539422338169,3.243278071397294,-1.5029480171992302
0.77420144070236985,0.50678760069705509,-3.2338008855886482,-4.6688073681656759,-7.2871314766500053,9.2351805286975743,0.40965644685077851,7.3715807868012888
-1.0224692150290071,3.8481811292789794,2.0340613453579643,-4.8682485868694476,6.584213166888353,2.2038357713811854,-1.163962152446756,1.0379107565343544
-2.4491686488970035,-2.6959482508375077,10.011081076708839,-2.7836740600843997,4.0310764732134121,1.9232825920809957,0.26309393147902427,0.17140672913898169
-0.28372261111254748,3.7847328639955484,2.5519100526664129,-3.8533615769489464,6.705580518327638,0.22629541809766618,0.15638333740795779,-0.36748170184281359
-2.4479727775829248,-2.749638157528524,7.8852552608484006,-2.7148369729575004,3.7374687744358774,0.29654021733440994,-0.085953811155694115,-0.023226840504621482
-2.0513338816880942,4.2555392088837287,3.2151711632279776,-4.7351874621736156,6.0901948710690599,2.2077235107723583,0.061834672660387557,-0.34297400495373853
-0.63122693473629776,4.6854018450935255,3.1585445341137355,-5.632261863154409,8.0293636019624923,2.2145281725423005,-1.0201062934962533,1.3297907589298019
-1.2704849270007459,-3.3135290308755101,6.9710338138734436,-2.9142585186781989,5.3497847721408416,0.0073360467198906321,-0.70942810507224952,-0.43716004064581465
1.0106738974313436,0.75692541486592457,-4.2737932096962901,-2.5856228198437585,-5.0754002548900585,8.9358078601219404,-0.52902025895474547,6.7537453723302896
-1.1832924425463387,4.4427443474371584,3.0650082353126398,-3.8282964484804101,8.3000755191872226,1.2688058324486924,1.0400894109095251,0.15354045597482227
-5.0744222106383772,0.46270713874259872,5.2274076334357265,0.46799561397841788,2.048258633619696,-0.94644898960966106,3.0896681482908352,-1.1907435379755964
-3.3977051532444067,5.7274804610068548,3.0855146386510013,-5.212505790060332,5.8108106076904091,1.7979249161681412,-0.44473461763605704,1.8829661042021999
-2.178865856130058,5.2710570275802651,1.4859644957378841,-4.5932010261895488,6.5962857651823263,2.3660331170917051,-0.86656054186523368,-1.6122286116440065
-3.5309296682184339,-1.6434959219552923,7.1810934244147635,-2.7588736662475508,4.5312616837025983,1.6580506306052838,-0.96655010411641162,-0.44258206940031969
0.76174885390078118,1.1231276525063756,-2.3848090923914644,-2.7683174659673813,-3.1889942676715193,9.157902084961826,-2.2198335656589858,8.5908647130695339
-4.0240972664887407,-1.6704660757480063,5.1505860723065755,-0.40187875435355291,1.4683781243245486,1.5859672743319038,2.9795549268804562,0.61602607065150894
-2.4890223392090789,-1.1456630904373641,5.4110610413024816,1.3899960226230927,3.439749871101105,1.8077015237701912,4.9356590205377735,-0.66494776388322308
3.3446487973850085,-0.70570438294346094,-4.2400410094456173,-2.5184542021120047,-6.2556500939996944,7.3669256554496707,-1.5736473280807064,5.6441516691091502
-4.828296380243235,-0.37488071747216206,6.3803120013575301,-0.16116066955298136,2.5796330240929506,0.3642840710424986,2.8638476425252892,-1.0872676663270822
-0.27712516633127138,-3.0326294869847326,8.6934793460787887,-3.2858893001084879,4.5646679683157778,-0.21995070958026175,-1.0336748547388792,-0.79223521984917067
1.9453853745867531,-1.4544088729548192,-4.0605267832577523,-1.6687710921139305,-5.0684928907357936,10.141624753998565,-1.9475905559983109,5.9842264582152147
0.43116514630925706,-1.1641538982849493,-3.7584962968644859,-3.450463553697305,-4.5900680388039357,8.7729942088875443,-1.6918134208538542,3.7393255822519458
-2.2657171700891601,3.6883231788369732,2.7192754822633667,-6.2298735449950851,6.1479802416247677,2.0877500637419582,-1.1474757635334716,0.42823762038720492
-0.97848957414722748,-3.466356027348557,6.1734247305402432,-2.521782909524239,3.3578031844818099,0.64663827963827969,-0.19079611449662831,-0.37927079756447274
-0.26676781372378922,5.157311910705725,1.99617429165502,-4.5656755598574685,7.3344047186785266,2.877980352811675,0.73763748327656242,-2.2108275128733359
1.1530096807012979,1.2386549310288282,-3.4221732597721974,-2.6653704090725467,-6.9028438691269134,10.897201788859082,-2.8300542421060895,5.5520469501522491
-0.3137679437797205,1.784386560244245,-4.9939501985248409,-4.6004901946468593,-7.6307496349941317,9.0463384451783906,-0.48124850047004947,5.8255130490212768
-3.8577981223131967,-0.035563653830189002,5.8566211672038779,-1.3576314297658878,2.7664907878129661,0.69325241251089009,3.1956433341436652,0.046206478588274862
-0.64265543353458354,1.7020154307868269,-3.9358903776888425,-3.6693359248802251,-5.1892440245155269,10.240559367070139,-3.071997460696692,4.648632021669151
0.45331134354686398,1.6414813836714828,-4.6443631599408137,-3.8029955893140341,-4.1671679109405337,8.5124653810838815,-0.32897361500952171,4.5944598030533914
-1.2197333742553189,6.2426178508447547,4.3730509904802091,-4.1740129635573826,6.0198896781487825,3.5246416572918449,-0.73528639326602985,1.1111587263354403
0.27040266089797371,0.813221181438328,-4.924407631689653,-2.2773331483458992,-5.8212455890958488,7.2120029979308855,-0.3152593787880259,5.3394767185204941
-1.1291262027637898,5.2750718418848948,2.3141224126129907,-4.0641695237413602,6.7888005449696296,2.0518679127830026,-1.7227906653963632,1.0289873302919057
1.463986734255146,1.8115518164844315,-5.2073595543522773,-1.2018584038684355,-4.4851363429318134,10.271197322028867,-0.97205257219365215,4.0740502931594067
-5.7138447365003229,1.1430138986542073,5.6905284577455983,0.12501694723821286,4.157049287344015,0.36150120316296497,2.9860227769530017,-0.32276249071921637
2.1649844110994474,-0.85093108340828927,-3.9592967300054616,-4.3249316680271885,-5.4725362426550754,6.7314485871885124,-2.0447059939587326,3.3367122996909582
-1.0934576555218884,-1.140908869540058,7.2970891166436624,-1.3115995810972549,4.6386325173799037,1.7058827702444161,-1.2794461755518642,1.9446920600039252
-2.2006737635771936,-2.8437736968943197,7.0959244681744442,-4.1433101139874484,3.2390632642900168,0.52661472735248271,-1.3918506801478707,1.1177630663863087
-0.66943137536470887,-2.4040843402800016,7.9979211007553461,-3.1113098627029534,3.4003537323459518,-0.43133222707489005,-1.4844067316085163,-0.20332436128778322
-2.6130296353020217,4.8225537858199212,3.5648725995742065,-4.3382128587738018,5.215715913943944,1.0070240386902387,-0.37489011347867468,-0.41999673523771008
-0.044836066772615313,-1.7475171283260598,-2.0382659700305146,-0.47205078799728595,-5.5571915617586249,9.7401335020800648,-1.0498798556150966,6.6877105895540527
-6.6250993570635552,1.3698735552825791,4.8095487197456332,0.62258149981071753,1.2833604030285133,1.3887327627677919,2.0536013606747572,-0.98219829935977687
-3.3422834782665465,0.070714654486337958,2.4902177566129233,2.9378488577039676,1.5952706793706328,1.2501990909974585,3.364552793104012,1.5528478698721548
-1.6974442664000413,-3.6453769683682378,6.5029317815159731,-2.1240834026942967,5.3185973404768578,1.772245604572805,-0.2826628188613689,0.0047917270174572361
-1.5440242426323343,-2.7898786918838399,7.4153227896318255,-2.8834688505704902,6.7258587418785858,1.2110303754606087,-1.3150128317811336,0.83945041216015615
-0.96460718927729983,3.9412608272845961,2.6849152127085389,-4.3364218881855994,8.6504714677940857,1.7329125118533695,1.3563368951099286,1.5626488693327243
2.1078041124388918,-0.26900984290113339,-2.418766188671464,-3.1569507650152118,-5.7399399367772865,9.810458836052673,-0.00053096033850663638,4.6792588221510458
-4.0460804979321763,0.49464616772952219,5.2780425062016576,1.1866993691077434,3.2873944037047469,3.5084403457185585,1.5949145577102244,-1.4562879814630385
-2.5338864247052744,-3.2074887907975507,7.0283682737378115,-2.620702350051745,3.9546098152450275,1.0543098120399441,-0.53929622938921096,0.79862269712091893
1.5603124110423134,5.8312280141619599,3.6206873365926033,-6.2389823756083658,4.8978788067320638,0.17710936361320662,0.90103130981330859,0.23453943228942595
2.0134499779636008,2.0564234322087294,-3.758625354485408,-2.5585942750912025,-5.3580838776798672,7.5297377061115984,-0.87032937637832963,6.8569998517845434
-1.0027541480415816,-2.5857958902119305,7.0665949972482398,-3.4388423050491577,4.9823266122446821,0.33628053709706152,-1.5878753372196877,-2.3436019675802018
-5.6814853239281318,-2.9784349652449524,6.0920684733364077,-0.63232488205541093,3.9681731828296476,0.7808580424814443,3.2058483816855956,-1.3354773051107582
-3.6353466503669125,-0.95645487988723477,5.1058735427315378,-0.031291722692173507,2.9691972160014366,0.29215714285999739,-0.11761415072610903,0.090504114636150684
-4.9111647151620819,-1.942222194547039,4.2382254915657418,0.044875485033324086,1.5949904263966423,1.0529953285928124,2.0514333868122154,-1.053928265343792
1.7027378694912478,0.13250420612009006,-3.8964339959680379,-1.8841181907587921,-4.9009410442068653,8.8670674252173356,-2.3714213179048196,4.7398557706143976
-5.9245568805514592,-0.9884548436575219,4.6675175485642049,1.2249132799049236,1.4230688525474295,1.0688804390245146,2.0721022083545924,-0.17843652107548039
-2.9874339469800928,5.3677520513202559,1.0378508975808449,-5.8142805590714586,5.9748471026663506,-0.12958528599845343,2.0592052561201446,1.4833978264099807
-1.8804266926382474,-3.1776002509045496,7.0337096364241694,-3.2640547113957048,5.6978860146345696,1.0522686776683099,0.45731823227777013,1.4621497061679174
-1.3275235058129686,-2.1166532300241627,6.488175044097888,-2.9445017428783977,3.4182354174832361,0.38942660879796787,-1.3991965800525756,2.4209663714885017
-1.6281593993346921,-3.9385838832909039,6.286008116722547,-2.8532413586238063,3.1317680098582508,2.0249545620929159,1.1294684149312624,-0.6030578892984314
0.046843429202966913,2.0275287378400284,3.64413093439207,-3.3537736833385212,5.7587364362032156,2.0000334695808069,1.7674052185050773,-0.23478420773000322
1.8506393150288147,-1.639129526337032,-2.6966958015122993,-2.1505240998125763,-5.3440627546234643,8.3643887032214188,-0.83492767579498661,5.0499214208107404
-1.8950063805484174,3.503767036456356,3.6562955836294613,-5.833437987203073,5.4555003948921366,0.82796925043768188,1.047703217711792,0.35891767106426509
0.036733087367326833,4.5991948885647673,2.4966353904339198,-5.2066200663907631,3.6864228498647451,1.4649896314248079,-1.3238310548863286,-0.97671214921256866
-2.9815613280163991,4.1554430011433761,0.55600533617686243,-4.7505338508721389,5.2635595591669055,2.7539795526614848,1.2955850050544555,0.14485462015023967
-5.3563121518553984,-0.70674818370761905,4.1245836454703237,-0.65432290054131448,2.0306439328932333,0.001119112606387862,1.5178650769131363,0.78991620998083345
-4.5995772006864488,0.62144842384641596,6.6021642398847833,-2.1924779024815142,2.9914129811739416,0.32630634109574919,1.7452594046598917,0.90979814678227844
0.60892429234447465,-0.3509466810951809,-2.9411273295916311,-3.18640001317288,-3.9398433128815,9.320480321474216,-1.9003957938532809,5.8015184109654072
-4.6193543715059935,-0.69951481928089398,5.8091128440032751,2.2454955641440879,2.8700553248907048,0.80910125495964613,2.4718337406412667,0.40285315759814599
-5.140462182037993,-1.1075170181321761,4.3442975651710087,0.062144890480801962,3.4558281456615081,3.5284895133429592,2.174984918799602,0.14739693120901015
-5.9987186253169416,-1.6821379225729212,4.7714867128769152,1.2440716005273491,4.4330244688743594,0.54239000495187661,2.1705394442588437,0.020786019881968879
1.3712293542522835,-3.5944582310988036,7.9627793414346311,-2.6491713655936575,4.8162940335632003,1.1903291528854423,0.60597065992650889,1.3167487538819944
-0.53401406130798135,6.1148262630362344,3.213652396371522,-3.9640395162838393,6.6101907196442617,1.962673671100813,-0.69448779285151341,-1.3741051280545571
-5.0876392419900034,-1.0273333376997067,5.13266665600338,1.2551249126801602,1.9811860220650037,1.6282459385870802,2.9138446717683073,-0.46390271773360764
1.0462864381686585,0.40766080876934685,-3.4402478952878957,-1.0101758182195597,-3.8539220441303765,8.4214769509284437,-1.1934045628795127,5.7598109282167718
-3.8307649222861357,-1.2770726557854568,3.9540508621547765,0.60235826455398289,3.1252170860686466,-0.17918330672398053,1.4479771463473932,-1.2398955013928301
-7.4734501590902331,-0.69016649055203194,5.2423262723328898,1.8697810010264821,2.2664855020549921,2.8772415005666296,2.9074673798794421,0.66925040221707766
1.0239519536877839,-0.94254444652388703,-4.3350586739202424,-2.4562962846217919,-6.9623785504347389,5.9301386182228768,-1.9826780991362649,4.7888344360603519
-6.2524163281363583,1.0063678896193211,6.259030996605019,-0.49471341987680029,2.9267402439178136,1.8601763564355398,2.0838536528352067,0.18953273074438218
-1.3153472571270854,-1.4012297334812303,8.5750539481801464,-1.5011570142717388,3.5326464500387678,0.65078709921599032,0.68638310774981914,-1.954619070523796
-1.5975762398478115,3.6259624562216244,1.7071770862016378,-3.6860543188269705,4.9114749113464544,1.8409052743899437,-0.43708447705540943,-0.094540321483953638
-0.39599320408146166,-1.379667873220739,7.3869692529784619,-2.9087615760467305,3.8760008515423596,2.3355932715024226,-0.5190179966167151,-1.0894450271029872
0.25849651915596472,1.0292289780078561,-3.6072007624360976,-2.3196019399610206,-4.8574268119054667,9.0506514129523339,-0.69976191262304788,5.8512726905598598
-1.7726722489164131,4.8038338090500234,2.9041162010160613,-5.7422638079468937,6.0704526432896531,1.3617366105128903,2.1348187018868727,1.241478620066593
-1.7166215598873225,-4.1919927988992969,9.3405697369547589,-2.5760335611525038,5.0386258604021972,2.0694579418816197,-0.95122048713571661,0.84949693221061873
-1.4479136542941347,4.9525439454855453,1.8415491783943139,-4.1727309883708017,6.3543718704489836,0.26656651123271313,-1.0805662016643467,0.50186674387838082
0.53448879102284197,-0.24561604524081468,-2.0470502628144742,-2.7740459614466095,-6.8397554192839625,8.8177893723665068,-0.37334674842070603,4.6447965968553326
-2.4758821129934674,-1.3736601836969933,5.8731929654578199,0.38592494661211324,2.6045911331810543,-0.053122381387199713,2.4667773201127208,1.8353398457089507
-3.605153508754686,5.4930089727377229,2.3599337933165154,-3.9419687117855262,5.5091218389933756,1.2080718592617115,-0.60934929073530242,-0.092285528781786696
-1.7485377233819388,-2.2290272100205826,7.2401886928592649,-3.4382678923311527,3.3758122644812874,0.85507756031935456,0.10851134373034793,0.0085111060912829231
-3.3084700017234536,-2.4535114630042898,6.6293819717381721,0.81490392362411979,2.6750658896096491,1.2888055144192283,1.3289427258440181,0.081404123892271196
0.008517486624983972,-0.67331802939853935,-4.0432948704986629,-4.7756497395171946,-6.1239809910562641,8.8005019515288279,-1.2919722289566669,5.1113835760497857
0.66942936082349691,0.048334258106343356,-3.3694696595831504,-3.1552052743689396,-5.0728141675474498,9.6217500005741563,0.43479508966636626,5.609300087943196
1.555487626740867,0.85112563123590468,-2.403730149046674,-2.0830064315339607,-4.6929497670545119,9.3692341386388343,-0.072529274147385858,6.035810145097912
-5.1096926244862653,-0.30503459337603733,4.7436629876292082,0.22479206031651386,3.4235647198966759,1.1918011018752259,2.5054508648384868,2.0232857627064438
-0.80821029613386508,3.8368130225913633,3.3305136558130917,-4.6313764368760824,5.3145699037262837,1.2162116130033382,-0.013716680941185,-0.68597441341994425
-0.66550344516432436,-1.5772097181478499,8.5870295533435286,-2.7902432377916009,3.4495103361298134,0.34705925609044808,-1.9638543604471037,1.1808094681305545
0.5358238532334807,0.077008364329145443,-2.1265209459076955,-0.60608093176426348,-5.9390454150355527,7.511219821362686,-1.6843353455617507,7.5695087940060279
-5.7657889293805518,-2.0511473218812526,4.8003328003468289,0.70177887626770452,4.661049236747898,1.6558574090629252,2.7292936312742451,-1.1004178010884951
-2.1674622727463602,-3.147386367381463,8.4681352348108589,-2.6236377333386236,3.9293360221626052,1.8127637261934841,-0.57839188097444461,0.65632815060004834
-1.2914037271338628,3.2581840339597372,2.9795145318589267,-4.3131267148763079,7.2807931809709459,0.097172975121672778,-0.35880460143053738,1.5902918738842051
1.2178287216522508,-2.2140082803990748,-4.3105951298622367,-2.1572324601279869,-3.8626388492133454,8.4590444999863355,-0.21110621128091311,5.2028049194431762
0.88449806250165885,0.48865170903211164,-3.3794050532903253,-2.5303666706104306,-5.3739813413983875,7.6848684045478013,-0.66808041245219907,7.3671347502565983
-0.50405427111143497,-3.3432640686699377,5.9148119470120388,-3.068889328014806,3.6418422114816824,1.7085628407463369,0.85829077271563314,-0.86039402101981854
-1.2107575201074647,4.1866473961414927,2.8290401139774106,-4.4519935087146703,6.9558004820231627,1.6460084055753712,0.50189654393546612,1.277089304980547
-3.5593283506234963,-1.7145744507176501,4.7518423835695351,1.1231269834831934,3.8486556771523657,4.0290494678426771,2.5435377523600899,0.10131179848554753
-0.034518350718563351,-1.149821471157696,-3.4995617017181591,-2.5769985627021028,-4.9374356304513221,9.7742084056278635,-0.41281335603721403,5.267213048171393
2.784298018233498,-1.0050642833173511,-2.9449706248321186,-2.6158326729986534,-4.3940046511121906,8.9986165065179513,0.81526072292331986,4.580295377043643
-1.2539879164435443,-3.2498206463431014,7.3352652918566834,-2.225231714938336,5.4988939145085922,2.2777845428042784,-1.3540273818804871,0.68924569342254538
-2.7221615515661353,-2.3569828680195211,7.362649044850885,-2.3825927118600858,5.0376114990891434,2.5088827157760591,0.28904975013100453,-1.1995391620314004
3.2848584728779895,1.3117946252851012,-3.2904071010247655,-4.1351367276537712,-5.9276325481717604,8.5354137393887548,-1.8620007463043009,4.7006355682873027
-1.754214739775285,4.3548580162898487,1.5550271314239132,-4.416184469121073,4.4414601678907708,2.4310925417699325,-2.3482754496431051,-0.24234434345415243
-1.5543854283512699,-5.7471464005374049,6.8837621259552009,-3.9383977504838428,4.2469928743268408,0.4532120795480501,0.53066673558819921,-1.0597155154673099
-1.897701477094266,4.4079932685599008,3.1405198315751384,-4.1030524418012266,6.1239422308039702,0.60082520465019917,-0.94456090685185157,0.77958703169131149
-0.42764128828605008,4.8490156871881682,3.1804340969897691,-4.0360923176827503,6.4536922562627677,1.4193151359499943,-0.2937294532265135,0.54206838761298837
-1.2576420044065988,-4.065555628468406,6.5085389805420748,-2.8288965160990629,3.5103890415146868,1.4538663348875325,0.17431262923842006,1.1426754378226518
-5.2423643719024451,-1.6204573936655298,3.9991808270190727,0.22956753216493483,3.6899905468856842,2.0580221275916553,1.1962513643775246,0.45530180265336789
0.4969452082384922,-0.96014577983173299,5.5221454213382906,-2.581797984259615,3.5200521962668754,1.5770630403949455,-0.29804618805766303,-0.33607280180324361
1.4744924437080671,1.0436680145722661,-3.6555111909478666,-4.6588173772332961,-5.0026967344085929,8.1882715727411899,-3.2367128221049262,6.2991366691400552
-5.2459163400966347,-0.504294363158029,5.7012189587314417,-0.66092297443053594,1.850118505021769,-0.51464249627391778,2.4545365303795101,0.75166201060947901
-1.5259340685719731,3.0907199488274086,2.8672649382923927,-4.4822966724060151,5.9557098250238667,2.8587700868355808,0.24163884187434803,0.075855737559929803
1.0737082575987273,-0.64129263770353195,-3.3523993774639584,-2.6660600762474322,-3.6542195679623619,8.8342578321045231,-0.56972022789218912,5.4053746593125984
-1.190597174602928,-0.20424027942892856,-2.3696060174554603,-3.7850201589780079,-6.6338585565600114,8.2182631887822861,-3.0301346537393088,5.7427135899630262
-1.5497885886554361,-1.2099198716951587,9.0713596077726315,-3.3957445916407636,5.8315632281320768,1.7628339672506357,-0.64685420780501635,-0.2840822799017047
-2.8133203138061766,-2.1240138113955864,6.0288964547687369,-3.9487759212882678,4.9276591640390217,2.504877766944472,-1.3622948371087253,-1.5295782430161469
1.1674205984119064,0.43323958555317321,-3.1250217436200414,-3.1061752122239006,-5.1536830335877459,9.3233939110270772,-0.81957810483669724,5.3114126995853894
-6.54290482261555,-0.047286906588459243,5.2111878259310505,1.306349623005965,2.6242250715133242,2.0509196763309561,3.2599500809082151,1.2857936709627271
-1.3689857521371114,-3.4105818332173063,7.8487080790743358,-2.040491137803317,3.4168384882586347,2.5382703059376563,-0.28854950658980544,-1.351525142729499
0.85906907319245351,1.4538925043854485,-2.0058608878365778,-3.5110896135058289,-6.6461850715719386,8.2542226546742832,-0.89840144475183914,7.6304818891132973
-1.3927813787045538,-2.2831164262858477,8.7773515257162948,-3.9908827168244096,4.3830565090241889,-0.51937363442715467,-0.33050038084460831,0.13573153600118423
-1.9894170197192458,4.4771788658637073,3.5980671283286796,-3.0182386157284844,6.7444243037677767,2.927941514143368,-0.58819504276754053,2.2440847667471928
-4.3471881322000661,-0.51807135411425742,5.8683352261412072,0.23547956931819586,1.5899486460683683,2.1056139571372379,2.9740193284096712,-1.1605172158212458
1.5447809558887582,1.2780511802781094,-3.5150316173574967,-2.1016469373056572,-3.887930341521062,8.8251573212876675,-2.206940896612152,6.5774132742040576
3.0116610749565766,-0.53947653926822703,-4.1825185714610509,-2.1673083810970271,-5.1633927368712262,8.7844789414839077,-0.64916907363031728,5.3523326057887939
2.6917034746870749,-0.26413141012749786,-4.5737784616237276,-3.8488466468697573,-6.2935302279665768,9.0847183188044962,-0.5949972209614024,6.0065244756681579
-3.8073699660425979,0.66642814594373201,3.8934898008165826,0.69654879800207248,3.0817330388696411,2.9985182686624219,1.8458242773282425,1.1173279388270485
-1.941167909729473,4.2229308920357438,1.9997598440702269,-3.3901324188337716,5.6378840782096207,2.6945747433833014,1.2607620206823564,1.4609840139795189
-4.6630120175993328,-0.90140842396579846,5.9906440730568482,-0.42247742368475971,4.525593698896115,1.922772429728296,1.0622509334356152,0.98906582118037889
-4.3708556339172819,-1.7217631467704728,3.7235782411186991,0.35615315480685555,1.9601079461130182,1.1627790963672897,2.8811268987980765,2.2510307714451119
2.0874272795716924,0.047934170981065699,-4.4387707978431141,-3.7640689133052723,-6.0069512919210855,8.8910905832951794,0.42847003160912422,6.8318824864352736
-0.11047476486028263,-2.0724952749918795,7.706326498947675,-2.2673781328674956,3.7402030009080285,0.131462738751424,-0.0056611728306166231,-1.8009248733369159
-0.8004072870289074,-3.3304879577528581,9.1112153371190789,-2.0667655670730403,4.9370093294670241,2.7162452982513718,-0.87549695387220228,-1.224289647187575
-4.0782815967063266,-0.93021355442592957,6.1245115433398283,1.0804615480906632,3.7702388290868951,1.7141243508497812,4.2313703005503074,1.7824006323668842
-2.7507949050015386,-1.3130729423459677,6.7224953441267505,1.8464092869917765,3.2679307020222845,1.7259960850343075,2.801420985306013,-1.1815520072595287
-1.9728439445033668,-1.8017372634983588,7.7055897737409653,-2.4677197670845046,4.2270862896078629,2.2772795121878096,0.94990297211952945,1.236982511358748
-4.80904947102941,-0.43841330780240273,3.7669737618163044,-0.9238304300739858,1.4617157167352983,1.3658754312828549,1.2411368949523121,-1.0348648273246903
-3.822700809655101,-0.88566291893147719,6.3528382322645465,0.55926570251437813,0.83851352226571985,2.0745341535304238,3.5518221866069348,0.25728992781952592
0.50089338035667352,-0.96728804690128523,8.2989693667999269,-2.475875732129877,3.9107234546400909,-0.22815947536797543,-1.8597089840274075,0.27665530544995603
0.61991277990984739,5.1661309989887574,0.8825767495116672,-3.0915758607824015,6.0758187285924681,2.746251354588189,-0.91669361349019785,1.2283820700784847
-1.8958291471573459,-1.5778130286220873,7.4175918238717715,-0.89827873511753431,3.7945210541022232,0.87927302830039611,-1.9449867821479376,1.8490014075426096
-3.6624123790288698,-0.27572407284840639,4.0614167799691341,-0.058921720483764095,3.2203265364737939,1.3188068782863254,3.9442066020269309,-0.28323032765013356
-2.0257081088892721,-3.3029431095654442,7.6219823114399823,-1.9995075972187712,3.2240767418650815,1.2702144155786432,-1.3296967382692857,1.020579922435827
-3.6107963944210564,-2.6318040782914562,5.2087386576971708,-0.26307634140117386,4.3891764351562523,2.5308175344952835,4.2581825126906452,1.8580223227894437
-1.5774974270977558,-4.5837976295011469,9.1387783985987845,-3.292465530857422,4.7684568045992028,2.6400961125382958,-0.83262269351918428,-0.51745618788745129
1.0619777056762376,-0.40411989439653395,-4.110994643205232,-4.8752895790432591,-3.8505923181917772,10.046489341578187,-0.7925612825218038,5.596621087394448
-1.5775164991885839,0.61990000245410215,-2.944483747424778,-0.71738072227080485,-6.1868676216905554,8.628672639408963,-0.9860185353229064,7.9923943987544295
-3.6658431570216448,-0.84397763011963201,5.426571712558105,0.98468454640578529,1.9684519141940777,0.27230136803709026,4.2188366831113644,-0.85980723124818681
-3.0732869462603229,3.9799437241918043,2.0274786979499799,-6.4789828537799954,6.8865677954050719,3.6639481776085576,0.86400866761893724,2.091980550173262
-1.8568234372985124,5.2675364784364298,2.8558960639606323,-4.6673151278719072,5.032161430250409,2.4685722257549032,1.6956135348599326,0.5618784069988515
-3.0012959443772824,3.4272102544208813,2.4064083454880238,-4.5183676318997019,5.9883211969374246,1.4402536395339991,-1.0222564912825898,-0.067724902383175412
1.685377275206174,1.0603129178007491,-4.3460411326519583,-1.9239439967736391,-4.802135453628253,6.930369061276612,-1.9545064199523416,5.4388005765283678
-3.8035752472385864,-0.73883691011859953,5.0939840676642589,-0.45121613435530794,1.5513304474689398,3.11414759648956,1.393695587208913,-1.2723684177987551
-1.3035921742681442,4.9087920781611141,2.3593353318670598,-6.0604879259096656,5.3416355642355198,0.63500815870939187,0.38031510536833457,0.67908623831913095
-4.2825040313416967,-1.5959579554286276,4.0116133052770264,-0.57956220152317317,3.5140036980068943,0.92771735267379862,2.2207077420784112,-0.67601559500899155
-1.3126464447430473,5.8600300614519441,3.8216697651378206,-4.3531342954008432,5.5620067481274909,1.8783819964916892,0.27329478378238548,0.45087397238478033
1.3899615052504697,1.219248988995598,-3.7474711910665541,-4.1890289595898214,-5.3371274915625095,8.822784288160344,1.8228599927991258,6.4238562593594288
-3.5174556409876705,-1.62258452676567,4.3825329534408999,2.1031973031371822,1.7430558492041761,1.3232435129162678,2.0888819282715705,-2.1615478006318973
-0.13776754550359849,-1.3099712037984745,6.3726911869015046,-1.6522617324930975,4.710993027895384,0.64534936514688446,0.65008388110314719,0.29616411966559236
-1.8325905149589721,0.38122342340278992,-2.734600631767004,-2.7644520131048913,-5.3729640583097904,6.8411303835234056,0.029580535392648599,4.5867470052859698
0.59419381142797434,0.35689734435614434,-2.5561299969870053,-2.7477539017673016,-4.5393491619750019,8.9255037175644798,-1.0525759123391552,5.9117630572932525
-5.0837532476619387,-0.99540286072771056,7.4580732812247739,-0.048908957051891966,0.35249600376896506,2.4805012060489813,2.5228726259250469,-0.30219578553977422
1.3780188229613626,-0.89778176731631243,-3.0746323914715501,-2.6890034097089037,-5.4391117482222668,9.8235252919091174,-1.3253791599877212,3.6433142741121922
-4.4908004180036398,-0.41155772170786842,7.5399471825655384,-0.018772347222278635,2.7989077587951754,1.0119261667511961,3.3436757256626892,0.32458521657644152
-1.4417712057991832,-2.5277094041480019,5.864274985662921,-2.7287274778393904,3.1687408652416962,2.1284656635085635,-0.55755206271634239,-0.42686050038133883
-1.475948012920526,4.2224602059484821,2.8675432930985791,-4.7102447615945566,4.7758568605472274,2.6425451479761297,-0.59301015727506279,0.92805403672760245
-5.1717650581455112,-0.78006238719514909,5.6497503397614697,-0.47159652361435678,2.0523723379137322,0.87355366070868512,1.3647672267033535,0.39212855190252582
-0.47174589735860795,3.0047912531230629,2.4326177551936174,-4.9970595609492845,6.704657740279611,2.4200089415545798,-0.74885347289858473,-1.1464857576966174
-2.948552958065584,-2.2901876863167301,7.0229410577933535,-3.0939111226353804,4.3744647505038543,1.3319079511955139,-0.54026062152581733,0.59467943417843605
-2.8131345128487806,-0.32556978476658649,6.0890167979281893,0.90348845116147203,4.0542094270103579,0.74929791540305979,1.3840689439486658,-1.4626650019406799
-0.25925820451866199,2.4826956784390126,3.3488776886530345,-1.7027446880825039,7.0553744130023741,0.4252942143145324,-1.0884124684110965,-0.3408878005013728
-0.43905819759708198,0.0055677894093147107,-2.5119053499035009,-1.5428729716625067,-4.8403523761421319,7.8087261923052047,-0.78857979508105469,6.6792396377696877
-4.5927542379259245,-1.0248960442455186,5.9252906206220812,0.82700636100103464,3.4373194417405419,0.94816906800218037,1.4781394735181954,-1.2393455758252616
-2.5356568467142946,5.2903040058599622,3.3239074238233099,-5.6199151894682009,7.531955486705427,1.2174751507168933,-0.88658639956224417,0.19004275872809673
-2.1629546837735045,4.9172125071344661,2.332874131113658,-4.2112293644222474,5.2731643520038585,1.7068433393678208,1.478028795208445,1.3630745154529369
1.0268439798117088,0.18196625252926441,-4.2995541640903658,-1.8818556000310895,-6.3562293333138005,8.1899237798866942,-1.2207720163334108,6.7678765018029612
-4.7466870467085593,-1.9127023758029689,5.2021116200121718,0.99691216370183422,4.9630340210781014,1.5101571199415458,4.3136342827713676,0.12751882068583484
-5.7257381423602727,-1.3152281694817547,6.2119362916632692,2.0235269683475687,1.3843565099171582,0.85285729766467366,4.7780337775776038,0.35356953553851017
1.7886368258774996,0.45695802405857788,-4.2996691317328644,-2.7907384972308189,-5.9581530757604932,7.1050282615257512,-1.064189831562308,6.3347758770765958
-0.88965787061431945,1.4753197034679644,-4.7641735833445553,-4.0369535191834833,-3.5688740597369502,8.3255049658150213,-1.8639111003890187,5.3725904140689487
-0.21363316130802223,-2.3551373632419885,8.8913143440599463,-1.3714921856018316,3.8256852102873982,1.461946095885083,0.49296001830063119,1.0811826793329622
3.7077399859517781,2.0150505581740594,-2.3084221328065908,-3.6824114502441265,-5.2766832434107709,8.2136506576296835,-2.1215459566304848,5.8952419719854889
-4.2222806754629767,-0.53733823924414126,5.3019419693311445,-0.18315887321589813,0.34329676555868849,0.86962431509037541,2.287391022107736,0.5630977189416474
-3.9820421487424751,-2.6241279297754145,3.2425279472821185,-0.89403906037460301,2.8252874249025259,0.78690953523684637,1.0949606491993062,-1.3928853915037072
1.5242352884129975,1.0647053955183334,-5.2586059372126694,-3.8260469472877605,-6.6164996465174424,8.9879388384657481,-0.92968279795617159,6.6110158957673244
0.52484310335528894,1.2290123989257464,-3.8924726690659823,-3.5491709852802895,-4.3825247450311036,7.8864082715291657,-1.744727887014113,6.0069421454831451
-1.2841460046058308,-2.3730369270713823,8.3008395504174892,-2.224858055183716,3.9291258882440885,1.2182265152512119,0.49152716577903732,0.89105594554985768
0.60501915326504241,-2.2184282720287456,7.2067842444537149,-1.5667380478203621,2.0435375135205729,-2.2905534888358243,2.0337675089600582,0.44871698333353438
-2.1127336868298237,3.362838917295309,2.9436012877154405,-4.8926965334499197,6.5074241789672786,0.41370277486774198,0.84900679736735796,0.16983006606710641
-3.5456589366441627,5.8399382109319724,2.5587082057594035,-5.2728432660430338,6.8591193198746652,1.9102532233072278,-1.6711130254078923,-0.010860703343737024
-0.93904438122348888,5.6264462808160971,2.5798493639861269,-6.0263550415137734,6.3982734308343714,-0.28087508565114927,-1.3250522185995925,1.3872244603676631
1.1938558852955796,-0.34549263934355312,-2.7170318974634178,-3.0382048712477956,-6.5389756425605299,9.9515045178982113,-0.70865046679727295,6.3776864975888294
-3.46381838931207,-2.5153059967316036,7.6174828375327248,-2.8447762701627779,5.3344392751668686,-0.85479028677676028,0.094399913421058301,0.7273702371522156
-3.9599362497147594,-2.504338934956547,6.6093196035065951,1.1817991213944374,3.2911525394888441,3.2869220116775009,3.8967935619229017,0.68921423834588413
1.8759322405600178,2.0055371750815039,-2.2152007518684291,-2.3443439556703618,-6.3905725259104162,9.8591979186539263,-2.3161654169418564,5.1964248772737198
2.0346343089584051,0.94270864556622802,-3.4670137692897045,-2.7454898742336318,-6.3468748132825237,9.3581203867938108,-0.69408707629793476,7.2783172251287587
-0.94300454417096191,-1.961364800188568,8.0754708848792731,-3.7605412270001839,2.5832748229000386,1.1504192467306287,1.4508721836410974,-0.87990127994832146
2.2901263707103592,0.74774993469454543,-3.3099237469256781,-2.1183852547085236,-6.0941313324678994,8.4567749348741348,-0.28127170338861185,6.1812613562897738
-4.0664236512575309,-0.95359470298115667,5.5470676259635292,1.1678524827402752,2.0042659686586926,0.73285192467399518,2.6465321572779885,-1.8201931161942586
-5.9904818138435072,-1.8505857528970888,3.8671964032832467,-0.59363863835554387,2.8232293505271948,2.6365987821386776,2.6922205206336436,-0.14128412789994602
2.1410381648448382,-2.2431183457074377,-4.3381572455745205,-0.91453321703041368,-5.4250788277979618,8.703690471027242,0.16364431358003551,7.2384211306936148
0.39658476970065804,0.31162648823907368,-2.5357080293639211,-3.2308234022042748,-3.8512654114651816,8.6075871098726804,0.79236147498915288,5.061052696882343
-0.11779564191729186,-3.7251786754853695,7.1162920108408638,-3.5244555986028532,2.3339226001476669,-1.7365703844066036,-0.53499793321173716,-1.2192645423665105
-5.4771326351184912,-0.57182551214141686,5.8019175287463893,0.19340921328608407,2.6714406250584899,2.4423633507609122,3.0950105935010228,-0.4011085938836097
2.4570231853031848,-1.4660002042974098,-3.0635395098949538,-2.8718675233681066,-5.2178557440045781,8.7395283206035241,-0.60901248097153449,5.7420150044033766
-0.15348848955078176,0.31878807806014564,-3.1745215123359554,-3.1440659605905421,-7.6979006685970797,9.1047455705353482,-0.73678983541586984,5.2934751379035507
-6.0047927384059676,0.84977867422394482,5.4809897803269108,-1.2133786981908146,2.675348993552201,0.98125458770557461,1.794213538390192,-0.044677801966759335
-2.3936163184945305,-1.1468903035838216,7.8586350082637413,-3.4360125937683734,3.0229068513236532,1.5974955729394089,0.99571396138573676,0.23576563291124436
-0.18463271988121988,-0.4144254259465473,-1.930816371747208,-4.0622093503505861,-6.0373373753721609,9.094923957686234,-2.6595352996479265,5.4429362721952765
-5.0746141518455437,0.18486268941776829,6.8815392766773638,1.3391573897707434,3.2362476231399921,0.11064072891882604,1.4922644226424788,0.15766547610672582
-0.5046065335176706,6.8829916332707324,1.5792422025682302,-4.525125212831921,6.2833701612415407,1.5090120294143046,-1.5095446777553043,1.3737745179854597
-3.4874580704855878,3.8283574221394399,1.9072101781920283,-4.3663717207858905,4.957490448486543,2.3517636345361339,0.8016104438593471,-1.0504029813692706
1.9321108514242771,0.0053129226410496277,-5.1619422967131685,-4.3984016411556803,-5.9449323116990369,8.9225068297804331,-0.28827350541985308,5.6448110602926382
-3.0327096998827612,-0.17848034862170958,3.4186962289434986,-0.57272611940557971,3.4351718390072818,1.9391200396157398,3.6677139707836957,0.34413251730360439
-1.2203894413456304,-3.2113319047875493,8.4660448794430536,-3.0303183114399541,4.8108183135627147,2.881730499160815,1.9731656205295929,-0.31153946126353432
-1.2256920918118248,4.0410530387141801,2.797159040775691,-5.0920285838546864,6.2115549448616552,1.7600250193971285,-1.7960799099676414,0.56424443161596649
-6.691361125450344,-2.4736606879893746,3.5566394435267616,-0.68922054668584287,2.7554211437915637,2.4880211832539674,2.397730802498991,0.38434344436978662
2.0932535206257477,1.3850803471278428,-3.8083162693445676,-3.1314854902179632,-3.9333305694341689,8.079962153104379,-1.0464113900474343,5.0406064595938211
-5.6070465754873622,-0.27931596455207197,4.7537468214210756,2.3195830753175941,3.3481228666826768,-0.68062610243514499,3.2162047361763433,0.85865407858255671
-1.5649407613155975,-4.1665600936818681,7.7484280575617897,-2.2681141725668579,5.1596331953449504,1.0568577740424188,0.67640442805298073,1.0544849338951043
1.0991644453035792,-0.38750157188892187,-2.3337305591814022,-1.7990066746552404,-5.3125359564646111,9.4637231354262106,-1.8348680287789052,6.0291354852631001
1.7015449087898407,2.3822993431418564,-3.7552866606795527,-1.903003143762773,-5.7167191286964165,9.603501686416255,-0.2930066542099844,6.352553630887309
-1.5941006083643121,5.4948899820109434,1.6445409757205116,-4.5845204241704334,5.7965931937705815,2.3576485076029048,-0.36497059545205562,0.27894002426598152
1.2809287434346157,0.32815044943913441,-4.129447183049809,-0.87085819407433496,-7.0823522505186665,8.9315097933171224,-0.16913859392515573,5.0132197790134398
-4.5863885487052842,-0.70047803678013831,4.5455535676627603,1.5073168072176641,1.4419511781353769,3.0652275975725991,3.5620707259416884,1.7139561755861084
-0.58703072818042823,-3.3310021182269471,6.9493346607395852,-2.416443669359166,1.6961371462997121,1.3368150770396257,-1.5157587585073387,-0.64397213286492483
1.4266548059270534,-1.112968482596699,-5.0344509857431774,-3.3602415385564033,-4.9430903164401183,8.5946894344852431,-1.9772196570447749,7.2295651175618785
2.68691769540479,-1.0048621235298953,-2.9760466600354163,-2.8989548855277723,-5.5495192166155336,9.4589262685738795,-1.1189752547697585,7.6797008350444766
-1.155455400872619,-0.81940850951372146,-4.675996759628962,-3.4549745138615902,-5.2089273406098249,8.5262100438237081,-0.84343387541960768,4.1495648882541181
-2.2925911159662991,4.2933374301772487,1.6365364990939253,-4.9720949797759246,8.3292234167837869,2.2222762831063911,-1.8414609654517711,0.56268150303475761
-1.3617766524646395,0.0076450605817460493,-4.7049519202553496,-4.0723600234421475,-3.5950500081688079,8.3292942642461245,0.28900221393326897,4.5311264979068664
-0.8121000821538451,-2.5723888006750482,8.7621525576911328,-3.7470698059365963,5.2804971274856225,0.2761962931211529,0.15071632161074233,-0.1146818594608181
-4.4854742543502661,-0.21203789010672458,5.4892783052792646,-1.1511226609194836,3.3262527237605144,2.5121288947762217,3.7993560013651697,1.2202177370598444
0.19352785672152595,0.47598368521442413,-2.9772615319267102,-4.1311233142151709,-4.5458907720933599,8.1407432259247994,-1.7420716454964369,6.5378793950769039
-1.2000971106230141,3.4712610277221874,3.4517439657033568,-4.8414232236186425,6.0737339678662963,2.0406519896524129,-1.5445922994563337,0.60542945855237518
-3.0437820771583946,-1.4621715412976926,7.5452287043769406,-2.8236754299755349,5.9352861285035354,1.8222034150853035,0.34194770579557421,0.077577326107970079
1.637639130596471,1.2156183304693613,-3.9003412568623084,-3.4231739206062097,-4.5347284498894851,10.935595557380173,-0.70898837429514527,5.3554221886426054
1.4684988600535396,-0.0049267497770706936,-3.8269368891049234,-1.8155515234112598,-4.2843004744896467,9.903700324209165,-1.3780236299190085,4.6250368151449317
-1.3591943672715365,5.7627358901843513,0.9917856157281566,-3.9047887804383379,6.3942819493171257,2.8348027614723583,0.15343524451769747,-0.19053607171960682
1.9519402184411905,0.68171184964765941,-2.9522059799484444,-3.8541487341133949,-6.3543761684771942,7.5414586217300874,1.0738531394486377,5.0206244894914906
-2.4297803234443496,-2.8155305309461789,5.6494884816426225,-0.75609598531349897,5.0698287872757053,1.7775954524157012,0.92992943155741747,1.934464118481898
-0.57076676730546982,-3.5739515701092275,6.4184210136780528,-2.3233305516096698,5.3237206161668169,-0.32062971693017395,0.80372041456211185,0.019805884637827641
-2.173634353801646,3.6785551242938812,2.4012560812192216,-3.4885122941971511,5.7801051229015572,1.7678890321124172,0.48864766227259282,-0.60011866665806401
-4.9850960342683983,-0.45082181358263873,5.292046864866446,-0.8838281185024025,3.0961876251719906,1.2600233590703238,1.1300626436266923,0.49673746223105453
-4.1787775634387661,-1.5361780164951298,4.9451592780164626,0.62027396865430995,0.36621636040526884,1.2509711695340919,2.8887813105489091,-1.1162082859212521
-1.6593000191713532,4.9786221753091793,1.1201413035058374,-5.2620912272313918,7.9579531665044474,-0.46094298535008837,-0.39711755908332902,-1.0665723686721049
1.5748330430310706,0.93175414692850866,-3.8396882103982128,-3.6810735087897255,-4.2255844966225533,10.363838493852057,-1.0431001312465489,5.8870912169290497
-3.8348287319360708,-2.7343346934435786,4.1135746895599281,0.80435904902424604,3.8080755324818476,1.1641263890681697,2.6265594315882592,-0.86670446866091322
-4.9224456225671416,-1.3900401947518266,4.9139166198347963,0.36212755729289892,2.6092161938690404,0.44143060891207497,2.5850623881533692,-0.82692393774589057
-0.6010700411775991,-2.2478321197800994,8.1654421470291449,-2.9170968397948567,4.7577598370704299,0.25462702456808939,-0.21972722581904178,-1.5896851349250118
-1.1082120888969609,-4.8815046972354184,7.5057028664901155,-3.7948787707692593,1.7191537817259559,2.9597862234219012,-1.6455703328451774,-0.41353461127352326
-5.2012560550945057,0.053793566051222874,6.1929198937222605,-0.22893032803959001,2.5968016439636852,1.7875981803349039,1.786448136479923,-1.182535219359411
-1.0509427537307641,-0.43790792439998061,-3.1586281066992221,-3.9861531705974222,-6.2686935646885118,8.8721888709456032,-2.3922816660560304,5.5196792772997068
-1.4208111279580384,-2.072790799497755,8.1831666555193507,-0.98538732353351,5.9026256818166765,1.07053339242385,-0.23520864663155827,-1.851542353738636
2.4590121355126557,1.2939184290416186,-2.764412245191521,-1.6576574007806333,-4.1184686296924209,8.8569428691749561,-0.36848675483418014,5.4979151545390579
-2.5006918557214259,6.6888196492049872,1.425197508158607,-4.6844170089029156,6.5225415413222763,0.86398148415280684,-1.3797706866734618,-0.98393019378746482
-3.6468616173765174,-0.50432057831590282,6.0123297934490347,-0.83442330040361801,2.4181776884168604,0.62085136517836714,1.495524988121063,0.58224140522008228
-1.9798532453655979,-1.9956626289782529,7.3699662216084221,-2.6381365658331015,3.5359993072006493,2.5648971571647232,0.63233051337458435,0.93568627138059213
-2.3435540348854467,5.4345807988378239,2.9780837984543416,-5.1168560565650161,7.67109952721915,2.0407687338500131,1.5034301976012121,1.2678448521973971
0.90702015785813028,-0.93421843993465936,-5.2785700166011207,-2.8151151935095107,-4.4839947401576614,8.485363980074542,-1.4953743409176381,5.9561769022191839
-5.04793001166344,-0.13670720778895984,5.096754157624229,0.5717835981792676,2.5158128521694332,1.8693322056900699,3.6856885060824274,-0.80076567115985342
0.38123113581193069,1.0663017716169516,-4.2938364347044207,-1.6772168334630735,-4.5276929357437954,8.3367241033063841,-0.71457654267422688,5.5222939858790836
-1.7947858180790284,-2.6597498716693662,7.4273618424745607,-4.0873665299620772,4.0772142927441974,2.9290664455837296,-1.1369036833366435,0.22825967735386649
-1.666530136839576,5.7091017868478806,2.1072577862172097,-4.5161068177307966,7.1595348105162557,2.8900512200272686,-1.6256464761105094,0.85373637364148136
-0.42015423592914947,4.4642760249781093,2.1035669998165036,-5.0608633743633993,7.5806405452815699,3.3284215934445314,-1.4914414881407261,-0.57168818711559088
-2.3877470504639282,3.3523086714710262,2.916328015259479,-5.1912719330108725,6.547545138163982,2.1085158508996482,-1.0368406453977581,3.1113272066878181
0.74582625719158602,0.99221265644743362,-3.6027468061009613,-4.2784166424138768,-5.968133943457917,7.4271937036158961,0.029388255389717344,6.368424271515055
1.9563071794507123,-0.20241239034343242,-2.4460840021666215,-2.9093877033557911,-7.6415388022269877,8.7523110204239263,-0.32572801607342994,3.7074223518453033
1.7915947251571887,-1.0579902169136122,-5.6557255993566855,-1.4942192418057647,-4.3999816007983537,8.982332156723988,-0.66347120450891495,5.5318702348212563
-1.6851308001389527,-2.4364453726769231,7.5180842242010746,-4.693476285205513,5.6602717430147269,1.3054073629739191,-1.4909137488517401,0.16271004266610026
0.74581175868980598,-0.19923905640892056,-4.877598251555594,-3.4449379173414867,-6.0358694908768484,8.4302007593442063,1.4644067180201477,5.3786790516735294
-1.8651516311429048,4.0996817787977644,1.5667837055876062,-5.6708173482193729,7.9288070588695376,1.6982371496213855,-0.5288815778250775,1.4923444612859027
-0.16148846947259732,1.645724138703015,-5.2037506853816682,-3.5008268821839623,-4.989534642656718,6.9220321995463712,-0.2956510791974617,6.1523291787433472
-2.5296646635054127,4.8585734308361728,1.1665389258681516,-6.184030765859406,5.1690405871484177,1.7934227289983937,-0.48191358717537441,0.16556209649857848
1.6653610152312537,1.5469954324546962,-4.0164229984681912,-2.949123941578415,-4.8757381321978386,8.4639050473984483,-0.78345802699849487,5.1485827089455185
-2.7961782492169363,-1.894728793145531,3.9691774410141663,-0.22544250054597237,2.2032782314887611,1.9214900428777799,1.4701457540976328,1.6826771349169396
-6.3379468563179735,0.025941926304942298,5.6207384164781882,0.076944825402702421,3.7464601542847049,1.7981815958080876,2.0150994799290944,0.8084396628964341
-1.2721967485926844,3.6412579227887143,3.2493528443444721,-3.6485394255523254,9.3625612644321183,1.783496096790939,-0.13236785936280746,0.11414321217181864
1.9632147272183569,-0.1104734421285006,-4.6990213441356721,-1.4134716491674686,-5.2336958700832579,9.2433876721940891,-1.4095341023199772,7.9092454922722135
-3.9824096536722253,-0.43247622497044796,4.4537628711769193,2.3847781682607314,4.3260417417519088,1.5181151210560435,1.8824711768869795,0.79225109817444539
-1.8578835093140484,-2.6124051215457311,8.3903765484497299,-1.6402330510400422,3.9384626995663647,1.3027173563195695,-0.35792082632593486,-0.26298821806007339
-4.8908108483232349,-0.93756977646975648,2.8870040783938626,-0.1954605186103594,1.9901524257404646,0.55872295858828003,3.5148352275454142,1.6596020644936929
-3.8562747110856597,0.9951099119363962,4.7721942528800492,-1.9217676420232102,1.1525418405830152,1.1595525947010008,3.3920632749504804,1.6340450121580106
-4.2279446326004377,-0.32359848151403581,5.9500413082138675,-0.85673946248526833,3.9375600472114387,1.9981959692950384,2.8651459280930074,1.949613118437082
1.6614312357143604,-0.39266151536605465,-4.7012819130381196,-3.1831392944877646,-4.0410781166594596,8.5960066436886198,-0.87840058187479608,6.7050665453297222
1.0788704125857742,-0.17588848389117265,-3.2265506543235043,-1.8352419697701883,-4.0691804489967307,10.274600808588152,-0.84483371728162271,6.2483243425022321
-0.17768989699759152,5.493062222606361,1.5235325090753273,-3.708238756274659,7.7976636827818648,1.3904169850657422,0.90501305768963591,1.1852952794371743
-2.092893442652926,-1.5345438832511074,7.6984260034391463,-1.6237011050801655,2.78257935968296,-0.6666463978142767,-0.93569662441251689,-0.31106496341084888
-3.4510384152432878,4.2966092219076728,2.4521066900719237,-3.7982480022688523,4.5656373762814777,1.3178294112167204,-0.0048833661890099189,-0.1724029749680219
-0.23805866866316427,-0.77212710183027045,-3.7922148020514501,-1.1557549249795553,-5.2632184914774003,8.7943813532027537,-0.97387621895011833,6.5072547902666154
-4.0586538927703515,-2.5711321748175746,5.8052085818094126,-0.77936205459563268,1.7618873075767576,2.4553564856835592,0.36465247045842331,0.13903605644210296
-0.56971641303640763,5.6301805648635144,2.6116003023920582,-3.5398955348339598,6.9663887148175467,0.36000718766425122,0.57765928017077373,-0.042298769167080308
-0.018746699912350895,0.092611646538182574,-3.5311156818587501,-3.3658145961040713,-4.7592482010344606,9.3399272509213791,-1.4750583689434187,6.1925045413997166
0.14369464331069937,-4.1206063600174501,8.5927427703369883,-1.8471203540414798,4.328866742970332,-0.18333534004198038,0.56793059433457838,-0.29489744167697141
0.13650676703980325,5.3703263086957076,2.2482528616778978,-4.2312949006718306,6.8506657245690521,1.8741313026612327,-0.63656147733069701,0.31555625916448204
2.1921769623865548,-1.7693173066119829,-4.4776294504050274,-0.63517530530445443,-5.9082694544591812,11.019220534424655,-1.4539544004921012,7.3731584046299368
-1.8987699489024434,-2.1116949701859626,5.881574625331762,-3.2067412087126792,2.586497830410754,2.0231731085130802,-0.112561367368464,0.43546786177014724
-2.1355262412311364,-3.3910126072275384,8.1598443434701373,-2.9654658831943594,2.7792070888062206,1.8228145553740209,-0.97843991032862077,-1.5088103184039383
0.9573638662941969,0.26678715540934905,-3.2467983523685553,-2.2901096617190211,-3.8511991681846718,9.2467393568691758,-2.6993121365723702,3.2967076126850938
-1.7262724662350848,-1.7049840118186761,8.5297121056494625,-4.3878033141530413,6.1415561857055536,2.2422753728154485,-1.1834264495825135,0.68028106220380058
1.7703368820277405,-0.34731089339527432,-4.3566475669117963,-1.9545467515256028,-4.7343750156346687,7.7596153723977972,-0.54615770408625819,5.1302251562129024
1.2077782652632612,-0.68778193739693894,-4.102768003552435,-3.1131886436597878,-4.8910617739641404,8.1286962197367387,-1.5056400643874395,5.1095943545958979
-1.667139158937865,5.2629180568136418,1.8485258058842611,-6.9867602325986464,7.6394594717229056,1.1502975119778411,1.4508729807980898,0.62085280419053634
1.7232732095463876,1.477686755996114,-3.0040003218462412,-1.624684818145834,-4.6918152170572629,7.508608080092789,-2.3298282570016218,5.7223896786528003
-5.2417988650739762,-2.6055591110697032,4.3226814573466559,0.46819500434926997,2.4822495472264494,0.72402379224968627,3.3537477181765496,0.71344778376754514
-0.28918836715083329,-3.2322136232653107,7.3877464933560599,-1.964432011868452,3.7472273913431566,2.7140738942174698,-1.6868170872460482,-0.50740323403208665
-1.0768107082977219,4.5057839103989226,3.7550352627711083,-6.0600462835820244,5.9094183100328959,1.3602127886367454,-0.18625018993196349,-2.1673146422630727
1.3425898969705874,1.5371883187807214,-2.1140596943549381,-2.8428203028407215,-6.3960643194238997,8.5019576955556442,0.79890947183292604,5.9787391480023659
-1.1324249376373259,-2.43186449296415,6.4378926805722392,-3.160090205202311,4.306569706048629,0.23032426707804987,-2.5317482657702866,0.38772976202290571
-0.81764233688016097,-1.7927950778825972,8.5957032077915105,-2.1434292088724956,5.8715719022107304,1.3655951753975051,1.8980943741681791,-2.0710931075819747
-7.175104557423623,0.28637912574961866,5.9375590728937526,1.0527285982005039,3.0518941026005697,1.6285127756891615,3.2403519495286317,2.0287662941650177
0.63175341068618718,-0.4653932816307389,-4.6614007821691281,-2.6337549459463081,-4.7489735590188396,8.7116900829718347,-0.27222406091300611,5.4281209981358778
-1.4286527250114898,-2.4320310707030841,7.0287466391503122,-3.870905809890715,5.0700024792608049,-0.20827777582964035,0.42189597239114196,1.3535765601427243
